{"type":"FeatureCollection","features":[{"type":"Feature","properties":{"name":"India"},"geometry":{"type":"MultiPolygon","coordinates":[[[[77.8003,35.4954],[77.8153,35.4733],[77.8342,35.4522],[77.8571,35.4366],[77.8831,35.4311],[77.9127,35.441],[77.9579,35.4821],[77.9859,35.4942],[78.0443,35.4916],[78.0556,35.4529],[78.0381,35.3981],[78.0098,35.3475],[78.0012,35.2689],[78.0364,35.1942],[78.13,35.0554],[78.1392,35.0189],[78.1481,34.9431],[78.1622,34.9088],[78.2025,34.8657],[78.2114,34.8483],[78.2732,34.6589],[78.296,34.6247],[78.3353,34.5944],[78.3794,34.5787],[78.6073,34.5465],[78.6646,34.5264],[78.7507,34.4713],[78.8017,34.415],[78.8392,34.3969],[78.8859,34.3858],[78.9221,34.3723],[78.9512,34.3492],[78.9569,34.34],[78.9762,34.3092],[78.9854,34.2864],[78.9885,34.2631],[78.9855,34.2399],[78.9762,34.2172],[78.9032,34.1581],[78.8061,34.123],[78.7301,34.0793],[78.7211,33.9944],[78.7703,33.8724],[78.7873,33.8084],[78.7941,33.7439],[78.7814,33.5528],[78.8009,33.4942],[78.8243,33.4611],[78.9159,33.3877],[78.9177,33.3863],[78.965,33.3443],[78.9934,33.3308],[79.023,33.318],[79.0533,33.3079],[79.075,33.2957],[79.098,33.2877],[79.125,33.2902],[79.1502,33.2926],[79.2601,33.2918],[79.3403,33.2751],[79.4201,33.2752],[79.4561,33.2504],[79.4235,33.1578],[79.3732,33.1121],[79.3811,33.0618],[79.3993,33.0269],[79.3398,33.0133],[79.3336,32.9943],[79.3785,32.9789],[79.4141,32.9721],[79.4711,32.909],[79.5641,32.7939],[79.6139,32.765],[79.6207,32.7287],[79.5762,32.6706],[79.5312,32.6483],[79.5157,32.6081],[79.4721,32.5655],[79.4435,32.5348],[79.4068,32.5297],[79.3795,32.5765],[79.3205,32.5923],[79.2874,32.5326],[79.2356,32.5043],[79.2152,32.5079],[79.1912,32.5043],[79.1614,32.4965],[79.1329,32.4855],[79.1129,32.4724],[79.1029,32.4499],[79.0917,32.3906],[79.0753,32.3708],[79.0663,32.3701],[79.0397,32.376],[79.0282,32.3771],[79.0147,32.374],[78.9898,32.3641],[78.9762,32.3616],[78.9434,32.3464],[78.9113,32.3547],[78.8815,32.3763],[78.8557,32.4005],[78.7715,32.4617],[78.7547,32.4938],[78.7369,32.5458],[78.735,32.5606],[78.7407,32.5787],[78.7491,32.5959],[78.751,32.6128],[78.7368,32.6298],[78.7133,32.6375],[78.6945,32.6297],[78.6649,32.599],[78.6477,32.586],[78.6302,32.578],[78.5899,32.5699],[78.4475,32.5663],[78.4082,32.5584],[78.3848,32.5475],[78.381,32.528],[78.4092,32.4766],[78.4488,32.4268],[78.4522,32.4168],[78.4482,32.4107],[78.4414,32.4049],[78.4364,32.3962],[78.4345,32.3838],[78.436,32.378],[78.4389,32.3733],[78.4627,32.2818],[78.4614,32.2602],[78.4563,32.2421],[78.458,32.2297],[78.4685,32.2267],[78.469,32.2265],[78.4765,32.2244],[78.5131,32.2076],[78.535,32.1813],[78.5518,32.1504],[78.6493,32.0364],[78.6783,32.0168],[78.7222,31.9946],[78.7338,31.9847],[78.7446,31.9642],[78.742,31.9453],[78.7202,31.9029],[78.7142,31.883],[78.7066,31.8408],[78.7003,31.8217],[78.6741,31.787],[78.6709,31.7705],[78.6956,31.7467],[78.6952,31.738],[78.6926,31.7284],[78.6932,31.7185],[78.6981,31.711],[78.7105,31.6982],[78.7184,31.6806],[78.724,31.6733],[78.7313,31.668],[78.7398,31.666],[78.7581,31.6666],[78.7953,31.6338],[78.8189,31.6074],[78.814,31.595],[78.797,31.5788],[78.6995,31.51],[78.6954,31.4881],[78.733,31.4677],[78.7626,31.4451],[78.7601,31.412],[78.7455,31.3735],[78.7385,31.335],[78.7409,31.3177],[78.7451,31.3081],[78.7532,31.302],[78.7845,31.2883],[78.796,31.2881],[78.822,31.2937],[78.8487,31.2909],[78.862,31.2915],[78.887,31.2842],[78.921,31.2697],[78.9403,31.3016],[78.9596,31.3251],[78.9888,31.3433],[79.0155,31.3834],[79.0499,31.423],[79.0702,31.4614],[79.078,31.4617],[79.1314,31.4384],[79.1577,31.4149],[79.1792,31.3938],[79.1924,31.3698],[79.2076,31.3514],[79.2383,31.3297],[79.2392,31.3117],[79.2541,31.299],[79.262,31.2785],[79.2484,31.2567],[79.2529,31.2454],[79.2783,31.24],[79.2883,31.2255],[79.2981,31.2032],[79.3032,31.1831],[79.3022,31.1635],[79.3194,31.1423],[79.367,31.1116],[79.3723,31.0941],[79.3826,31.0783],[79.3884,31.0695],[79.395,31.0367],[79.4016,31.0236],[79.4144,31.0204],[79.4307,31.0232],[79.4463,31.0238],[79.4616,31.0211],[79.4764,31.014],[79.4808,31.01],[79.4843,31.0054],[79.4869,31.0002],[79.4882,30.9945],[79.4976,30.9812],[79.5127,30.9662],[79.5296,30.9536],[79.5442,30.9474],[79.5659,30.9425],[79.5778,30.9384],[79.5895,30.9402],[79.6303,30.9625],[79.6482,30.9658],[79.6885,30.9674],[79.739,30.9792],[79.7606,30.9772],[79.8335,30.9615],[79.8504,30.9545],[79.8629,30.9415],[79.8804,30.9128],[79.9032,30.8902],[79.9146,30.8838],[79.9194,30.8812],[79.9349,30.8725],[80.0056,30.8473],[80.0286,30.8308],[80.0444,30.8067],[80.0625,30.7848],[80.0922,30.7745],[80.1092,30.7781],[80.1407,30.7932],[80.1571,30.7932],[80.1693,30.7853],[80.1961,30.7481],[80.2246,30.7341],[80.2314,30.7249],[80.207,30.6861],[80.1999,30.6807],[80.1917,30.6797],[80.182,30.68],[80.1729,30.6792],[80.1666,30.6744],[80.1669,30.6619],[80.1773,30.6499],[80.1906,30.638],[80.1999,30.6259],[80.2033,30.6063],[80.1978,30.5914],[80.1884,30.577],[80.1798,30.5595],[80.2162,30.5668],[80.2528,30.565],[80.3259,30.5465],[80.425,30.4978],[80.4754,30.4805],[80.5083,30.4623],[80.5251,30.4586],[80.5451,30.461],[80.56,30.4651],[80.5753,30.4663],[80.5964,30.4598],[80.6947,30.4117],[80.7231,30.392],[80.7354,30.3782],[80.755,30.3458],[80.7672,30.3314],[80.7817,30.321],[80.867,30.2885],[80.9438,30.2701],[80.976,30.2552],[80.9963,30.2269],[81.0033,30.2127],[80.996,30.197],[80.9882,30.1966],[80.9208,30.1767],[80.9033,30.1804],[80.8936,30.1981],[80.8839,30.2104],[80.8837,30.2103],[80.8679,30.2002],[80.8504,30.1819],[80.8364,30.17],[80.8497,30.1434],[80.8298,30.1171],[80.7697,30.0773],[80.7557,30.0646],[80.7257,30.0228],[80.7158,30.0133],[80.6802,29.9921],[80.6541,29.9706],[80.6414,29.9634],[80.6223,29.9582],[80.5862,29.9541],[80.5713,29.9469],[80.5629,29.9297],[80.5495,29.8937],[80.5273,29.8624],[80.4762,29.8061],[80.4549,29.7906],[80.3952,29.7766],[80.369,29.7579],[80.3543,29.7303],[80.3544,29.7049],[80.3639,29.6797],[80.3776,29.6529],[80.3868,29.6268],[80.3852,29.6048],[80.3733,29.5842],[80.3508,29.5621],[80.3451,29.5584],[80.3327,29.5525],[80.3272,29.5486],[80.3236,29.5417],[80.3251,29.5355],[80.3276,29.5299],[80.3272,29.5248],[80.3201,29.5158],[80.3115,29.5081],[80.2915,29.4947],[80.2912,29.4946],[80.2821,29.4843],[80.2731,29.4787],[80.2662,29.4721],[80.2635,29.4592],[80.2575,29.4501],[80.2283,29.4417],[80.2177,29.4346],[80.2137,29.4169],[80.221,29.4001],[80.2422,29.3674],[80.2495,29.327],[80.255,29.3166],[80.2636,29.3153],[80.2728,29.3157],[80.2801,29.3102],[80.2828,29.2913],[80.2787,29.2681],[80.2582,29.2025],[80.2487,29.2044],[80.2361,29.2131],[80.2188,29.2111],[80.2137,29.1966],[80.2305,29.1547],[80.2331,29.1393],[80.2207,29.1261],[80.2014,29.1212],[80.1806,29.1213],[80.1635,29.1234],[80.1326,29.1102],[80.1131,29.0722],[80.1047,29.0276],[80.1079,28.9948],[80.1079,28.9946],[80.0994,28.9773],[80.0852,28.9675],[80.0684,28.9599],[80.0529,28.9491],[80.0405,28.9328],[80.0339,28.9159],[80.0311,28.8978],[80.0303,28.8777],[80.0364,28.837],[80.0548,28.8242],[80.0731,28.8209],[80.0819,28.8194],[80.1142,28.8026],[80.1476,28.7633],[80.1621,28.7533],[80.1812,28.7473],[80.2164,28.7419],[80.2333,28.7327],[80.239,28.7263],[80.2494,28.7102],[80.257,28.7027],[80.2652,28.6993],[80.2834,28.6954],[80.291,28.6897],[80.3183,28.6401],[80.3297,28.6275],[80.3498,28.6202],[80.3691,28.6226],[80.3883,28.6272],[80.4084,28.6263],[80.4265,28.6168],[80.4688,28.5718],[80.4885,28.5624],[80.4934,28.5756],[80.4849,28.6393],[80.4876,28.6565],[80.4975,28.6701],[80.5176,28.68],[80.5344,28.6796],[80.5558,28.6789],[80.559,28.673],[80.5574,28.6643],[80.5569,28.655],[80.5636,28.647],[80.5814,28.639],[80.5985,28.6338],[80.6356,28.6279],[80.6483,28.6198],[80.6682,28.5863],[80.6786,28.5747],[80.6958,28.5675],[80.7271,28.5597],[80.7435,28.55],[80.7817,28.5147],[80.7984,28.5057],[80.817,28.5026],[80.858,28.5024],[80.8723,28.4969],[80.8804,28.4819],[80.8819,28.4668],[80.8867,28.4528],[80.9053,28.4408],[80.9213,28.4362],[80.9412,28.4327],[80.9605,28.4323],[80.976,28.4369],[80.9878,28.431],[80.9913,28.4203],[80.9932,28.4078],[81.0004,28.397],[81.0471,28.3891],[81.1463,28.3722],[81.1697,28.3613],[81.1904,28.3381],[81.2107,28.2786],[81.2243,28.2508],[81.2824,28.1916],[81.2959,28.1675],[81.2808,28.162],[81.2768,28.1538],[81.2831,28.1461],[81.2994,28.1425],[81.2962,28.1283],[81.3071,28.1238],[81.3237,28.1262],[81.3381,28.1327],[81.3473,28.1444],[81.3514,28.1568],[81.3579,28.166],[81.3732,28.1678],[81.396,28.1606],[81.4173,28.147],[81.4353,28.1298],[81.4482,28.1114],[81.4529,28.097],[81.454,28.0866],[81.4582,28.0773],[81.4735,28.0664],[81.5619,28.026],[81.5822,28.0133],[81.5951,27.9949],[81.5954,27.9948],[81.615,27.9812],[81.6654,27.9708],[81.6889,27.9632],[81.7104,27.9475],[81.7501,27.9097],[81.8002,27.8841],[81.8279,27.8656],[81.8557,27.8509],[81.8832,27.8491],[81.9061,27.8631],[81.9464,27.9054],[81.9759,27.917],[82.0272,27.9124],[82.0502,27.9056],[82.0516,27.9052],[82.0717,27.89],[82.0904,27.8723],[82.1074,27.8636],[82.151,27.8483],[82.2704,27.7605],[82.3479,27.726],[82.4019,27.6772],[82.4407,27.6664],[82.5262,27.6752],[82.6521,27.7041],[82.6739,27.6965],[82.6797,27.6944],[82.6971,27.6694],[82.7092,27.6309],[82.7189,27.5561],[82.7297,27.5182],[82.7521,27.495],[82.8763,27.4875],[82.9013,27.4804],[82.9472,27.4573],[83.0105,27.4434],[83.1328,27.4442],[83.1696,27.4312],[83.2192,27.3938],[83.2316,27.3812],[83.2431,27.3622],[83.2494,27.3481],[83.2595,27.3381],[83.2824,27.3309],[83.3049,27.3319],[83.3243,27.3417],[83.3411,27.3569],[83.3627,27.3856],[83.3696,27.3982],[83.371,27.4102],[83.3558,27.4287],[83.3539,27.4403],[83.3559,27.4525],[83.361,27.4622],[83.387,27.4705],[83.481,27.4697],[83.5904,27.4566],[83.6634,27.4323],[83.802,27.3659],[83.848,27.351],[83.8533,27.3462],[83.8546,27.3451],[83.8617,27.3545],[83.8675,27.3584],[83.8774,27.3617],[83.8777,27.3699],[83.8737,27.3801],[83.8712,27.3894],[83.8427,27.4181],[83.8341,27.434],[83.8535,27.441],[83.8999,27.4439],[83.922,27.4497],[83.923,27.45],[83.9359,27.4461],[83.9758,27.4397],[84.0077,27.4408],[84.0289,27.4537],[84.0796,27.5095],[84.0995,27.5169],[84.1172,27.5133],[84.1216,27.495],[84.131,27.4864],[84.1417,27.4808],[84.1657,27.4722],[84.1751,27.463],[84.1858,27.4386],[84.1953,27.4361],[84.2255,27.4404],[84.239,27.4311],[84.2489,27.4124],[84.2677,27.3886],[84.2894,27.3761],[84.577,27.329],[84.6065,27.3105],[84.6319,27.277],[84.6482,27.2407],[84.6577,27.2034],[84.6598,27.1651],[84.6544,27.1254],[84.6445,27.1037],[84.6304,27.0808],[84.6215,27.058],[84.6273,27.0365],[84.6402,27.0284],[84.7607,26.999],[84.772,26.9992],[84.7855,27.0085],[84.8019,27.0138],[84.8175,27.0106],[84.8281,26.9949],[84.8283,26.9948],[84.8518,26.9821],[84.9016,26.9672],[84.924,26.9557],[84.9386,26.9366],[84.9443,26.9157],[84.9527,26.8976],[84.9758,26.8869],[84.9882,26.8838],[85.0008,26.8822],[85.018,26.8744],[85.0169,26.8592],[85.0186,26.8458],[85.044,26.8437],[85.1002,26.8635],[85.1228,26.8657],[85.162,26.851],[85.1655,26.8208],[85.1657,26.7863],[85.1949,26.7589],[85.2873,26.737],[85.3024,26.7373],[85.337,26.7468],[85.3532,26.7576],[85.3554,26.7599],[85.3692,26.775],[85.3859,26.7884],[85.4032,26.7876],[85.4215,26.7827],[85.4396,26.7877],[85.4757,26.8052],[85.5195,26.8264],[85.5986,26.8544],[85.6094,26.851],[85.6878,26.8119],[85.7018,26.7966],[85.7096,26.7625],[85.7022,26.6884],[85.7129,26.6532],[85.727,26.6376],[85.781,26.5992],[85.79,26.597],[85.8001,26.6007],[85.8097,26.603],[85.8176,26.5967],[85.8195,26.5883],[85.8198,26.5795],[85.8216,26.5717],[85.8285,26.5661],[85.8448,26.5685],[85.8664,26.5799],[85.9347,26.6329],[85.9521,26.642],[85.9757,26.6444],[86.0114,26.6544],[86.0417,26.6455],[86.1107,26.6067],[86.1159,26.6026],[86.1221,26.6003],[86.1448,26.6015],[86.1464,26.6014],[86.1527,26.6007],[86.1678,26.5966],[86.1745,26.5933],[86.1793,26.5886],[86.1854,26.5844],[86.1959,26.5827],[86.2029,26.5846],[86.2252,26.5974],[86.2631,26.6091],[86.2844,26.612],[86.3014,26.609],[86.3086,26.6022],[86.309,26.588],[86.316,26.581],[86.3232,26.5801],[86.3448,26.5826],[86.3537,26.5826],[86.3836,26.5728],[86.4448,26.5431],[86.4755,26.532],[86.4949,26.5278],[86.5106,26.5201],[86.5243,26.5091],[86.5377,26.4949],[86.538,26.4949],[86.5579,26.484],[86.6253,26.4563],[86.6952,26.4182],[86.7136,26.4146],[86.7241,26.422],[86.7307,26.4338],[86.7382,26.4437],[86.7519,26.4455],[86.7872,26.4331],[86.7964,26.4315],[86.8219,26.4381],[86.8464,26.4526],[86.8657,26.4724],[86.876,26.4949],[86.9071,26.5115],[86.9352,26.5203],[86.9724,26.532],[86.9852,26.5407],[87.0154,26.569],[87.0299,26.5798],[87.0413,26.5802],[87.0444,26.5612],[87.045,26.5443],[87.0565,26.4949],[87.0567,26.4949],[87.0667,26.4656],[87.0833,26.4321],[87.1063,26.4047],[87.135,26.3942],[87.1885,26.3996],[87.2191,26.4081],[87.2294,26.3988],[87.2363,26.3833],[87.2453,26.3702],[87.2584,26.3629],[87.3005,26.346],[87.314,26.3438],[87.3262,26.3533],[87.3449,26.3893],[87.3564,26.4037],[87.3842,26.4186],[87.4165,26.427],[87.4496,26.4286],[87.4803,26.4234],[87.5521,26.3867],[87.587,26.378],[87.624,26.3929],[87.6487,26.41],[87.6596,26.4175],[87.6812,26.4242],[87.6976,26.4163],[87.7109,26.4057],[87.7275,26.4038],[87.7422,26.4105],[87.7495,26.4257],[87.7562,26.4469],[87.769,26.4515],[87.7859,26.446],[87.8044,26.4374],[87.8216,26.4375],[87.8521,26.4607],[87.8698,26.4646],[87.8707,26.4607],[87.8948,26.4429],[87.8973,26.4435],[87.902,26.4353],[87.9085,26.4178],[87.9148,26.4083],[87.929,26.3964],[87.9612,26.379],[87.9755,26.3666],[88.0066,26.3699],[88.0443,26.4057],[88.0742,26.4539],[88.0823,26.4949],[88.0791,26.5074],[88.0798,26.5176],[88.0871,26.5391],[88.1017,26.5819],[88.1466,26.6612],[88.1634,26.7051],[88.1675,26.725],[88.1691,26.744],[88.1678,26.7629],[88.159,26.8026],[88.1553,26.8456],[88.1514,26.8628],[88.1428,26.8784],[88.1204,26.9089],[88.1118,26.9243],[88.0968,26.9593],[88.0769,26.9918],[88.0559,27.018],[88.0428,27.0289],[88.0274,27.0354],[88.0095,27.0456],[87.9913,27.0815],[87.9755,27.0951],[87.9707,27.1027],[87.9692,27.1108],[87.9708,27.1192],[87.9855,27.1484],[87.9893,27.2184],[88.0047,27.2492],[88.029,27.2981],[88.0351,27.3226],[88.0325,27.3339],[88.0201,27.3534],[88.0158,27.3642],[88.0148,27.3781],[88.0172,27.3892],[88.0258,27.4121],[88.0296,27.4187],[88.0348,27.4238],[88.0393,27.4295],[88.0416,27.4381],[88.0398,27.4424],[88.0308,27.4507],[88.0281,27.4551],[88.0233,27.4747],[88.0221,27.4842],[88.0233,27.4949],[88.0488,27.5453],[88.1109,27.6395],[88.1349,27.7232],[88.1493,27.7488],[88.1597,27.7741],[88.1546,27.8152],[88.1666,27.8336],[88.1646,27.8454],[88.1564,27.8513],[88.143,27.8557],[88.1182,27.8609],[88.1049,27.8797],[88.0975,27.904],[88.0999,27.9283],[88.1157,27.9473],[88.1267,27.9504],[88.1512,27.9472],[88.163,27.9469],[88.1749,27.9498],[88.1979,27.9583],[88.3788,27.9826],[88.3998,27.9947],[88.3999,27.9947],[88.3999,27.9949],[88.4558,28.0315],[88.4754,28.0362],[88.5021,28.0289],[88.5172,28.0396],[88.5308,28.059],[88.5528,28.0781],[88.594,28.1066],[88.6105,28.1058],[88.6317,28.0834],[88.652,28.0694],[88.7101,28.062],[88.7356,28.0553],[88.7801,28.0283],[88.8029,28.011],[88.8175,27.9949],[88.8177,27.9949],[88.8177,27.9947],[88.8197,27.9773],[88.8098,27.9445],[88.8107,27.9279],[88.8189,27.9152],[88.8428,27.8924],[88.8516,27.8772],[88.8551,27.8592],[88.8539,27.8437],[88.8057,27.6551],[88.7831,27.622],[88.7674,27.5862],[88.7482,27.5601],[88.741,27.5457],[88.7416,27.5317],[88.7576,27.5114],[88.7572,27.495],[88.7544,27.4642],[88.7598,27.4351],[88.7736,27.4085],[88.7954,27.3859],[88.8082,27.3784],[88.8198,27.3736],[88.8308,27.3673],[88.852,27.3424],[88.8646,27.3324],[88.8923,27.3155],[88.8846,27.2863],[88.8761,27.2805],[88.8614,27.2704],[88.8012,27.2564],[88.7759,27.2409],[88.7544,27.2126],[88.7384,27.1798],[88.7301,27.151],[88.7331,27.149],[88.7426,27.1427],[88.8053,27.113],[88.8276,27.0979],[88.8408,27.0752],[88.8456,27.0496],[88.8456,26.9949],[88.8456,26.9948],[88.8517,26.9454],[88.8671,26.9642],[88.8864,26.979],[88.9066,26.9811],[88.9245,26.9617],[88.927,26.9494],[88.9254,26.939],[88.9253,26.9294],[88.9323,26.9192],[88.9428,26.9137],[88.9545,26.9126],[88.9658,26.9155],[88.9753,26.9217],[88.9966,26.9228],[89.0216,26.9127],[89.0449,26.8971],[89.0607,26.8815],[89.0743,26.8564],[89.0824,26.836],[89.0965,26.8214],[89.1281,26.8135],[89.1846,26.8106],[89.2128,26.813],[89.2408,26.8198],[89.2526,26.8268],[89.263,26.8363],[89.2736,26.8439],[89.2864,26.845],[89.3002,26.8444],[89.3417,26.8543],[89.3689,26.8374],[89.4073,26.8134],[89.4429,26.797],[89.5054,26.8037],[89.5465,26.7975],[89.5861,26.7841],[89.6114,26.766],[89.6135,26.7485],[89.5975,26.721],[89.6098,26.7122],[89.6283,26.7125],[89.6632,26.7255],[89.6852,26.7246],[89.7387,26.7033],[89.7547,26.701],[89.7603,26.7002],[89.8001,26.7005],[89.8041,26.6998],[89.8137,26.6961],[89.8173,26.6962],[89.8221,26.701],[89.8252,26.7077],[89.8268,26.7135],[89.8267,26.7157],[89.8273,26.7179],[89.8277,26.7225],[89.8297,26.7276],[89.835,26.7315],[89.839,26.7312],[89.847,26.7248],[89.8508,26.7232],[89.8587,26.7221],[89.8599,26.7219],[89.8803,26.7163],[89.8904,26.7149],[89.9121,26.7167],[89.9753,26.7319],[90.0892,26.7417],[90.1272,26.7514],[90.1522,26.7718],[90.1774,26.8321],[90.2109,26.8515],[90.2291,26.8529],[90.266,26.8516],[90.2844,26.8571],[90.3009,26.8683],[90.3142,26.8804],[90.3286,26.8907],[90.3488,26.8967],[90.3826,26.8918],[90.4752,26.8324],[90.5878,26.7801],[90.7171,26.767],[90.9445,26.7789],[91.0074,26.7821],[91.0128,26.7843],[91.0621,26.8046],[91.0919,26.8048],[91.1271,26.8009],[91.1982,26.8023],[91.2325,26.7952],[91.262,26.779],[91.276,26.7741],[91.2966,26.7746],[91.3132,26.7787],[91.3301,26.7855],[91.3456,26.7947],[91.3584,26.8062],[91.3701,26.8247],[91.3781,26.8428],[91.3885,26.8585],[91.4063,26.8695],[91.4202,26.8715],[91.4606,26.8694],[91.4751,26.8655],[91.4845,26.8527],[91.5074,26.808],[91.5206,26.7976],[91.5394,26.7988],[91.5756,26.8101],[91.5937,26.8108],[91.638,26.799],[91.6538,26.798],[91.7021,26.8035],[91.7316,26.8162],[91.7953,26.8535],[91.8251,26.8585],[91.8439,26.8494],[91.8495,26.8347],[91.8524,26.8185],[91.8631,26.8048],[91.8787,26.803],[91.8869,26.8144],[91.8859,26.8309],[91.874,26.8443],[91.8955,26.8535],[91.8955,26.8683],[91.8931,26.8814],[91.9082,26.8852],[91.9257,26.8787],[91.9574,26.8543],[91.9751,26.8466],[92.0359,26.8548],[92.0728,26.8878],[92.0804,26.9216],[92.0839,26.9373],[92.067,26.9948],[92.067,26.9949],[92.0497,27.0268],[91.9999,27.0715],[91.9877,27.104],[91.9879,27.1223],[91.9908,27.1408],[91.9959,27.158],[92.003,27.1726],[92.0058,27.1761],[92.0085,27.1795],[92.0215,27.1918],[92.0271,27.1998],[92.03,27.2085],[92.0332,27.2274],[92.0368,27.2365],[92.0506,27.2514],[92.0819,27.2751],[92.0888,27.2923],[92.0848,27.3042],[92.0236,27.4468],[91.9751,27.4724],[91.9633,27.4689],[91.9006,27.4597],[91.8566,27.4662],[91.8162,27.4614],[91.7796,27.4565],[91.7271,27.4599],[91.727,27.46],[91.7049,27.4688],[91.6802,27.4728],[91.6574,27.4792],[91.6417,27.495],[91.6329,27.5117],[91.6045,27.5321],[91.5951,27.5464],[91.5733,27.6197],[91.5799,27.658],[91.6267,27.7164],[91.635,27.7466],[91.6358,27.7825],[91.6053,27.8107],[91.566,27.8211],[91.5644,27.8514],[91.6283,27.8527],[91.6801,27.8498],[91.7299,27.8041],[91.8266,27.8076],[91.8564,27.7645],[91.8649,27.73],[91.9087,27.7319],[91.9522,27.7248],[91.968,27.7463],[91.9889,27.7694],[92.0649,27.7617],[92.1062,27.7861],[92.1263,27.8127],[92.2396,27.8653],[92.2492,27.8626],[92.2583,27.8482],[92.2752,27.8117],[92.2888,27.7931],[92.3039,27.7862],[92.3173,27.8037],[92.3292,27.8329],[92.3347,27.8313],[92.3398,27.8156],[92.3501,27.8025],[92.3679,27.8038],[92.3756,27.8211],[92.3811,27.8425],[92.3928,27.856],[92.4044,27.8538],[92.4173,27.8289],[92.4276,27.8212],[92.439,27.8233],[92.4751,27.8466],[92.5182,27.8395],[92.575,27.8478],[92.5929,27.8682],[92.6365,27.8954],[92.6837,27.9105],[92.7108,27.9497],[92.7364,27.9859],[92.7013,28.0252],[92.7013,28.0378],[92.6893,28.0483],[92.6542,28.0521],[92.6389,28.0575],[92.6373,28.072],[92.6548,28.1058],[92.6786,28.1331],[92.7079,28.1554],[92.7701,28.1922],[92.7792,28.1959],[92.7829,28.1909],[92.7854,28.1833],[92.7902,28.1789],[92.8053,28.178],[92.8199,28.1793],[92.8348,28.1835],[92.8503,28.1919],[92.8654,28.2052],[92.8896,28.2358],[92.9038,28.2497],[92.922,28.2586],[92.9604,28.2702],[92.9749,28.2823],[93.0464,28.3021],[93.1298,28.326],[93.2078,28.3405],[93.2181,28.3946],[93.1863,28.432],[93.2188,28.4574],[93.2591,28.496],[93.287,28.5205],[93.3028,28.5569],[93.3172,28.6035],[93.3554,28.6241],[93.4462,28.6719],[93.5517,28.6789],[93.6071,28.6722],[93.6255,28.6724],[93.6434,28.6802],[93.6649,28.6902],[93.7055,28.6919],[93.7225,28.6966],[93.7817,28.6805],[93.8631,28.7049],[93.9278,28.6828],[93.9611,28.7299],[93.9816,28.7681],[93.9931,28.8019],[93.992,28.8446],[94.0114,28.853],[94.0268,28.8642],[94.0795,28.8831],[94.1354,28.8978],[94.1737,28.9302],[94.2502,28.9331],[94.2914,28.9773],[94.3473,29.0243],[94.309,29.0597],[94.2708,29.0979],[94.2875,29.1479],[94.3238,29.146],[94.3358,29.1496],[94.3463,29.1591],[94.3625,29.1853],[94.3729,29.1963],[94.3964,29.2071],[94.4224,29.2105],[94.475,29.2108],[94.4982,29.2152],[94.5148,29.2211],[94.5286,29.2312],[94.5827,29.3029],[94.5999,29.3166],[94.6304,29.3195],[94.6685,29.3066],[94.7042,29.2847],[94.7564,29.2305],[94.7677,29.2139],[94.7615,29.1747],[94.7766,29.1667],[94.7988,29.1664],[94.8154,29.1689],[94.8541,29.17],[94.8913,29.1605],[94.9891,29.154],[95.0477,29.1408],[95.099,29.1138],[95.1169,29.1081],[95.1915,29.0968],[95.1997,29.0942],[95.2079,29.0896],[95.2128,29.0819],[95.2141,29.0731],[95.2163,29.065],[95.2249,29.0594],[95.2816,29.0527],[95.3674,29.0365],[95.4298,29.0465],[95.4876,29.069],[95.5113,29.1318],[95.5214,29.1379],[95.5227,29.1612],[95.5119,29.1975],[95.5153,29.2094],[95.5502,29.2125],[95.552,29.2201],[95.5507,29.2303],[95.5538,29.239],[95.5644,29.2456],[95.5729,29.2473],[95.5817,29.2475],[95.5923,29.2497],[95.6467,29.2283],[95.7172,29.2183],[95.7474,29.2737],[95.7448,29.3404],[95.7764,29.3455],[95.7959,29.3529],[95.8631,29.324],[95.9537,29.3592],[96.0141,29.3643],[96.0745,29.3693],[96.142,29.3685],[96.151,29.3541],[96.166,29.3032],[96.1763,29.2865],[96.2054,29.2569],[96.2353,29.2412],[96.2678,29.2417],[96.3041,29.2612],[96.3232,29.275],[96.3371,29.2797],[96.3499,29.2742],[96.3662,29.2572],[96.3669,29.2442],[96.3424,29.2106],[96.3275,29.1804],[96.3164,29.1719],[96.2101,29.1458],[96.1936,29.1369],[96.1835,29.1238],[96.1746,29.1088],[96.176,29.0174],[96.1953,28.9411],[96.2486,28.9453],[96.2947,28.9923],[96.3666,29.0365],[96.4576,28.9946],[96.4512,28.9814],[96.4521,28.9704],[96.4601,28.9633],[96.4747,28.9621],[96.4922,28.948],[96.5004,28.9292],[96.5108,28.8855],[96.5238,28.8644],[96.5767,28.8085],[96.5926,28.7579],[96.598,28.7099],[96.501,28.6876],[96.5024,28.6445],[96.409,28.5589],[96.3365,28.4797],[96.3019,28.4207],[96.3696,28.3781],[96.4411,28.3954],[96.4952,28.4215],[96.5124,28.4288],[96.5615,28.4473],[96.6044,28.4445],[96.7169,28.4365],[96.8979,28.3547],[96.934,28.3366],[96.9658,28.3305],[96.9974,28.3371],[97.033,28.357],[97.0784,28.3751],[97.1155,28.3666],[97.1827,28.315],[97.1933,28.3114],[97.2028,28.3116],[97.2105,28.3081],[97.2208,28.2834],[97.2297,28.2746],[97.2853,28.2357],[97.3235,28.2175],[97.3287,28.19],[97.2989,28.1292],[97.2929,28.0951],[97.3065,28.0697],[97.3551,28.023],[97.3623,27.9949],[97.3568,27.9806],[97.34,27.9518],[97.3357,27.9356],[97.3363,27.9132],[97.3382,27.9016],[97.3335,27.8942],[97.3149,27.8846],[97.2929,27.8775],[97.2887,27.8843],[97.288,27.8978],[97.2764,27.9103],[97.2607,27.912],[97.2412,27.9079],[97.2229,27.8997],[97.2109,27.8895],[97.198,27.8733],[97.1821,27.8573],[97.1318,27.8169],[97.1232,27.8122],[97.1124,27.8092],[97.106,27.8055],[97.0982,27.791],[97.0922,27.7855],[97.0723,27.7792],[97.0653,27.774],[97.062,27.7633],[97.0604,27.7505],[97.0567,27.7468],[97.0505,27.7468],[97.0362,27.7429],[97.004,27.7343],[96.9909,27.7266],[96.957,27.6881],[96.9395,27.674],[96.8997,27.6495],[96.8835,27.6363],[96.8702,27.6191],[96.8621,27.5993],[96.862,27.5784],[96.8662,27.5684],[96.8773,27.5531],[96.8803,27.5438],[96.881,27.5344],[96.8847,27.5158],[96.8885,27.5072],[96.8902,27.4925],[96.877,27.4631],[96.8814,27.4441],[96.9051,27.4084],[97.0679,27.2171],[97.0955,27.1913],[97.1013,27.1833],[97.1017,27.1653],[97.1044,27.156],[97.1117,27.1488],[97.1208,27.1439],[97.1293,27.1379],[97.1348,27.1273],[97.133,27.1196],[97.1229,27.0937],[97.1192,27.0873],[97.106,27.0826],[97.098,27.0859],[97.0899,27.0922],[97.0772,27.0965],[97.067,27.0952],[97.0588,27.0921],[97.0479,27.0878],[97.038,27.087],[97.0268,27.0915],[97.0189,27.0987],[97.0119,27.107],[97.003,27.1145],[96.8653,27.1716],[96.8427,27.1885],[96.8418,27.2044],[96.8513,27.2212],[96.8596,27.2407],[96.8538,27.2487],[96.8217,27.2731],[96.8099,27.2858],[96.7892,27.318],[96.7763,27.3306],[96.7589,27.3417],[96.7242,27.3563],[96.7052,27.3608],[96.6873,27.3617],[96.6759,27.3577],[96.6592,27.3414],[96.649,27.3362],[96.6364,27.3355],[96.6293,27.3387],[96.6232,27.3437],[96.6142,27.3484],[96.5869,27.3536],[96.576,27.3454],[96.5675,27.3283],[96.5473,27.3064],[96.5318,27.2985],[96.5109,27.2925],[96.4901,27.2907],[96.4747,27.2954],[96.4078,27.2982],[96.1426,27.2575],[96.0742,27.2299],[96.0132,27.1908],[95.9748,27.1429],[95.9384,27.0799],[95.9164,27.0514],[95.8889,27.027],[95.8615,27.0142],[95.8049,27.0048],[95.778,26.9951],[95.735,26.9473],[95.7092,26.9075],[95.6993,26.8962],[95.6861,26.8913],[95.64,26.8864],[95.6243,26.8807],[95.6133,26.8679],[95.6034,26.8443],[95.5913,26.8237],[95.5748,26.8161],[95.5544,26.8166],[95.5314,26.8203],[95.4898,26.8107],[95.4627,26.7772],[95.44,26.7354],[95.4106,26.7016],[95.3927,26.6918],[95.316,26.6691],[95.279,26.6529],[95.2606,26.6476],[95.2469,26.6489],[95.2391,26.6496],[95.2233,26.6704],[95.2049,26.6676],[95.1956,26.6608],[95.1816,26.6417],[95.1732,26.6338],[95.1634,26.6297],[95.1414,26.625],[95.1326,26.6208],[95.1228,26.6116],[95.1191,26.6042],[95.1159,26.5756],[95.1162,26.5693],[95.1149,26.5626],[95.1096,26.5513],[95.0992,26.5361],[95.0699,26.5062],[95.0544,26.4949],[95.0406,26.4756],[95.0426,26.4597],[95.0617,26.4266],[95.0661,26.4074],[95.0642,26.3926],[95.0505,26.3591],[95.0436,26.3277],[95.0418,26.2876],[95.0463,26.248],[95.0587,26.2177],[95.0664,26.211],[95.0745,26.2083],[95.0828,26.2066],[95.0908,26.2027],[95.0945,26.195],[95.0897,26.1876],[95.0824,26.1798],[95.0784,26.1713],[95.0882,26.1041],[95.1017,26.0934],[95.1375,26.083],[95.1501,26.071],[95.1512,26.0499],[95.1395,26.0299],[95.1082,25.9951],[95.0659,25.9538],[95.0494,25.9437],[95.012,25.9314],[95.0006,25.922],[94.994,25.9004],[94.9932,25.881],[95.0135,25.7777],[95.0153,25.7551],[95.0088,25.7371],[94.9999,25.7316],[94.9786,25.7291],[94.969,25.7256],[94.9615,25.718],[94.8717,25.598],[94.868,25.5947],[94.8575,25.5893],[94.8535,25.586],[94.8529,25.5808],[94.861,25.5714],[94.8603,25.5672],[94.8508,25.5628],[94.831,25.5625],[94.8224,25.5591],[94.808,25.5426],[94.7824,25.5046],[94.7644,25.4917],[94.7458,25.4866],[94.7111,25.4828],[94.692,25.4763],[94.6595,25.4555],[94.6504,25.4467],[94.6305,25.4274],[94.608,25.3946],[94.5501,25.2453],[94.5533,25.2041],[94.5769,25.1736],[94.613,25.1614],[94.6533,25.1541],[94.6891,25.1385],[94.7068,25.1099],[94.7138,25.0683],[94.7086,25.0259],[94.6898,24.9951],[94.6735,24.9748],[94.6548,24.8892],[94.6391,24.8628],[94.599,24.8135],[94.5932,24.7838],[94.5932,24.7659],[94.5895,24.7473],[94.5815,24.7301],[94.5695,24.7164],[94.5557,24.7089],[94.5434,24.7073],[94.531,24.7075],[94.5163,24.705],[94.508,24.689],[94.4871,24.6205],[94.475,24.5974],[94.4302,24.5709],[94.4185,24.5603],[94.4108,24.5459],[94.3971,24.4951],[94.3819,24.4863],[94.3704,24.4777],[94.3637,24.4658],[94.3612,24.4254],[94.3522,24.4139],[94.34,24.406],[94.3287,24.3945],[94.3283,24.3885],[94.3317,24.3711],[94.3307,24.3629],[94.3237,24.3547],[94.3028,24.341],[94.2954,24.3326],[94.29,24.3168],[94.2869,24.2831],[94.2828,24.2664],[94.234,24.1603],[94.2222,24.1226],[94.2185,24.0867],[94.2141,24.0692],[94.2037,24.0578],[94.1991,24.0481],[94.1939,24.0097],[94.1903,23.9953],[94.1449,23.9389],[94.1351,23.919],[94.1336,23.8992],[94.1351,23.8773],[94.1319,23.857],[94.1289,23.8539],[94.1169,23.8416],[94.0997,23.8426],[94.0853,23.8575],[94.0711,23.8761],[94.0551,23.8879],[93.9979,23.917],[93.9751,23.9209],[93.9406,23.9289],[93.9123,23.939],[93.8832,23.9453],[93.8037,23.9361],[93.7828,23.9455],[93.743,23.9953],[93.7111,24.0055],[93.6605,24.0112],[93.6124,24.0091],[93.588,23.9952],[93.5856,23.9873],[93.5818,23.9796],[93.577,23.973],[93.5711,23.968],[93.5613,23.9657],[93.5553,23.971],[93.55,23.978],[93.5435,23.9809],[93.5268,23.9754],[93.4957,23.9591],[93.4748,23.9575],[93.4567,23.96],[93.449,23.9689],[93.4456,23.9816],[93.4392,23.9952],[93.4065,24.0258],[93.3965,24.0375],[93.3683,24.0785],[93.3485,24.0889],[93.3222,24.0801],[93.3097,24.064],[93.303,24.0411],[93.3026,24.0358],[93.3011,24.0166],[93.303,23.9953],[93.3081,23.9775],[93.3161,23.9611],[93.3376,23.9284],[93.346,23.9187],[93.3519,23.9139],[93.356,23.907],[93.3592,23.8909],[93.3583,23.8553],[93.3748,23.739],[93.4063,23.7191],[93.4123,23.7087],[93.426,23.6908],[93.4303,23.6803],[93.4324,23.6473],[93.4002,23.454],[93.3998,23.4261],[93.4059,23.3677],[93.4078,23.3564],[93.4072,23.3473],[93.4037,23.3388],[93.3842,23.3131],[93.3779,23.2968],[93.3765,23.2795],[93.3808,23.2373],[93.3727,23.1698],[93.373,23.1542],[93.3752,23.1422],[93.3749,23.1297],[93.3334,23.0523],[93.3183,23.0337],[93.2988,23.0179],[93.2728,23.0059],[93.2465,23.0045],[93.2256,23.0204],[93.2121,23.0399],[93.1965,23.0538],[93.1771,23.0584],[93.1524,23.0499],[93.1401,23.0319],[93.1382,23.0053],[93.1432,22.9775],[93.1511,22.9562],[93.1711,22.9204],[93.1774,22.9002],[93.1755,22.8817],[93.1611,22.861],[93.1253,22.8216],[93.1159,22.7984],[93.1124,22.8],[93.0795,22.7727],[93.0708,22.6929],[93.0739,22.6719],[93.0819,22.6528],[93.1044,22.6159],[93.1105,22.5963],[93.1091,22.5747],[93.0982,22.5353],[93.0992,22.512],[93.1096,22.479],[93.1179,22.4629],[93.1535,22.4275],[93.1659,22.3866],[93.1743,22.2694],[93.1737,22.2594],[93.169,22.2469],[93.1613,22.2425],[93.1515,22.241],[93.1297,22.2316],[93.1248,22.2323],[93.1235,22.2307],[93.1231,22.2184],[93.1417,22.1873],[93.1195,22.181],[93.1043,22.1872],[93.0906,22.1971],[93.0725,22.2025],[93.0458,22.2069],[93.0364,22.2062],[93.0245,22.2019],[93.0224,22.1962],[93.0239,22.1888],[93.0226,22.121],[93.0255,22.1129],[93.0075,22.1059],[92.9952,22.1033],[92.9855,22.096],[92.9672,22.0627],[92.9653,22.0496],[92.9684,22.0362],[92.9749,22.0233],[92.9779,22.0165],[92.9796,22.0094],[92.9799,22.0023],[92.979,21.9954],[92.9771,21.993],[92.9749,21.9909],[92.9681,21.9872],[92.9617,21.9869],[92.9556,21.9896],[92.9503,21.9954],[92.9374,22.013],[92.921,22.0218],[92.9062,22.0173],[92.8987,21.9954],[92.8892,21.9667],[92.8775,21.957],[92.867,21.9665],[92.8621,21.9954],[92.8539,22.0241],[92.8361,22.0465],[92.7716,22.1042],[92.7081,22.148],[92.6838,22.1543],[92.674,22.1471],[92.6711,22.1339],[92.6747,22.1056],[92.674,22.0952],[92.6695,22.0927],[92.6646,22.0938],[92.6621,22.0948],[92.6562,22.0753],[92.6561,22.0606],[92.6584,22.0466],[92.6584,22.0328],[92.6509,22.0192],[92.6399,22.0134],[92.6276,22.0124],[92.6153,22.0088],[92.6039,21.9954],[92.598,21.9893],[92.5913,21.9842],[92.5838,21.9803],[92.5759,21.9776],[92.5752,21.9866],[92.5731,21.9954],[92.56,22.0613],[92.5373,22.1286],[92.5493,22.1385],[92.5642,22.1383],[92.5756,22.1433],[92.577,22.1687],[92.5189,22.4954],[92.5174,22.5126],[92.5046,22.5438],[92.5008,22.5605],[92.5029,22.6186],[92.4959,22.6956],[92.4915,22.7111],[92.4807,22.7262],[92.4537,22.748],[92.442,22.7629],[92.435,22.7933],[92.4263,22.8711],[92.4119,22.8879],[92.3787,22.9004],[92.3599,22.9266],[92.3522,22.9603],[92.353,23.0299],[92.3276,23.1714],[92.3286,23.2112],[92.3327,23.2263],[92.3507,23.261],[92.3575,23.2789],[92.3569,23.2891],[92.3522,23.2988],[92.3471,23.3154],[92.3467,23.3253],[92.3495,23.345],[92.3486,23.3541],[92.3449,23.3591],[92.3317,23.3687],[92.3267,23.3753],[92.3254,23.3822],[92.3269,23.396],[92.3254,23.4035],[92.3198,23.4122],[92.3067,23.4239],[92.3015,23.4318],[92.2968,23.4466],[92.291,23.4953],[92.2528,23.6093],[92.25,23.6426],[92.2617,23.6851],[92.2597,23.7026],[92.2593,23.7065],[92.2387,23.7168],[92.2221,23.7078],[92.2094,23.6616],[92.1943,23.6481],[92.1808,23.6654],[92.1706,23.7036],[92.1508,23.7317],[92.1084,23.7182],[92.0922,23.7013],[92.0596,23.6595],[92.0424,23.6456],[92.019,23.6401],[92.0035,23.6474],[91.9617,23.6911],[91.9491,23.7098],[91.9366,23.7235],[91.9227,23.723],[91.9165,23.7099],[91.9144,23.6883],[91.916,23.6502],[91.9423,23.5344],[91.9408,23.4952],[91.9181,23.4599],[91.9051,23.4466],[91.8891,23.4359],[91.8338,23.4139],[91.8177,23.4009],[91.7916,23.3683],[91.7626,23.3215],[91.7437,23.2723],[91.7492,23.2324],[91.7639,23.2006],[91.779,23.1318],[91.7919,23.1011],[91.7956,23.0895],[91.7913,23.0804],[91.7762,23.0653],[91.7738,23.0649],[91.7642,23.0656],[91.7609,23.0655],[91.756,23.0615],[91.7556,23.0568],[91.7563,23.0522],[91.755,23.0482],[91.7383,23.0247],[91.7313,23.0173],[91.7144,23.0031],[91.707,22.9954],[91.6947,22.9881],[91.6676,22.9826],[91.6541,22.9781],[91.6469,22.9766],[91.6399,22.978],[91.6328,22.9803],[91.6258,22.9815],[91.6167,22.9781],[91.612,22.9698],[91.6083,22.9603],[91.6024,22.953],[91.5861,22.9445],[91.583,22.9479],[91.5831,22.9578],[91.5768,22.9688],[91.5631,22.975],[91.5498,22.9772],[91.5366,22.9819],[91.5236,22.9952],[91.5194,23.0056],[91.5182,23.0351],[91.5156,23.0388],[91.5061,23.0412],[91.5033,23.0444],[91.4981,23.07],[91.4751,23.1431],[91.4704,23.1533],[91.4636,23.1841],[91.4612,23.1844],[91.4464,23.1979],[91.4454,23.203],[91.4467,23.2088],[91.4464,23.2155],[91.4399,23.2235],[91.4396,23.2226],[91.4362,23.2157],[91.4365,23.2149],[91.4281,23.2295],[91.4136,23.2486],[91.3943,23.2627],[91.3721,23.2619],[91.361,23.2475],[91.3557,23.2241],[91.3559,23.1796],[91.3746,23.0957],[91.3709,23.0628],[91.3374,23.0711],[91.3135,23.101],[91.3005,23.1423],[91.2772,23.3033],[91.2729,23.3135],[91.2675,23.3215],[91.2658,23.3294],[91.2729,23.3385],[91.2829,23.3476],[91.2873,23.3556],[91.284,23.3614],[91.2709,23.3646],[91.2581,23.3736],[91.2479,23.3938],[91.2345,23.4363],[91.2297,23.4612],[91.2273,23.4688],[91.2208,23.4779],[91.2034,23.4879],[91.1951,23.4952],[91.1859,23.5116],[91.1775,23.5443],[91.1699,23.562],[91.1408,23.6121],[91.1363,23.6295],[91.1397,23.6536],[91.1523,23.6551],[91.1665,23.6541],[91.1752,23.6703],[91.1689,23.6854],[91.1524,23.691],[91.1366,23.6989],[91.1323,23.7206],[91.1418,23.7399],[91.1576,23.745],[91.1766,23.7465],[91.195,23.7552],[91.2052,23.7716],[91.2253,23.8261],[91.2282,23.845],[91.224,23.8575],[91.2128,23.8807],[91.2119,23.8945],[91.2163,23.9084],[91.2504,23.964],[91.2609,23.9773],[91.2741,23.9882],[91.2916,23.9948],[91.3049,23.9939],[91.3084,23.9925],[91.3162,23.9895],[91.3271,23.9879],[91.3391,23.9952],[91.3493,24.0361],[91.3508,24.0742],[91.363,24.0998],[91.4046,24.1031],[91.4804,24.088],[91.5175,24.0852],[91.5587,24.0897],[91.5818,24.0961],[91.5965,24.105],[91.606,24.1189],[91.6138,24.1401],[91.6245,24.2035],[91.6291,24.2153],[91.6395,24.2117],[91.6572,24.1714],[91.6662,24.1559],[91.6842,24.1455],[91.7037,24.1429],[91.7211,24.149],[91.7326,24.1643],[91.732,24.1817],[91.7258,24.2021],[91.723,24.221],[91.7329,24.2343],[91.7966,24.2216],[91.807,24.2211],[91.8097,24.2145],[91.8114,24.192],[91.8138,24.1831],[91.8442,24.1553],[91.8645,24.1506],[91.8771,24.158],[91.8843,24.1756],[91.9059,24.2606],[91.9069,24.2804],[91.8964,24.3201],[91.8998,24.338],[91.9219,24.3445],[91.931,24.337],[91.9531,24.323],[91.9722,24.3161],[91.9714,24.3297],[91.9488,24.3635],[91.95,24.3754],[92.0334,24.3688],[92.0627,24.371],[92.0883,24.3816],[92.1076,24.406],[92.1112,24.4343],[92.1059,24.4952],[92.1109,24.5143],[92.1232,24.5254],[92.1386,24.5337],[92.15,24.5422],[92.1532,24.5445],[92.1636,24.5592],[92.1689,24.5743],[92.1734,24.6084],[92.1829,24.6473],[92.2338,24.7775],[92.2365,24.793],[92.2369,24.8086],[92.235,24.8248],[92.2349,24.825],[92.2218,24.8569],[92.2218,24.857],[92.2177,24.8746],[92.223,24.8914],[92.2522,24.903],[92.2902,24.8914],[92.2904,24.8913],[92.3581,24.8537],[92.3583,24.8537],[92.3593,24.8464],[92.3594,24.8462],[92.3635,24.8411],[92.3636,24.841],[92.3709,24.8379],[92.3807,24.8367],[92.442,24.8554],[92.4777,24.8639],[92.4915,24.8837],[92.4945,24.8949],[92.4913,24.9123],[92.4913,24.9124],[92.4838,24.9282],[92.4744,24.9367],[92.4743,24.9367],[92.4498,24.9464],[92.45,24.9466],[92.4581,24.9533],[92.4578,24.9536],[92.454,24.9581],[92.4538,24.9582],[92.4445,24.9624],[92.4444,24.9624],[92.4125,24.9841],[92.4125,24.9844],[92.4123,24.9874],[92.4121,24.9874],[92.4119,24.9875],[92.3947,24.9932],[92.3869,24.9951],[92.3869,24.9952],[92.3869,24.9954],[92.3849,25.0048],[92.3811,25.0234],[92.3563,25.037],[92.3281,25.048],[92.3121,25.0686],[92.3035,25.0743],[92.2516,25.0808],[92.2337,25.085],[92.2201,25.0904],[92.208,25.0981],[92.1941,25.1092],[92.1792,25.1267],[92.1727,25.132],[92.1647,25.1336],[92.151,25.1297],[92.1455,25.1317],[92.1386,25.1364],[92.1241,25.137],[92.1162,25.1394],[92.1104,25.1449],[92.1005,25.1591],[92.0929,25.1647],[92.066,25.1745],[92.034,25.1817],[92.0018,25.183],[91.9751,25.1754],[91.9563,25.1698],[91.9006,25.1776],[91.7937,25.1653],[91.7453,25.1694],[91.7301,25.1675],[91.7237,25.1619],[91.7177,25.1498],[91.7107,25.1447],[91.7018,25.1471],[91.6889,25.153],[91.6774,25.1526],[91.6723,25.1365],[91.662,25.1272],[91.6387,25.124],[91.6131,25.1251],[91.5962,25.1289],[91.5802,25.1409],[91.5735,25.1523],[91.5661,25.16],[91.5488,25.1611],[91.5402,25.1576],[91.5234,25.1452],[91.5117,25.1425],[91.5009,25.1412],[91.4808,25.1353],[91.471,25.1339],[91.4319,25.138],[91.284,25.179],[91.2357,25.2019],[91.225,25.2016],[91.2031,25.1913],[91.1908,25.1895],[91.1353,25.1912],[90.9751,25.1678],[90.9434,25.1574],[90.9348,25.1564],[90.822,25.1423],[90.794,25.1454],[90.7794,25.152],[90.7669,25.1605],[90.754,25.1676],[90.738,25.1694],[90.7327,25.1669],[90.722,25.1566],[90.7164,25.1536],[90.7077,25.153],[90.6706,25.1588],[90.649,25.1678],[90.6376,25.1711],[90.6234,25.1714],[90.5833,25.162],[90.5014,25.1688],[90.3998,25.149],[90.3646,25.15],[90.2869,25.1801],[90.1301,25.2116],[89.9081,25.2969],[89.8702,25.2956],[89.8346,25.2824],[89.819,25.285],[89.8074,25.3045],[89.7985,25.3401],[89.795,25.3742],[89.7992,25.4029],[89.8007,25.4129],[89.8086,25.4395],[89.8232,25.4891],[89.8251,25.5645],[89.8344,25.6348],[89.8242,25.6741],[89.8015,25.7247],[89.7831,25.8144],[89.787,25.8391],[89.8301,25.908],[89.8344,25.9318],[89.8264,25.9375],[89.8107,25.9388],[89.792,25.9491],[89.8116,25.9552],[89.8256,25.9657],[89.8287,25.9794],[89.8153,25.9951],[89.8141,25.9961],[89.8127,25.9963],[89.811,25.996],[89.8093,25.9952],[89.8092,25.9951],[89.8089,25.9951],[89.802,25.9886],[89.7955,25.986],[89.7894,25.988],[89.784,25.9951],[89.7764,26.0082],[89.7558,26.0324],[89.7502,26.0416],[89.7487,26.059],[89.7511,26.0715],[89.7498,26.0839],[89.7367,26.1006],[89.7288,26.1142],[89.7243,26.1307],[89.7185,26.1455],[89.7065,26.1542],[89.6977,26.1548],[89.6777,26.1531],[89.6704,26.1541],[89.6582,26.1592],[89.6558,26.1613],[89.6572,26.1654],[89.6578,26.1872],[89.6584,26.2079],[89.653,26.2227],[89.6349,26.2258],[89.6133,26.2194],[89.6064,26.211],[89.6085,26.1807],[89.6153,26.1691],[89.6144,26.1642],[89.594,26.1697],[89.5868,26.1692],[89.5799,26.1661],[89.5734,26.1607],[89.5628,26.1426],[89.5694,26.1301],[89.5858,26.1229],[89.6042,26.1207],[89.5925,26.114],[89.5779,26.1072],[89.5669,26.099],[89.567,26.0871],[89.5769,26.0826],[89.5908,26.085],[89.6039,26.0847],[89.6114,26.0722],[89.6029,26.0553],[89.5592,26.0222],[89.5507,25.9951],[89.5518,25.9815],[89.5491,25.9689],[89.5417,25.9597],[89.5284,25.9571],[89.5182,25.9621],[89.5095,25.9726],[89.4953,25.9951],[89.4906,25.9973],[89.4856,25.9987],[89.4806,25.9992],[89.4264,25.9951],[89.4264,25.995],[89.4212,25.9932],[89.4161,25.9926],[89.4113,25.9932],[89.4066,25.9951],[89.3914,26.0155],[89.3797,26.0153],[89.3678,26.0054],[89.3515,25.9969],[89.3353,25.9986],[89.3151,26.0068],[89.2969,26.0182],[89.273,26.0435],[89.2376,26.0581],[89.2293,26.0672],[89.2231,26.0866],[89.2126,26.099],[89.1978,26.1077],[89.1316,26.1338],[89.1192,26.1466],[89.1117,26.1645],[89.1034,26.2252],[89.0959,26.241],[89.0759,26.2711],[89.0694,26.2874],[89.0689,26.3143],[89.0803,26.3156],[89.0948,26.3095],[89.1035,26.3137],[89.1029,26.3273],[89.0957,26.3345],[89.0719,26.3406],[89.0552,26.347],[89.0541,26.3539],[89.0573,26.3626],[89.0526,26.3746],[89.0437,26.3811],[89.0218,26.3862],[89.0109,26.3902],[89.0018,26.3971],[88.9865,26.4127],[88.9753,26.4179],[88.9593,26.4286],[88.9502,26.4369],[88.941,26.4394],[88.9246,26.4321],[88.912,26.4212],[88.8995,26.4045],[88.8912,26.3858],[88.8919,26.3688],[88.9124,26.3489],[88.9412,26.3401],[88.966,26.3285],[88.9753,26.2999],[88.9817,26.2918],[88.9897,26.2894],[88.9986,26.2915],[89.008,26.2972],[89.0044,26.2757],[89.0116,26.2692],[89.0235,26.2688],[89.0343,26.2658],[89.0397,26.2472],[89.0195,26.2345],[88.9753,26.2243],[88.9468,26.2329],[88.9027,26.2729],[88.8758,26.2774],[88.8556,26.2651],[88.8407,26.232],[88.8248,26.2266],[88.808,26.2334],[88.7985,26.2477],[88.792,26.2646],[88.784,26.2799],[88.7479,26.2925],[88.6634,26.2644],[88.6458,26.276],[88.6533,26.2831],[88.6901,26.2998],[88.703,26.3097],[88.7122,26.3283],[88.7097,26.3406],[88.6963,26.3503],[88.6734,26.3607],[88.6674,26.3682],[88.6685,26.3857],[88.6611,26.3889],[88.6522,26.3915],[88.6499,26.3984],[88.6519,26.4071],[88.6563,26.4151],[88.633,26.4201],[88.6224,26.4245],[88.6115,26.4308],[88.6036,26.4402],[88.5979,26.4515],[88.5912,26.4612],[88.5792,26.466],[88.558,26.4657],[88.5498,26.4667],[88.5268,26.4754],[88.5068,26.4876],[88.4987,26.4949],[88.4879,26.5058],[88.4754,26.515],[88.4624,26.5288],[88.4465,26.5355],[88.411,26.5451],[88.3979,26.5587],[88.395,26.5784],[88.3959,26.5996],[88.3944,26.618],[88.3853,26.6235],[88.3725,26.6116],[88.3603,26.5931],[88.3528,26.5787],[88.3324,26.5147],[88.3193,26.4949],[88.3139,26.4815],[88.3151,26.4651],[88.3225,26.4518],[88.3356,26.4482],[88.3402,26.4541],[88.343,26.4772],[88.3465,26.484],[88.3536,26.4846],[88.3769,26.4753],[88.4346,26.4652],[88.4611,26.4539],[88.4754,26.432],[88.4955,26.3781],[88.4976,26.3527],[88.4754,26.3558],[88.4679,26.3541],[88.458,26.353],[88.4486,26.3534],[88.442,26.3561],[88.4317,26.3622],[88.426,26.3579],[88.4212,26.3487],[88.4138,26.3402],[88.3668,26.3134],[88.3517,26.301],[88.3366,26.2818],[88.3329,26.2672],[88.3345,26.2308],[88.3263,26.2159],[88.3087,26.2061],[88.2503,26.188],[88.2298,26.184],[88.2189,26.1802],[88.212,26.1738],[88.2057,26.1664],[88.1969,26.1596],[88.1638,26.1405],[88.1556,26.1285],[88.1445,26.0959],[88.1414,26.0905],[88.1399,26.0853],[88.1412,26.0755],[88.1448,26.0705],[88.151,26.067],[88.1564,26.0614],[88.1579,26.0505],[88.151,26.0313],[88.1259,26.0134],[88.1065,25.98],[88.088,25.9232],[88.0827,25.9159],[88.0774,25.9128],[88.0744,25.9081],[88.082,25.8638],[88.089,25.8487],[88.0876,25.84],[88.0876,25.831],[88.1033,25.8148],[88.108,25.8063],[88.1149,25.7873],[88.1277,25.7749],[88.1464,25.7757],[88.1662,25.7836],[88.1827,25.7924],[88.2275,25.8043],[88.2599,25.789],[88.3203,25.7253],[88.393,25.6808],[88.4194,25.6538],[88.4238,25.5922],[88.4378,25.5798],[88.4754,25.5626],[88.4856,25.5426],[88.5128,25.5237],[88.5205,25.5093],[88.5303,25.5002],[88.551,25.4965],[88.5936,25.4951],[88.6132,25.4864],[88.6454,25.4673],[88.6663,25.4629],[88.6781,25.4659],[88.6871,25.4739],[88.6957,25.4836],[88.7062,25.4917],[88.7142,25.4928],[88.7231,25.4914],[88.7327,25.491],[88.7426,25.4952],[88.742,25.5128],[88.7723,25.502],[88.781,25.4952],[88.7931,25.482],[88.8058,25.4717],[88.8149,25.4586],[88.8163,25.4372],[88.7993,25.4017],[88.7996,25.3956],[88.8104,25.3884],[88.8133,25.3801],[88.814,25.3704],[88.8183,25.3596],[88.842,25.3328],[88.849,25.3272],[88.8593,25.3247],[88.8802,25.3235],[88.8861,25.3191],[88.9029,25.3034],[88.9265,25.3005],[88.9753,25.3026],[88.9827,25.2945],[88.9849,25.285],[88.9824,25.2749],[88.9753,25.2652],[88.9378,25.2402],[88.9291,25.2294],[88.928,25.2159],[88.9308,25.2026],[88.9279,25.1927],[88.9096,25.1892],[88.9242,25.1679],[88.8986,25.1693],[88.8302,25.1913],[88.8236,25.1948],[88.8171,25.1968],[88.8091,25.1953],[88.8025,25.1881],[88.7923,25.1666],[88.7842,25.1609],[88.7245,25.1665],[88.6646,25.1869],[88.6343,25.1923],[88.5991,25.1931],[88.5901,25.1901],[88.5777,25.1775],[88.5707,25.1732],[88.5594,25.1708],[88.5547,25.1711],[88.55,25.1731],[88.5232,25.1798],[88.4918,25.1911],[88.4754,25.1951],[88.4413,25.1897],[88.4315,25.173],[88.4342,25.1167],[88.4258,25.0511],[88.4141,25.0215],[88.391,24.9951],[88.3879,24.9688],[88.3757,24.9456],[88.3409,24.9041],[88.3228,24.8747],[88.3136,24.8683],[88.2968,24.8697],[88.2549,24.88],[88.2428,24.8806],[88.2419,24.8988],[88.2328,24.9183],[88.2188,24.9351],[88.2024,24.9453],[88.183,24.947],[88.1645,24.9411],[88.1149,24.9164],[88.1149,24.912],[88.1203,24.9068],[88.1249,24.8981],[88.1381,24.8635],[88.141,24.8446],[88.1312,24.8318],[88.1174,24.8193],[88.1078,24.8011],[88.0948,24.8031],[88.0882,24.7961],[88.0854,24.784],[88.084,24.7705],[88.077,24.7612],[88.0643,24.7592],[88.0532,24.755],[88.0485,24.7112],[88.0354,24.6938],[88.0272,24.6757],[88.0218,24.6456],[88.0409,24.6404],[88.0572,24.6341],[88.0673,24.6137],[88.0818,24.5999],[88.085,24.5939],[88.085,24.5417],[88.086,24.5367],[88.09,24.533],[88.0988,24.5225],[88.1079,24.508],[88.1099,24.501],[88.1388,24.4952],[88.4013,24.3694],[88.4754,24.3155],[88.4984,24.311],[88.5631,24.3082],[88.6125,24.2929],[88.6345,24.2941],[88.6495,24.3154],[88.6601,24.3383],[88.6818,24.3339],[88.7146,24.3154],[88.7375,24.2871],[88.743,24.2475],[88.745,24.2434],[88.7475,24.227],[88.7498,24.2233],[88.7464,24.2141],[88.7348,24.1984],[88.7316,24.1898],[88.7315,24.1898],[88.7159,24.1829],[88.6938,24.1753],[88.6838,24.1665],[88.6781,24.1543],[88.6783,24.1447],[88.683,24.1243],[88.6818,24.1127],[88.6754,24.0918],[88.6741,24.0826],[88.679,24.0712],[88.6978,24.0563],[88.7009,24.0436],[88.725,24.0384],[88.7255,24.0289],[88.7138,24.0147],[88.7016,23.9953],[88.7084,23.9836],[88.7144,23.9644],[88.7171,23.9431],[88.7142,23.9252],[88.7044,23.9137],[88.6665,23.8795],[88.6531,23.8698],[88.6339,23.8661],[88.6132,23.8678],[88.5936,23.8669],[88.5776,23.8552],[88.5744,23.8456],[88.5755,23.8366],[88.5776,23.8276],[88.5775,23.8185],[88.5724,23.8069],[88.5577,23.7857],[88.5527,23.775],[88.5525,23.7654],[88.5597,23.7503],[88.5612,23.741],[88.5401,23.65],[88.5416,23.6388],[88.551,23.6344],[88.5612,23.6325],[88.5664,23.6287],[88.5644,23.6162],[88.5611,23.6086],[88.5617,23.602],[88.5714,23.5923],[88.5815,23.5883],[88.6013,23.5903],[88.6092,23.5888],[88.6242,23.5739],[88.6476,23.5351],[88.6645,23.5183],[88.6938,23.4998],[88.7046,23.4952],[88.7194,23.4681],[88.7319,23.4726],[88.7437,23.4893],[88.7568,23.4988],[88.7702,23.4888],[88.7679,23.4673],[88.7193,23.3483],[88.695,23.3126],[88.6859,23.2933],[88.6866,23.2716],[88.6966,23.2524],[88.71,23.2412],[88.7757,23.2216],[88.7862,23.2215],[88.7942,23.225],[88.801,23.2308],[88.8095,23.2361],[88.8227,23.238],[88.8396,23.2348],[88.9096,23.2124],[88.9181,23.2086],[88.927,23.2065],[88.9542,23.2074],[88.96,23.2027],[88.9598,23.1945],[88.9547,23.1838],[88.9459,23.1743],[88.9191,23.1539],[88.8648,23.1003],[88.8513,23.0751],[88.8487,23.0238],[88.8394,22.9954],[88.8388,22.9758],[88.8428,22.9646],[88.8617,22.9424],[88.8722,22.9268],[88.8935,22.8796],[88.9051,22.8664],[88.9331,22.8581],[88.9445,22.848],[88.9468,22.8345],[88.9451,22.8151],[88.9412,22.7957],[88.9369,22.7823],[88.9262,22.767],[88.915,22.7544],[88.9081,22.7408],[88.9106,22.7226],[88.9225,22.6937],[88.9259,22.6808],[88.93,22.6586],[88.9424,22.6375],[88.952,22.6119],[88.9564,22.585],[88.9503,22.562],[88.928,22.5481],[88.959,22.5368],[88.971,22.5279],[88.98,22.4909],[88.9984,22.4512],[89.0025,22.428],[89.0007,22.4201],[88.9922,22.407],[88.9895,22.3967],[88.9896,22.3869],[89.0015,22.3337],[89.0069,22.3214],[89.0235,22.2948],[89.0091,22.2856],[89.0186,22.2647],[89.0623,22.2116],[89.0707,22.1948],[89.0762,22.175],[89.0782,22.1508],[89.0607,22.1305],[89.0604,22.1299],[89.0603,22.1306],[89.0437,22.1374],[89.0486,22.123],[89.0457,22.112],[89.0399,22.1009],[89.0369,22.0856],[89.04,22.0695],[89.054,22.0436],[89.0574,22.0312],[89.0656,21.9671],[89.0609,21.9385],[89.0369,21.9251],[89.0231,21.9311],[89.013,21.9294],[89.0081,21.9206],[89.0095,21.9046],[88.993,21.9127],[88.9605,21.9343],[88.9447,21.9388],[88.9378,21.9487],[88.9346,21.9693],[88.9287,21.9866],[88.9139,21.9866],[88.905,21.9694],[88.9108,21.9465],[88.9241,21.9263],[88.9378,21.9177],[88.9519,21.9139],[88.9683,21.9047],[88.9959,21.8842],[89.0159,21.8533],[89.0309,21.7705],[89.0437,21.7333],[89.0479,21.728],[89.0679,21.7091],[89.0828,21.6782],[89.0852,21.6747],[89.0882,21.6337],[89.0827,21.6173],[89.0642,21.6092],[89.0532,21.6098],[89.0447,21.6135],[89.0388,21.6195],[89.0369,21.6269],[89.0339,21.6332],[89.0276,21.6246],[89.0217,21.6118],[89.0198,21.6061],[89.0003,21.6034],[88.9758,21.6159],[88.9338,21.6439],[88.897,21.6501],[88.8916,21.6535],[88.8861,21.6618],[88.8816,21.672],[88.8721,21.749],[88.8661,21.7668],[88.8587,21.7668],[88.8557,21.7488],[88.8416,21.7163],[88.8382,21.702],[88.8429,21.6841],[88.8599,21.6526],[88.8587,21.6365],[88.8442,21.6222],[88.824,21.6173],[88.8058,21.6229],[88.7979,21.6402],[88.8148,21.6539],[88.8184,21.6576],[88.8185,21.6658],[88.8167,21.675],[88.8109,21.6917],[88.8049,21.6719],[88.8005,21.6619],[88.7942,21.6576],[88.784,21.656],[88.7791,21.6512],[88.7771,21.6435],[88.7769,21.6334],[88.7817,21.6142],[88.791,21.5989],[88.7966,21.5844],[88.7905,21.5683],[88.7625,21.5559],[88.7279,21.5599],[88.7075,21.5783],[88.7222,21.6092],[88.688,21.6781],[88.6849,21.6972],[88.7036,21.8106],[88.698,21.8255],[88.6945,21.8398],[88.7147,21.8979],[88.717,21.952],[88.7222,21.9661],[88.7332,21.9772],[88.7468,21.9871],[88.7583,21.9995],[88.763,22.0173],[88.7546,22.0376],[88.7171,22.0581],[88.7085,22.0722],[88.7149,22.087],[88.7302,22.1036],[88.763,22.1306],[88.7439,22.1293],[88.7266,22.1212],[88.7122,22.109],[88.7017,22.0959],[88.6948,22.0815],[88.6929,22.0659],[88.6995,22.0532],[88.7185,22.048],[88.7307,22.0372],[88.7233,22.0131],[88.7017,21.976],[88.6984,21.9626],[88.69,21.946],[88.6787,21.9367],[88.667,21.945],[88.6563,21.9411],[88.6426,21.9409],[88.6309,21.9455],[88.626,21.9555],[88.6275,21.9704],[88.6317,21.9798],[88.6463,22.0002],[88.6535,22.018],[88.6526,22.0318],[88.6488,22.046],[88.645,22.0751],[88.6395,22.0972],[88.6395,22.1095],[88.657,22.1511],[88.674,22.1621],[88.6831,22.185],[88.6799,22.2044],[88.6602,22.205],[88.6611,22.199],[88.656,22.1833],[88.6497,22.1691],[88.6463,22.1678],[88.6443,22.1623],[88.6349,22.145],[88.6309,22.1258],[88.6221,22.116],[88.6192,22.1095],[88.6183,22.103],[88.62,22.0783],[88.6255,22.0593],[88.626,22.048],[88.6204,22.03],[88.6025,22.0064],[88.5986,21.9903],[88.6003,21.9472],[88.5984,21.9293],[88.5671,21.8508],[88.5646,21.8323],[88.5654,21.7712],[88.5646,21.7668],[88.5813,21.7694],[88.6042,21.7788],[88.624,21.778],[88.6328,21.7501],[88.6302,21.7318],[88.6234,21.7103],[88.6126,21.6975],[88.5986,21.7054],[88.5918,21.7054],[88.5996,21.6373],[88.5951,21.6121],[88.5781,21.6234],[88.5781,21.5717],[88.5723,21.5579],[88.5589,21.5556],[88.5448,21.562],[88.5365,21.5751],[88.5303,21.5644],[88.5296,21.5534],[88.5344,21.5429],[88.544,21.5341],[88.513,21.5246],[88.4939,21.5348],[88.488,21.5565],[88.4956,21.5819],[88.5021,21.5893],[88.5088,21.5944],[88.514,21.6008],[88.5161,21.6126],[88.5166,21.6264],[88.5188,21.6391],[88.523,21.6499],[88.5296,21.6576],[88.5095,21.7123],[88.5049,21.7415],[88.5127,21.7634],[88.5329,21.7953],[88.531,21.8241],[88.5159,21.8508],[88.4956,21.8767],[88.5147,21.9162],[88.515,21.9372],[88.4956,21.9518],[88.4998,21.9337],[88.4924,21.922],[88.4812,21.9099],[88.4745,21.8903],[88.4771,21.8718],[88.492,21.8371],[88.4956,21.8187],[88.4935,21.8052],[88.4883,21.8037],[88.4815,21.8052],[88.4745,21.801],[88.4683,21.7772],[88.4577,21.7589],[88.4534,21.7418],[88.4522,21.7228],[88.4548,21.7054],[88.4686,21.6772],[88.4722,21.6633],[88.4683,21.6439],[88.4563,21.624],[88.4419,21.6162],[88.4261,21.611],[88.4097,21.5993],[88.3931,21.6002],[88.3836,21.6314],[88.3828,21.6713],[88.3926,21.6986],[88.3806,21.6962],[88.3645,21.687],[88.3557,21.685],[88.3462,21.6886],[88.3407,21.6975],[88.3364,21.7087],[88.3312,21.7191],[88.3263,21.7111],[88.3247,21.7014],[88.3274,21.6911],[88.3457,21.6706],[88.3495,21.661],[88.3488,21.6503],[88.3455,21.6365],[88.3355,21.6158],[88.3218,21.6057],[88.3097,21.6102],[88.3045,21.6334],[88.302,21.7452],[88.2982,21.7641],[88.2898,21.7802],[88.2731,21.7979],[88.2616,21.7987],[88.2642,21.7753],[88.2954,21.6766],[88.297,21.6539],[88.2944,21.6428],[88.2842,21.6212],[88.2834,21.6092],[88.2876,21.6003],[88.3006,21.5893],[88.3045,21.5819],[88.3058,21.5717],[88.3037,21.5688],[88.2979,21.5666],[88.2871,21.5583],[88.279,21.5552],[88.2661,21.5539],[88.2544,21.5547],[88.2493,21.5583],[88.2459,21.5799],[88.2375,21.6017],[88.2244,21.613],[88.2083,21.603],[88.1895,21.6418],[88.1819,21.6652],[88.1809,21.685],[88.1904,21.7041],[88.2035,21.7244],[88.2105,21.7473],[88.2014,21.7743],[88.2097,21.7886],[88.2038,21.8054],[88.1541,21.8881],[88.1564,21.8979],[88.1594,21.9062],[88.1467,21.9592],[88.1499,21.9764],[88.1563,21.9909],[88.1643,22.0031],[88.2068,22.0534],[88.2224,22.0779],[88.2127,22.1],[88.2034,22.1518],[88.198,22.1678],[88.1653,22.185],[88.1184,22.2002],[88.0813,22.2174],[88.0773,22.2404],[88.0597,22.2295],[88.0435,22.2248],[88.027,22.2279],[88.009,22.2404],[87.9851,22.2659],[87.9727,22.2832],[87.9675,22.2985],[87.9642,22.3193],[87.9507,22.3562],[87.9475,22.3738],[87.9461,22.3949],[87.9404,22.413],[87.928,22.4242],[87.9066,22.4247],[87.9066,22.4186],[87.9229,22.3978],[87.9358,22.3552],[87.9475,22.2777],[87.9528,22.2624],[87.9653,22.2448],[87.992,22.2159],[88.0085,22.2049],[88.0254,22.2009],[88.0574,22.1989],[88.0955,22.1912],[88.1326,22.1791],[88.161,22.1566],[88.1735,22.1169],[88.1643,22.0898],[88.1406,22.0601],[88.1112,22.0349],[88.0847,22.0207],[88.0486,22.0207],[88.0431,22.0173],[88.0452,22.0065],[88.049,21.9954],[88.0508,21.985],[88.0469,21.976],[88.0324,21.9572],[87.9837,21.8542],[87.9705,21.8365],[87.9578,21.8289],[87.948,21.8254],[87.909,21.7988],[87.9022,21.7968],[87.8992,21.7948],[87.8957,21.7894],[87.8948,21.7788],[87.8929,21.7743],[87.8672,21.7508],[87.834,21.7293],[87.7557,21.6917],[87.7038,21.6555],[87.6838,21.6501],[87.6421,21.6521],[87.6213,21.6506],[87.4774,21.6136],[87.4688,21.6114],[87.405,21.5867],[87.3418,21.5624],[87.2935,21.5537],[87.2561,21.562],[87.2459,21.5566],[87.2352,21.5545],[87.2114,21.5546],[87.2009,21.552],[87.113,21.508],[87.0637,21.475],[86.9177,21.3274],[86.867,21.256],[86.8372,21.1747],[86.844,21.0822],[86.9522,20.8491],[86.9657,20.806],[86.9539,20.7806],[86.9363,20.7875],[86.9165,20.7881],[86.8788,20.7806],[86.8893,20.7645],[86.9107,20.7564],[86.9572,20.7532],[86.98,20.7556],[86.9866,20.7519],[86.9949,20.739],[87.0,20.7282],[87.0018,20.719],[86.9987,20.7111],[86.9886,20.7042],[86.9758,20.7107],[86.9612,20.7128],[86.9483,20.7091],[86.9402,20.698],[86.9519,20.697],[86.9612,20.6951],[86.9685,20.6911],[86.9743,20.6844],[86.9817,20.6854],[86.9865,20.6844],[86.9902,20.68],[86.9949,20.6707],[87.0194,20.6804],[87.0334,20.6902],[87.0432,20.698],[87.0275,20.6797],[87.0036,20.6571],[86.9762,20.6379],[86.9232,20.6217],[86.7742,20.5119],[86.7515,20.4892],[86.7339,20.4622],[86.7246,20.432],[86.7205,20.3685],[86.742,20.3795],[86.7564,20.3937],[86.7698,20.4007],[86.7887,20.3901],[86.7883,20.4028],[86.7898,20.4147],[86.7962,20.4373],[86.8098,20.4151],[86.7942,20.3782],[86.7683,20.3435],[86.7515,20.3281],[86.7393,20.3242],[86.7197,20.3151],[86.7017,20.3038],[86.6937,20.2939],[86.7017,20.2847],[86.7197,20.2917],[86.7546,20.3144],[86.7175,20.2869],[86.6282,20.2353],[86.5838,20.2182],[86.5342,20.2061],[86.5115,20.1975],[86.4951,20.1841],[86.4904,20.1741],[86.4789,20.1293],[86.4685,20.1093],[86.4671,20.0947],[86.415,20.0363],[86.3914,20.0202],[86.3967,20.01],[86.4041,20.0026],[86.4141,19.9988],[86.4263,19.9992],[86.3972,19.9829],[86.3484,20.0089],[86.2754,20.0674],[86.2313,20.0649],[86.2092,20.0666],[86.1997,20.0779],[86.196,20.0803],[86.173,20.1022],[86.1685,20.1132],[86.1631,20.1348],[86.1587,20.1431],[86.1525,20.1431],[86.145,20.122],[86.1543,20.09],[86.1587,20.081],[86.1677,20.0729],[86.1878,20.0637],[86.2137,20.0424],[86.2302,20.0353],[86.2686,20.0264],[86.2734,20.0262],[86.2847,20.0275],[86.2891,20.0264],[86.2932,20.0214],[86.2941,20.0157],[86.2942,20.0104],[86.2959,20.0066],[86.3029,19.9991],[86.3081,19.9921],[86.315,19.9869],[86.3267,19.9848],[86.3416,19.9799],[86.3565,19.9704],[86.3724,19.965],[86.2686,19.9103],[86.1116,19.8557],[86.089,19.8442],[86.0784,19.8436],[86.0667,19.852],[86.0567,19.8569],[86.0466,19.8525],[86.0379,19.8453],[86.0321,19.8415],[86.0135,19.8391],[85.8888,19.803],[85.8464,19.7958],[85.8086,19.7734],[85.7888,19.7657],[85.7781,19.7646],[85.7444,19.7657],[85.7344,19.7636],[85.7149,19.7542],[85.6846,19.7477],[85.6243,19.7186],[85.626,19.7229],[85.636,19.7266],[85.638,19.7316],[85.6143,19.7279],[85.5492,19.6906],[85.4805,19.6663],[85.4568,19.6633],[85.4499,19.6667],[85.4475,19.6746],[85.4468,19.6906],[85.4431,19.6925],[85.4369,19.6914],[85.4304,19.6917],[85.4263,19.6975],[85.427,19.7041],[85.4317,19.7049],[85.4369,19.7047],[85.4393,19.708],[85.4509,19.7163],[85.4775,19.7239],[85.522,19.7391],[85.5256,19.734],[85.5234,19.7287],[85.5189,19.7216],[85.515,19.7111],[85.5588,19.7381],[85.5765,19.7458],[85.5676,19.7508],[85.5632,19.7569],[85.5641,19.7644],[85.5703,19.7732],[85.5671,19.7917],[85.5703,19.8756],[85.5571,19.8818],[85.515,19.8893],[85.4768,19.901],[85.4636,19.9029],[85.4401,19.8962],[85.4163,19.8798],[85.3745,19.8378],[85.3196,19.7936],[85.3042,19.7927],[85.2903,19.7899],[85.2781,19.7856],[85.2681,19.78],[85.2468,19.7626],[85.221,19.736],[85.2034,19.7073],[85.2066,19.6838],[85.19,19.671],[85.1751,19.6369],[85.1655,19.6258],[85.1502,19.6135],[85.1401,19.5966],[85.1393,19.5798],[85.1514,19.5678],[85.1514,19.5603],[85.1392,19.5571],[85.1229,19.549],[85.1089,19.539],[85.1029,19.5296],[85.1045,19.5149],[85.1087,19.5068],[85.1155,19.5075],[85.124,19.5194],[85.1288,19.5095],[85.1302,19.4987],[85.1287,19.488],[85.124,19.4783],[85.1358,19.4816],[85.1418,19.4871],[85.1458,19.4935],[85.1514,19.4988],[85.1624,19.5035],[85.1712,19.5045],[85.1786,19.5043],[85.1856,19.5057],[85.2029,19.5172],[85.2019,19.5271],[85.1963,19.5385],[85.1992,19.5541],[85.2063,19.548],[85.2145,19.5473],[85.2236,19.55],[85.2332,19.5541],[85.2038,19.5705],[85.193,19.5739],[85.193,19.5808],[85.2129,19.5811],[85.2236,19.5902],[85.2326,19.6015],[85.2476,19.6087],[85.2476,19.6149],[85.2419,19.617],[85.2373,19.6206],[85.2344,19.6257],[85.2332,19.6326],[85.2363,19.6353],[85.2478,19.6531],[85.2476,19.6565],[85.2608,19.6561],[85.3091,19.6422],[85.3506,19.6776],[85.3638,19.678],[85.3744,19.6747],[85.3831,19.6761],[85.3914,19.6906],[85.3992,19.6791],[85.4032,19.6713],[85.405,19.6619],[85.4053,19.6459],[85.4022,19.644],[85.3887,19.6383],[85.3846,19.636],[85.3822,19.6311],[85.3804,19.6196],[85.3779,19.6149],[85.3684,19.6081],[85.3523,19.5994],[85.3368,19.5961],[85.3301,19.605],[85.3264,19.6188],[85.3184,19.6195],[85.311,19.6105],[85.3091,19.595],[85.3035,19.5975],[85.2938,19.5996],[85.2884,19.6013],[85.3025,19.5867],[85.3058,19.5801],[85.3029,19.5739],[85.3306,19.5764],[85.5765,19.6906],[85.5403,19.6696],[85.4634,19.631],[85.3802,19.5938],[85.3367,19.5752],[85.2854,19.5363],[85.2406,19.5181],[85.1804,19.475],[85.0695,19.3721],[84.9959,19.3233],[84.8721,19.2199],[84.791,19.1206],[84.7778,19.1162],[84.7752,19.1153],[84.7644,19.1234],[84.7507,19.1384],[84.7388,19.1476],[84.7337,19.1391],[84.7312,19.1288],[84.721,19.1142],[84.72,19.1016],[84.7228,19.096],[84.7354,19.0832],[84.7405,19.0737],[84.7568,19.0976],[84.761,19.1016],[84.7678,19.1018],[84.7752,19.1005],[84.78,19.0971],[84.7783,19.091],[84.7511,19.0539],[84.7411,19.0281],[84.6995,18.9775],[84.6795,18.9457],[84.665,18.9301],[84.6309,18.9157],[84.5479,18.7961],[84.5418,18.7758],[84.4483,18.6806],[84.4372,18.6628],[84.4326,18.6457],[84.4237,18.6365],[84.3705,18.6013],[84.3495,18.5698],[84.3329,18.5537],[84.3123,18.5467],[84.3063,18.5437],[84.2886,18.5298],[84.2817,18.5256],[84.2727,18.5243],[84.25,18.5242],[84.2469,18.5256],[84.2376,18.5109],[84.2494,18.5017],[84.271,18.5002],[84.2977,18.5163],[84.3262,18.5374],[84.3499,18.5529],[84.3312,18.5386],[84.2879,18.5058],[84.2401,18.4608],[84.2305,18.4462],[84.1883,18.418],[84.1745,18.3998],[84.1528,18.3836],[84.1439,18.3748],[84.1389,18.3642],[84.1365,18.3536],[84.1328,18.3434],[84.124,18.3338],[84.1131,18.2983],[84.0774,18.2716],[83.7752,18.1396],[83.6139,18.0452],[83.5823,18.0191],[83.5762,18.0098],[83.5628,17.9831],[83.5584,17.9775],[83.5567,17.9735],[83.5389,17.9563],[83.5344,17.9533],[83.5261,17.9425],[83.4866,17.9169],[83.4729,17.9025],[83.4656,17.9025],[83.4629,17.9085],[83.4519,17.9229],[83.449,17.9069],[83.4524,17.8862],[83.453,17.8685],[83.4312,17.8542],[83.4253,17.8386],[83.4177,17.8062],[83.4024,17.7845],[83.3413,17.7174],[83.3191,17.7032],[83.3132,17.7012],[83.3044,17.6922],[83.2986,17.6901],[83.2927,17.6911],[83.2896,17.6933],[83.2874,17.6954],[83.2847,17.6964],[83.2822,17.6993],[83.2803,17.706],[83.2764,17.7131],[83.2682,17.7175],[83.2469,17.7163],[83.242,17.7065],[83.2493,17.6954],[83.272,17.6881],[83.2925,17.6775],[83.2986,17.6728],[83.2991,17.6643],[83.2892,17.6576],[83.2682,17.6486],[83.2551,17.6381],[83.2469,17.6342],[83.2129,17.6349],[83.2339,17.6077],[83.2389,17.593],[83.2229,17.5865],[83.2092,17.5837],[83.1961,17.5768],[83.1714,17.5598],[83.0882,17.5307],[83.0532,17.5065],[83.0199,17.4909],[82.9964,17.4735],[82.9758,17.4537],[82.9696,17.4501],[82.9528,17.4459],[82.9455,17.4431],[82.8968,17.4093],[82.8887,17.4101],[82.8833,17.4221],[82.8692,17.414],[82.8543,17.4028],[82.8377,17.3928],[82.7964,17.383],[82.7581,17.3592],[82.7185,17.3486],[82.4749,17.206],[82.4519,17.1824],[82.4351,17.1538],[82.4229,17.14],[82.3877,17.1269],[82.3704,17.1101],[82.3421,17.0732],[82.3117,17.0466],[82.2993,17.0303],[82.2917,16.9984],[82.2527,16.9292],[82.2507,16.9079],[82.2551,16.8853],[82.2679,16.8675],[82.2983,16.8585],[82.3036,16.8542],[82.3081,16.8496],[82.3142,16.8466],[82.3196,16.8472],[82.3272,16.8494],[82.3333,16.8521],[82.3346,16.8541],[82.3521,16.8454],[82.3625,16.8591],[82.3612,16.8913],[82.3574,16.9249],[82.3489,16.9565],[82.3612,16.936],[82.3665,16.9086],[82.3674,16.8603],[82.3656,16.8116],[82.3521,16.7613],[82.346,16.7061],[82.3381,16.6784],[82.3142,16.6282],[82.3123,16.6199],[82.3138,16.613],[82.3128,16.6081],[82.304,16.6064],[82.2993,16.6101],[82.2938,16.6256],[82.2869,16.6282],[82.2809,16.6208],[82.2855,16.6065],[82.2961,16.591],[82.3074,16.5798],[82.259,16.5655],[82.2035,16.5127],[82.1882,16.5041],[82.173,16.5009],[82.1229,16.4774],[82.0907,16.4548],[82.0686,16.4443],[82.0374,16.4477],[82.0227,16.4357],[82.0078,16.4196],[81.9927,16.4084],[81.9817,16.4079],[81.9679,16.4089],[81.9562,16.4072],[81.9481,16.3915],[81.9408,16.3884],[81.8999,16.3858],[81.8805,16.3817],[81.8617,16.3754],[81.7832,16.3386],[81.763,16.3226],[81.7176,16.3122],[81.7116,16.3122],[81.6961,16.3149],[81.6769,16.3274],[81.6563,16.3373],[81.6364,16.3327],[81.6209,16.3395],[81.585,16.3421],[81.5681,16.3464],[81.5739,16.3583],[81.5692,16.3676],[81.557,16.373],[81.5402,16.3737],[81.5491,16.3524],[81.536,16.35],[81.4959,16.3607],[81.4754,16.3586],[81.4167,16.3402],[81.4212,16.351],[81.4261,16.3587],[81.4282,16.3657],[81.4241,16.3737],[81.4114,16.3825],[81.3989,16.3826],[81.387,16.3768],[81.3757,16.3675],[81.3596,16.3743],[81.3452,16.3736],[81.3316,16.3698],[81.3174,16.3675],[81.2596,16.3327],[81.2485,16.3201],[81.2498,16.311],[81.256,16.3018],[81.2596,16.2886],[81.2542,16.2713],[81.2303,16.2436],[81.2185,16.1994],[81.1903,16.1389],[81.18,16.0867],[81.162,16.0571],[81.156,16.0385],[81.1554,15.9855],[81.1497,15.9696],[81.1351,15.9665],[81.0882,15.9212],[81.0433,15.8941],[81.0269,15.8808],[80.9989,15.8467],[80.9984,15.8347],[81.0029,15.8253],[81.0088,15.8178],[81.0125,15.812],[81.0192,15.7924],[81.0191,15.7842],[81.0125,15.7778],[81.0047,15.7785],[80.9959,15.7843],[80.9883,15.7912],[80.979,15.8034],[80.9495,15.8279],[80.9407,15.833],[80.9216,15.8386],[80.91,15.8527],[80.9043,15.8713],[80.9027,15.8908],[80.9102,15.9659],[80.9089,15.9835],[80.906,15.9998],[80.8965,16.0311],[80.8923,16.0209],[80.8965,16.0106],[80.889,16.0037],[80.8858,16.0087],[80.8828,16.0115],[80.8753,16.0174],[80.8913,15.9783],[80.8958,15.936],[80.8901,15.8953],[80.8557,15.8227],[80.8303,15.7476],[80.8201,15.7269],[80.8071,15.7164],[80.8084,15.8039],[80.8027,15.8424],[80.7761,15.8843],[80.7601,15.893],[80.7363,15.8976],[80.6904,15.9007],[80.6825,15.9033],[80.6763,15.9072],[80.6702,15.9077],[80.6631,15.9007],[80.6604,15.8939],[80.6629,15.8894],[80.6184,15.8877],[80.6001,15.8822],[80.5843,15.8725],[80.5711,15.8687],[80.5607,15.8808],[80.5539,15.8808],[80.5417,15.8681],[80.5259,15.8569],[80.4919,15.8393],[80.4827,15.8364],[80.4756,15.8359],[80.4691,15.8347],[80.4614,15.8297],[80.4455,15.8144],[80.4363,15.8083],[80.3933,15.797],[80.3596,15.7758],[80.2796,15.7007],[80.2632,15.6745],[80.2195,15.5674],[80.2175,15.5482],[80.2013,15.5183],[80.1976,15.5031],[80.2112,15.4966],[80.2005,15.4822],[80.1838,15.4523],[80.1729,15.4383],[80.1403,15.4064],[80.1268,15.3881],[80.1213,15.37],[80.0906,15.3049],[80.0925,15.2966],[80.0824,15.2041],[80.053,15.0926],[80.0545,15.0141],[80.0615,14.9747],[80.0734,14.942],[80.073,14.9206],[80.1052,14.7639],[80.1082,14.7143],[80.1107,14.7048],[80.117,14.6981],[80.1282,14.6885],[80.1519,14.6728],[80.1598,14.6627],[80.1664,14.6282],[80.1736,14.6165],[80.1785,14.6058],[80.176,14.593],[80.1697,14.5858],[80.1609,14.5798],[80.1419,14.5712],[80.1492,14.565],[80.1594,14.5657],[80.1833,14.5711],[80.1902,14.5712],[80.197,14.565],[80.1961,14.559],[80.1924,14.5532],[80.1902,14.5476],[80.1882,14.5257],[80.176,14.4687],[80.1787,14.3894],[80.175,14.3445],[80.1594,14.3248],[80.1371,14.2699],[80.1282,14.2565],[80.0979,14.2543],[80.0872,14.2503],[80.0718,14.2322],[80.0701,14.2292],[80.055,14.2216],[80.0466,14.2066],[80.0506,14.1961],[80.0735,14.2019],[80.091,14.2167],[80.1066,14.234],[80.1211,14.242],[80.1356,14.2292],[80.1234,14.1935],[80.1258,14.1485],[80.1497,14.0277],[80.1639,13.988],[80.2372,13.8397],[80.2493,13.8003],[80.2455,13.7556],[80.2274,13.7205],[80.221,13.697],[80.2277,13.6771],[80.238,13.6602],[80.259,13.5917],[80.2881,13.5271],[80.3096,13.4793],[80.3137,13.4409],[80.3069,13.4409],[80.2778,13.5125],[80.2455,13.5917],[80.1973,13.6436],[80.1836,13.6792],[80.1525,13.7189],[80.1419,13.7289],[80.1418,13.6491],[80.1356,13.6191],[80.1213,13.6273],[80.1177,13.6389],[80.1213,13.6638],[80.1178,13.6745],[80.1099,13.6807],[80.1008,13.6863],[80.094,13.6948],[80.0936,13.6713],[80.0913,13.6591],[80.0755,13.6484],[80.053,13.6191],[80.0565,13.5952],[80.0695,13.5744],[80.1013,13.5371],[80.1121,13.5115],[80.1194,13.5007],[80.1318,13.4962],[80.1531,13.4942],[80.176,13.4893],[80.2197,13.4878],[80.2277,13.4856],[80.2351,13.4781],[80.2434,13.4722],[80.2534,13.4687],[80.2602,13.4685],[80.2659,13.4682],[80.2624,13.4512],[80.2747,13.44],[80.2931,13.4291],[80.3069,13.413],[80.3123,13.4232],[80.3137,13.4272],[80.327,13.4304],[80.334,13.413],[80.344,13.3754],[80.3478,13.3491],[80.3456,13.3212],[80.3363,13.2709],[80.3342,13.2429],[80.3237,13.2469],[80.3198,13.2492],[80.318,13.2309],[80.3137,13.215],[80.3182,13.217],[80.3342,13.2212],[80.3328,13.1981],[80.3242,13.1804],[80.3138,13.1643],[80.3069,13.1461],[80.3071,13.1356],[80.3137,13.1058],[80.308,13.096],[80.2897,13.0767],[80.2858,13.0676],[80.2827,13.0294],[80.2691,12.9573],[80.2632,12.8354],[80.2517,12.7625],[80.2337,12.711],[80.2287,12.675],[80.2222,12.66],[80.2039,12.6321],[80.1965,12.6137],[80.1851,12.5671],[80.1834,12.5468],[80.1797,12.5326],[80.156,12.4745],[80.1213,12.4168],[80.117,12.4009],[80.096,12.3622],[80.0872,12.351],[80.0637,12.3375],[80.0598,12.3342],[80.0575,12.3312],[80.0257,12.2765],[80.0051,12.256],[79.9522,12.2299],[79.9439,12.2178],[79.9531,12.2136],[79.9738,12.2224],[80.0051,12.2418],[79.9476,12.1536],[79.9336,12.1387],[79.9275,12.1299],[79.897,12.0688],[79.8701,12.0374],[79.8618,12.022],[79.8605,12.0115],[79.8618,11.978],[79.8596,11.9727],[79.8504,11.9591],[79.8495,11.9551],[79.845,11.9333],[79.8203,11.8786],[79.8032,11.7961],[79.7927,11.7881],[79.7859,11.7692],[79.7671,11.6737],[79.7634,11.6343],[79.7542,11.597],[79.752,11.577],[79.7573,11.5361],[79.7808,11.4651],[79.786,11.4262],[79.793,11.4262],[79.7974,11.4349],[79.7992,11.4422],[79.7976,11.4483],[79.793,11.4535],[79.8093,11.4514],[79.8167,11.4431],[79.822,11.3911],[79.8193,11.3815],[79.8103,11.3789],[79.7827,11.3789],[79.7761,11.3804],[79.7693,11.3809],[79.7588,11.3784],[79.7498,11.3737],[79.7404,11.3664],[79.6843,11.3122],[79.6763,11.2965],[79.6831,11.2965],[79.6963,11.3034],[79.742,11.3356],[79.752,11.3405],[79.7593,11.3583],[79.7764,11.363],[79.7969,11.359],[79.8237,11.3467],[79.8299,11.3461],[79.833,11.342],[79.835,11.2639],[79.8553,11.1599],[79.8522,11.007],[79.8467,10.9798],[79.8407,10.9501],[79.8473,10.8096],[79.8499,10.7552],[79.8503,10.5921],[79.8596,10.5515],[79.8638,10.3787],[79.8567,10.2933],[79.8513,10.2822],[79.8343,10.2788],[79.8146,10.2724],[79.7951,10.2692],[79.7786,10.2754],[79.78,10.2966],[79.7571,10.3091],[79.6331,10.3286],[79.6213,10.3242],[79.6141,10.3096],[79.6304,10.3105],[79.6465,10.3096],[79.6618,10.3071],[79.6763,10.3027],[79.6846,10.2987],[79.6947,10.2917],[79.7036,10.289],[79.7308,10.289],[79.759,10.2822],[79.7737,10.2737],[79.7725,10.2617],[79.7598,10.2582],[79.5801,10.2959],[79.5635,10.2971],[79.5567,10.2987],[79.5527,10.3027],[79.5518,10.3133],[79.5569,10.3161],[79.5652,10.3157],[79.5739,10.317],[79.604,10.3291],[79.6071,10.336],[79.5869,10.3437],[79.5677,10.3359],[79.5286,10.3383],[79.5322,10.33],[79.5322,10.3232],[79.5115,10.3166],[79.4597,10.3083],[79.4373,10.3096],[79.412,10.321],[79.3981,10.3247],[79.3855,10.3201],[79.3638,10.3019],[79.3049,10.2681],[79.2861,10.2528],[79.2722,10.2344],[79.2703,10.2233],[79.2707,10.2095],[79.2692,10.1978],[79.262,10.1929],[79.2483,10.1892],[79.24,10.1798],[79.2363,10.1666],[79.2375,10.1519],[79.2443,10.0849],[79.2542,10.0543],[79.2791,10.0358],[79.2407,10.0106],[79.2004,9.9703],[79.1419,9.8912],[79.1213,9.8502],[79.1035,9.8301],[79.1008,9.8261],[79.0941,9.8023],[79.0778,9.7822],[79.0388,9.7472],[78.9808,9.6672],[78.9798,9.6586],[78.9802,9.6491],[78.9773,9.6379],[78.9728,9.6313],[78.9621,9.6227],[78.9568,9.6175],[78.9475,9.6029],[78.9383,9.5837],[78.9315,9.5617],[78.9253,9.5136],[78.9133,9.4743],[78.9153,9.453],[78.9334,9.4164],[78.9597,9.385],[79.0399,9.3147],[79.0747,9.2999],[79.1156,9.2912],[79.2517,9.2885],[79.2738,9.2967],[79.2971,9.3126],[79.3201,9.3233],[79.3411,9.3159],[79.3457,9.3065],[79.3425,9.299],[79.3367,9.2905],[79.3337,9.2783],[79.3357,9.2676],[79.3406,9.2609],[79.3452,9.2559],[79.3473,9.2503],[79.3535,9.2409],[79.3679,9.2276],[79.4382,9.1763],[79.4536,9.159],[79.4403,9.1514],[79.424,9.1591],[79.361,9.2134],[79.2927,9.2503],[79.2324,9.2579],[79.217,9.2674],[79.201,9.2665],[79.1841,9.2718],[79.1654,9.2742],[79.1294,9.2563],[79.0986,9.2572],[79.0872,9.2538],[79.0608,9.2646],[79.0257,9.2737],[78.9889,9.2783],[78.9568,9.2748],[78.949,9.2705],[78.929,9.2538],[78.9185,9.2516],[78.9113,9.2521],[78.9045,9.2536],[78.8955,9.2538],[78.861,9.249],[78.8438,9.244],[78.8152,9.2284],[78.7771,9.2194],[78.7616,9.2097],[78.752,9.2006],[78.7407,9.1928],[78.7278,9.1874],[78.6763,9.1841],[78.6613,9.1772],[78.6551,9.1616],[78.6489,9.1514],[78.6348,9.1446],[78.6188,9.1405],[78.4858,9.1248],[78.4499,9.1166],[78.4121,9.0998],[78.3775,9.0775],[78.2398,8.9656],[78.2176,8.939],[78.1828,8.8771],[78.1779,8.8611],[78.1745,8.7944],[78.1704,8.7719],[78.1624,8.7535],[78.1758,8.7639],[78.1887,8.7654],[78.2005,8.7697],[78.2102,8.7883],[78.2152,8.7654],[78.2046,8.7533],[78.1865,8.7449],[78.1692,8.7336],[78.1648,8.7265],[78.155,8.6989],[78.1405,8.6806],[78.1367,8.6699],[78.1426,8.6579],[78.1146,8.6579],[78.1355,8.6258],[78.1423,8.5931],[78.1283,8.488],[78.1233,8.4775],[78.1146,8.4661],[78.0872,8.4405],[78.0798,8.432],[78.0628,8.3732],[78.0559,8.3637],[78.0388,8.3609],[77.9998,8.3449],[77.8062,8.2287],[77.7935,8.2153],[77.7683,8.1815],[77.7525,8.1738],[77.6438,8.1557],[77.5952,8.139],[77.561,8.1146],[77.5653,8.0825],[77.5109,8.076],[77.4497,8.0875],[77.3156,8.1278],[77.3086,8.1309],[77.2947,8.147],[77.2868,8.1535],[77.263,8.1684],[77.2389,8.1751],[77.2253,8.1844],[77.1288,8.2718],[77.1104,8.2852],[76.9959,8.3681],[76.9626,8.4047],[76.8801,8.5207],[76.8265,8.5698],[76.8137,8.6013],[76.7417,8.6845],[76.7313,8.708],[76.6956,8.7398],[76.6603,8.7997],[76.6445,8.819],[76.5586,8.8907],[76.544,8.9125],[76.5481,8.9242],[76.5591,8.9252],[76.5733,8.9044],[76.5912,8.9081],[76.6099,8.918],[76.6206,8.9254],[76.6073,8.9258],[76.5938,8.921],[76.5816,8.9199],[76.5723,8.9316],[76.574,8.9426],[76.5823,8.9564],[76.5933,8.9682],[76.6033,8.9732],[76.6576,8.9664],[76.6608,8.9699],[76.6521,8.9773],[76.6404,8.9844],[76.6343,8.9869],[76.6419,8.9914],[76.6565,8.9951],[76.6685,8.9998],[76.6685,9.0074],[76.6579,9.0107],[76.6441,9.0079],[76.6321,9.0023],[76.6267,8.9975],[76.6206,8.9871],[76.6065,8.9894],[76.5828,9.0006],[76.5768,8.9941],[76.5659,8.9633],[76.5586,8.9521],[76.5511,8.9664],[76.5581,8.973],[76.5615,8.979],[76.5654,8.9943],[76.5497,8.9844],[76.5388,8.9726],[76.5344,8.9578],[76.5381,8.9391],[76.5281,8.947],[76.5215,8.9613],[76.5179,8.9774],[76.5169,8.9906],[76.5138,9.0021],[76.5002,9.0223],[76.4893,9.0556],[76.4605,9.1149],[76.4624,9.1383],[76.4645,9.1325],[76.4666,9.129],[76.4683,9.1246],[76.4691,9.1166],[76.4766,9.1166],[76.4762,9.1313],[76.4828,9.1718],[76.4733,9.1643],[76.471,9.1601],[76.4691,9.1514],[76.4624,9.1514],[76.4434,9.2121],[76.4282,9.2453],[76.4146,9.247],[76.416,9.2363],[76.4468,9.1596],[76.4487,9.1452],[76.4426,9.1452],[76.363,9.3252],[76.3118,9.493],[76.291,9.6332],[76.2971,9.6584],[76.2774,9.8093],[76.2532,9.8837],[76.2468,9.8937],[76.2402,9.9394],[76.2363,9.9527],[76.2515,9.9631],[76.2695,9.951],[76.2847,9.9285],[76.291,9.9086],[76.2857,9.9044],[76.2622,9.9116],[76.2568,9.9086],[76.2577,9.8958],[76.2606,9.8847],[76.2669,9.876],[76.2774,9.8708],[76.2786,9.8769],[76.2842,9.8912],[76.2891,9.8771],[76.2883,9.8612],[76.2844,9.8482],[76.2808,9.8428],[76.2898,9.8438],[76.3,9.8478],[76.3047,9.8563],[76.2971,9.8708],[76.3086,9.8796],[76.3138,9.8613],[76.3389,9.6994],[76.3462,9.6994],[76.3473,9.7269],[76.3376,9.7893],[76.3462,9.8161],[76.324,9.8462],[76.3201,9.8616],[76.3327,9.8708],[76.3374,9.8562],[76.353,9.8298],[76.3592,9.8161],[76.3611,9.8039],[76.3587,9.7818],[76.3592,9.7683],[76.368,9.7156],[76.3771,9.6955],[76.3941,9.6789],[76.3924,9.6628],[76.3866,9.6498],[76.3792,9.6378],[76.3729,9.6243],[76.3533,9.5353],[76.3574,9.5207],[76.3767,9.5145],[76.4258,9.5053],[76.4351,9.5076],[76.459,9.4973],[76.4771,9.5037],[76.5033,9.535],[76.4844,9.5438],[76.4666,9.5564],[76.4485,9.5634],[76.4282,9.5554],[76.4172,9.5614],[76.407,9.5691],[76.4197,9.5942],[76.4196,9.6145],[76.415,9.6362],[76.4146,9.6827],[76.41,9.7003],[76.4026,9.7106],[76.3941,9.7062],[76.3921,9.7169],[76.3948,9.7352],[76.3941,9.7472],[76.3908,9.757],[76.3821,9.7747],[76.3804,9.7851],[76.384,9.8026],[76.3913,9.8122],[76.3965,9.8227],[76.3941,9.8428],[76.3856,9.8615],[76.3638,9.8992],[76.3592,9.9154],[76.3208,9.9533],[76.3115,9.9669],[76.2943,9.9513],[76.2782,9.9779],[76.2693,10.0163],[76.2739,10.0358],[76.2551,10.0477],[76.2451,10.1022],[76.2363,10.1035],[76.2277,10.1096],[76.2229,10.1176],[76.2153,10.1383],[76.2075,10.1171],[76.2136,10.0988],[76.2235,10.0821],[76.229,10.0659],[76.231,10.0258],[76.235,10.0051],[76.2427,9.9875],[76.2282,9.9999],[76.2146,10.0245],[76.1824,10.1057],[76.1812,10.1212],[76.1849,10.1358],[76.1846,10.1449],[76.1777,10.1553],[76.1775,10.1706],[76.2241,10.1969],[76.2363,10.2103],[76.2373,10.217],[76.2417,10.2239],[76.2427,10.231],[76.2402,10.239],[76.2344,10.2379],[76.2278,10.2343],[76.2228,10.2344],[76.2134,10.2532],[76.2063,10.2629],[76.1948,10.2686],[76.2079,10.2346],[76.2095,10.216],[76.2017,10.1997],[76.1841,10.1894],[76.1706,10.1938],[76.1605,10.2062],[76.1532,10.2202],[76.1382,10.2611],[76.1206,10.3436],[76.1061,10.3847],[76.0701,10.4328],[76.0651,10.4499],[76.0633,10.4702],[76.0524,10.514],[76.0446,10.5293],[76.0187,10.5534],[76.0081,10.5671],[75.9997,10.6055],[75.9391,10.7261],[75.9347,10.7443],[75.9321,10.751],[75.9269,10.7577],[75.922,10.7656],[75.9211,10.7757],[75.9241,10.7807],[75.9365,10.7907],[75.9416,10.7962],[75.9111,10.8092],[75.8945,10.8498],[75.8801,10.9327],[75.8328,11.0978],[75.7429,11.3101],[75.7378,11.3195],[75.7337,11.3252],[75.7308,11.3317],[75.7293,11.3437],[75.7395,11.3507],[75.7424,11.3587],[75.7355,11.3715],[75.7222,11.3675],[75.7112,11.3818],[75.6952,11.42],[75.6771,11.4501],[75.6648,11.4626],[75.6502,11.4678],[75.6301,11.4687],[75.6165,11.4736],[75.6089,11.4849],[75.6063,11.5053],[75.6008,11.5234],[75.5819,11.5498],[75.5853,11.5634],[75.5308,11.6937],[75.5061,11.7272],[75.3797,11.865],[75.3726,11.8647],[75.3558,11.8577],[75.3525,11.8616],[75.3494,11.872],[75.3246,11.8991],[75.3076,11.9322],[75.3265,11.9359],[75.4002,11.9202],[75.4002,11.9265],[75.3866,11.9351],[75.3828,11.9455],[75.386,11.9583],[75.3934,11.9748],[75.3802,11.9687],[75.3613,11.9512],[75.3491,11.9476],[75.3317,11.9495],[75.3161,11.9556],[75.3023,11.9661],[75.2904,11.9811],[75.2788,12.0032],[75.2811,12.0106],[75.3147,12.0084],[75.3298,12.0126],[75.325,12.0227],[75.3056,12.0418],[75.3042,12.0432],[75.2643,12.0133],[75.2605,11.9978],[75.2767,11.9674],[75.2456,12.0029],[75.2393,12.0084],[75.2332,12.0105],[75.2282,12.0151],[75.2245,12.0194],[75.2222,12.022],[75.2165,12.0211],[75.2106,12.017],[75.207,12.012],[75.2085,12.0084],[75.1937,12.0223],[75.1863,12.0416],[75.1805,12.0773],[75.1438,12.1613],[75.1309,12.2078],[75.1397,12.2418],[75.1397,12.2486],[75.1267,12.2458],[75.1196,12.239],[75.1139,12.2302],[75.1055,12.2213],[75.1061,12.2337],[75.1047,12.2461],[75.0986,12.269],[75.0829,12.3059],[75.0184,12.4147],[75.011,12.4358],[75.0099,12.4438],[75.0066,12.4494],[74.9994,12.4549],[74.992,12.4617],[74.9888,12.4714],[74.9854,12.4914],[74.9767,12.507],[74.9553,12.5373],[74.8796,12.7255],[74.8701,12.7429],[74.8557,12.7594],[74.8543,12.7653],[74.8547,12.787],[74.8523,12.7973],[74.844,12.808],[74.835,12.8158],[74.8276,12.8247],[74.825,12.8382],[74.8514,12.8255],[74.8591,12.8246],[74.867,12.83],[74.8811,12.848],[74.8898,12.8519],[74.9011,12.8534],[74.9175,12.8581],[74.9329,12.8664],[74.9409,12.8786],[74.8948,12.8712],[74.8506,12.8572],[74.8176,12.8618],[74.7703,13.0524],[74.7834,13.0847],[74.7741,13.0934],[74.7692,13.0996],[74.763,13.1188],[74.7619,13.1431],[74.7598,13.1552],[74.7529,13.1604],[74.7488,13.1708],[74.7378,13.2214],[74.7334,13.2628],[74.7151,13.331],[74.7072,13.3484],[74.6961,13.366],[74.6895,13.3816],[74.6946,13.3931],[74.6875,13.4103],[74.6834,13.4428],[74.6809,13.4682],[74.6908,13.4391],[74.6937,13.4153],[74.7083,13.413],[74.7019,13.4204],[74.7024,13.4426],[74.7014,13.4614],[74.6771,13.5268],[74.678,13.5491],[74.6714,13.6039],[74.6735,13.6191],[74.6699,13.622],[74.668,13.6251],[74.6672,13.6286],[74.6667,13.6328],[74.6729,13.6289],[74.6771,13.6303],[74.6797,13.6365],[74.6809,13.647],[74.6872,13.647],[74.6968,13.6404],[74.71,13.6406],[74.7238,13.6456],[74.7356,13.6538],[74.7206,13.6523],[74.7129,13.6562],[74.7014,13.6737],[74.6883,13.6859],[74.689,13.6909],[74.7014,13.6948],[74.6878,13.7118],[74.676,13.7011],[74.6605,13.6601],[74.647,13.6921],[74.6231,13.7742],[74.6146,13.8355],[74.596,13.8715],[74.584,13.9039],[74.5508,13.9455],[74.5364,13.9699],[74.5047,14.0102],[74.4954,14.0306],[74.4948,14.0407],[74.4963,14.0615],[74.4954,14.0715],[74.4914,14.0806],[74.4792,14.0956],[74.4749,14.1057],[74.4732,14.1617],[74.4675,14.1814],[74.4387,14.2201],[74.429,14.2404],[74.4334,14.2634],[74.447,14.254],[74.471,14.2487],[74.495,14.2475],[74.509,14.2503],[74.5,14.258],[74.4364,14.2797],[74.4277,14.2838],[74.4154,14.3011],[74.4126,14.3448],[74.4036,14.363],[74.397,14.3727],[74.3944,14.3849],[74.3942,14.4108],[74.3919,14.419],[74.3867,14.4242],[74.3816,14.4312],[74.3743,14.4673],[74.3539,14.5051],[74.3519,14.5302],[74.367,14.5124],[74.3775,14.4846],[74.3888,14.4627],[74.4072,14.462],[74.3976,14.4754],[74.4011,14.4797],[74.4277,14.4763],[74.3854,14.5241],[74.3724,14.5302],[74.3747,14.5338],[74.3771,14.541],[74.3792,14.5446],[74.3683,14.5497],[74.3641,14.5491],[74.3587,14.5446],[74.3555,14.5571],[74.3558,14.5624],[74.3587,14.5712],[74.3429,14.5637],[74.341,14.5512],[74.3429,14.5369],[74.339,14.524],[74.3249,14.5172],[74.3098,14.5194],[74.3005,14.5274],[74.3036,14.5377],[74.2959,14.565],[74.2952,14.5873],[74.3074,14.6019],[74.339,14.6059],[74.339,14.6128],[74.3239,14.6186],[74.3123,14.6155],[74.3011,14.6093],[74.2871,14.6059],[74.2759,14.6102],[74.2681,14.6199],[74.2669,14.6313],[74.2762,14.6401],[74.2692,14.6589],[74.2632,14.7016],[74.2529,14.7189],[74.2341,14.7341],[74.2205,14.7381],[74.2088,14.7318],[74.1943,14.7158],[74.1807,14.7422],[74.1738,14.7499],[74.1694,14.7509],[74.1577,14.749],[74.1533,14.7499],[74.1465,14.7619],[74.1458,14.7636],[74.1113,14.7803],[74.0964,14.7934],[74.0913,14.8114],[74.1091,14.8026],[74.114,14.8084],[74.1143,14.8209],[74.1187,14.8319],[74.1288,14.8375],[74.1405,14.8388],[74.1515,14.8351],[74.1595,14.8257],[74.1697,14.8445],[74.179,14.8563],[74.1907,14.8631],[74.208,14.8666],[74.2181,14.8654],[74.2269,14.8627],[74.2331,14.8646],[74.2352,14.8765],[74.2307,14.8801],[74.2209,14.8821],[74.2112,14.8874],[74.208,14.9008],[74.1975,14.8909],[74.1662,14.8765],[74.1595,14.8698],[74.1541,14.8621],[74.1409,14.8527],[74.125,14.8459],[74.1118,14.8462],[74.103,14.8569],[74.0912,14.8876],[74.0811,14.894],[74.0772,14.8984],[74.036,14.9213],[74.0303,14.9352],[74.031,14.9498],[74.036,14.9796],[74.0313,14.9953],[74.0202,15.0018],[74.0068,15.0049],[73.9958,15.0107],[73.973,15.0569],[73.9644,15.0646],[73.9131,15.0789],[73.9225,15.1079],[73.929,15.1206],[73.937,15.1304],[73.9583,15.1431],[73.9622,15.152],[73.9541,15.1683],[73.9473,15.1608],[73.8913,15.3432],[73.8826,15.3553],[73.8695,15.3596],[73.8484,15.3601],[73.8274,15.3652],[73.8104,15.3776],[73.7829,15.4079],[73.8394,15.404],[73.8484,15.4045],[73.8601,15.4079],[73.8719,15.4018],[73.8849,15.398],[73.8996,15.4079],[73.9334,15.3954],[73.9453,15.3857],[73.9541,15.3663],[73.9585,15.3672],[73.9617,15.3682],[73.9642,15.3702],[73.9678,15.3738],[73.96,15.3807],[73.937,15.4113],[73.9276,15.4174],[73.8859,15.4352],[73.8792,15.4358],[73.8651,15.4343],[73.8586,15.4352],[73.8542,15.4383],[73.8469,15.4471],[73.8416,15.4489],[73.8062,15.4522],[73.7964,15.4489],[73.7952,15.4608],[73.8005,15.475],[73.8088,15.488],[73.8176,15.4966],[73.8281,15.5014],[73.8722,15.5109],[73.8631,15.5163],[73.8595,15.5211],[73.8605,15.5259],[73.866,15.5314],[73.866,15.5376],[73.7964,15.5004],[73.7864,15.4922],[73.7663,15.4973],[73.7512,15.5131],[73.7561,15.5376],[73.7412,15.56],[73.7368,15.5717],[73.7351,15.586],[73.7371,15.5985],[73.7417,15.6042],[73.7466,15.6084],[73.7487,15.6168],[73.7604,15.632],[73.7874,15.6418],[73.8381,15.6543],[73.8381,15.6611],[73.801,15.6619],[73.7839,15.6591],[73.7766,15.6509],[73.7682,15.6469],[73.7332,15.6251],[73.7283,15.6196],[73.7183,15.6271],[73.707,15.6437],[73.6979,15.6628],[73.6908,15.6938],[73.6859,15.7043],[73.6868,15.7131],[73.7009,15.7232],[73.6899,15.7245],[73.6724,15.7265],[73.656,15.7303],[73.6463,15.7369],[73.6436,15.7491],[73.6463,15.7921],[73.6388,15.8172],[73.6047,15.8808],[73.5876,15.9029],[73.529,15.9492],[73.5101,15.9676],[73.491,15.9935],[73.4873,16.0142],[73.516,16.0174],[73.516,16.0248],[73.4993,16.0243],[73.4839,16.0282],[73.4725,16.0364],[73.4681,16.0485],[73.4649,16.0517],[73.4575,16.0542],[73.4504,16.0589],[73.447,16.0689],[73.453,16.0742],[73.4575,16.0795],[73.4607,16.0863],[73.4607,16.1447],[73.4634,16.1596],[73.4702,16.1689],[73.4793,16.1772],[73.488,16.1894],[73.465,16.1823],[73.4528,16.1666],[73.448,16.1433],[73.447,16.1136],[73.4402,16.162],[73.4402,16.2023],[73.4352,16.2178],[73.4308,16.2187],[73.426,16.2152],[73.4197,16.2167],[73.4136,16.2239],[73.4104,16.2305],[73.4061,16.2508],[73.3787,16.3327],[73.3778,16.338],[73.3787,16.3569],[73.3757,16.3603],[73.3582,16.3675],[73.3594,16.3806],[73.3644,16.3893],[73.3731,16.3957],[73.3849,16.4016],[73.3674,16.4086],[73.3521,16.4181],[73.3413,16.4321],[73.334,16.4682],[73.3192,16.5098],[73.3138,16.5183],[73.3058,16.5226],[73.303,16.533],[73.3037,16.5556],[73.3073,16.5632],[73.315,16.5576],[73.322,16.5485],[73.3235,16.545],[73.344,16.5236],[73.3557,16.5194],[73.3787,16.5183],[73.3695,16.5215],[73.3623,16.5255],[73.3562,16.5307],[73.3508,16.5382],[73.3543,16.5432],[73.365,16.5544],[73.3713,16.5593],[73.354,16.5596],[73.3364,16.5656],[73.3228,16.5762],[73.3172,16.5903],[73.3161,16.5983],[73.3146,16.5994],[73.3161,16.6],[73.3235,16.6064],[73.327,16.6071],[73.3582,16.6207],[73.3584,16.6039],[73.363,16.5968],[73.3687,16.599],[73.3713,16.6102],[73.3665,16.6281],[73.3543,16.6347],[73.3389,16.6317],[73.3235,16.6207],[73.3122,16.6447],[73.3106,16.6514],[73.3125,16.6584],[73.3215,16.6708],[73.3235,16.6791],[73.3216,16.6925],[73.3166,16.6999],[73.3003,16.7132],[73.2896,16.7402],[73.2953,16.7681],[73.3045,16.7935],[73.3037,16.8131],[73.2969,16.8056],[73.2866,16.8209],[73.2747,16.8488],[73.2694,16.8756],[73.2796,16.8876],[73.2791,16.8919],[73.2694,16.9292],[73.2705,16.945],[73.2749,16.9586],[73.2894,16.9838],[73.2624,16.997],[73.2546,17.0067],[73.2627,17.0185],[73.2512,17.0322],[73.2515,17.0424],[73.259,17.0441],[73.2694,17.0316],[73.2774,17.0547],[73.2757,17.0786],[73.2674,17.1014],[73.2551,17.121],[73.262,17.135],[73.2606,17.1505],[73.2551,17.1652],[73.2362,17.1992],[73.236,17.2206],[73.218,17.2532],[73.2149,17.2687],[73.2112,17.2751],[73.1931,17.294],[73.187,17.306],[73.2035,17.2987],[73.2171,17.2869],[73.2312,17.2793],[73.249,17.2849],[73.2347,17.3023],[73.2074,17.3537],[73.196,17.3694],[73.1706,17.3897],[73.1665,17.4022],[73.1653,17.413],[73.1771,17.4267],[73.1854,17.4419],[73.1733,17.4574],[73.1807,17.4777],[73.1655,17.5034],[73.1317,17.5394],[73.126,17.5565],[73.1279,17.5647],[73.1364,17.5672],[73.1494,17.5673],[73.1634,17.5695],[73.2007,17.5865],[73.1859,17.5925],[73.1541,17.5956],[73.1392,17.6008],[73.1282,17.6116],[73.1213,17.6264],[73.1203,17.642],[73.1261,17.6554],[73.1189,17.6635],[73.1105,17.6757],[73.1055,17.6889],[73.1082,17.6998],[73.1174,17.7112],[73.1232,17.7233],[73.1233,17.7358],[73.115,17.7482],[73.1099,17.7583],[73.1066,17.7855],[73.1013,17.7963],[73.0855,17.8137],[73.0794,17.8246],[73.0737,17.8571],[73.0652,17.8784],[73.0186,17.9517],[73.0171,17.9721],[73.0354,17.9918],[73.0189,17.9925],[73.0086,18.0002],[73.0052,18.0124],[73.0088,18.0259],[73.0195,18.0359],[73.0325,18.0411],[73.0422,18.049],[73.0435,18.067],[73.032,18.0639],[73.0227,18.0577],[73.0151,18.0491],[73.0088,18.039],[73.0011,18.0521],[72.9873,18.0666],[72.981,18.0806],[72.9832,18.0817],[72.9867,18.0877],[72.9881,18.096],[72.9846,18.1042],[72.9784,18.1119],[72.9761,18.1186],[72.9673,18.196],[72.9548,18.2175],[72.9269,18.2239],[72.9352,18.2448],[72.94,18.2513],[72.9348,18.2579],[72.9333,18.2666],[72.9351,18.2763],[72.94,18.286],[72.9531,18.2813],[72.9575,18.2746],[72.9592,18.2659],[72.9645,18.255],[72.9727,18.2447],[72.9767,18.2426],[72.9823,18.2442],[72.9951,18.2451],[73.0125,18.2431],[73.0324,18.2379],[73.051,18.2275],[73.0635,18.2104],[73.0476,18.2012],[73.0476,18.1888],[73.0575,18.1856],[73.0715,18.2041],[73.074,18.2242],[73.0653,18.2576],[73.0715,18.273],[73.057,18.281],[73.043,18.2824],[73.0125,18.2792],[72.9949,18.2836],[72.9774,18.2951],[72.968,18.3106],[72.9748,18.3276],[72.9588,18.3281],[72.9509,18.333],[72.9336,18.3549],[72.9279,18.3576],[72.9225,18.3566],[72.9173,18.3564],[72.9126,18.3612],[72.9098,18.3681],[72.9102,18.3725],[72.9116,18.3773],[72.9126,18.3856],[72.9102,18.3992],[72.9043,18.4085],[72.8972,18.4173],[72.8914,18.4294],[72.8897,18.4413],[72.8914,18.4809],[72.8958,18.503],[72.9072,18.5236],[72.9247,18.5356],[72.9468,18.5324],[72.9611,18.5177],[72.9902,18.47],[73.0088,18.4505],[73.015,18.47],[73.0044,18.48],[72.9888,18.4899],[72.981,18.5089],[72.9779,18.5241],[72.9704,18.541],[72.9603,18.5547],[72.9502,18.5604],[72.9212,18.5549],[72.9102,18.559],[72.9058,18.5771],[72.8822,18.6355],[72.8645,18.6489],[72.8553,18.6811],[72.8517,18.7197],[72.8524,18.7699],[72.8569,18.7862],[72.8656,18.7994],[72.8792,18.8074],[72.8871,18.807],[72.902,18.7995],[72.9126,18.8],[72.9269,18.8266],[72.939,18.817],[72.9748,18.7795],[72.9663,18.7614],[72.9696,18.747],[72.9806,18.7368],[72.9951,18.731],[72.988,18.7539],[72.9917,18.7794],[73.0025,18.8015],[73.0163,18.8136],[72.988,18.8249],[72.9813,18.8327],[72.9748,18.8483],[72.9761,18.8544],[72.9797,18.8633],[72.9817,18.8715],[72.9778,18.875],[72.9722,18.8743],[72.967,18.8721],[72.9631,18.869],[72.9617,18.8651],[72.9461,18.8583],[72.9163,18.8705],[72.8968,18.8945],[72.9126,18.9235],[72.9281,18.9114],[72.9346,18.9208],[72.9368,18.9474],[72.9492,18.9515],[72.9634,18.948],[72.9772,18.9484],[72.9883,18.9644],[72.9536,18.9644],[72.9536,18.9713],[72.9683,18.9726],[72.992,18.9825],[73.0422,18.9958],[73.0466,18.9952],[73.0568,19.0153],[73.0398,19.0175],[73.0119,19.0094],[72.9883,18.9986],[72.9836,19.0104],[72.9878,19.0369],[72.981,19.0464],[72.9919,19.0672],[72.9857,19.0743],[72.9738,19.0786],[72.9673,19.091],[72.9748,19.1631],[72.9673,19.1631],[72.95,19.1279],[72.9356,19.1151],[72.9339,19.0803],[72.9269,19.0668],[72.9434,19.0551],[72.9343,19.0341],[72.8914,18.9918],[72.8914,19.0014],[72.8853,19.0259],[72.8693,19.0114],[72.8511,18.9871],[72.8363,18.9591],[72.8276,18.9184],[72.8213,18.9033],[72.8125,18.8974],[72.8027,18.9098],[72.802,18.9205],[72.8053,18.931],[72.8074,18.9428],[72.8027,18.9576],[72.7959,18.9576],[72.7923,18.9512],[72.7883,18.9465],[72.7754,18.9365],[72.7704,18.9482],[72.7761,18.9597],[72.7959,18.9849],[72.8024,18.9997],[72.8049,19.0111],[72.8027,19.0402],[72.813,19.0355],[72.8171,19.0327],[72.8218,19.042],[72.8242,19.0535],[72.8213,19.0632],[72.8096,19.0668],[72.822,19.0971],[72.8231,19.1085],[72.8211,19.1192],[72.8118,19.1374],[72.8096,19.1463],[72.8122,19.1537],[72.8224,19.1638],[72.8231,19.1693],[72.818,19.1754],[72.8112,19.1755],[72.8052,19.1718],[72.7996,19.1569],[72.7922,19.1505],[72.7849,19.1504],[72.7816,19.1597],[72.7834,19.1686],[72.8025,19.2116],[72.8198,19.2406],[72.8301,19.2524],[72.8151,19.2536],[72.8021,19.2379],[72.7894,19.2174],[72.7754,19.2047],[72.7722,19.2651],[72.7756,19.299],[72.7854,19.3139],[72.8394,19.3191],[72.867,19.3168],[72.8855,19.296],[72.9006,19.2908],[72.9303,19.2866],[72.9465,19.2899],[72.9597,19.2948],[72.9727,19.2937],[72.9883,19.2791],[73.0105,19.2243],[73.0266,19.2055],[73.0497,19.2177],[73.03,19.2277],[73.028,19.2441],[73.0291,19.2593],[73.0193,19.2661],[73.0125,19.2724],[73.0018,19.2866],[72.9878,19.3007],[72.971,19.307],[72.9168,19.3034],[72.8989,19.307],[72.8836,19.3164],[72.8553,19.3395],[72.8369,19.348],[72.8185,19.3303],[72.8021,19.3319],[72.7876,19.3452],[72.7634,19.3802],[72.7598,19.389],[72.7482,19.4442],[72.7468,19.468],[72.7544,19.4818],[72.7692,19.4905],[72.8792,19.5324],[72.8567,19.5413],[72.8359,19.5367],[72.8159,19.5285],[72.7959,19.5268],[72.7879,19.5303],[72.7813,19.5366],[72.777,19.5456],[72.7754,19.5572],[72.7707,19.5661],[72.76,19.5731],[72.742,19.5808],[72.7345,19.5808],[72.7383,19.5703],[72.7407,19.5607],[72.7398,19.5527],[72.7345,19.5466],[72.7493,19.5342],[72.7549,19.527],[72.7556,19.5194],[72.7492,19.5126],[72.7415,19.516],[72.7225,19.5363],[72.7108,19.5876],[72.718,19.6067],[72.7096,19.65],[72.6867,19.7248],[72.6941,19.7202],[72.7,19.7142],[72.7046,19.7065],[72.7078,19.6975],[72.7264,19.7058],[72.7264,19.7152],[72.7186,19.7279],[72.714,19.7458],[72.7173,19.7515],[72.7244,19.7527],[72.7313,19.7546],[72.7345,19.7626],[72.7341,19.7719],[72.7328,19.7797],[72.7283,19.7936],[72.6901,19.749],[72.6779,19.7466],[72.6758,19.7641],[72.6799,19.8005],[72.6729,19.8128],[72.6501,19.842],[72.6492,19.852],[72.6592,19.8664],[72.6642,19.8816],[72.6662,19.9166],[72.6628,19.9418],[72.6652,19.9529],[72.6764,19.9575],[72.6843,19.964],[72.6945,19.9793],[72.7034,19.9976],[72.7078,20.0128],[72.7078,20.0711],[72.7103,20.0829],[72.7283,20.1295],[72.7345,20.1735],[72.7376,20.1843],[72.7523,20.2038],[72.7556,20.2152],[72.7536,20.2182],[72.749,20.2183],[72.7444,20.2194],[72.742,20.225],[72.742,20.2456],[72.743,20.2477],[72.7482,20.2803],[72.7566,20.296],[72.7678,20.312],[72.7775,20.3301],[72.7816,20.3523],[72.7868,20.3522],[72.7982,20.3593],[72.8103,20.3688],[72.8171,20.3759],[72.8208,20.3861],[72.8231,20.4168],[72.8294,20.4379],[72.84,20.4587],[72.8792,20.5124],[72.8865,20.5316],[72.8904,20.5527],[72.8914,20.5751],[72.8906,20.5871],[72.8862,20.6085],[72.8853,20.6192],[72.8884,20.6285],[72.9026,20.6419],[72.9058,20.6533],[72.9094,20.6987],[72.908,20.7183],[72.8989,20.7322],[72.9403,20.7594],[72.9468,20.7595],[72.945,20.77],[72.9364,20.7763],[72.9264,20.781],[72.9194,20.7874],[72.9191,20.7956],[72.9229,20.8027],[72.925,20.8106],[72.9194,20.8215],[72.9002,20.7991],[72.8858,20.8071],[72.8801,20.8299],[72.8884,20.852],[72.9004,20.8681],[72.8938,20.8701],[72.8812,20.8657],[72.8753,20.8625],[72.8369,20.8358],[72.8459,20.8518],[72.8543,20.8872],[72.8649,20.8973],[72.8367,20.9299],[72.8565,20.948],[72.8865,20.9621],[72.8884,20.9826],[72.876,20.9813],[72.8538,20.9749],[72.8327,20.9724],[72.8231,20.9826],[72.8213,20.9916],[72.8161,20.999],[72.8084,21.004],[72.7993,21.0058],[72.7876,21.0069],[72.782,21.0102],[72.772,21.0239],[72.7669,21.0386],[72.7839,21.0404],[72.8231,21.0338],[72.845,21.0383],[72.8499,21.048],[72.8159,21.1215],[72.8096,21.13],[72.7996,21.1288],[72.7556,21.1096],[72.7528,21.1137],[72.7463,21.1184],[72.742,21.1232],[72.7376,21.1174],[72.7356,21.1107],[72.7345,21.0925],[72.7302,21.0878],[72.7004,21.0748],[72.7058,21.1063],[72.7206,21.1297],[72.7287,21.1481],[72.714,21.1641],[72.7066,21.1577],[72.6867,21.1581],[72.6764,21.1536],[72.6727,21.1457],[72.6719,21.1344],[72.673,21.1126],[72.6712,21.0998],[72.6664,21.0974],[72.6587,21.0976],[72.6379,21.0854],[72.6296,21.088],[72.615,21.1059],[72.6155,21.1198],[72.6304,21.136],[72.6935,21.1785],[72.7118,21.194],[72.721,21.1988],[72.7345,21.1989],[72.7236,21.2091],[72.6877,21.2204],[72.6799,21.229],[72.6732,21.2391],[72.6594,21.2447],[72.647,21.2536],[72.6458,21.2734],[72.6252,21.2593],[72.6184,21.2529],[72.6061,21.2666],[72.6021,21.2777],[72.5979,21.3076],[72.5886,21.332],[72.5868,21.3412],[72.5905,21.3485],[72.6032,21.3527],[72.6385,21.3572],[72.6458,21.3628],[72.6387,21.3712],[72.6234,21.3703],[72.5941,21.3628],[72.5789,21.367],[72.5676,21.3764],[72.5646,21.3858],[72.5737,21.3901],[72.6351,21.4075],[72.6729,21.4281],[72.6764,21.4316],[72.7283,21.4658],[72.7471,21.4529],[72.7526,21.4636],[72.7485,21.4796],[72.7383,21.4829],[72.6833,21.4658],[72.665,21.4572],[72.6125,21.4219],[72.5837,21.4174],[72.5899,21.4328],[72.6196,21.4874],[72.6351,21.4993],[72.6511,21.507],[72.6901,21.5407],[72.7039,21.5484],[72.7268,21.5532],[72.7511,21.5651],[72.7732,21.5805],[72.7891,21.5955],[72.8104,21.6351],[72.8231,21.6439],[72.834,21.6445],[72.8587,21.6376],[72.8716,21.6365],[72.8897,21.6405],[72.9356,21.6584],[72.9653,21.6788],[73.0225,21.6986],[73.085,21.7297],[73.1082,21.7333],[73.117,21.7372],[73.127,21.7468],[73.132,21.7578],[73.1261,21.7668],[73.1188,21.7647],[73.084,21.7464],[73.0466,21.7333],[73.041,21.7302],[73.0225,21.716],[73.0125,21.7128],[72.9915,21.7084],[72.9502,21.6892],[72.9269,21.685],[72.8828,21.693],[72.8582,21.695],[72.8403,21.6884],[72.8192,21.675],[72.7981,21.6735],[72.7556,21.685],[72.7332,21.6875],[72.6764,21.6781],[72.653,21.6806],[72.6349,21.6846],[72.6161,21.6855],[72.5705,21.6705],[72.5503,21.6667],[72.5347,21.6729],[72.5285,21.6951],[72.5321,21.7139],[72.5501,21.7519],[72.5563,21.7743],[72.5628,21.8394],[72.5669,21.8494],[72.5855,21.8589],[72.5988,21.881],[72.6184,21.9251],[72.634,21.9375],[72.6521,21.9411],[72.6901,21.9388],[72.7023,21.9476],[72.7068,21.9661],[72.714,21.983],[72.7345,21.9866],[72.7345,21.994],[72.7264,21.9958],[72.7199,21.9963],[72.7137,21.9958],[72.7078,21.994],[72.7009,21.9889],[72.6975,21.9821],[72.6956,21.9759],[72.6935,21.9723],[72.6231,21.9666],[72.6116,21.9555],[72.6027,21.9436],[72.5818,21.9282],[72.5586,21.9153],[72.5427,21.9108],[72.5334,21.9203],[72.5071,21.9623],[72.5017,21.976],[72.5046,21.9942],[72.5178,22.0321],[72.5222,22.0543],[72.5215,22.0661],[72.5195,22.0775],[72.5195,22.0884],[72.53,22.1075],[72.5334,22.1186],[72.5359,22.1405],[72.5422,22.1567],[72.5574,22.1767],[72.5755,22.1945],[72.5905,22.205],[72.6141,22.2117],[72.6345,22.2104],[72.6524,22.2023],[72.6696,22.1889],[72.6819,22.1816],[72.6917,22.182],[72.6997,22.185],[72.7078,22.1858],[72.7194,22.1822],[72.7293,22.1774],[72.7482,22.164],[72.7902,22.2172],[72.8123,22.2341],[72.8474,22.2404],[72.8651,22.2335],[72.8811,22.2204],[72.8972,22.213],[72.916,22.2231],[72.9221,22.2365],[72.9227,22.2546],[72.9175,22.2714],[72.9058,22.2814],[72.8997,22.2692],[72.8861,22.2624],[72.8695,22.2624],[72.8543,22.2708],[72.8386,22.2766],[72.8182,22.2734],[72.7987,22.2656],[72.7854,22.2569],[72.7566,22.2437],[72.7266,22.2489],[72.6594,22.2739],[72.6465,22.2739],[72.6353,22.2716],[72.625,22.2714],[72.6066,22.2838],[72.5964,22.2869],[72.5737,22.2882],[72.5531,22.2825],[72.5212,22.2531],[72.5017,22.2404],[72.479,22.2334],[72.4662,22.2326],[72.457,22.2367],[72.4548,22.2453],[72.467,22.2558],[72.4639,22.264],[72.4487,22.2668],[72.4323,22.2558],[72.4137,22.2463],[72.3919,22.2535],[72.3862,22.2665],[72.381,22.2899],[72.3804,22.3124],[72.3882,22.3223],[72.405,22.333],[72.4081,22.3535],[72.3972,22.3668],[72.3713,22.3559],[72.361,22.3435],[72.3496,22.3244],[72.3405,22.3032],[72.3366,22.2848],[72.3283,22.2607],[72.3091,22.2572],[72.2883,22.2613],[72.2752,22.2603],[72.2632,22.2764],[72.266,22.2873],[72.2647,22.2952],[72.2404,22.3019],[72.2234,22.3032],[72.2085,22.3004],[72.2009,22.2914],[72.2063,22.2739],[72.1618,22.281],[72.1488,22.2779],[72.166,22.2603],[72.1907,22.2513],[72.2092,22.2594],[72.2404,22.2882],[72.2461,22.2756],[72.2432,22.2659],[72.2373,22.2563],[72.2341,22.2436],[72.2391,22.2389],[72.2683,22.2268],[72.3065,22.2296],[72.3172,22.1849],[72.3076,22.079],[72.298,22.0617],[72.2957,22.0512],[72.2918,22.0534],[72.2835,22.0436],[72.2761,22.0316],[72.2752,22.0275],[72.2577,22.0122],[72.2494,22.0083],[72.2373,22.007],[72.221,22.011],[72.2165,22.0078],[72.2144,21.994],[72.2063,21.994],[72.1999,22.007],[72.1952,22.0036],[72.1912,21.9936],[72.1864,21.9866],[72.1825,21.9827],[72.1731,21.9757],[72.1634,21.9732],[72.1592,21.9831],[72.1517,21.9939],[72.1343,22.0046],[72.1138,22.0106],[72.097,22.007],[72.1193,21.9936],[72.1281,21.9835],[72.1248,21.9723],[72.1149,21.9694],[72.0765,21.9797],[72.0825,21.9734],[72.1045,21.9592],[72.1048,21.9515],[72.1021,21.9451],[72.0962,21.943],[72.0874,21.9484],[72.0733,21.9545],[72.0552,21.9535],[72.0384,21.9476],[72.0287,21.9388],[72.0876,21.9197],[72.1045,21.9177],[72.1421,21.925],[72.1565,21.9258],[72.1454,21.9177],[72.1454,21.9108],[72.1592,21.9046],[72.1524,21.8979],[72.1698,21.8904],[72.1673,21.8791],[72.16,21.8659],[72.1626,21.8529],[72.1694,21.8414],[72.1619,21.8392],[72.1309,21.8463],[72.1233,21.8537],[72.1113,21.8699],[72.0985,21.8805],[72.0776,21.8944],[72.058,21.8987],[72.0493,21.8804],[72.0529,21.8765],[72.0615,21.8731],[72.0718,21.8708],[72.0803,21.8699],[72.0864,21.8656],[72.1045,21.8358],[72.0868,21.8303],[72.0628,21.8344],[72.0042,21.8577],[71.9973,21.8549],[71.9946,21.8395],[71.9942,21.8122],[71.9961,21.7995],[72.0015,21.7879],[72.0054,21.793],[72.0096,21.7956],[72.0218,21.801],[72.0215,21.7944],[72.0223,21.7809],[72.0218,21.7743],[72.0549,21.7856],[72.0739,21.7887],[72.0874,21.7845],[72.1032,21.7752],[72.1174,21.7766],[72.166,21.7939],[72.1711,21.791],[72.1727,21.7777],[72.177,21.7667],[72.1958,21.7578],[72.2,21.7501],[72.2024,21.7481],[72.2144,21.7128],[72.219,21.706],[72.2238,21.7006],[72.2302,21.696],[72.2404,21.6917],[72.2518,21.6909],[72.263,21.6923],[72.2717,21.6909],[72.2783,21.6719],[72.2854,21.665],[72.2925,21.6595],[72.2957,21.6539],[72.2966,21.6422],[72.2985,21.634],[72.2988,21.6263],[72.2957,21.616],[72.292,21.6118],[72.2791,21.6005],[72.2752,21.5955],[72.2422,21.4808],[72.2199,21.4447],[72.1668,21.3921],[72.1592,21.3733],[72.1516,21.3602],[72.1161,21.3227],[72.1045,21.315],[72.11,21.3048],[72.1115,21.2961],[72.1078,21.29],[72.097,21.2877],[72.1025,21.2744],[72.0994,21.265],[72.0936,21.2582],[72.0908,21.2529],[72.0935,21.2436],[72.1045,21.2222],[72.1047,21.2051],[72.0908,21.1915],[72.0848,21.1887],[72.0755,21.1857],[72.0667,21.1813],[72.0628,21.1747],[72.055,21.1684],[71.9907,21.1364],[71.9724,21.1323],[71.9263,21.13],[71.8062,21.0621],[71.7886,21.0475],[71.763,21.0323],[71.7437,21.0276],[71.7302,21.0307],[71.7176,21.0321],[71.6997,21.0213],[71.6834,21.0115],[71.64,20.9968],[71.5835,20.9582],[71.5496,20.9512],[71.5573,20.966],[71.5623,20.973],[71.5693,20.9792],[71.5511,20.9736],[71.5368,20.9643],[71.4934,20.9291],[71.4844,20.9171],[71.4807,20.9004],[71.4622,20.8853],[71.3781,20.8594],[71.3186,20.8493],[71.1406,20.7657],[71.117,20.7669],[71.1101,20.7595],[71.0955,20.7637],[71.0833,20.7565],[71.0726,20.7457],[71.0623,20.739],[71.0444,20.7405],[71.0242,20.7445],[71.0077,20.7416],[71.006,20.7366],[71.0008,20.7222],[70.9824,20.7101],[70.973,20.7096],[70.9025,20.7055],[70.8402,20.7019],[70.8197,20.7029],[70.8016,20.7091],[70.7852,20.7222],[70.7746,20.7274],[70.7632,20.7246],[70.7516,20.7196],[70.7402,20.7185],[70.7308,20.7232],[70.6986,20.7464],[70.5622,20.7998],[70.5415,20.8078],[70.4841,20.8439],[70.4631,20.8489],[70.4514,20.8559],[70.417,20.8904],[70.3988,20.9035],[70.3367,20.9271],[70.3,20.9586],[70.2635,20.9804],[70.1522,21.0785],[70.0544,21.1532],[69.9883,21.2334],[69.968,21.2581],[69.9662,21.2634],[69.9583,21.2733],[69.9116,21.315],[69.845,21.3896],[69.8147,21.4337],[69.8086,21.4658],[69.7887,21.4693],[69.7715,21.4784],[69.7564,21.4904],[69.6297,21.616],[69.5682,21.6501],[69.5527,21.6652],[69.5198,21.7048],[69.4994,21.7202],[69.4785,21.7526],[69.4463,21.7663],[69.4274,21.7812],[69.3977,21.8153],[69.3918,21.8322],[69.3952,21.8613],[69.3909,21.8767],[69.3678,21.8561],[69.3555,21.8532],[69.3362,21.8625],[69.2439,21.9459],[69.2122,21.9675],[69.1984,21.9797],[69.1506,22.0412],[69.1193,22.0621],[69.103,22.0764],[69.0921,22.0996],[69.0482,22.1579],[69.0125,22.1856],[68.9942,22.2039],[68.9805,22.2355],[68.9533,22.276],[68.9446,22.2951],[68.944,22.3183],[68.9514,22.3349],[68.9606,22.3495],[68.965,22.3668],[68.9676,22.3872],[68.9744,22.4047],[68.9832,22.4194],[68.9929,22.4316],[69.0075,22.4432],[69.0475,22.464],[69.0736,22.4819],[69.0814,22.4805],[69.0852,22.4729],[69.0823,22.4595],[69.0745,22.4494],[69.056,22.4418],[69.0482,22.4316],[69.0623,22.4077],[69.0718,22.3995],[69.0886,22.3969],[69.0974,22.3989],[69.1138,22.4079],[69.1227,22.4111],[69.132,22.4105],[69.1398,22.4071],[69.147,22.4049],[69.1546,22.4077],[69.1688,22.4206],[69.1786,22.4276],[69.1882,22.4264],[69.2022,22.4149],[69.2057,22.3987],[69.1821,22.3664],[69.1853,22.3497],[69.1697,22.3279],[69.1738,22.3083],[69.1904,22.2923],[69.2121,22.2814],[69.2121,22.2739],[69.2865,22.2846],[69.3357,22.3061],[69.3464,22.3249],[69.3599,22.3292],[69.4354,22.3304],[69.4689,22.3378],[69.4797,22.3422],[69.4854,22.3476],[69.5,22.3668],[69.5027,22.3723],[69.5086,22.3743],[69.5151,22.3752],[69.5199,22.3776],[69.5256,22.3921],[69.5228,22.4039],[69.5169,22.4161],[69.5137,22.4316],[69.516,22.4481],[69.522,22.4489],[69.5308,22.4461],[69.541,22.4521],[69.5479,22.4521],[69.5598,22.4115],[69.5617,22.3916],[69.5547,22.3776],[69.569,22.3706],[69.6011,22.3638],[69.6161,22.3559],[69.6174,22.3651],[69.6199,22.371],[69.6297,22.3838],[69.6404,22.376],[69.6472,22.3804],[69.6524,22.3899],[69.6577,22.3969],[69.6613,22.4002],[69.6652,22.405],[69.6694,22.4092],[69.6747,22.4111],[69.6808,22.4096],[69.6945,22.404],[69.6994,22.4043],[69.709,22.4189],[69.7254,22.4645],[69.7334,22.48],[69.7422,22.473],[69.7887,22.4232],[69.7949,22.4186],[69.807,22.421],[69.813,22.4295],[69.8169,22.441],[69.8223,22.4521],[69.8333,22.4638],[69.8418,22.4664],[69.8511,22.4652],[69.8638,22.4658],[69.8848,22.4736],[69.9053,22.4864],[69.9621,22.5353],[69.973,22.5414],[69.9739,22.54],[69.9963,22.5414],[70.0027,22.5432],[70.0208,22.5551],[70.0591,22.5584],[70.1447,22.5478],[70.1785,22.562],[70.1897,22.5778],[70.2073,22.615],[70.2349,22.6489],[70.2673,22.706],[70.3191,22.7783],[70.3233,22.7877],[70.3215,22.8117],[70.3225,22.8227],[70.3255,22.8263],[70.3429,22.8432],[70.3753,22.9027],[70.3877,22.912],[70.4046,22.9195],[70.4369,22.9549],[70.4534,22.9666],[70.4627,22.9665],[70.4743,22.9641],[70.4863,22.9637],[70.4976,22.97],[70.5047,22.9796],[70.5124,22.9953],[70.5179,23.0039],[70.5272,23.0236],[70.5285,23.0471],[70.5237,23.0704],[70.5149,23.0895],[70.5029,23.1044],[70.4842,23.1221],[70.4671,23.1297],[70.4596,23.114],[70.4509,23.1057],[70.4107,23.086],[70.3988,23.069],[70.3989,23.0591],[70.4011,23.0454],[70.4045,23.0334],[70.411,23.0232],[70.4019,22.9993],[70.402,22.9902],[70.4038,22.9819],[70.4035,22.9678],[70.4016,22.9538],[70.3988,22.9455],[70.3924,22.9409],[70.3845,22.9389],[70.3635,22.9387],[70.3577,22.9367],[70.3524,22.9331],[70.3467,22.9313],[70.3395,22.9353],[70.3345,22.9401],[70.3304,22.9433],[70.3257,22.945],[70.3191,22.9455],[70.3146,22.9435],[70.3088,22.9398],[70.3035,22.9381],[70.3001,22.9443],[70.2936,22.9514],[70.2918,22.953],[70.2693,22.9586],[70.2583,22.9719],[70.2497,22.9875],[70.2331,23.0001],[70.2319,22.9749],[70.222,22.9592],[70.2041,22.9522],[70.1785,22.953],[70.1717,22.952],[70.1677,22.9491],[70.1631,22.949],[70.1543,22.956],[70.1507,22.961],[70.1497,22.9643],[70.1475,22.9661],[70.1406,22.9666],[70.1291,22.9693],[70.125,22.976],[70.1262,22.9848],[70.1306,22.994],[70.1095,22.9592],[70.1205,22.9526],[70.1323,22.9411],[70.1354,22.93],[70.1201,22.925],[70.0618,22.9182],[69.9969,22.8938],[69.9407,22.8861],[69.8843,22.8678],[69.8529,22.8636],[69.8332,22.8585],[69.8068,22.8453],[69.7801,22.8275],[69.7601,22.8083],[69.7289,22.7548],[69.7158,22.7469],[69.6943,22.7497],[69.6538,22.7605],[69.5857,22.7612],[69.5757,22.7644],[69.557,22.7785],[69.5444,22.7817],[69.5108,22.7805],[69.5,22.7817],[69.4894,22.7847],[69.4826,22.7885],[69.4773,22.7921],[69.4722,22.7947],[69.4247,22.8043],[69.4059,22.8137],[69.3726,22.819],[69.3381,22.8331],[69.2388,22.8419],[69.2019,22.8522],[69.1356,22.8884],[69.0399,22.9505],[68.8662,23.02],[68.6913,23.1305],[68.6607,23.1542],[68.6541,23.1578],[68.6506,23.1621],[68.6511,23.1715],[68.6497,23.1809],[68.6226,23.1916],[68.6091,23.2068],[68.5999,23.225],[68.5957,23.2404],[68.5983,23.237],[68.6094,23.2267],[68.6201,23.2454],[68.6232,23.2562],[68.6231,23.2676],[68.6053,23.2596],[68.5778,23.2553],[68.5523,23.2597],[68.541,23.2782],[68.561,23.3161],[68.5685,23.3184],[68.5991,23.3223],[68.6069,23.3256],[68.603,23.3328],[68.5921,23.3401],[68.5784,23.3434],[68.5711,23.3464],[68.5667,23.353],[68.5637,23.3599],[68.561,23.3639],[68.5552,23.364],[68.5485,23.3615],[68.5431,23.3586],[68.541,23.357],[68.5295,23.3631],[68.5207,23.3692],[68.5151,23.377],[68.5132,23.3881],[68.5151,23.3993],[68.5208,23.4075],[68.5296,23.4119],[68.541,23.4117],[68.5364,23.4213],[68.5301,23.4257],[68.5221,23.4247],[68.5132,23.4185],[68.5015,23.4233],[68.4964,23.4179],[68.4905,23.4093],[68.4754,23.4049],[68.4626,23.4091],[68.4588,23.4198],[68.4611,23.4332],[68.4655,23.4458],[68.4519,23.4377],[68.4404,23.4343],[68.4309,23.4366],[68.4237,23.4458],[68.433,23.4659],[68.4474,23.4875],[68.4656,23.5053],[68.4858,23.5141],[68.4813,23.5251],[68.4756,23.5241],[68.468,23.5198],[68.4587,23.5215],[68.4541,23.5263],[68.444,23.5412],[68.4373,23.5488],[68.4414,23.5321],[68.4474,23.5163],[68.447,23.503],[68.4312,23.4936],[68.4116,23.4947],[68.4061,23.5087],[68.4108,23.5488],[68.405,23.5976],[68.4089,23.6213],[68.4275,23.6314],[68.4715,23.6186],[68.4915,23.6188],[68.4927,23.6376],[68.4862,23.6414],[68.4769,23.6394],[68.4688,23.6408],[68.4655,23.6553],[68.4694,23.6592],[68.4889,23.6648],[68.5047,23.6742],[68.5239,23.6759],[68.5335,23.6792],[68.5388,23.684],[68.5547,23.7065],[68.5835,23.7353],[68.6017,23.7487],[68.6379,23.7615],[68.6546,23.7991],[68.6707,23.8157],[68.6802,23.8178],[68.7156,23.8157],[68.7256,23.8189],[68.7451,23.8331],[68.7565,23.8362],[68.7688,23.8411],[68.8216,23.8784],[68.8057,23.8844],[68.78,23.8741],[68.7669,23.8784],[68.7402,23.8535],[68.7178,23.841],[68.6919,23.8367],[68.6541,23.8362],[68.6335,23.8331],[68.6231,23.8244],[68.6094,23.7952],[68.5989,23.7819],[68.5877,23.7757],[68.5547,23.7685],[68.5383,23.7613],[68.5247,23.752],[68.51,23.7441],[68.4728,23.7375],[68.4497,23.7233],[68.4277,23.7143],[68.4108,23.7005],[68.342,23.624],[68.3516,23.6178],[68.353,23.6107],[68.3489,23.6034],[68.342,23.5966],[68.3273,23.5869],[68.3176,23.5861],[68.3081,23.5891],[68.2941,23.5904],[68.2308,23.5881],[68.1814,23.5941],[68.1574,23.6008],[68.1434,23.6127],[68.1502,23.6314],[68.1571,23.6321],[68.1672,23.6317],[68.1743,23.6314],[68.1744,23.6314],[68.1754,23.6314],[68.1787,23.6337],[68.1819,23.6479],[68.1848,23.6522],[68.1927,23.6563],[68.1997,23.6596],[68.2093,23.6627],[68.2208,23.6584],[68.2208,23.6584],[68.2326,23.6449],[68.2327,23.645],[68.2327,23.645],[68.2451,23.6591],[68.2589,23.6605],[68.2759,23.6658],[68.2804,23.686],[68.259,23.6747],[68.241,23.674],[68.2372,23.6759],[68.2249,23.6819],[68.2088,23.6962],[68.1975,23.7145],[68.1958,23.7335],[68.1979,23.7534],[68.1978,23.7748],[68.1877,23.7643],[68.1777,23.754],[68.1693,23.7482],[68.1637,23.7577],[68.166,23.7732],[68.1756,23.7982],[68.1799,23.8279],[68.1825,23.8358],[68.183,23.8421],[68.1835,23.8433],[68.2073,23.877],[68.215,23.8817],[68.2329,23.8891],[68.2399,23.8931],[68.243,23.8934],[68.2529,23.8917],[68.2568,23.8919],[68.2604,23.8955],[68.2579,23.8995],[68.2537,23.9028],[68.2519,23.9048],[68.2531,23.9112],[68.2527,23.9201],[68.2549,23.9291],[68.2639,23.9359],[68.274,23.9377],[68.2777,23.9335],[68.28,23.9257],[68.2862,23.9164],[68.3004,23.9105],[68.3141,23.9159],[68.326,23.9278],[68.335,23.941],[68.3337,23.948],[68.3299,23.9582],[68.3304,23.9666],[68.3426,23.9686],[68.3489,23.9646],[68.3524,23.9565],[68.3538,23.9472],[68.3536,23.9393],[68.3855,23.9604],[68.4316,23.9671],[68.5478,23.9663],[68.6464,23.9657],[68.7245,23.9652],[68.7251,24.1041],[68.7256,24.2089],[68.7259,24.2892],[68.7473,24.3312],[68.7992,24.3291],[68.8138,24.3084],[68.8197,24.2503],[68.8388,24.2365],[68.8489,24.244],[68.8801,24.2974],[68.8833,24.3054],[68.8851,24.3136],[68.8903,24.3195],[68.9042,24.3206],[68.9132,24.3173],[68.922,24.3105],[68.9294,24.3024],[68.9487,24.2703],[68.9626,24.2572],[68.9808,24.2554],[69.0078,24.2646],[69.0485,24.2852],[69.0677,24.2884],[69.0919,24.2819],[69.1482,24.2567],[69.1667,24.2532],[69.2062,24.2586],[69.2808,24.2837],[69.5631,24.2768],[69.5923,24.2646],[69.6706,24.1887],[69.7146,24.1686],[69.7691,24.1626],[69.972,24.1652],[70.016,24.1741],[70.0521,24.2021],[70.063,24.2203],[70.0872,24.2826],[70.0979,24.2988],[70.1097,24.3049],[70.1446,24.3079],[70.2022,24.3256],[70.2228,24.3267],[70.2426,24.3306],[70.2791,24.3551],[70.2985,24.3634],[70.3532,24.3663],[70.3708,24.3724],[70.4164,24.4019],[70.5209,24.4249],[70.5629,24.4241],[70.5752,24.4],[70.5692,24.3899],[70.552,24.3794],[70.5465,24.3731],[70.5456,24.3622],[70.5554,24.327],[70.5602,24.2873],[70.5677,24.2728],[70.5847,24.2579],[70.6215,24.2412],[70.7555,24.2314],[70.776,24.2367],[70.8136,24.2545],[70.8341,24.2613],[70.8515,24.2649],[70.8576,24.2717],[70.8445,24.2883],[70.8409,24.3058],[70.8565,24.3238],[70.9177,24.3617],[70.9363,24.3672],[70.9553,24.3659],[70.9771,24.3572],[70.9967,24.3566],[71.0071,24.364],[71.0144,24.3752],[71.0251,24.3863],[71.0731,24.4021],[71.0828,24.4115],[71.075,24.4364],[71.0401,24.4468],[71.0001,24.4529],[70.9771,24.4649],[70.9744,24.4722],[70.9731,24.4796],[70.9732,24.4872],[70.9748,24.495],[70.9771,24.5151],[70.9805,24.5219],[70.9819,24.5285],[70.9809,24.5347],[70.9771,24.5404],[70.9578,24.556],[70.9548,24.5845],[70.9628,24.6158],[70.9771,24.6397],[71.0433,24.6691],[71.0639,24.6826],[71.0566,24.6928],[71.0369,24.7207],[71.0032,24.8082],[70.943,24.8941],[70.9152,24.9466],[70.8933,25.0019],[70.8599,25.1394],[70.8486,25.1633],[70.8314,25.1833],[70.7684,25.2331],[70.7349,25.2673],[70.7231,25.2873],[70.7186,25.3108],[70.7105,25.3359],[70.6704,25.3756],[70.6545,25.3966],[70.6466,25.4314],[70.6528,25.5459],[70.6575,25.6336],[70.6539,25.6745],[70.6323,25.7014],[70.5923,25.7088],[70.5544,25.6988],[70.5167,25.6839],[70.4772,25.6763],[70.3601,25.6735],[70.3037,25.6846],[70.2646,25.6973],[70.2492,25.7077],[70.2345,25.731],[70.214,25.7863],[70.1956,25.807],[70.1543,25.8394],[70.115,25.8817],[70.0832,25.9299],[70.0646,25.9803],[70.0643,25.9955],[70.0729,26.0475],[70.0739,26.0831],[70.0783,26.0996],[70.132,26.1805],[70.1469,26.2174],[70.1516,26.2541],[70.144,26.2943],[70.1425,26.3137],[70.1479,26.3332],[70.1571,26.354],[70.1605,26.3713],[70.157,26.4109],[70.1629,26.4933],[70.1581,26.5301],[70.1296,26.5625],[70.0937,26.5804],[70.0561,26.5891],[69.8156,26.5803],[69.7723,26.5951],[69.7002,26.653],[69.6594,26.6777],[69.5042,26.7352],[69.4728,26.7666],[69.4651,26.8078],[69.486,26.9268],[69.5076,27.0501],[69.5344,27.1256],[69.5756,27.1884],[69.6661,27.27],[69.7306,27.3103],[69.848,27.4104],[69.9081,27.4973],[69.9935,27.5711],[70.0169,27.6006],[70.0907,27.7935],[70.102,27.8117],[70.189,27.8918],[70.199,27.901],[70.2677,27.9453],[70.3239,28.0004],[70.3419,28.0115],[70.3595,28.0163],[70.3983,28.0217],[70.4369,28.0353],[70.4562,28.0398],[70.4772,28.0373],[70.5068,28.029],[70.5349,28.016],[70.5598,27.9984],[70.5929,27.9645],[70.6212,27.9441],[70.6332,27.9316],[70.6416,27.9113],[70.6376,27.8742],[70.6407,27.8548],[70.6717,27.7911],[70.7104,27.7412],[70.7618,27.7098],[70.8316,27.7015],[70.9138,27.7178],[71.0276,27.768],[71.1507,27.8224],[71.2263,27.8454],[71.3114,27.8617],[71.3978,27.8684],[71.4771,27.8624],[71.5607,27.8685],[71.7014,27.9068],[71.8609,27.9502],[71.8744,27.9597],[71.88,27.9749],[71.8916,28.0971],[71.8969,28.1155],[71.9083,28.1356],[71.9882,28.2281],[72.111,28.3176],[72.1499,28.3538],[72.1776,28.3971],[72.1978,28.4449],[72.2565,28.6456],[72.2803,28.6872],[72.3546,28.7672],[72.3822,28.784],[72.5256,28.8499],[72.6585,28.911],[72.7725,28.9633],[72.9015,29.0226],[72.9182,29.0329],[72.9304,29.0477],[72.9629,29.1168],[72.9887,29.1546],[73.0509,29.2282],[73.1289,29.3603],[73.178,29.4434],[73.2329,29.5366],[73.2848,29.6837],[73.3274,29.8052],[73.3703,29.9273],[73.3852,29.9423],[73.5578,30.0125],[73.7397,30.0485],[73.7783,30.0673],[73.9444,30.1883],[73.9468,30.2041],[73.9489,30.2173],[73.9346,30.261],[73.9119,30.3038],[73.8916,30.3298],[73.8423,30.353],[73.8452,30.357],[73.8517,30.3727],[73.8677,30.3874],[73.8876,30.3965],[73.9061,30.3948],[73.9043,30.4015],[73.9021,30.4156],[73.8999,30.4221],[73.9167,30.4172],[73.9293,30.4191],[73.9391,30.4261],[73.9898,30.4878],[73.996,30.501],[74.0044,30.5089],[74.0441,30.5187],[74.0575,30.5314],[74.0615,30.5556],[74.0582,30.5745],[74.0571,30.5916],[74.0674,30.6105],[74.0822,30.6259],[74.0959,30.6371],[74.1115,30.6462],[74.1327,30.6555],[74.1557,30.6596],[74.1637,30.6649],[74.1668,30.6791],[74.1701,30.6872],[74.1847,30.6968],[74.1912,30.717],[74.1988,30.725],[74.2151,30.7375],[74.2357,30.7641],[74.2441,30.7712],[74.2592,30.781],[74.2667,30.7884],[74.2658,30.7954],[74.2567,30.8153],[74.2602,30.8194],[74.2799,30.8247],[74.3002,30.8382],[74.3114,30.8559],[74.304,30.874],[74.3107,30.8845],[74.3192,30.8934],[74.3298,30.8996],[74.3425,30.9019],[74.3536,30.9011],[74.3797,30.8945],[74.4013,30.8931],[74.4091,30.901],[74.4134,30.9151],[74.4243,30.9323],[74.4416,30.9462],[74.4585,30.9534],[74.4772,30.9561],[74.4995,30.9565],[74.5193,30.9625],[74.5348,30.9763],[74.5488,30.9922],[74.5641,31.0044],[74.5643,31.025],[74.5795,31.0427],[74.601,31.0566],[74.6588,31.0838],[74.6503,31.0931],[74.632,31.1075],[74.617,31.1153],[74.5969,31.1158],[74.5531,31.109],[74.5368,31.1152],[74.5235,31.1293],[74.5149,31.1418],[74.5096,31.1561],[74.5064,31.1754],[74.5091,31.1957],[74.5251,31.2354],[74.5253,31.2802],[74.5322,31.3032],[74.5716,31.3892],[74.5837,31.4066],[74.6,31.4241],[74.6119,31.4402],[74.6172,31.4589],[74.6146,31.4778],[74.5845,31.5175],[74.5556,31.6122],[74.4995,31.6999],[74.4894,31.7112],[74.4926,31.7146],[74.5033,31.7306],[74.5055,31.732],[74.5133,31.7351],[74.5162,31.7374],[74.5183,31.7418],[74.5212,31.7538],[74.523,31.7585],[74.5308,31.7678],[74.5351,31.7711],[74.537,31.7757],[74.5374,31.7889],[74.5408,31.8109],[74.5504,31.827],[74.5656,31.8405],[74.6411,31.8906],[74.6572,31.8957],[74.67,31.9042],[74.6984,31.9502],[74.763,31.939],[74.7837,31.9429],[74.8025,31.9689],[74.8113,32.0037],[74.8286,32.0254],[74.8732,32.0117],[74.8891,32.0289],[74.9088,32.0319],[74.9314,32.0298],[74.9557,32.0322],[74.9679,32.0379],[74.9741,32.045],[74.9785,32.0534],[74.9862,32.0632],[74.9956,32.0674],[75.0202,32.0658],[75.0302,32.0664],[75.0226,32.0947],[75.0408,32.098],[75.1021,32.0781],[75.1103,32.0776],[75.119,32.081],[75.1298,32.0902],[75.1384,32.0935],[75.1613,32.088],[75.1741,32.0868],[75.1731,32.1097],[75.1958,32.1286],[75.2264,32.1421],[75.2499,32.1489],[75.2633,32.1509],[75.2947,32.1489],[75.2981,32.1598],[75.3084,32.1939],[75.3166,32.2107],[75.3486,32.242],[75.359,32.2617],[75.353,32.2844],[75.3269,32.3125],[75.2984,32.3324],[75.2302,32.3802],[75.1962,32.3973],[75.126,32.4117],[75.0922,32.4293],[75.0549,32.4555],[75.0237,32.4663],[74.9907,32.4634],[74.9484,32.4488],[74.907,32.4452],[74.8381,32.4749],[74.7994,32.4727],[74.7635,32.4627],[74.725,32.4608],[74.6893,32.4714],[74.6626,32.4984],[74.6326,32.5682],[74.6296,32.5881],[74.6369,32.6063],[74.648,32.6236],[74.656,32.6407],[74.6573,32.6606],[74.6502,32.7012],[74.6497,32.7231],[74.657,32.7453],[74.6823,32.7873],[74.6891,32.8088],[74.6853,32.8312],[74.6718,32.8406],[74.6536,32.8374],[74.6359,32.8221],[74.6263,32.8026],[74.622,32.7854],[74.6141,32.7704],[74.5934,32.7579],[74.5738,32.7525],[74.521,32.7453],[74.5009,32.746],[74.4845,32.7535],[74.4553,32.7786],[74.4387,32.786],[74.419,32.7846],[74.3864,32.7678],[74.3677,32.7635],[74.3462,32.7669],[74.3293,32.7764],[74.3163,32.7911],[74.3065,32.8099],[74.3159,32.8218],[74.317,32.8231],[74.3229,32.8305],[74.3338,32.8493],[74.3367,32.8701],[74.3245,32.9214],[74.322,32.972],[74.3113,32.9943],[74.284,33.0088],[74.1909,33.0221],[74.1539,33.0402],[74.0985,33.1048],[74.0658,33.1326],[74.0294,33.1542],[74.0023,33.1777],[73.9885,33.2086],[73.9918,33.2526],[74.0017,33.2702],[74.0178,33.2795],[74.0554,33.292],[74.072,33.3023],[74.0851,33.3143],[74.096,33.3285],[74.1055,33.3452],[74.1363,33.418],[74.1578,33.4942],[74.1416,33.5494],[74.0881,33.5853],[74.0242,33.6143],[73.9767,33.6484],[73.9683,33.6621],[73.9631,33.6768],[73.9608,33.6923],[73.9631,33.7216],[73.9662,33.7345],[73.9707,33.7471],[73.9767,33.7589],[74.0113,33.8105],[74.0346,33.8286],[74.1423,33.8442],[74.1775,33.8575],[74.2126,33.8784],[74.2395,33.901],[74.2625,33.9299],[74.2723,33.9621],[74.2597,33.9944],[74.2284,34.0129],[74.1921,34.0119],[74.1543,34.0041],[74.1184,34.0025],[74.0653,34.0183],[74.045,34.0194],[73.9767,34.0046],[73.9458,34.0098],[73.9162,34.0279],[73.8937,34.0543],[73.8844,34.0842],[73.8933,34.1147],[73.9169,34.1353],[73.9767,34.1616],[73.9954,34.1764],[73.9983,34.1968],[73.9906,34.2185],[73.9767,34.2375],[73.9544,34.2872],[73.9377,34.3042],[73.9075,34.3068],[73.879,34.3043],[73.8533,34.3074],[73.8291,34.3153],[73.8042,34.3275],[73.7827,34.3468],[73.7749,34.371],[73.7798,34.3961],[73.7963,34.4185],[73.8068,34.4252],[73.8316,34.4364],[73.8404,34.4444],[73.8455,34.4565],[73.847,34.4942],[73.847,34.4943],[73.8631,34.5171],[73.911,34.545],[73.926,34.565],[73.9254,34.5934],[73.9175,34.6193],[73.9193,34.6425],[73.9486,34.6627],[73.9622,34.6682],[74.1209,34.6909],[74.1468,34.7019],[74.2218,34.7478],[74.2858,34.7689],[74.3489,34.7734],[74.4121,34.7645],[74.6649,34.6883],[75.0178,34.6297],[75.111,34.6336],[75.1763,34.6454],[75.2129,34.645],[75.2245,34.6386],[75.2369,34.6319],[75.2514,34.6131],[75.2675,34.5983],[75.307,34.574],[75.3481,34.5572],[75.6116,34.4984],[75.6556,34.497],[75.7137,34.5085],[75.7348,34.5086],[75.7771,34.5038],[75.7958,34.5079],[75.8162,34.5217],[75.874,34.5714],[75.9393,34.612],[75.9662,34.6191],[75.9734,34.6223],[75.9867,34.636],[76.0075,34.6651],[76.0234,34.6772],[76.0583,34.6834],[76.1218,34.6609],[76.155,34.6617],[76.262,34.6847],[76.3999,34.7507],[76.4382,34.7629],[76.4765,34.7578],[76.5199,34.7311],[76.5358,34.7262],[76.5532,34.7258],[76.6396,34.7411],[76.6526,34.747],[76.7439,34.8193],[76.7533,34.8383],[76.7496,34.8921],[76.7576,34.9151],[76.782,34.9309],[76.817,34.9408],[76.8526,34.9433],[76.8796,34.9371],[76.9059,34.9231],[76.9211,34.9207],[76.9338,34.9289],[76.953,34.9466],[77.0131,34.9864],[77.0286,35.0034],[77.0352,35.0345],[77.0271,35.0621],[77.0231,35.0863],[77.0424,35.107],[77.049,35.1104],[77.4247,35.3029],[77.8003,35.4954]]],[[[80.9683,15.7952],[80.9832,15.7807],[80.9885,15.7707],[80.9849,15.7618],[80.9717,15.7505],[80.9426,15.741],[80.9426,15.7411],[80.918,15.7551],[80.8685,15.812],[80.8792,15.8401],[80.8884,15.8467],[80.9373,15.8189],[80.9683,15.7952]]],[[[73.6463,10.0847],[73.6441,10.077],[73.641,10.0693],[73.6371,10.0626],[73.6326,10.0573],[73.6317,10.0678],[73.6333,10.0779],[73.6375,10.0871],[73.6439,10.0945],[73.644,10.0945],[73.6452,10.0922],[73.6463,10.0847]]],[[[73.6623,10.1446],[73.6622,10.1445],[73.6603,10.1425],[73.6594,10.14],[73.6579,10.1391],[73.6546,10.1415],[73.6556,10.1448],[73.6575,10.1451],[73.6597,10.1444],[73.6623,10.1446]]],[[[72.6497,10.5668],[72.6385,10.5594],[72.6331,10.5565],[72.6275,10.5548],[72.6275,10.5548],[72.6321,10.56],[72.6486,10.574],[72.6487,10.5739],[72.6506,10.5726],[72.6504,10.5712],[72.6496,10.5693],[72.6497,10.5668]]],[[[72.5488,10.7794],[72.5488,10.7793],[72.5412,10.7729],[72.5409,10.7765],[72.5425,10.7779],[72.5454,10.7783],[72.5488,10.7794]]],[[[73.6714,10.8297],[73.6812,10.8281],[73.6844,10.8275],[73.6763,10.8244],[73.6729,10.8247],[73.6719,10.8271],[73.6714,10.8297],[73.6714,10.8297]]],[[[72.75,11.1191],[72.7476,11.1154],[72.7468,11.112],[72.745,11.1095],[72.7395,11.1088],[72.7395,11.114],[72.742,11.116],[72.7458,11.1169],[72.75,11.1191]]],[[[73.0132,11.5022],[73.0109,11.4901],[73.0088,11.4847],[73.0056,11.4796],[73.0044,11.4888],[73.0044,11.4965],[73.0071,11.5013],[73.0132,11.5022]]],[[[72.7162,11.6942],[72.7161,11.6941],[72.7087,11.6892],[72.7053,11.6873],[72.7011,11.6864],[72.7009,11.6864],[72.7051,11.6923],[72.7092,11.6942],[72.7162,11.6942]]],[[[73.0772,8.3153],[73.0818,8.3158],[73.083,8.3144],[73.083,8.3117],[73.084,8.3085],[73.0661,8.2705],[73.0567,8.26],[73.0447,8.2524],[73.0327,8.2495],[73.0241,8.2554],[73.0225,8.2744],[73.0293,8.2743],[73.0293,8.2741],[73.029,8.2634],[73.0293,8.26],[73.0483,8.2676],[73.0632,8.2795],[73.073,8.2954],[73.0772,8.3153]]],[[[88.8729,21.5955],[88.8885,21.5895],[88.902,21.5803],[88.9113,21.5669],[88.9139,21.5484],[88.908,21.5307],[88.8958,21.5285],[88.8797,21.53],[88.8625,21.5236],[88.8387,21.5319],[88.8308,21.5774],[88.8413,21.614],[88.8729,21.5955]]],[[[88.0505,21.7054],[88.09,21.8087],[88.1193,21.8595],[88.1467,21.8699],[88.167,21.7654],[88.1634,21.7055],[88.1326,21.685],[88.1444,21.6578],[88.146,21.6437],[88.1394,21.6303],[88.1301,21.6259],[88.1185,21.6277],[88.0916,21.6365],[88.0635,21.6367],[88.0518,21.6416],[88.0431,21.6576],[88.0422,21.6682],[88.044,21.6809],[88.0505,21.7054]]],[[[88.6362,21.9214],[88.6502,21.9274],[88.6633,21.9213],[88.6706,21.9074],[88.667,21.8903],[88.6553,21.8666],[88.6492,21.8424],[88.6463,21.7879],[88.6362,21.7927],[88.5996,21.8037],[88.5918,21.8044],[88.5905,21.8129],[88.585,21.8266],[88.5843,21.8358],[88.5863,21.843],[88.5986,21.8699],[88.6165,21.8979],[88.6362,21.9214]]],[[[88.0809,21.8494],[88.0723,21.8568],[88.0711,21.8736],[88.0739,21.8922],[88.0773,21.9046],[88.0847,21.9216],[88.0942,21.9379],[88.1057,21.9476],[88.1189,21.945],[88.1326,21.9205],[88.125,21.8887],[88.105,21.8612],[88.0809,21.8494]]],[[[72.1727,10.8092],[72.1726,10.83],[72.179,10.8487],[72.1852,10.8583],[72.1893,10.8649],[72.1956,10.8727],[72.2,10.8781],[72.2,10.8644],[72.1882,10.8361],[72.1727,10.8092]]],[[[72.7891,11.2617],[72.7892,11.2617],[72.7959,11.2617],[72.7956,11.2572],[72.794,11.2543],[72.7915,11.2517],[72.7891,11.248],[72.7879,11.2322],[72.7849,11.2164],[72.7755,11.1868],[72.7754,11.1866],[72.7712,11.2011],[72.7704,11.2036],[72.7742,11.2229],[72.7891,11.2617]]]]}},{"type":"Feature","properties":{"name":"Pakistan"},"geometry":{"type":"MultiPolygon","coordinates":[[[[75.9811,36.4454],[75.9874,36.4212],[75.9686,36.3418],[75.9688,36.302],[75.9766,36.287],[76.0017,36.2615],[76.0119,36.2481],[76.0144,36.2304],[76.0016,36.2221],[75.9834,36.2154],[75.9701,36.2023],[75.9691,36.1917],[75.9774,36.1738],[75.9766,36.1628],[75.9715,36.155],[75.9642,36.1498],[75.9146,36.1239],[75.9014,36.1136],[75.8943,36.0974],[75.9,36.0635],[75.9223,36.0317],[75.953,36.0073],[75.9843,35.9956],[76.0614,35.9916],[76.09,35.9781],[76.1147,35.9418],[76.1238,35.9035],[76.1278,35.8621],[76.1381,35.8267],[76.166,35.8062],[76.1898,35.805],[76.2371,35.8155],[76.2604,35.8178],[76.2805,35.8142],[76.2966,35.8095],[76.312,35.8096],[76.3489,35.831],[76.3664,35.8309],[76.3841,35.8282],[76.4031,35.831],[76.4104,35.8368],[76.4224,35.8543],[76.4321,35.8605],[76.4429,35.8633],[76.454,35.8648],[76.4765,35.8653],[76.5002,35.8715],[76.5372,35.9025],[76.5555,35.8979],[76.5653,35.8655],[76.5511,35.784],[76.5708,35.7513],[76.6042,35.7357],[76.6767,35.7138],[76.709,35.694],[76.7329,35.6666],[76.7454,35.655],[76.7634,35.6471],[76.7774,35.6461],[76.9132,35.3783],[77.049,35.1104],[77.0424,35.107],[77.0231,35.0863],[77.0271,35.0621],[77.0352,35.0345],[77.0286,35.0034],[77.0131,34.9864],[76.953,34.9466],[76.9338,34.9289],[76.9211,34.9207],[76.9059,34.9231],[76.8796,34.9371],[76.8526,34.9433],[76.817,34.9408],[76.782,34.9309],[76.7576,34.9151],[76.7496,34.8921],[76.7533,34.8383],[76.7439,34.8193],[76.6526,34.747],[76.6396,34.7411],[76.5532,34.7258],[76.5358,34.7262],[76.5199,34.7311],[76.4765,34.7578],[76.4382,34.7629],[76.3999,34.7507],[76.262,34.6847],[76.155,34.6617],[76.1218,34.6609],[76.0583,34.6834],[76.0234,34.6772],[76.0075,34.6651],[75.9867,34.636],[75.9734,34.6223],[75.9662,34.6191],[75.9393,34.612],[75.874,34.5714],[75.8162,34.5217],[75.7958,34.5079],[75.7771,34.5038],[75.7348,34.5086],[75.7137,34.5085],[75.6556,34.497],[75.6116,34.4984],[75.3481,34.5572],[75.307,34.574],[75.2675,34.5983],[75.2514,34.6131],[75.2369,34.6319],[75.2245,34.6386],[75.2129,34.645],[75.1763,34.6454],[75.111,34.6336],[75.0178,34.6297],[74.6649,34.6883],[74.4121,34.7645],[74.3489,34.7734],[74.2858,34.7689],[74.2218,34.7478],[74.1468,34.7019],[74.1209,34.6909],[73.9622,34.6682],[73.9486,34.6627],[73.9193,34.6425],[73.9175,34.6193],[73.9254,34.5934],[73.926,34.565],[73.911,34.545],[73.8631,34.5171],[73.847,34.4943],[73.847,34.4942],[73.8455,34.4565],[73.8404,34.4444],[73.8316,34.4364],[73.8068,34.4252],[73.7963,34.4185],[73.7798,34.3961],[73.7749,34.371],[73.7827,34.3468],[73.8042,34.3275],[73.8291,34.3153],[73.8533,34.3074],[73.879,34.3043],[73.9075,34.3068],[73.9377,34.3042],[73.9544,34.2872],[73.9767,34.2375],[73.9906,34.2185],[73.9983,34.1968],[73.9954,34.1764],[73.9767,34.1616],[73.9169,34.1353],[73.8933,34.1147],[73.8844,34.0842],[73.8937,34.0543],[73.9162,34.0279],[73.9458,34.0098],[73.9767,34.0046],[74.045,34.0194],[74.0653,34.0183],[74.1184,34.0025],[74.1543,34.0041],[74.1921,34.0119],[74.2284,34.0129],[74.2597,33.9944],[74.2723,33.9621],[74.2625,33.9299],[74.2395,33.901],[74.2126,33.8784],[74.1775,33.8575],[74.1423,33.8442],[74.0346,33.8286],[74.0113,33.8105],[73.9767,33.7589],[73.9707,33.7471],[73.9662,33.7345],[73.9631,33.7216],[73.9608,33.6923],[73.9631,33.6768],[73.9683,33.6621],[73.9767,33.6484],[74.0242,33.6143],[74.0881,33.5853],[74.1416,33.5494],[74.1578,33.4942],[74.1363,33.418],[74.1055,33.3452],[74.096,33.3285],[74.0851,33.3143],[74.072,33.3023],[74.0554,33.292],[74.0178,33.2795],[74.0017,33.2702],[73.9918,33.2526],[73.9885,33.2086],[74.0023,33.1777],[74.0294,33.1542],[74.0658,33.1326],[74.0985,33.1048],[74.1539,33.0402],[74.1909,33.0221],[74.284,33.0088],[74.3113,32.9943],[74.322,32.972],[74.3245,32.9214],[74.3367,32.8701],[74.3338,32.8493],[74.3229,32.8305],[74.317,32.8231],[74.3159,32.8218],[74.3065,32.8099],[74.3163,32.7911],[74.3293,32.7764],[74.3462,32.7669],[74.3677,32.7635],[74.3864,32.7678],[74.419,32.7846],[74.4387,32.786],[74.4553,32.7786],[74.4845,32.7535],[74.5009,32.746],[74.521,32.7453],[74.5738,32.7525],[74.5934,32.7579],[74.6141,32.7704],[74.622,32.7854],[74.6263,32.8026],[74.6359,32.8221],[74.6536,32.8374],[74.6718,32.8406],[74.6853,32.8312],[74.6891,32.8088],[74.6823,32.7873],[74.657,32.7453],[74.6497,32.7231],[74.6502,32.7012],[74.6573,32.6606],[74.656,32.6407],[74.648,32.6236],[74.6369,32.6063],[74.6296,32.5881],[74.6326,32.5682],[74.6626,32.4984],[74.6893,32.4714],[74.725,32.4608],[74.7635,32.4627],[74.7994,32.4727],[74.8381,32.4749],[74.907,32.4452],[74.9484,32.4488],[74.9907,32.4634],[75.0237,32.4663],[75.0549,32.4555],[75.0922,32.4293],[75.126,32.4117],[75.1962,32.3973],[75.2302,32.3802],[75.2984,32.3324],[75.3269,32.3125],[75.353,32.2844],[75.359,32.2617],[75.3486,32.242],[75.3166,32.2107],[75.3084,32.1939],[75.2981,32.1598],[75.2947,32.1489],[75.2633,32.1509],[75.2499,32.1489],[75.2264,32.1421],[75.1958,32.1286],[75.1731,32.1097],[75.1741,32.0868],[75.1613,32.088],[75.1384,32.0935],[75.1298,32.0902],[75.119,32.081],[75.1103,32.0776],[75.1021,32.0781],[75.0408,32.098],[75.0226,32.0947],[75.0302,32.0664],[75.0202,32.0658],[74.9956,32.0674],[74.9862,32.0632],[74.9785,32.0534],[74.9741,32.045],[74.9679,32.0379],[74.9557,32.0322],[74.9314,32.0298],[74.9088,32.0319],[74.8891,32.0289],[74.8732,32.0117],[74.8286,32.0254],[74.8113,32.0037],[74.8025,31.9689],[74.7837,31.9429],[74.763,31.939],[74.6984,31.9502],[74.67,31.9042],[74.6572,31.8957],[74.6411,31.8906],[74.5656,31.8405],[74.5504,31.827],[74.5408,31.8109],[74.5374,31.7889],[74.537,31.7757],[74.5351,31.7711],[74.5308,31.7678],[74.523,31.7585],[74.5212,31.7538],[74.5183,31.7418],[74.5162,31.7374],[74.5133,31.7351],[74.5055,31.732],[74.5033,31.7306],[74.4926,31.7146],[74.4894,31.7112],[74.4995,31.6999],[74.5556,31.6122],[74.5845,31.5175],[74.6146,31.4778],[74.6172,31.4589],[74.6119,31.4402],[74.6,31.4241],[74.5837,31.4066],[74.5716,31.3892],[74.5322,31.3032],[74.5253,31.2802],[74.5251,31.2354],[74.5091,31.1957],[74.5064,31.1754],[74.5096,31.1561],[74.5149,31.1418],[74.5235,31.1293],[74.5368,31.1152],[74.5531,31.109],[74.5969,31.1158],[74.617,31.1153],[74.632,31.1075],[74.6503,31.0931],[74.6588,31.0838],[74.601,31.0566],[74.5795,31.0427],[74.5643,31.025],[74.5641,31.0044],[74.5488,30.9922],[74.5348,30.9763],[74.5193,30.9625],[74.4995,30.9565],[74.4772,30.9561],[74.4585,30.9534],[74.4416,30.9462],[74.4243,30.9323],[74.4134,30.9151],[74.4091,30.901],[74.4013,30.8931],[74.3797,30.8945],[74.3536,30.9011],[74.3425,30.9019],[74.3298,30.8996],[74.3192,30.8934],[74.3107,30.8845],[74.304,30.874],[74.3114,30.8559],[74.3002,30.8382],[74.2799,30.8247],[74.2602,30.8194],[74.2567,30.8153],[74.2658,30.7954],[74.2667,30.7884],[74.2592,30.781],[74.2441,30.7712],[74.2357,30.7641],[74.2151,30.7375],[74.1988,30.725],[74.1912,30.717],[74.1847,30.6968],[74.1701,30.6872],[74.1668,30.6791],[74.1637,30.6649],[74.1557,30.6596],[74.1327,30.6555],[74.1115,30.6462],[74.0959,30.6371],[74.0822,30.6259],[74.0674,30.6105],[74.0571,30.5916],[74.0582,30.5745],[74.0615,30.5556],[74.0575,30.5314],[74.0441,30.5187],[74.0044,30.5089],[73.996,30.501],[73.9898,30.4878],[73.9391,30.4261],[73.9293,30.4191],[73.9167,30.4172],[73.8999,30.4221],[73.9021,30.4156],[73.9043,30.4015],[73.9061,30.3948],[73.8876,30.3965],[73.8677,30.3874],[73.8517,30.3727],[73.8452,30.357],[73.8423,30.353],[73.8916,30.3298],[73.9119,30.3038],[73.9346,30.261],[73.9489,30.2173],[73.9468,30.2041],[73.9444,30.1883],[73.7783,30.0673],[73.7397,30.0485],[73.5578,30.0125],[73.3852,29.9423],[73.3703,29.9273],[73.3274,29.8052],[73.2848,29.6837],[73.2329,29.5366],[73.178,29.4434],[73.1289,29.3603],[73.0509,29.2282],[72.9887,29.1546],[72.9629,29.1168],[72.9304,29.0477],[72.9182,29.0329],[72.9015,29.0226],[72.7725,28.9633],[72.6585,28.911],[72.5256,28.8499],[72.3822,28.784],[72.3546,28.7672],[72.2803,28.6872],[72.2565,28.6456],[72.1978,28.4449],[72.1776,28.3971],[72.1499,28.3538],[72.111,28.3176],[71.9882,28.2281],[71.9083,28.1356],[71.8969,28.1155],[71.8916,28.0971],[71.88,27.9749],[71.8744,27.9597],[71.8609,27.9502],[71.7014,27.9068],[71.5607,27.8685],[71.4771,27.8624],[71.3978,27.8684],[71.3114,27.8617],[71.2263,27.8454],[71.1507,27.8224],[71.0276,27.768],[70.9138,27.7178],[70.8316,27.7015],[70.7618,27.7098],[70.7104,27.7412],[70.6717,27.7911],[70.6407,27.8548],[70.6376,27.8742],[70.6416,27.9113],[70.6332,27.9316],[70.6212,27.9441],[70.5929,27.9645],[70.5598,27.9984],[70.5349,28.016],[70.5068,28.029],[70.4772,28.0373],[70.4562,28.0398],[70.4369,28.0353],[70.3983,28.0217],[70.3595,28.0163],[70.3419,28.0115],[70.3239,28.0004],[70.2677,27.9453],[70.199,27.901],[70.189,27.8918],[70.102,27.8117],[70.0907,27.7935],[70.0169,27.6006],[69.9935,27.5711],[69.9081,27.4973],[69.848,27.4104],[69.7306,27.3103],[69.6661,27.27],[69.5756,27.1884],[69.5344,27.1256],[69.5076,27.0501],[69.486,26.9268],[69.4651,26.8078],[69.4728,26.7666],[69.5042,26.7352],[69.6594,26.6777],[69.7002,26.653],[69.7723,26.5951],[69.8156,26.5803],[70.0561,26.5891],[70.0937,26.5804],[70.1296,26.5625],[70.1581,26.5301],[70.1629,26.4933],[70.157,26.4109],[70.1605,26.3713],[70.1571,26.354],[70.1479,26.3332],[70.1425,26.3137],[70.144,26.2943],[70.1516,26.2541],[70.1469,26.2174],[70.132,26.1805],[70.0783,26.0996],[70.0739,26.0831],[70.0729,26.0475],[70.0643,25.9955],[70.0646,25.9803],[70.0832,25.9299],[70.115,25.8817],[70.1543,25.8394],[70.1956,25.807],[70.214,25.7863],[70.2345,25.731],[70.2492,25.7077],[70.2646,25.6973],[70.3037,25.6846],[70.3601,25.6735],[70.4772,25.6763],[70.5167,25.6839],[70.5544,25.6988],[70.5923,25.7088],[70.6323,25.7014],[70.6539,25.6745],[70.6575,25.6336],[70.6528,25.5459],[70.6466,25.4314],[70.6545,25.3966],[70.6704,25.3756],[70.7105,25.3359],[70.7186,25.3108],[70.7231,25.2873],[70.7349,25.2673],[70.7684,25.2331],[70.8314,25.1833],[70.8486,25.1633],[70.8599,25.1394],[70.8933,25.0019],[70.9152,24.9466],[70.943,24.8941],[71.0032,24.8082],[71.0369,24.7207],[71.0566,24.6928],[71.0639,24.6826],[71.0433,24.6691],[70.9771,24.6397],[70.9628,24.6158],[70.9548,24.5845],[70.9578,24.556],[70.9771,24.5404],[70.9809,24.5347],[70.9819,24.5285],[70.9805,24.5219],[70.9771,24.5151],[70.9748,24.495],[70.9732,24.4872],[70.9731,24.4796],[70.9744,24.4722],[70.9771,24.4649],[71.0001,24.4529],[71.0401,24.4468],[71.075,24.4364],[71.0828,24.4115],[71.0731,24.4021],[71.0251,24.3863],[71.0144,24.3752],[71.0071,24.364],[70.9967,24.3566],[70.9771,24.3572],[70.9553,24.3659],[70.9363,24.3672],[70.9177,24.3617],[70.8565,24.3238],[70.8409,24.3058],[70.8445,24.2883],[70.8576,24.2717],[70.8515,24.2649],[70.8341,24.2613],[70.8136,24.2545],[70.776,24.2367],[70.7555,24.2314],[70.6215,24.2412],[70.5847,24.2579],[70.5677,24.2728],[70.5602,24.2873],[70.5554,24.327],[70.5456,24.3622],[70.5465,24.3731],[70.552,24.3794],[70.5692,24.3899],[70.5752,24.4],[70.5629,24.4241],[70.5209,24.4249],[70.4164,24.4019],[70.3708,24.3724],[70.3532,24.3663],[70.2985,24.3634],[70.2791,24.3551],[70.2426,24.3306],[70.2228,24.3267],[70.2022,24.3256],[70.1446,24.3079],[70.1097,24.3049],[70.0979,24.2988],[70.0872,24.2826],[70.063,24.2203],[70.0521,24.2021],[70.016,24.1741],[69.972,24.1652],[69.7691,24.1626],[69.7146,24.1686],[69.6706,24.1887],[69.5923,24.2646],[69.5631,24.2768],[69.2808,24.2837],[69.2062,24.2586],[69.1667,24.2532],[69.1482,24.2567],[69.0919,24.2819],[69.0677,24.2884],[69.0485,24.2852],[69.0078,24.2646],[68.9808,24.2554],[68.9626,24.2572],[68.9487,24.2703],[68.9294,24.3024],[68.922,24.3105],[68.9132,24.3173],[68.9042,24.3206],[68.8903,24.3195],[68.8851,24.3136],[68.8833,24.3054],[68.8801,24.2974],[68.8489,24.244],[68.8388,24.2365],[68.8197,24.2503],[68.8138,24.3084],[68.7992,24.3291],[68.7473,24.3312],[68.7259,24.2892],[68.7256,24.2089],[68.7251,24.1041],[68.7245,23.9652],[68.6464,23.9657],[68.5478,23.9663],[68.4316,23.9671],[68.3855,23.9604],[68.3536,23.9393],[68.3538,23.9472],[68.3524,23.9565],[68.3489,23.9646],[68.3426,23.9686],[68.3304,23.9666],[68.3299,23.9582],[68.3337,23.948],[68.335,23.941],[68.326,23.9278],[68.3141,23.9159],[68.3004,23.9105],[68.2862,23.9164],[68.28,23.9257],[68.2777,23.9335],[68.274,23.9377],[68.2639,23.9359],[68.2549,23.9291],[68.2527,23.9201],[68.2531,23.9112],[68.2519,23.9048],[68.2537,23.9028],[68.2579,23.8995],[68.2604,23.8955],[68.2568,23.8919],[68.2529,23.8917],[68.243,23.8934],[68.2399,23.8931],[68.2329,23.8891],[68.215,23.8817],[68.2073,23.877],[68.1835,23.8433],[68.183,23.8421],[68.1831,23.8435],[68.1575,23.9051],[68.1564,23.874],[68.1575,23.8642],[68.1602,23.8579],[68.1687,23.8448],[68.1706,23.8399],[68.1668,23.82],[68.1487,23.7809],[68.1433,23.7611],[68.1442,23.7431],[68.1548,23.7143],[68.1575,23.6962],[68.1491,23.6945],[68.1304,23.7082],[68.1022,23.7338],[68.0989,23.7093],[68.0817,23.7087],[68.0628,23.7231],[68.0539,23.7437],[68.057,23.751],[68.0711,23.7606],[68.0744,23.7648],[68.0733,23.7834],[68.0744,23.7884],[68.0817,23.8056],[68.0882,23.8095],[68.1022,23.8095],[68.1022,23.8157],[68.0884,23.8261],[68.0725,23.8419],[68.0594,23.8619],[68.0539,23.8847],[68.0617,23.9113],[68.0637,23.9232],[68.0477,23.9212],[68.0242,23.9352],[68.0135,23.9393],[68.0415,23.8522],[68.0539,23.8294],[68.0357,23.7924],[68.0244,23.7746],[68.0135,23.7685],[68.008,23.7742],[68.0034,23.7853],[68.0003,23.7973],[67.9993,23.8058],[67.9942,23.8112],[67.9832,23.8096],[67.9734,23.8052],[67.9719,23.8021],[67.9619,23.8047],[67.9509,23.8089],[67.9417,23.8159],[67.9378,23.8263],[67.9343,23.833],[67.926,23.8341],[67.9168,23.8336],[67.9099,23.8362],[67.9046,23.8463],[67.9059,23.8593],[67.8999,23.8676],[67.8919,23.8696],[67.8835,23.8648],[67.8689,23.8505],[67.8645,23.8658],[67.8633,23.9028],[67.8552,23.9119],[67.8491,23.8895],[67.839,23.8234],[67.8317,23.8095],[67.8026,23.8128],[67.7732,23.8211],[67.7186,23.8437],[67.7307,23.8356],[67.7411,23.8231],[67.7437,23.8088],[67.7323,23.7952],[67.7157,23.7917],[67.6936,23.7934],[67.6566,23.8021],[67.6465,23.8029],[67.6377,23.8017],[67.6316,23.8035],[67.6292,23.8126],[67.6307,23.8248],[67.6343,23.8331],[67.6388,23.8406],[67.6429,23.8505],[67.6511,23.9071],[67.6566,23.9194],[67.6566,23.9256],[67.652,23.9253],[67.6511,23.9269],[67.6512,23.9298],[67.6504,23.9331],[67.638,23.9159],[67.6374,23.8743],[67.6292,23.8567],[67.6145,23.8501],[67.5996,23.8542],[67.5894,23.8665],[67.5884,23.8847],[67.5746,23.8718],[67.5661,23.8765],[67.5581,23.8887],[67.5466,23.8983],[67.5326,23.8992],[67.5301,23.8913],[67.5359,23.88],[67.5466,23.871],[67.4911,23.8831],[67.4785,23.8915],[67.488,23.8931],[67.4953,23.8923],[67.5026,23.8929],[67.5125,23.8983],[67.5205,23.9071],[67.5322,23.9291],[67.5405,23.9393],[67.5305,23.9355],[67.5199,23.9283],[67.509,23.9232],[67.4989,23.9256],[67.4969,23.9356],[67.4998,23.9516],[67.5064,23.974],[67.4636,23.982],[67.4512,23.9877],[67.4681,24.022],[67.4782,24.0324],[67.4922,24.028],[67.5199,24.0451],[67.5298,24.0549],[67.5331,24.0703],[67.5098,24.0521],[67.4891,24.0541],[67.4673,24.0642],[67.4407,24.0703],[67.3836,24.0668],[67.354,24.0709],[67.3413,24.0864],[67.3371,24.119],[67.3264,24.1438],[67.3003,24.1863],[67.2956,24.1992],[67.2933,24.2122],[67.2923,24.2619],[67.2884,24.27],[67.2791,24.2812],[67.2839,24.2879],[67.2893,24.2987],[67.2928,24.303],[67.286,24.3296],[67.3059,24.3428],[67.3364,24.3464],[67.3625,24.3439],[67.3425,24.3538],[67.3254,24.3576],[67.283,24.3576],[67.2717,24.3691],[67.2736,24.3951],[67.2866,24.4395],[67.2805,24.4323],[67.2736,24.4269],[67.2588,24.4191],[67.2568,24.445],[67.2468,24.468],[67.2307,24.4888],[67.2109,24.5084],[67.2308,24.5251],[67.2267,24.5324],[67.2041,24.5351],[67.1946,24.5473],[67.1886,24.5613],[67.1852,24.5761],[67.1836,24.5903],[67.1995,24.5848],[67.2181,24.5824],[67.2367,24.584],[67.2526,24.5903],[67.2239,24.6072],[67.209,24.6138],[67.1904,24.6177],[67.1727,24.6159],[67.1599,24.6122],[67.1521,24.6157],[67.1496,24.6351],[67.157,24.6629],[67.1755,24.6887],[67.2,24.7106],[67.2246,24.727],[67.2529,24.7404],[67.2555,24.748],[67.2451,24.7617],[67.2327,24.7707],[67.2238,24.7697],[67.2127,24.7647],[67.176,24.7577],[67.1673,24.7602],[67.1616,24.7814],[67.156,24.7916],[67.1482,24.7998],[67.1397,24.8033],[67.1218,24.8012],[67.1111,24.7978],[67.0999,24.7971],[67.0812,24.8033],[67.0737,24.7958],[67.0825,24.7742],[67.0637,24.7817],[67.023,24.81],[67.0051,24.8135],[66.9873,24.8222],[66.973,24.8332],[66.9651,24.8436],[66.9577,24.8436],[66.9579,24.8254],[66.9602,24.8178],[66.9651,24.81],[66.9412,24.8126],[66.9219,24.8243],[66.9033,24.8392],[66.8821,24.851],[66.8538,24.8522],[66.8273,24.8441],[66.8025,24.8395],[66.7796,24.851],[66.7693,24.8472],[66.7163,24.8415],[66.6914,24.8326],[66.6797,24.8306],[66.6541,24.8392],[66.6567,24.8587],[66.677,24.8795],[66.7044,24.892],[66.7044,24.8989],[66.6813,24.9105],[66.6813,24.9489],[66.697,25.0255],[66.6996,25.0853],[66.7044,25.1043],[66.7136,25.1208],[66.7323,25.1433],[66.738,25.1595],[66.7372,25.1811],[66.7214,25.2126],[66.7175,25.2312],[66.7102,25.2392],[66.6741,25.269],[66.6595,25.2756],[66.6483,25.2832],[66.5952,25.3302],[66.5607,25.3497],[66.5479,25.3656],[66.5537,25.3854],[66.5793,25.3794],[66.5912,25.3996],[66.5871,25.4262],[66.5642,25.4394],[66.5505,25.4571],[66.5417,25.4922],[66.531,25.5181],[66.5127,25.5084],[66.5106,25.5129],[66.5073,25.5176],[66.5059,25.522],[66.4928,25.5181],[66.4866,25.5256],[66.4829,25.5382],[66.4779,25.5493],[66.4441,25.5825],[66.437,25.5977],[66.4121,25.5906],[66.3877,25.5924],[66.3726,25.6039],[66.3755,25.6257],[66.3587,25.6145],[66.3386,25.6081],[66.3032,25.6046],[66.2913,25.6059],[66.2705,25.6116],[66.2581,25.612],[66.2542,25.6096],[66.2484,25.6047],[66.2398,25.5999],[66.2039,25.5932],[66.1834,25.5816],[66.1672,25.5661],[66.1558,25.5493],[66.1374,25.5138],[66.1316,25.5084],[66.1209,25.5046],[66.1096,25.4954],[66.0999,25.4844],[66.0944,25.4748],[66.1211,25.4752],[66.2005,25.4879],[66.2131,25.4914],[66.2236,25.4995],[66.2385,25.5158],[66.2415,25.5185],[66.2451,25.5204],[66.2497,25.5216],[66.2551,25.522],[66.2588,25.5248],[66.2583,25.5314],[66.2568,25.5385],[66.2581,25.5431],[66.2791,25.55],[66.3093,25.554],[66.3364,25.5534],[66.3483,25.5462],[66.3527,25.5355],[66.3635,25.5303],[66.377,25.527],[66.3885,25.522],[66.3971,25.5129],[66.412,25.4911],[66.4232,25.481],[66.4373,25.4913],[66.4562,25.496],[66.4758,25.4933],[66.4922,25.481],[66.4575,25.4538],[66.4979,25.4305],[66.5116,25.4142],[66.4984,25.3985],[66.4839,25.4005],[66.4655,25.4116],[66.437,25.4333],[66.3595,25.4652],[66.3119,25.4749],[66.2787,25.4674],[66.2518,25.4729],[66.2195,25.4649],[66.187,25.4529],[66.1592,25.4469],[66.069,25.4462],[66.0046,25.4296],[65.9245,25.4186],[65.8815,25.4196],[65.8584,25.4175],[65.824,25.4022],[65.8003,25.3958],[65.7654,25.378],[65.7244,25.3712],[65.6716,25.3474],[65.6521,25.3445],[65.6297,25.3469],[65.4881,25.3831],[65.4678,25.3854],[65.4461,25.381],[65.4229,25.3724],[65.4007,25.3667],[65.3823,25.3712],[65.387,25.3764],[65.3954,25.3923],[65.3628,25.3906],[65.3362,25.3853],[65.3132,25.3769],[65.2923,25.365],[65.2598,25.3804],[65.2323,25.3707],[65.2111,25.3478],[65.188,25.311],[65.1802,25.3037],[65.1702,25.2995],[65.1553,25.2961],[65.1434,25.2959],[65.118,25.3019],[65.0896,25.3056],[65.0588,25.3145],[65.042,25.3166],[64.9806,25.3166],[64.9207,25.3271],[64.8897,25.3284],[64.8611,25.3166],[64.8391,25.3253],[64.8073,25.3285],[64.7444,25.324],[64.7185,25.3144],[64.696,25.2976],[64.6786,25.2768],[64.6686,25.2551],[64.6628,25.2291],[64.6633,25.217],[64.6686,25.2067],[64.6799,25.2015],[64.6963,25.1971],[64.7092,25.1907],[64.7102,25.1794],[64.7023,25.1788],[64.655,25.1657],[64.6406,25.1666],[64.6152,25.1732],[64.6004,25.1732],[64.627,25.2116],[64.6277,25.2285],[64.6106,25.2517],[64.593,25.2613],[64.5654,25.2703],[64.5371,25.2759],[64.5184,25.2756],[64.5066,25.2669],[64.492,25.2457],[64.4802,25.2414],[64.4675,25.2404],[64.448,25.2357],[64.4393,25.2346],[64.4175,25.2409],[64.3828,25.2715],[64.3607,25.283],[64.3182,25.2923],[64.2751,25.2961],[64.2658,25.2987],[64.2528,25.3116],[64.2446,25.3166],[64.1839,25.3187],[64.0945,25.3359],[64.0947,25.3499],[64.1037,25.3679],[64.1069,25.3854],[64.1017,25.3909],[64.0923,25.396],[64.0835,25.4035],[64.0796,25.4162],[64.0838,25.4267],[64.0938,25.4318],[64.1062,25.4333],[64.1174,25.4333],[64.1409,25.4289],[64.1509,25.4321],[64.1553,25.4469],[64.1507,25.4514],[64.1406,25.4534],[64.1273,25.4538],[64.0816,25.4438],[64.0565,25.4417],[64.0454,25.4503],[63.9896,25.4254],[63.9766,25.4128],[63.9914,25.4167],[63.9971,25.4196],[64.0042,25.402],[64.0117,25.3973],[64.0215,25.4027],[64.0352,25.4162],[64.0488,25.4165],[64.0617,25.3992],[64.0796,25.365],[64.0667,25.3463],[64.0597,25.3446],[64.042,25.3445],[64.0049,25.339],[63.9871,25.3383],[63.9697,25.3445],[63.9441,25.3349],[63.9066,25.3412],[63.8049,25.375],[63.7378,25.3853],[63.6699,25.3836],[63.6047,25.3744],[63.5725,25.365],[63.5544,25.3562],[63.5376,25.3445],[63.5105,25.3166],[63.4958,25.2914],[63.4852,25.2843],[63.4695,25.2893],[63.4741,25.2731],[63.4817,25.2602],[63.512,25.2267],[63.5169,25.2236],[63.5187,25.2209],[63.5179,25.2142],[63.5154,25.2069],[63.5117,25.2003],[63.5066,25.1955],[63.5005,25.1937],[63.4688,25.199],[63.4111,25.2225],[63.377,25.2278],[63.3081,25.2204],[63.2914,25.2228],[63.2442,25.2414],[63.1785,25.258],[63.1441,25.2609],[63.1131,25.2551],[63.051,25.2242],[63.0278,25.2204],[62.9424,25.2278],[62.7705,25.2619],[62.605,25.266],[62.5275,25.2642],[62.4772,25.2591],[62.465,25.2372],[62.4676,25.2235],[62.4894,25.2142],[62.4695,25.2067],[62.4443,25.2139],[62.4138,25.2065],[62.3853,25.1925],[62.3659,25.1794],[62.3547,25.1694],[62.3431,25.1555],[62.3362,25.1398],[62.3391,25.1247],[62.352,25.1128],[62.3732,25.1084],[62.3872,25.1016],[62.3811,25.0876],[62.3397,25.0874],[62.29,25.09],[62.2561,25.0986],[62.2803,25.1166],[62.2839,25.1199],[62.2878,25.1223],[62.2908,25.1247],[62.2993,25.1288],[62.3083,25.1282],[62.3153,25.1302],[62.3181,25.1418],[62.304,25.1669],[62.2975,25.1851],[62.2752,25.1999],[62.2542,25.212],[62.2258,25.2141],[62.1918,25.2201],[62.1452,25.2184],[62.1027,25.2051],[62.08,25.1972],[62.068,25.1781],[62.059,25.1616],[62.0731,25.1506],[62.0778,25.1277],[62.0889,25.1184],[62.0972,25.1071],[62.0756,25.1007],[62.0358,25.103],[61.9891,25.1081],[61.9295,25.1096],[61.8811,25.103],[61.8699,25.0839],[61.8664,25.0754],[61.8574,25.0668],[61.8473,25.0379],[61.8352,25.0384],[61.8149,25.0262],[61.7905,25.0178],[61.7549,25.0135],[61.7296,25.0218],[61.7201,25.0374],[61.7258,25.0589],[61.7358,25.0695],[61.7285,25.0831],[61.7324,25.0916],[61.7495,25.1043],[61.76,25.1154],[61.7627,25.122],[61.7638,25.135],[61.7668,25.1457],[61.7801,25.1625],[61.7837,25.1732],[61.7831,25.188],[61.7796,25.1911],[61.7737,25.1884],[61.7669,25.1862],[61.7639,25.1843],[61.7551,25.1756],[61.7495,25.1732],[61.7443,25.175],[61.7311,25.1841],[61.7254,25.1862],[61.7136,25.1881],[61.7075,25.1922],[61.7025,25.197],[61.6942,25.2005],[61.6828,25.2016],[61.6502,25.2005],[61.6341,25.2039],[61.6242,25.2044],[61.6125,25.2005],[61.5882,25.2021],[61.62,25.2855],[61.626,25.3698],[61.6331,25.4693],[61.6391,25.5549],[61.6432,25.6133],[61.6466,25.6277],[61.6525,25.6373],[61.6672,25.6505],[61.6735,25.6583],[61.6764,25.6928],[61.6653,25.7324],[61.6604,25.7692],[61.6814,25.7955],[61.7026,25.8001],[61.7219,25.7997],[61.7393,25.8033],[61.7545,25.82],[61.7601,25.8376],[61.7706,25.9074],[61.7832,25.9906],[61.7927,26.0528],[61.8007,26.1066],[61.8099,26.1674],[61.8184,26.1985],[61.8329,26.2254],[61.8571,26.2424],[61.9777,26.2732],[62.0137,26.2946],[62.0323,26.3029],[62.0528,26.3086],[62.0942,26.3148],[62.1033,26.3251],[62.1069,26.3497],[62.1238,26.374],[62.1615,26.3695],[62.2059,26.3553],[62.2434,26.3506],[62.2651,26.361],[62.2642,26.3752],[62.2545,26.3936],[62.249,26.4165],[62.2561,26.4289],[62.2875,26.4566],[62.2979,26.474],[62.297,26.4802],[62.2931,26.4859],[62.2901,26.4924],[62.292,26.5012],[62.2983,26.5088],[62.307,26.5137],[62.3265,26.5207],[62.3347,26.5248],[62.3476,26.5333],[62.3559,26.5366],[62.3653,26.5375],[62.3864,26.5366],[62.3967,26.5391],[62.4025,26.5438],[62.4106,26.5568],[62.4185,26.5623],[62.428,26.5648],[62.5953,26.5807],[62.6158,26.5871],[62.6241,26.593],[62.632,26.6004],[62.6406,26.6051],[62.6513,26.6032],[62.6625,26.5983],[62.671,26.5977],[62.7019,26.604],[62.7106,26.6069],[62.718,26.6105],[62.7247,26.6151],[62.7351,26.6322],[62.7427,26.6413],[62.7536,26.6442],[62.8217,26.6426],[62.9,26.6409],[62.9904,26.6389],[63.0294,26.6335],[63.0689,26.6325],[63.098,26.6384],[63.1076,26.6376],[63.1162,26.634],[63.1235,26.6294],[63.1313,26.6258],[63.1413,26.6254],[63.1638,26.6451],[63.1743,26.685],[63.1823,26.8302],[63.1896,26.846],[63.206,26.8537],[63.2467,26.8595],[63.2616,26.8717],[63.2649,26.89],[63.2565,26.9062],[63.244,26.9224],[63.235,26.9411],[63.2299,27.0541],[63.2314,27.0658],[63.2356,27.0759],[63.2462,27.0895],[63.25,27.0995],[63.2609,27.1156],[63.2806,27.1232],[63.3024,27.1234],[63.3196,27.1173],[63.2856,27.1846],[63.2713,27.2034],[63.2606,27.2138],[63.2515,27.219],[63.2268,27.227],[63.2154,27.2332],[63.1896,27.2545],[63.1771,27.2584],[63.167,27.2587],[63.1123,27.2432],[63.0994,27.2428],[63.0827,27.2444],[63.0562,27.2432],[63.0038,27.2288],[62.9778,27.2252],[62.9196,27.2149],[62.8924,27.2135],[62.8608,27.2196],[62.8374,27.2313],[62.8293,27.2336],[62.8223,27.2325],[62.8085,27.2254],[62.8006,27.2252],[62.7856,27.2325],[62.7424,27.2668],[62.7582,27.2677],[62.7681,27.2744],[62.7741,27.2855],[62.7788,27.2998],[62.7806,27.3161],[62.7757,27.3269],[62.756,27.3481],[62.8086,27.4534],[62.8147,27.495],[62.8093,27.5471],[62.7997,27.6393],[62.7947,27.6895],[62.7864,27.7703],[62.7803,27.8297],[62.7542,27.9258],[62.7357,27.995],[62.7517,28.1087],[62.7664,28.2115],[62.7615,28.2464],[62.7393,28.2583],[62.5756,28.229],[62.5554,28.2403],[62.4923,28.3007],[62.4777,28.3223],[62.4712,28.3397],[62.4643,28.3498],[62.4538,28.3557],[62.4372,28.3604],[62.421,28.3686],[62.4107,28.3807],[62.4022,28.3941],[62.3905,28.4061],[62.3628,28.4189],[62.2307,28.4425],[62.1475,28.4753],[62.1156,28.4814],[62.0491,28.4863],[62.0188,28.4947],[61.9711,28.519],[61.9113,28.5337],[61.8928,28.5426],[61.8612,28.5748],[61.7977,28.6266],[61.7562,28.674],[61.653,28.7563],[61.624,28.7876],[61.5953,28.8427],[61.5665,28.871],[61.5613,28.8859],[61.559,28.9027],[61.5532,28.9221],[61.5109,29.0074],[61.5021,29.0177],[61.491,29.0255],[61.478,29.0307],[61.4703,29.0359],[61.468,29.0417],[61.4708,29.0479],[61.478,29.0543],[61.4872,29.0629],[61.4906,29.072],[61.4877,29.0807],[61.478,29.0875],[61.4609,29.0939],[61.4532,29.1084],[61.448,29.1254],[61.4377,29.1396],[61.4269,29.1446],[61.4177,29.1457],[61.4086,29.1486],[61.3979,29.1591],[61.3928,29.1705],[61.3901,29.1954],[61.387,29.2066],[61.3742,29.2238],[61.3423,29.2545],[61.3328,29.2749],[61.3328,29.2945],[61.3447,29.3295],[61.3466,29.3491],[61.3374,29.3744],[61.3198,29.3854],[61.2987,29.3927],[61.2792,29.4066],[61.1969,29.4923],[61.1187,29.574],[61.0433,29.6524],[60.978,29.7206],[60.9251,29.775],[60.8444,29.8582],[60.876,29.8455],[60.9474,29.8255],[61.0306,29.8022],[61.114,29.7787],[61.1972,29.7553],[61.2804,29.732],[61.3637,29.7086],[61.4469,29.6853],[61.5302,29.6619],[61.6134,29.6385],[61.6966,29.6152],[61.7799,29.5918],[61.8632,29.5684],[61.9465,29.545],[62.0296,29.5216],[62.113,29.4982],[62.1963,29.4749],[62.2794,29.4515],[62.3745,29.4249],[62.4775,29.4078],[62.6026,29.4181],[62.6313,29.4204],[62.6804,29.4245],[62.7294,29.4285],[62.7784,29.4325],[62.8275,29.4366],[62.8765,29.4406],[62.9255,29.4446],[62.9745,29.4486],[63.0236,29.4527],[63.0726,29.4568],[63.1216,29.4608],[63.1707,29.4648],[63.2197,29.4688],[63.2687,29.4729],[63.3178,29.4769],[63.3668,29.4809],[63.416,29.485],[63.5686,29.4975],[63.7879,29.4606],[63.972,29.4296],[64.0861,29.3866],[64.1134,29.3963],[64.1498,29.4585],[64.1726,29.4843],[64.2077,29.5],[64.4777,29.5704],[64.4995,29.5702],[64.6839,29.5688],[64.8203,29.5679],[64.9866,29.5416],[65.0364,29.5402],[65.1814,29.5771],[65.2395,29.5918],[65.2976,29.6066],[65.3558,29.6214],[65.4137,29.6362],[65.4717,29.651],[65.5297,29.6657],[65.5878,29.6806],[65.6458,29.6953],[65.704,29.7102],[65.7621,29.7249],[65.8201,29.7397],[65.8782,29.7545],[65.9361,29.7693],[65.9943,29.784],[66.0524,29.7989],[66.1105,29.8136],[66.1956,29.8353],[66.2752,29.8852],[66.3018,29.9157],[66.3224,29.9465],[66.3284,29.9495],[66.3368,29.952],[66.3405,29.9566],[66.3324,29.9661],[66.3016,29.9868],[66.2604,30.0231],[66.2252,30.0444],[66.2193,30.0579],[66.2217,30.0737],[66.2363,30.1116],[66.3009,30.2256],[66.3053,30.2448],[66.303,30.3053],[66.3218,30.4374],[66.3194,30.4578],[66.3138,30.4783],[66.3061,30.4911],[66.2819,30.5181],[66.2649,30.5578],[66.268,30.6014],[66.3663,30.9229],[66.3754,30.9367],[66.3923,30.9446],[66.5275,30.9683],[66.55,30.977],[66.644,31.0602],[66.6631,31.0831],[66.697,31.1958],[66.7213,31.2103],[66.7595,31.2148],[66.7853,31.2318],[66.8086,31.2547],[66.8385,31.277],[66.9059,31.3055],[66.9433,31.3147],[67.0021,31.3159],[67.0168,31.3091],[67.0239,31.2953],[67.026,31.273],[67.0234,31.2649],[67.0179,31.2587],[67.0139,31.2527],[67.0153,31.2447],[67.0229,31.2394],[67.0353,31.2359],[67.0582,31.2324],[67.0785,31.232],[67.1169,31.2403],[67.1368,31.2411],[67.1567,31.2359],[67.1932,31.2185],[67.2138,31.2123],[67.2303,31.2106],[67.2822,31.2128],[67.3462,31.2078],[67.3646,31.2107],[67.4339,31.2361],[67.4933,31.243],[67.5302,31.2566],[67.5837,31.2652],[67.6022,31.2711],[67.6659,31.3063],[67.6789,31.3166],[67.6928,31.3252],[67.709,31.3293],[67.7494,31.328],[67.7647,31.3341],[67.7751,31.3528],[67.7704,31.3947],[67.7343,31.4048],[67.6511,31.3953],[67.6314,31.4001],[67.6115,31.4108],[67.597,31.4257],[67.5911,31.4648],[67.5781,31.4821],[67.5634,31.4973],[67.5561,31.5122],[67.569,31.5299],[67.6005,31.5305],[67.6655,31.5181],[67.6963,31.5208],[67.7267,31.5314],[67.7483,31.5444],[67.7812,31.5642],[67.8427,31.6235],[67.8707,31.6352],[67.8843,31.6356],[67.9147,31.6314],[67.9552,31.6332],[67.9661,31.6382],[67.9773,31.6519],[67.9941,31.6634],[68.0466,31.6884],[68.0523,31.6954],[68.0556,31.7166],[68.0605,31.7256],[68.0935,31.7516],[68.0983,31.7591],[68.1045,31.7688],[68.1257,31.8115],[68.1386,31.8247],[68.1591,31.8259],[68.1848,31.8182],[68.2068,31.8079],[68.2323,31.7902],[68.2426,31.7769],[68.255,31.7664],[68.2769,31.7636],[68.3165,31.7652],[68.3561,31.7625],[68.461,31.7305],[68.498,31.7252],[68.5152,31.73],[68.5368,31.741],[68.5498,31.7535],[68.5406,31.7625],[68.5213,31.7648],[68.4614,31.7636],[68.4396,31.7666],[68.4222,31.7732],[68.4187,31.783],[68.4382,31.796],[68.4815,31.8157],[68.5051,31.8227],[68.5275,31.823],[68.5611,31.8118],[68.6195,31.7835],[68.6758,31.7747],[68.6883,31.7686],[68.6949,31.7564],[68.6979,31.7159],[68.7054,31.7013],[68.7312,31.6755],[68.7773,31.6186],[68.8038,31.6026],[68.8435,31.6065],[68.907,31.6343],[68.941,31.6437],[68.9773,31.6415],[69.004,31.6511],[69.0401,31.6731],[69.0716,31.6979],[69.0848,31.7158],[69.1,31.724],[69.1143,31.7378],[69.2238,31.8819],[69.2509,31.907],[69.2989,31.9377],[69.3012,31.9413],[69.3048,31.9469],[69.3022,31.9599],[69.2706,32.036],[69.251,32.1307],[69.2519,32.1523],[69.2595,32.1945],[69.26,32.2368],[69.267,32.2796],[69.2681,32.3013],[69.2644,32.3224],[69.2385,32.3783],[69.228,32.4213],[69.2329,32.4627],[69.2516,32.5005],[69.282,32.5328],[69.3021,32.5438],[69.3435,32.556],[69.3612,32.5685],[69.4139,32.6355],[69.426,32.6551],[69.4291,32.6674],[69.4191,32.7005],[69.4172,32.718],[69.4147,32.7256],[69.4077,32.7299],[69.3992,32.733],[69.3904,32.7379],[69.3832,32.7445],[69.3781,32.7523],[69.3763,32.7719],[69.3872,32.7853],[69.4211,32.8068],[69.4456,32.8357],[69.4714,32.8522],[69.4773,32.8568],[69.4872,32.8859],[69.4685,32.9943],[69.4781,33.0114],[69.4877,33.0284],[69.5142,33.0567],[69.5475,33.075],[69.5878,33.0795],[69.6083,33.0791],[69.6407,33.0842],[69.6502,33.0819],[69.6588,33.0784],[69.6678,33.077],[69.686,33.0808],[69.733,33.1093],[69.7718,33.1148],[69.8387,33.0867],[69.8809,33.0892],[69.9558,33.1277],[69.9657,33.1294],[69.9947,33.1273],[70.0069,33.1318],[70.0145,33.1408],[70.048,33.1941],[70.0598,33.1981],[70.0837,33.1913],[70.1054,33.1898],[70.1248,33.199],[70.2944,33.3189],[70.3016,33.3518],[70.2857,33.3829],[70.233,33.4326],[70.2278,33.44],[70.2204,33.456],[70.2134,33.4613],[70.1855,33.469],[70.1776,33.4734],[70.1638,33.4887],[70.155,33.5066],[70.1514,33.5259],[70.153,33.5447],[70.1735,33.6079],[70.1741,33.6321],[70.1702,33.6387],[70.1625,33.6432],[70.146,33.6499],[70.1369,33.6563],[70.1325,33.6614],[70.1266,33.677],[70.1181,33.7165],[70.1082,33.7273],[70.0656,33.721],[70.0118,33.7403],[69.9965,33.7421],[69.9727,33.7448],[69.9575,33.7527],[69.9472,33.772],[69.9401,33.7915],[69.9313,33.8064],[69.9075,33.8356],[69.8988,33.8515],[69.8854,33.8895],[69.8765,33.9026],[69.8472,33.9269],[69.8411,33.9418],[69.8542,33.9564],[69.872,33.9715],[69.8739,33.9863],[69.8704,34.0013],[69.8726,34.0172],[69.8893,34.0312],[69.916,34.0389],[69.9691,34.0457],[70.0028,34.0438],[70.2188,33.9807],[70.2756,33.9762],[70.3099,33.9617],[70.3282,33.9573],[70.409,33.9544],[70.4915,33.9396],[70.522,33.9387],[70.6562,33.9547],[70.7913,33.9536],[70.8622,33.9648],[70.88,33.9943],[70.8843,34.007],[70.8943,34.0094],[70.9212,34.0022],[70.9397,34.0009],[70.954,34.0048],[70.9657,34.0138],[70.9771,34.0274],[70.9977,34.0333],[71.0467,34.0419],[71.0626,34.0543],[71.0673,34.073],[71.0639,34.0889],[71.0628,34.1053],[71.0739,34.1253],[71.1018,34.1518],[71.1081,34.1652],[71.1095,34.1892],[71.1065,34.2094],[71.0969,34.2443],[71.0971,34.2625],[71.1264,34.3322],[71.122,34.3568],[71.0509,34.3898],[71.0198,34.4144],[70.9915,34.4431],[70.9708,34.4689],[70.9612,34.4876],[70.9556,34.51],[70.957,34.532],[70.9687,34.5497],[70.9834,34.5553],[70.9858,34.5562],[71.007,34.5563],[71.0475,34.5511],[71.0658,34.5585],[71.0766,34.5785],[71.0799,34.6029],[71.0763,34.6236],[71.0688,34.6459],[71.0702,34.6612],[71.0806,34.6729],[71.1509,34.7203],[71.1895,34.7371],[71.2031,34.7482],[71.2556,34.8102],[71.2708,34.8443],[71.2895,34.875],[71.3249,34.8976],[71.4452,34.9378],[71.46,34.9427],[71.4696,34.9497],[71.4767,34.9603],[71.4854,34.9835],[71.4933,34.994],[71.4933,34.9941],[71.4934,34.9941],[71.5043,35.0006],[71.5113,35.0087],[71.513,35.0181],[71.5075,35.0282],[71.5089,35.072],[71.535,35.0986],[71.6041,35.1382],[71.6292,35.1701],[71.6379,35.1897],[71.6337,35.2031],[71.6032,35.2234],[71.5478,35.2756],[71.5298,35.3009],[71.5316,35.3279],[71.5623,35.3606],[71.6111,35.3955],[71.6209,35.4101],[71.6224,35.4296],[71.614,35.4432],[71.6007,35.4555],[71.5934,35.4642],[71.5878,35.4709],[71.5817,35.4931],[71.586,35.5121],[71.5929,35.5302],[71.5935,35.5494],[71.5842,35.5642],[71.5679,35.5742],[71.5128,35.5963],[71.4927,35.6096],[71.4833,35.6266],[71.4959,35.6466],[71.514,35.6656],[71.5198,35.6838],[71.5154,35.7015],[71.5027,35.7191],[71.4961,35.7246],[71.4814,35.7341],[71.4756,35.741],[71.4711,35.7523],[71.471,35.7613],[71.472,35.77],[71.4709,35.7799],[71.4644,35.7947],[71.431,35.8437],[71.4167,35.8588],[71.3713,35.8851],[71.3607,35.9003],[71.3564,35.9331],[71.3416,35.9473],[71.3125,35.9574],[71.2843,35.9625],[71.2574,35.9716],[71.2319,35.994],[71.2179,36.0027],[71.1819,36.0188],[71.1709,36.027],[71.1699,36.0308],[71.1659,36.0457],[71.1754,36.0612],[71.2076,36.0876],[71.2126,36.0968],[71.2177,36.1181],[71.2231,36.1254],[71.2623,36.1461],[71.2927,36.1579],[71.3021,36.1633],[71.309,36.1727],[71.314,36.194],[71.3191,36.2006],[71.3824,36.2186],[71.4028,36.2314],[71.4791,36.3005],[71.4958,36.3096],[71.5146,36.3152],[71.5389,36.3193],[71.5584,36.3279],[71.5527,36.341],[71.5422,36.3564],[71.5472,36.3716],[71.5723,36.3917],[71.5804,36.4023],[71.5887,36.4184],[71.6007,36.4493],[71.6104,36.4579],[71.6291,36.4595],[71.6493,36.4528],[71.7069,36.4214],[71.7363,36.3959],[71.751,36.3911],[71.7669,36.3918],[71.7826,36.3965],[71.7944,36.4076],[71.7915,36.4213],[71.7746,36.4484],[71.7732,36.48],[71.7938,36.4907],[71.8586,36.4942],[71.8747,36.4991],[71.8876,36.508],[71.8997,36.5183],[71.9135,36.5276],[71.9609,36.5496],[71.977,36.563],[71.9978,36.5724],[72.0388,36.5805],[72.055,36.5929],[72.0563,36.6019],[72.0522,36.6104],[72.0504,36.6186],[72.0591,36.6271],[72.0709,36.6323],[72.0961,36.6389],[72.1542,36.6455],[72.1716,36.6536],[72.1646,36.6701],[72.1496,36.6893],[72.1535,36.7021],[72.1697,36.7114],[72.2136,36.7264],[72.302,36.7427],[72.3462,36.7449],[72.3873,36.7558],[72.4331,36.7534],[72.4541,36.758],[72.5167,36.8006],[72.5652,36.8206],[72.6296,36.8329],[72.6959,36.8367],[72.7794,36.8268],[72.8677,36.8304],[72.8969,36.837],[72.9211,36.8474],[72.9459,36.8522],[72.9768,36.8421],[72.9905,36.8416],[73.0023,36.8461],[73.0263,36.8595],[73.0425,36.8643],[73.1918,36.877],[73.2235,36.8743],[73.2527,36.868],[73.2675,36.8665],[73.2819,36.868],[73.3318,36.8821],[73.3797,36.8792],[73.4459,36.8865],[73.4769,36.8829],[73.5093,36.8787],[73.6401,36.8966],[73.7095,36.8942],[73.7111,36.8942],[73.7113,36.8942],[73.7118,36.8941],[73.7729,36.892],[73.8341,36.8829],[73.8651,36.8726],[73.9469,36.8309],[73.9767,36.8248],[74.0064,36.8157],[74.0353,36.8156],[74.0943,36.8312],[74.1039,36.8413],[74.1088,36.8756],[74.1153,36.8895],[74.1297,36.8984],[74.146,36.9017],[74.2117,36.8951],[74.2357,36.9022],[74.2846,36.9342],[74.3681,36.9768],[74.394,36.994],[74.4356,37.0032],[74.457,37.0044],[74.4766,36.9993],[74.4803,36.9969],[74.4836,36.994],[74.5017,36.9724],[74.5214,36.9585],[74.5374,36.9622],[74.5442,36.994],[74.5481,37.0016],[74.5493,37.0089],[74.5474,37.0157],[74.5424,37.0217],[74.5618,37.0297],[74.6261,37.0428],[74.6625,37.0545],[74.678,37.0517],[74.6922,37.0359],[74.7192,37.0164],[74.7926,37.0152],[74.8243,36.9941],[74.8245,36.9941],[74.8532,36.959],[74.8609,36.9469],[74.8668,36.9166],[74.8724,36.9071],[74.8858,36.9114],[74.892,36.921],[74.9008,36.9499],[74.9105,36.9626],[74.925,36.9709],[74.9423,36.977],[74.9768,36.9843],[75.0145,36.9845],[75.1001,36.9941],[75.1185,36.9912],[75.1328,36.9847],[75.1612,36.9642],[75.1951,36.9489],[75.3135,36.9288],[75.3513,36.9158],[75.378,36.8943],[75.3945,36.8643],[75.4014,36.8259],[75.4034,36.7848],[75.4105,36.7473],[75.4319,36.7229],[75.4926,36.7207],[75.4989,36.7276],[75.5019,36.738],[75.508,36.7476],[75.5705,36.7667],[75.6498,36.754],[75.7287,36.7232],[75.7905,36.6878],[75.8498,36.6447],[75.8748,36.6195],[75.9766,36.4626],[75.9768,36.4618],[75.9811,36.4454]]],[[[67.3755,24.0627],[67.3904,24.0493],[67.4133,24.0488],[67.458,24.0627],[67.4778,24.0512],[67.4854,24.0485],[67.4853,24.0485],[67.4652,24.0406],[67.4608,24.0267],[67.4539,24.0134],[67.4269,24.0075],[67.4094,24.0135],[67.3934,24.0281],[67.3854,24.0402],[67.3815,24.0462],[67.3755,24.0627]]]]}},{"type":"Feature","properties":{"name":"Bangladesh"},"geometry":{"type":"MultiPolygon","coordinates":[[[[92.5759,21.9776],[92.5902,21.9172],[92.593,21.8869],[92.5756,21.734],[92.5902,21.4955],[92.5927,21.4702],[92.6033,21.4201],[92.6392,21.3187],[92.641,21.3086],[92.6429,21.2984],[92.6338,21.2822],[92.6143,21.2631],[92.5909,21.2489],[92.5706,21.2473],[92.5587,21.2598],[92.5516,21.2805],[92.5439,21.3209],[92.5245,21.3611],[92.4987,21.3666],[92.4654,21.3598],[92.4231,21.3637],[92.4003,21.371],[92.3896,21.3765],[92.3812,21.3848],[92.3742,21.4023],[92.3722,21.4191],[92.3679,21.4354],[92.3547,21.4518],[92.3227,21.4619],[92.2845,21.4191],[92.2529,21.4195],[92.2363,21.4171],[92.2251,21.3975],[92.2116,21.3549],[92.1837,21.3172],[92.1783,21.2997],[92.1781,21.2801],[92.1852,21.2404],[92.184,21.2209],[92.1784,21.1913],[92.175,21.1756],[92.1808,21.1579],[92.1883,21.1441],[92.2118,21.1235],[92.2184,21.1086],[92.2243,21.0932],[92.2651,21.0611],[92.2586,21.0225],[92.2571,20.9811],[92.2615,20.9403],[92.272,20.9035],[92.3006,20.8624],[92.3054,20.852],[92.3076,20.8332],[92.3259,20.7806],[92.3333,20.7677],[92.3363,20.7571],[92.334,20.7464],[92.3255,20.7387],[92.3193,20.742],[92.3142,20.7493],[92.3091,20.7532],[92.301,20.7623],[92.2781,20.8141],[92.2097,20.9308],[92.1929,20.9957],[92.1863,21.0058],[92.1341,21.0475],[92.1244,21.0605],[92.1081,21.0899],[92.0969,21.1059],[92.0525,21.1548],[92.0454,21.171],[92.044,21.192],[92.0523,21.2567],[92.0505,21.2805],[92.0453,21.2995],[91.9898,21.3942],[91.9805,21.4038],[91.9694,21.4096],[91.9597,21.424],[91.953,21.4418],[91.9497,21.4584],[91.9559,21.4584],[91.958,21.455],[91.9588,21.4544],[91.9601,21.4542],[91.9634,21.4521],[91.9709,21.47],[91.9829,21.4888],[91.999,21.4995],[92.0179,21.4931],[92.0054,21.5043],[91.9954,21.5226],[91.9898,21.5434],[91.99,21.562],[91.9985,21.5732],[92.0125,21.5854],[92.0221,21.5994],[92.0179,21.616],[92.033,21.633],[92.0358,21.6404],[92.0317,21.6501],[92.0378,21.6596],[92.0359,21.6682],[92.0286,21.6748],[92.0228,21.6768],[92.0256,21.6872],[92.0293,21.6962],[92.0293,21.7049],[92.0254,21.7128],[92.0239,21.7047],[92.0221,21.7016],[92.0179,21.6986],[92.0254,21.6986],[92.0124,21.6642],[92.0007,21.6498],[91.9839,21.6501],[91.9761,21.6621],[91.9789,21.6777],[91.9842,21.6935],[91.9839,21.7054],[91.9771,21.7054],[91.9719,21.6882],[91.9627,21.6895],[91.9536,21.7014],[91.9497,21.716],[91.953,21.7383],[91.9619,21.7438],[91.9748,21.7465],[91.99,21.76],[91.9839,21.7668],[91.9673,21.7554],[91.9603,21.7638],[91.9666,21.7789],[91.99,21.7879],[91.99,21.7948],[91.9437,21.7914],[91.9241,21.7852],[91.9087,21.7812],[91.8993,21.7895],[91.9009,21.8133],[91.9114,21.8347],[91.9294,21.8432],[91.9216,21.8534],[91.9255,21.8629],[91.9363,21.8708],[91.9497,21.8767],[91.9497,21.8842],[91.9392,21.883],[91.9299,21.8786],[91.9221,21.8716],[91.9157,21.8625],[91.9103,21.8749],[91.9056,21.8956],[91.9012,21.9354],[91.8982,21.9449],[91.884,21.9601],[91.8809,21.9692],[91.8809,22.007],[91.8552,22.1092],[91.8535,22.1436],[91.8639,22.1396],[91.8672,22.1374],[91.8621,22.1506],[91.8533,22.1487],[91.846,22.136],[91.846,22.1169],[91.8399,22.1169],[91.8291,22.1341],[91.8193,22.156],[91.813,22.1803],[91.812,22.205],[91.8169,22.2203],[91.8259,22.23],[91.8347,22.2376],[91.8399,22.2466],[91.8384,22.2631],[91.8298,22.2713],[91.8192,22.2758],[91.812,22.2814],[91.8088,22.3063],[91.8265,22.3183],[91.8524,22.3253],[91.874,22.336],[91.8849,22.3538],[91.9081,22.4247],[91.9019,22.4241],[91.8877,22.4247],[91.8855,22.4097],[91.8757,22.3711],[91.8775,22.3633],[91.8705,22.3581],[91.8591,22.3466],[91.844,22.3349],[91.8263,22.3292],[91.8233,22.3242],[91.7986,22.3119],[91.7914,22.3019],[91.794,22.286],[91.8045,22.2785],[91.8172,22.2741],[91.8263,22.2678],[91.8259,22.2485],[91.8089,22.2363],[91.7871,22.2379],[91.7717,22.2603],[91.7544,22.3747],[91.7437,22.4111],[91.676,22.5346],[91.5481,22.7003],[91.5164,22.7122],[91.4987,22.7273],[91.4846,22.7455],[91.4768,22.7612],[91.469,22.7571],[91.4624,22.7619],[91.458,22.7723],[91.4563,22.7848],[91.4583,22.7971],[91.4678,22.8093],[91.474,22.8383],[91.49,22.8806],[91.4905,22.9045],[91.4831,22.9045],[91.4797,22.8859],[91.4624,22.8334],[91.4525,22.8227],[91.4304,22.8163],[91.4168,22.8],[91.4116,22.7778],[91.4147,22.7537],[91.3997,22.7643],[91.385,22.7707],[91.3683,22.774],[91.3464,22.7748],[91.3464,22.7674],[91.3674,22.7617],[91.3701,22.7522],[91.3601,22.7434],[91.3426,22.7394],[91.2908,22.7384],[91.3088,22.7331],[91.325,22.7261],[91.3328,22.7202],[91.3299,22.7057],[91.3174,22.6972],[91.3005,22.6933],[91.2844,22.6923],[91.2835,22.6933],[91.2528,22.6993],[91.2484,22.6982],[91.2448,22.6984],[91.2434,22.7022],[91.2439,22.7174],[91.2434,22.7202],[91.2312,22.7243],[91.2161,22.7261],[91.1819,22.7265],[91.1819,22.7202],[91.1946,22.7097],[91.1992,22.6988],[91.1921,22.6916],[91.169,22.6923],[91.169,22.6849],[91.2269,22.6711],[91.2534,22.6607],[91.2645,22.6408],[91.2611,22.6279],[91.2531,22.6138],[91.2416,22.5754],[91.2214,22.5572],[91.2027,22.5432],[91.1766,22.5364],[91.1273,22.527],[91.0892,22.5444],[91.0696,22.5716],[91.0586,22.6143],[91.0487,22.6262],[91.0379,22.6439],[91.0267,22.6743],[91.0183,22.6831],[91.0038,22.6787],[91.0187,22.6645],[91.0322,22.6369],[91.0402,22.6077],[91.0379,22.5886],[91.0176,22.5793],[90.9851,22.5744],[90.9549,22.5758],[90.9417,22.5859],[90.9356,22.5997],[90.9082,22.6179],[90.902,22.6271],[90.8988,22.6362],[90.8841,22.6545],[90.8765,22.6828],[90.8655,22.6872],[90.8359,22.6849],[90.8313,22.6906],[90.8195,22.7265],[90.8118,22.7324],[90.8026,22.7364],[90.7949,22.7414],[90.7883,22.7592],[90.7742,22.7781],[90.771,22.7848],[90.7695,22.7954],[90.7573,22.8227],[90.75,22.8568],[90.742,22.8742],[90.7329,22.8891],[90.7256,22.9057],[90.7227,22.9285],[90.7175,22.9406],[90.6401,23.038],[90.6294,23.0644],[90.6271,23.0759],[90.6272,23.0867],[90.6387,23.1479],[90.6401,23.1889],[90.6458,23.2109],[90.6571,23.2304],[90.6652,23.2488],[90.6611,23.2676],[90.6673,23.2676],[90.6509,23.3002],[90.6502,23.3135],[90.6611,23.3223],[90.6577,23.3232],[90.6548,23.3233],[90.6532,23.3247],[90.6537,23.3297],[90.6284,23.3215],[90.6113,23.3425],[90.6017,23.3725],[90.5991,23.3912],[90.6003,23.4499],[90.6087,23.4727],[90.6333,23.4868],[90.6916,23.4865],[90.715,23.4984],[90.7158,23.5351],[90.7112,23.5488],[90.7056,23.5545],[90.6958,23.5555],[90.6782,23.5551],[90.6755,23.5509],[90.6843,23.5417],[90.7022,23.5284],[90.6953,23.5079],[90.6777,23.5173],[90.6668,23.5182],[90.6475,23.5079],[90.6221,23.5001],[90.6078,23.4911],[90.6034,23.4947],[90.5881,23.5342],[90.5921,23.5625],[90.6082,23.5858],[90.6333,23.5966],[90.6271,23.6035],[90.6253,23.5994],[90.6253,23.5983],[90.624,23.5981],[90.6196,23.5966],[90.612,23.6061],[90.5955,23.6044],[90.5588,23.5904],[90.5645,23.5764],[90.5594,23.5679],[90.5472,23.5638],[90.5315,23.5625],[90.5147,23.5638],[90.5017,23.5679],[90.4763,23.583],[90.4844,23.5675],[90.4984,23.5573],[90.515,23.5514],[90.5315,23.5488],[90.5687,23.5475],[90.5768,23.5395],[90.5789,23.4499],[90.5759,23.439],[90.5681,23.4329],[90.5599,23.4184],[90.5537,23.4007],[90.5519,23.385],[90.5183,23.3983],[90.3224,23.4333],[90.2844,23.4462],[90.2503,23.4669],[90.2494,23.4554],[90.2588,23.4446],[90.3885,23.3724],[90.4041,23.3604],[90.4134,23.348],[90.4197,23.3356],[90.4285,23.3261],[90.4602,23.3197],[90.488,23.3068],[90.5036,23.3017],[90.5691,23.295],[90.5773,23.2884],[90.6066,23.2472],[90.6108,23.2308],[90.6145,23.1955],[90.6104,23.2012],[90.6027,23.211],[90.5935,23.2199],[90.5984,23.2004],[90.6029,23.1413],[90.5991,23.1175],[90.572,23.0817],[90.5656,23.0759],[90.5537,23.0786],[90.5513,23.0869],[90.5559,23.0968],[90.5656,23.1038],[90.5656,23.1107],[90.5588,23.1107],[90.5476,23.0967],[90.5366,23.0868],[90.5228,23.0801],[90.5036,23.0759],[90.4661,23.0769],[90.4536,23.0723],[90.4489,23.0557],[90.4501,23.0493],[90.4544,23.0275],[90.4683,22.9961],[90.487,22.9661],[90.507,22.9421],[90.5093,22.937],[90.5076,22.9254],[90.5104,22.9182],[90.513,22.9171],[90.5169,22.9168],[90.521,22.9157],[90.5241,22.912],[90.536,22.9034],[90.54,22.8966],[90.5349,22.8872],[90.52,22.8802],[90.5051,22.8817],[90.4905,22.8852],[90.4763,22.8841],[90.4572,22.8618],[90.4481,22.8284],[90.436,22.8006],[90.408,22.7947],[90.424,22.7817],[90.4199,22.7683],[90.4064,22.7631],[90.3943,22.7748],[90.3726,22.7614],[90.3872,22.7513],[90.4158,22.7425],[90.4352,22.7333],[90.4446,22.7517],[90.4617,22.7488],[90.479,22.735],[90.4899,22.7202],[90.4929,22.7099],[90.4968,22.6787],[90.509,22.6464],[90.5127,22.6115],[90.51,22.6042],[90.5002,22.5924],[90.4914,22.5878],[90.4686,22.5847],[90.4592,22.5793],[90.4535,22.5642],[90.4421,22.5087],[90.4421,22.4936],[90.445,22.5041],[90.4512,22.5102],[90.458,22.5146],[90.4627,22.521],[90.4636,22.5314],[90.4605,22.5512],[90.4627,22.562],[90.4725,22.5756],[90.4873,22.5837],[90.5051,22.5862],[90.5241,22.5831],[90.5597,22.5623],[90.5778,22.5337],[90.5897,22.5004],[90.6066,22.4658],[90.5913,22.4705],[90.5862,22.4732],[90.5864,22.4506],[90.5936,22.4323],[90.6135,22.3969],[90.6184,22.3767],[90.6193,22.3559],[90.6135,22.3149],[90.5816,22.2382],[90.558,22.2034],[90.5383,22.1989],[90.5117,22.1853],[90.5011,22.1767],[90.4968,22.1678],[90.4944,22.1542],[90.4883,22.1386],[90.4596,22.0919],[90.45,22.0808],[90.4386,22.076],[90.4255,22.0788],[90.4085,22.0859],[90.3938,22.0947],[90.3875,22.1026],[90.3932,22.1274],[90.4175,22.175],[90.4216,22.1989],[90.41,22.2273],[90.408,22.2404],[90.4141,22.2718],[90.4109,22.2842],[90.3943,22.2882],[90.3987,22.2675],[90.3887,22.2232],[90.3909,22.2088],[90.3991,22.2022],[90.4055,22.1995],[90.4105,22.1957],[90.4142,22.1858],[90.4129,22.178],[90.4082,22.1712],[90.4006,22.164],[90.3992,22.1623],[90.3971,22.1606],[90.3952,22.1572],[90.3926,22.143],[90.3887,22.1435],[90.3838,22.1457],[90.3801,22.1436],[90.3771,22.1336],[90.3738,22.1026],[90.3699,22.0898],[90.3657,22.0812],[90.3474,22.0553],[90.3347,22.0418],[90.3322,22.0381],[90.3279,22.0205],[90.3086,21.984],[90.3044,21.9658],[90.3,21.9277],[90.2907,21.8903],[90.2829,21.8708],[90.2727,21.8574],[90.2176,21.8135],[90.2038,21.8046],[90.1848,21.801],[90.1644,21.8043],[90.1268,21.8188],[90.1091,21.8221],[90.0929,21.8303],[90.0886,21.8467],[90.0954,21.8594],[90.1125,21.8563],[90.105,21.8703],[90.1108,21.8801],[90.1209,21.8893],[90.1262,21.9012],[90.1245,21.9097],[90.1218,21.9154],[90.1213,21.9216],[90.1262,21.932],[90.1162,21.9193],[90.0985,21.8786],[90.0889,21.8699],[90.0794,21.8669],[90.0669,21.8534],[90.0579,21.8494],[90.0493,21.851],[90.0363,21.8612],[90.0244,21.8625],[90.0313,21.8892],[90.0339,21.9435],[90.0449,21.9661],[90.0542,21.9734],[90.0658,21.9799],[90.0772,21.988],[90.0858,22.0002],[90.0906,22.0154],[90.0925,22.028],[90.096,22.0401],[90.1056,22.0543],[90.1467,22.089],[90.1516,22.0949],[90.1589,22.1069],[90.1641,22.1132],[90.1729,22.117],[90.1818,22.1148],[90.1897,22.1108],[90.1951,22.1095],[90.2162,22.1232],[90.2317,22.1457],[90.2391,22.1723],[90.2361,22.1989],[90.2183,22.1557],[90.2058,22.133],[90.1917,22.1231],[90.1648,22.1198],[90.1483,22.1108],[90.0889,22.0512],[90.0818,22.041],[90.0737,22.0192],[90.061,22.0008],[90.058,21.9937],[90.0524,21.989],[90.0381,21.9866],[90.0282,21.9881],[89.9963,22.0002],[90.0021,22.0141],[90.0032,22.0294],[90.0108,22.0412],[90.0202,22.0488],[90.029,22.053],[90.0354,22.0598],[90.0381,22.0753],[90.0347,22.1052],[90.0391,22.1163],[90.0427,22.1313],[90.0521,22.1411],[90.0632,22.1457],[90.0726,22.152],[90.0784,22.164],[90.0526,22.1555],[90.04,22.1381],[90.0244,22.089],[90.0154,22.0779],[89.9885,22.053],[89.9828,22.0446],[89.9852,21.9994],[89.9828,21.9866],[89.9678,21.9746],[89.9497,21.9809],[89.9344,21.9977],[89.9282,22.0173],[89.9263,22.0272],[89.9175,22.0499],[89.9146,22.0617],[89.9124,22.1356],[89.9031,22.1769],[89.9009,22.202],[89.8983,22.2117],[89.8855,22.2306],[89.8804,22.2404],[89.8766,22.2535],[89.8753,22.264],[89.8768,22.2747],[89.8804,22.2882],[89.9002,22.3339],[89.9828,22.4453],[89.9883,22.4578],[89.992,22.4699],[89.9979,22.4809],[90.0101,22.4902],[89.9828,22.4732],[89.9795,22.4701],[89.9474,22.4397],[89.9336,22.4235],[89.9282,22.4077],[89.9204,22.3918],[89.9031,22.3964],[89.8729,22.4186],[89.8748,22.3976],[89.8805,22.3806],[89.8841,22.3635],[89.8804,22.3422],[89.8387,22.2678],[89.8508,22.2465],[89.8613,22.211],[89.8729,22.1436],[89.8743,22.1088],[89.8713,22.0919],[89.863,22.079],[89.8462,22.0706],[89.8316,22.072],[89.8162,22.076],[89.7972,22.076],[89.7972,22.0685],[89.8184,22.06],[89.8359,22.0495],[89.8479,22.0339],[89.8524,22.0104],[89.8511,22.0009],[89.846,21.9829],[89.8462,21.9723],[89.8503,21.9631],[89.8638,21.9433],[89.8718,21.9243],[89.8816,21.913],[89.8872,21.9001],[89.8804,21.8842],[89.8732,21.8816],[89.8509,21.8775],[89.8252,21.8563],[89.8196,21.8496],[89.8176,21.8449],[89.8142,21.8408],[89.8047,21.8358],[89.7864,21.8289],[89.7757,21.8276],[89.7712,21.8323],[89.7659,21.8467],[89.7534,21.8439],[89.7385,21.8344],[89.7258,21.8289],[89.7092,21.8301],[89.6904,21.8337],[89.6733,21.8401],[89.6613,21.8494],[89.6569,21.8571],[89.6532,21.8677],[89.6526,21.8789],[89.6633,21.8963],[89.6613,21.9058],[89.647,21.9251],[89.619,21.8699],[89.6304,21.8515],[89.6497,21.8264],[89.672,21.8043],[89.6921,21.7948],[89.7007,21.7849],[89.69,21.7652],[89.6682,21.7509],[89.6436,21.7569],[89.6315,21.7641],[89.6204,21.7644],[89.5955,21.76],[89.5928,21.7544],[89.6038,21.7277],[89.606,21.7191],[89.5869,21.7008],[89.5657,21.7134],[89.5371,21.7538],[89.5389,21.7715],[89.5274,21.8128],[89.5303,21.8358],[89.5383,21.8486],[89.5569,21.8688],[89.5645,21.8842],[89.5676,21.9007],[89.5635,21.9731],[89.5713,22.0312],[89.5767,22.0517],[89.6006,22.0913],[89.606,22.1132],[89.6025,22.1345],[89.5938,22.1554],[89.5814,22.1741],[89.5679,22.1889],[89.5672,22.2028],[89.5979,22.2403],[89.606,22.2569],[89.6071,22.2783],[89.6106,22.2989],[89.617,22.3184],[89.6265,22.336],[89.6155,22.3283],[89.6062,22.3156],[89.5925,22.2882],[89.5808,22.2772],[89.5772,22.2685],[89.5862,22.2454],[89.5803,22.2368],[89.561,22.2231],[89.5492,22.2053],[89.5503,22.1921],[89.5713,22.1579],[89.5763,22.1455],[89.5788,22.1359],[89.5794,22.1132],[89.577,22.1013],[89.5667,22.0821],[89.5645,22.0722],[89.5565,22.0084],[89.5514,21.994],[89.5329,21.9847],[89.5247,22.0001],[89.5234,22.0446],[89.5261,22.0551],[89.5365,22.0758],[89.5371,22.089],[89.492,22.1884],[89.4894,22.2088],[89.4942,22.2536],[89.493,22.2735],[89.4832,22.2951],[89.4758,22.2951],[89.4675,22.229],[89.4758,22.1026],[89.4832,22.1026],[89.4841,22.1167],[89.4888,22.1296],[89.4942,22.1369],[89.4968,22.134],[89.4982,22.1253],[89.5017,22.1131],[89.5068,22.101],[89.513,22.0924],[89.5183,22.081],[89.5174,22.0665],[89.5091,22.0412],[89.5042,22.0367],[89.4919,22.0346],[89.4894,22.0312],[89.4904,22.024],[89.4927,22.0192],[89.4968,22.0139],[89.5005,22.0026],[89.5127,21.9781],[89.52,21.9692],[89.5218,21.9623],[89.5125,21.9091],[89.5023,21.8975],[89.4891,21.8884],[89.4758,21.8767],[89.4646,21.8592],[89.4636,21.845],[89.4671,21.8286],[89.4695,21.8044],[89.4658,21.7813],[89.4562,21.7624],[89.4427,21.7466],[89.4064,21.7174],[89.3952,21.7164],[89.3696,21.7433],[89.3643,21.7582],[89.3628,21.7838],[89.3659,21.8289],[89.3713,21.8472],[89.3843,21.8778],[89.387,21.9012],[89.3827,21.9213],[89.364,21.9551],[89.3596,21.9723],[89.3522,21.9723],[89.346,21.957],[89.3488,21.9442],[89.3552,21.9316],[89.3596,21.9177],[89.3596,21.9017],[89.356,21.8925],[89.3391,21.8767],[89.3289,21.8647],[89.3226,21.8546],[89.3062,21.8176],[89.3013,21.8094],[89.2962,21.8091],[89.2907,21.8221],[89.2839,21.8221],[89.2844,21.7968],[89.2947,21.7578],[89.2907,21.7333],[89.2737,21.6988],[89.2766,21.6876],[89.2975,21.6781],[89.2859,21.6656],[89.2687,21.654],[89.2487,21.6459],[89.2293,21.6439],[89.2105,21.6541],[89.2044,21.6727],[89.2083,21.6906],[89.2186,21.6986],[89.2207,21.7094],[89.1897,21.7912],[89.1882,21.7997],[89.1877,21.8115],[89.1834,21.8156],[89.1741,21.81],[89.1646,21.8002],[89.1604,21.7913],[89.1546,21.7869],[89.1413,21.7902],[89.1194,21.801],[89.1091,21.8095],[89.1047,21.8159],[89.0799,21.8974],[89.0778,21.9143],[89.0804,21.9349],[89.0911,21.9768],[89.0915,22.0002],[89.0842,22.0212],[89.062,22.0495],[89.0574,22.0651],[89.0635,22.111],[89.0604,22.1299],[89.0607,22.1305],[89.0782,22.1508],[89.0762,22.175],[89.0707,22.1948],[89.0623,22.2116],[89.0186,22.2647],[89.0091,22.2856],[89.0235,22.2948],[89.0069,22.3214],[89.0015,22.3337],[88.9896,22.3869],[88.9895,22.3967],[88.9922,22.407],[89.0007,22.4201],[89.0025,22.428],[88.9984,22.4512],[88.98,22.4909],[88.971,22.5279],[88.959,22.5368],[88.928,22.5481],[88.9503,22.562],[88.9564,22.585],[88.952,22.6119],[88.9424,22.6375],[88.93,22.6586],[88.9259,22.6808],[88.9225,22.6937],[88.9106,22.7226],[88.9081,22.7408],[88.915,22.7544],[88.9262,22.767],[88.9369,22.7823],[88.9412,22.7957],[88.9451,22.8151],[88.9468,22.8345],[88.9445,22.848],[88.9331,22.8581],[88.9051,22.8664],[88.8935,22.8796],[88.8722,22.9268],[88.8617,22.9424],[88.8428,22.9646],[88.8388,22.9758],[88.8394,22.9954],[88.8487,23.0238],[88.8513,23.0751],[88.8648,23.1003],[88.9191,23.1539],[88.9459,23.1743],[88.9547,23.1838],[88.9598,23.1945],[88.96,23.2027],[88.9542,23.2074],[88.927,23.2065],[88.9181,23.2086],[88.9096,23.2124],[88.8396,23.2348],[88.8227,23.238],[88.8095,23.2361],[88.801,23.2308],[88.7942,23.225],[88.7862,23.2215],[88.7757,23.2216],[88.71,23.2412],[88.6966,23.2524],[88.6866,23.2716],[88.6859,23.2933],[88.695,23.3126],[88.7193,23.3483],[88.7679,23.4673],[88.7702,23.4888],[88.7568,23.4988],[88.7437,23.4893],[88.7319,23.4726],[88.7194,23.4681],[88.7046,23.4952],[88.6938,23.4998],[88.6645,23.5183],[88.6476,23.5351],[88.6242,23.5739],[88.6092,23.5888],[88.6013,23.5903],[88.5815,23.5883],[88.5714,23.5923],[88.5617,23.602],[88.5611,23.6086],[88.5644,23.6162],[88.5664,23.6287],[88.5612,23.6325],[88.551,23.6344],[88.5416,23.6388],[88.5401,23.65],[88.5612,23.741],[88.5597,23.7503],[88.5525,23.7654],[88.5527,23.775],[88.5577,23.7857],[88.5724,23.8069],[88.5775,23.8185],[88.5776,23.8276],[88.5755,23.8366],[88.5744,23.8456],[88.5776,23.8552],[88.5936,23.8669],[88.6132,23.8678],[88.6339,23.8661],[88.6531,23.8698],[88.6665,23.8795],[88.7044,23.9137],[88.7142,23.9252],[88.7171,23.9431],[88.7144,23.9644],[88.7084,23.9836],[88.7016,23.9953],[88.7138,24.0147],[88.7255,24.0289],[88.725,24.0384],[88.7009,24.0436],[88.6978,24.0563],[88.679,24.0712],[88.6741,24.0826],[88.6754,24.0918],[88.6818,24.1127],[88.683,24.1243],[88.6783,24.1447],[88.6781,24.1543],[88.6838,24.1665],[88.6938,24.1753],[88.7159,24.1829],[88.7315,24.1898],[88.7316,24.1898],[88.7348,24.1984],[88.7464,24.2141],[88.7498,24.2233],[88.7475,24.227],[88.745,24.2434],[88.743,24.2475],[88.7375,24.2871],[88.7146,24.3154],[88.6818,24.3339],[88.6601,24.3383],[88.6495,24.3154],[88.6345,24.2941],[88.6125,24.2929],[88.5631,24.3082],[88.4984,24.311],[88.4754,24.3155],[88.4013,24.3694],[88.1388,24.4952],[88.1099,24.501],[88.1079,24.508],[88.0988,24.5225],[88.09,24.533],[88.086,24.5367],[88.085,24.5417],[88.085,24.5939],[88.0818,24.5999],[88.0673,24.6137],[88.0572,24.6341],[88.0409,24.6404],[88.0218,24.6456],[88.0272,24.6757],[88.0354,24.6938],[88.0485,24.7112],[88.0532,24.755],[88.0643,24.7592],[88.077,24.7612],[88.084,24.7705],[88.0854,24.784],[88.0882,24.7961],[88.0948,24.8031],[88.1078,24.8011],[88.1174,24.8193],[88.1312,24.8318],[88.141,24.8446],[88.1381,24.8635],[88.1249,24.8981],[88.1203,24.9068],[88.1149,24.912],[88.1149,24.9164],[88.1645,24.9411],[88.183,24.947],[88.2024,24.9453],[88.2188,24.9351],[88.2328,24.9183],[88.2419,24.8988],[88.2428,24.8806],[88.2549,24.88],[88.2968,24.8697],[88.3136,24.8683],[88.3228,24.8747],[88.3409,24.9041],[88.3757,24.9456],[88.3879,24.9688],[88.391,24.9951],[88.4141,25.0215],[88.4258,25.0511],[88.4342,25.1167],[88.4315,25.173],[88.4413,25.1897],[88.4754,25.1951],[88.4918,25.1911],[88.5232,25.1798],[88.55,25.1731],[88.5547,25.1711],[88.5594,25.1708],[88.5707,25.1732],[88.5777,25.1775],[88.5901,25.1901],[88.5991,25.1931],[88.6343,25.1923],[88.6646,25.1869],[88.7245,25.1665],[88.7842,25.1609],[88.7923,25.1666],[88.8025,25.1881],[88.8091,25.1953],[88.8171,25.1968],[88.8236,25.1948],[88.8302,25.1913],[88.8986,25.1693],[88.9242,25.1679],[88.9096,25.1892],[88.9279,25.1927],[88.9308,25.2026],[88.928,25.2159],[88.9291,25.2294],[88.9378,25.2402],[88.9753,25.2652],[88.9824,25.2749],[88.9849,25.285],[88.9827,25.2945],[88.9753,25.3026],[88.9265,25.3005],[88.9029,25.3034],[88.8861,25.3191],[88.8802,25.3235],[88.8593,25.3247],[88.849,25.3272],[88.842,25.3328],[88.8183,25.3596],[88.814,25.3704],[88.8133,25.3801],[88.8104,25.3884],[88.7996,25.3956],[88.7993,25.4017],[88.8163,25.4372],[88.8149,25.4586],[88.8058,25.4717],[88.7931,25.482],[88.781,25.4952],[88.7723,25.502],[88.742,25.5128],[88.7426,25.4952],[88.7327,25.491],[88.7231,25.4914],[88.7142,25.4928],[88.7062,25.4917],[88.6957,25.4836],[88.6871,25.4739],[88.6781,25.4659],[88.6663,25.4629],[88.6454,25.4673],[88.6132,25.4864],[88.5936,25.4951],[88.551,25.4965],[88.5303,25.5002],[88.5205,25.5093],[88.5128,25.5237],[88.4856,25.5426],[88.4754,25.5626],[88.4378,25.5798],[88.4238,25.5922],[88.4194,25.6538],[88.393,25.6808],[88.3203,25.7253],[88.2599,25.789],[88.2275,25.8043],[88.1827,25.7924],[88.1662,25.7836],[88.1464,25.7757],[88.1277,25.7749],[88.1149,25.7873],[88.108,25.8063],[88.1033,25.8148],[88.0876,25.831],[88.0876,25.84],[88.089,25.8487],[88.082,25.8638],[88.0744,25.9081],[88.0774,25.9128],[88.0827,25.9159],[88.088,25.9232],[88.1065,25.98],[88.1259,26.0134],[88.151,26.0313],[88.1579,26.0505],[88.1564,26.0614],[88.151,26.067],[88.1448,26.0705],[88.1412,26.0755],[88.1399,26.0853],[88.1414,26.0905],[88.1445,26.0959],[88.1556,26.1285],[88.1638,26.1405],[88.1969,26.1596],[88.2057,26.1664],[88.212,26.1738],[88.2189,26.1802],[88.2298,26.184],[88.2503,26.188],[88.3087,26.2061],[88.3263,26.2159],[88.3345,26.2308],[88.3329,26.2672],[88.3366,26.2818],[88.3517,26.301],[88.3668,26.3134],[88.4138,26.3402],[88.4212,26.3487],[88.426,26.3579],[88.4317,26.3622],[88.442,26.3561],[88.4486,26.3534],[88.458,26.353],[88.4679,26.3541],[88.4754,26.3558],[88.4976,26.3527],[88.4955,26.3781],[88.4754,26.432],[88.4611,26.4539],[88.4346,26.4652],[88.3769,26.4753],[88.3536,26.4846],[88.3465,26.484],[88.343,26.4772],[88.3402,26.4541],[88.3356,26.4482],[88.3225,26.4518],[88.3151,26.4651],[88.3139,26.4815],[88.3193,26.4949],[88.3324,26.5147],[88.3528,26.5787],[88.3603,26.5931],[88.3725,26.6116],[88.3853,26.6235],[88.3944,26.618],[88.3959,26.5996],[88.395,26.5784],[88.3979,26.5587],[88.411,26.5451],[88.4465,26.5355],[88.4624,26.5288],[88.4754,26.515],[88.4879,26.5058],[88.4987,26.4949],[88.5068,26.4876],[88.5268,26.4754],[88.5498,26.4667],[88.558,26.4657],[88.5792,26.466],[88.5912,26.4612],[88.5979,26.4515],[88.6036,26.4402],[88.6115,26.4308],[88.6224,26.4245],[88.633,26.4201],[88.6563,26.4151],[88.6519,26.4071],[88.6499,26.3984],[88.6522,26.3915],[88.6611,26.3889],[88.6685,26.3857],[88.6674,26.3682],[88.6734,26.3607],[88.6963,26.3503],[88.7097,26.3406],[88.7122,26.3283],[88.703,26.3097],[88.6901,26.2998],[88.6533,26.2831],[88.6458,26.276],[88.6634,26.2644],[88.7479,26.2925],[88.784,26.2799],[88.792,26.2646],[88.7985,26.2477],[88.808,26.2334],[88.8248,26.2266],[88.8407,26.232],[88.8556,26.2651],[88.8758,26.2774],[88.9027,26.2729],[88.9468,26.2329],[88.9753,26.2243],[89.0195,26.2345],[89.0397,26.2472],[89.0343,26.2658],[89.0235,26.2688],[89.0116,26.2692],[89.0044,26.2757],[89.008,26.2972],[88.9986,26.2915],[88.9897,26.2894],[88.9817,26.2918],[88.9753,26.2999],[88.966,26.3285],[88.9412,26.3401],[88.9124,26.3489],[88.8919,26.3688],[88.8912,26.3858],[88.8995,26.4045],[88.912,26.4212],[88.9246,26.4321],[88.941,26.4394],[88.9502,26.4369],[88.9593,26.4286],[88.9753,26.4179],[88.9865,26.4127],[89.0018,26.3971],[89.0109,26.3902],[89.0218,26.3862],[89.0437,26.3811],[89.0526,26.3746],[89.0573,26.3626],[89.0541,26.3539],[89.0552,26.347],[89.0719,26.3406],[89.0957,26.3345],[89.1029,26.3273],[89.1035,26.3137],[89.0948,26.3095],[89.0803,26.3156],[89.0689,26.3143],[89.0694,26.2874],[89.0759,26.2711],[89.0959,26.241],[89.1034,26.2252],[89.1117,26.1645],[89.1192,26.1466],[89.1316,26.1338],[89.1978,26.1077],[89.2126,26.099],[89.2231,26.0866],[89.2293,26.0672],[89.2376,26.0581],[89.273,26.0435],[89.2969,26.0182],[89.3151,26.0068],[89.3353,25.9986],[89.3515,25.9969],[89.3678,26.0054],[89.3797,26.0153],[89.3914,26.0155],[89.4066,25.9951],[89.4113,25.9932],[89.4161,25.9926],[89.4212,25.9932],[89.4264,25.995],[89.4264,25.9951],[89.4806,25.9992],[89.4856,25.9987],[89.4906,25.9973],[89.4953,25.9951],[89.5095,25.9726],[89.5182,25.9621],[89.5284,25.9571],[89.5417,25.9597],[89.5491,25.9689],[89.5518,25.9815],[89.5507,25.9951],[89.5592,26.0222],[89.6029,26.0553],[89.6114,26.0722],[89.6039,26.0847],[89.5908,26.085],[89.5769,26.0826],[89.567,26.0871],[89.5669,26.099],[89.5779,26.1072],[89.5925,26.114],[89.6042,26.1207],[89.5858,26.1229],[89.5694,26.1301],[89.5628,26.1426],[89.5734,26.1607],[89.5799,26.1661],[89.5868,26.1692],[89.594,26.1697],[89.6144,26.1642],[89.6153,26.1691],[89.6085,26.1807],[89.6064,26.211],[89.6133,26.2194],[89.6349,26.2258],[89.653,26.2227],[89.6584,26.2079],[89.6578,26.1872],[89.6572,26.1654],[89.6558,26.1613],[89.6582,26.1592],[89.6704,26.1541],[89.6777,26.1531],[89.6977,26.1548],[89.7065,26.1542],[89.7185,26.1455],[89.7243,26.1307],[89.7288,26.1142],[89.7367,26.1006],[89.7498,26.0839],[89.7511,26.0715],[89.7487,26.059],[89.7502,26.0416],[89.7558,26.0324],[89.7764,26.0082],[89.784,25.9951],[89.7894,25.988],[89.7955,25.986],[89.802,25.9886],[89.8089,25.9951],[89.8092,25.9951],[89.8093,25.9952],[89.811,25.996],[89.8127,25.9963],[89.8141,25.9961],[89.8153,25.9951],[89.8287,25.9794],[89.8256,25.9657],[89.8116,25.9552],[89.792,25.9491],[89.8107,25.9388],[89.8264,25.9375],[89.8344,25.9318],[89.8301,25.908],[89.787,25.8391],[89.7831,25.8144],[89.8015,25.7247],[89.8242,25.6741],[89.8344,25.6348],[89.8251,25.5645],[89.8232,25.4891],[89.8086,25.4395],[89.8007,25.4129],[89.7992,25.4029],[89.795,25.3742],[89.7985,25.3401],[89.8074,25.3045],[89.819,25.285],[89.8346,25.2824],[89.8702,25.2956],[89.9081,25.2969],[90.1301,25.2116],[90.2869,25.1801],[90.3646,25.15],[90.3998,25.149],[90.5014,25.1688],[90.5833,25.162],[90.6234,25.1714],[90.6376,25.1711],[90.649,25.1678],[90.6706,25.1588],[90.7077,25.153],[90.7164,25.1536],[90.722,25.1566],[90.7327,25.1669],[90.738,25.1694],[90.754,25.1676],[90.7669,25.1605],[90.7794,25.152],[90.794,25.1454],[90.822,25.1423],[90.9348,25.1564],[90.9434,25.1574],[90.9751,25.1678],[91.1353,25.1912],[91.1908,25.1895],[91.2031,25.1913],[91.225,25.2016],[91.2357,25.2019],[91.284,25.179],[91.4319,25.138],[91.471,25.1339],[91.4808,25.1353],[91.5009,25.1412],[91.5117,25.1425],[91.5234,25.1452],[91.5402,25.1576],[91.5488,25.1611],[91.5661,25.16],[91.5735,25.1523],[91.5802,25.1409],[91.5962,25.1289],[91.6131,25.1251],[91.6387,25.124],[91.662,25.1272],[91.6723,25.1365],[91.6774,25.1526],[91.6889,25.153],[91.7018,25.1471],[91.7107,25.1447],[91.7177,25.1498],[91.7237,25.1619],[91.7301,25.1675],[91.7453,25.1694],[91.7937,25.1653],[91.9006,25.1776],[91.9563,25.1698],[91.9751,25.1754],[92.0018,25.183],[92.034,25.1817],[92.066,25.1745],[92.0929,25.1647],[92.1005,25.1591],[92.1104,25.1449],[92.1162,25.1394],[92.1241,25.137],[92.1386,25.1364],[92.1455,25.1317],[92.151,25.1297],[92.1647,25.1336],[92.1727,25.132],[92.1792,25.1267],[92.1941,25.1092],[92.208,25.0981],[92.2201,25.0904],[92.2337,25.085],[92.2516,25.0808],[92.3035,25.0743],[92.3121,25.0686],[92.3281,25.048],[92.3563,25.037],[92.3811,25.0234],[92.3849,25.0048],[92.3869,24.9954],[92.3869,24.9952],[92.3869,24.9951],[92.3947,24.9932],[92.4119,24.9875],[92.4121,24.9874],[92.4123,24.9874],[92.4125,24.9844],[92.4125,24.9841],[92.4444,24.9624],[92.4445,24.9624],[92.4538,24.9582],[92.454,24.9581],[92.4578,24.9536],[92.4581,24.9533],[92.45,24.9466],[92.4498,24.9464],[92.4743,24.9367],[92.4744,24.9367],[92.4838,24.9282],[92.4913,24.9124],[92.4913,24.9123],[92.4945,24.8949],[92.4915,24.8837],[92.4777,24.8639],[92.442,24.8554],[92.3807,24.8367],[92.3709,24.8379],[92.3636,24.841],[92.3635,24.8411],[92.3594,24.8462],[92.3593,24.8464],[92.3583,24.8537],[92.3581,24.8537],[92.2904,24.8913],[92.2902,24.8914],[92.2522,24.903],[92.223,24.8914],[92.2177,24.8746],[92.2218,24.857],[92.2218,24.8569],[92.2349,24.825],[92.235,24.8248],[92.2369,24.8086],[92.2365,24.793],[92.2338,24.7775],[92.1829,24.6473],[92.1734,24.6084],[92.1689,24.5743],[92.1636,24.5592],[92.1532,24.5445],[92.15,24.5422],[92.1386,24.5337],[92.1232,24.5254],[92.1109,24.5143],[92.1059,24.4952],[92.1112,24.4343],[92.1076,24.406],[92.0883,24.3816],[92.0627,24.371],[92.0334,24.3688],[91.95,24.3754],[91.9488,24.3635],[91.9714,24.3297],[91.9722,24.3161],[91.9531,24.323],[91.931,24.337],[91.9219,24.3445],[91.8998,24.338],[91.8964,24.3201],[91.9069,24.2804],[91.9059,24.2606],[91.8843,24.1756],[91.8771,24.158],[91.8645,24.1506],[91.8442,24.1553],[91.8138,24.1831],[91.8114,24.192],[91.8097,24.2145],[91.807,24.2211],[91.7966,24.2216],[91.7329,24.2343],[91.723,24.221],[91.7258,24.2021],[91.732,24.1817],[91.7326,24.1643],[91.7211,24.149],[91.7037,24.1429],[91.6842,24.1455],[91.6662,24.1559],[91.6572,24.1714],[91.6395,24.2117],[91.6291,24.2153],[91.6245,24.2035],[91.6138,24.1401],[91.606,24.1189],[91.5965,24.105],[91.5818,24.0961],[91.5587,24.0897],[91.5175,24.0852],[91.4804,24.088],[91.4046,24.1031],[91.363,24.0998],[91.3508,24.0742],[91.3493,24.0361],[91.3391,23.9952],[91.3271,23.9879],[91.3162,23.9895],[91.3084,23.9925],[91.3049,23.9939],[91.2916,23.9948],[91.2741,23.9882],[91.2609,23.9773],[91.2504,23.964],[91.2163,23.9084],[91.2119,23.8945],[91.2128,23.8807],[91.224,23.8575],[91.2282,23.845],[91.2253,23.8261],[91.2052,23.7716],[91.195,23.7552],[91.1766,23.7465],[91.1576,23.745],[91.1418,23.7399],[91.1323,23.7206],[91.1366,23.6989],[91.1524,23.691],[91.1689,23.6854],[91.1752,23.6703],[91.1665,23.6541],[91.1523,23.6551],[91.1397,23.6536],[91.1363,23.6295],[91.1408,23.6121],[91.1699,23.562],[91.1775,23.5443],[91.1859,23.5116],[91.1951,23.4952],[91.2034,23.4879],[91.2208,23.4779],[91.2273,23.4688],[91.2297,23.4612],[91.2345,23.4363],[91.2479,23.3938],[91.2581,23.3736],[91.2709,23.3646],[91.284,23.3614],[91.2873,23.3556],[91.2829,23.3476],[91.2729,23.3385],[91.2658,23.3294],[91.2675,23.3215],[91.2729,23.3135],[91.2772,23.3033],[91.3005,23.1423],[91.3135,23.101],[91.3374,23.0711],[91.3709,23.0628],[91.3746,23.0957],[91.3559,23.1796],[91.3557,23.2241],[91.361,23.2475],[91.3721,23.2619],[91.3943,23.2627],[91.4136,23.2486],[91.4281,23.2295],[91.4365,23.2149],[91.4362,23.2157],[91.4396,23.2226],[91.4399,23.2235],[91.4464,23.2155],[91.4467,23.2088],[91.4454,23.203],[91.4464,23.1979],[91.4612,23.1844],[91.4636,23.1841],[91.4704,23.1533],[91.4751,23.1431],[91.4981,23.07],[91.5033,23.0444],[91.5061,23.0412],[91.5156,23.0388],[91.5182,23.0351],[91.5194,23.0056],[91.5236,22.9952],[91.5366,22.9819],[91.5498,22.9772],[91.5631,22.975],[91.5768,22.9688],[91.5831,22.9578],[91.583,22.9479],[91.5861,22.9445],[91.6024,22.953],[91.6083,22.9603],[91.612,22.9698],[91.6167,22.9781],[91.6258,22.9815],[91.6328,22.9803],[91.6399,22.978],[91.6469,22.9766],[91.6541,22.9781],[91.6676,22.9826],[91.6947,22.9881],[91.707,22.9954],[91.7144,23.0031],[91.7313,23.0173],[91.7383,23.0247],[91.755,23.0482],[91.7563,23.0522],[91.7556,23.0568],[91.756,23.0615],[91.7609,23.0655],[91.7642,23.0656],[91.7738,23.0649],[91.7762,23.0653],[91.7913,23.0804],[91.7956,23.0895],[91.7919,23.1011],[91.779,23.1318],[91.7639,23.2006],[91.7492,23.2324],[91.7437,23.2723],[91.7626,23.3215],[91.7916,23.3683],[91.8177,23.4009],[91.8338,23.4139],[91.8891,23.4359],[91.9051,23.4466],[91.9181,23.4599],[91.9408,23.4952],[91.9423,23.5344],[91.916,23.6502],[91.9144,23.6883],[91.9165,23.7099],[91.9227,23.723],[91.9366,23.7235],[91.9491,23.7098],[91.9617,23.6911],[92.0035,23.6474],[92.019,23.6401],[92.0424,23.6456],[92.0596,23.6595],[92.0922,23.7013],[92.1084,23.7182],[92.1508,23.7317],[92.1706,23.7036],[92.1808,23.6654],[92.1943,23.6481],[92.2094,23.6616],[92.2221,23.7078],[92.2387,23.7168],[92.2593,23.7065],[92.2597,23.7026],[92.2617,23.6851],[92.25,23.6426],[92.2528,23.6093],[92.291,23.4953],[92.2968,23.4466],[92.3015,23.4318],[92.3067,23.4239],[92.3198,23.4122],[92.3254,23.4035],[92.3269,23.396],[92.3254,23.3822],[92.3267,23.3753],[92.3317,23.3687],[92.3449,23.3591],[92.3486,23.3541],[92.3495,23.345],[92.3467,23.3253],[92.3471,23.3154],[92.3522,23.2988],[92.3569,23.2891],[92.3575,23.2789],[92.3507,23.261],[92.3327,23.2263],[92.3286,23.2112],[92.3276,23.1714],[92.353,23.0299],[92.3522,22.9603],[92.3599,22.9266],[92.3787,22.9004],[92.4119,22.8879],[92.4263,22.8711],[92.435,22.7933],[92.442,22.7629],[92.4537,22.748],[92.4807,22.7262],[92.4915,22.7111],[92.4959,22.6956],[92.5029,22.6186],[92.5008,22.5605],[92.5046,22.5438],[92.5174,22.5126],[92.5189,22.4954],[92.577,22.1687],[92.5756,22.1433],[92.5642,22.1383],[92.5493,22.1385],[92.5373,22.1286],[92.56,22.0613],[92.5731,21.9954],[92.5752,21.9866],[92.5759,21.9776]]],[[[89.1157,21.7812],[89.139,21.7668],[89.1447,21.7393],[89.1325,21.7216],[89.1023,21.7368],[89.0515,21.7932],[89.0514,21.7971],[89.0578,21.8033],[89.0642,21.8221],[89.0638,21.8415],[89.0537,21.8747],[89.0511,21.8903],[89.0447,21.9078],[89.0457,21.9171],[89.0574,21.9177],[89.0615,21.9149],[89.065,21.9102],[89.0676,21.9044],[89.0715,21.8903],[89.0813,21.8229],[89.0928,21.7934],[89.1157,21.7812]]],[[[90.5935,21.9866],[90.5935,21.9661],[90.5973,21.9613],[90.6008,21.9546],[90.6066,21.9388],[90.5908,21.9351],[90.5808,21.9125],[90.5725,21.9177],[90.5656,21.9177],[90.5571,21.8975],[90.5408,21.8759],[90.5213,21.8615],[90.5036,21.8625],[90.5036,21.8699],[90.5108,21.8714],[90.5234,21.8757],[90.5315,21.8767],[90.523,21.8881],[90.5179,21.8933],[90.5104,21.8979],[90.5169,21.9045],[90.5169,21.9122],[90.5154,21.9213],[90.5178,21.932],[90.522,21.9388],[90.5264,21.9436],[90.5935,21.9866]]],[[[90.3322,21.9388],[90.354,21.9768],[90.3714,21.9948],[90.3943,22.0002],[90.3906,21.9783],[90.3655,21.9387],[90.3416,21.8603],[90.3322,21.8495],[90.3229,21.8439],[90.3186,21.8463],[90.3186,21.8928],[90.3225,21.9167],[90.3322,21.9388]]],[[[90.3875,22.048],[90.3811,22.0231],[90.3528,21.993],[90.346,21.9723],[90.3396,21.9723],[90.3459,21.9936],[90.3587,22.0227],[90.3739,22.0456],[90.3875,22.048]]],[[[90.4352,22.0412],[90.4733,22.0036],[90.4862,21.9768],[90.4763,21.945],[90.4548,21.9331],[90.4319,21.9078],[90.4155,21.9005],[90.4024,21.9069],[90.3945,21.9215],[90.3943,21.9388],[90.3997,21.9529],[90.4064,21.9634],[90.4119,21.976],[90.4142,21.9971],[90.4119,22.0287],[90.4155,22.0383],[90.4285,22.048],[90.4352,22.0412]]],[[[90.5444,22.0617],[90.5383,22.0685],[90.4954,22.045],[90.4899,22.035],[90.4837,22.035],[90.4856,22.0583],[90.4917,22.0801],[90.5031,22.0963],[90.5208,22.1026],[90.5335,22.1101],[90.5601,22.1377],[90.5725,22.1374],[90.5811,22.1489],[90.5928,22.1594],[90.6045,22.1656],[90.6135,22.164],[90.5935,22.1026],[90.5934,22.1125],[90.5918,22.1191],[90.5862,22.1306],[90.5746,22.0961],[90.5687,22.0581],[90.5597,22.0237],[90.5383,22.0002],[90.5195,21.9947],[90.509,21.9994],[90.5046,22.0105],[90.5036,22.0241],[90.509,22.0331],[90.5444,22.0617]]],[[[90.9417,22.205],[90.9471,22.2116],[90.9512,22.2125],[90.9541,22.2081],[90.9567,22.1989],[90.9567,22.1448],[90.949,22.1216],[90.9294,22.1169],[90.9192,22.1321],[90.9203,22.1601],[90.9275,22.1903],[90.9356,22.2125],[90.9417,22.205]]],[[[90.9764,22.1858],[90.9771,22.2392],[90.9829,22.2592],[90.9969,22.2535],[90.9978,22.2351],[90.9948,22.2138],[90.9878,22.1954],[90.9764,22.1858]]],[[[90.9529,22.2268],[90.9372,22.2327],[90.9402,22.2468],[90.9505,22.2636],[90.9567,22.2777],[90.9602,22.323],[90.9662,22.3474],[90.9764,22.3633],[90.9839,22.3559],[90.9895,22.3408],[90.9935,22.3223],[90.9944,22.3021],[90.9901,22.2814],[90.9529,22.2268]]],[[[90.6196,22.4247],[90.6136,22.4286],[90.6069,22.4274],[90.6014,22.4292],[90.5991,22.4421],[90.6016,22.4483],[90.6076,22.4503],[90.6144,22.449],[90.6196,22.4453],[90.6331,22.4316],[90.6477,22.4072],[90.6587,22.3795],[90.6611,22.3559],[90.6502,22.3762],[90.6475,22.3838],[90.6404,22.366],[90.6467,22.3261],[90.6401,22.3087],[90.635,22.3176],[90.634,22.3284],[90.6343,22.3395],[90.6333,22.3497],[90.6401,22.3497],[90.6338,22.3676],[90.6261,22.407],[90.6196,22.4247]]],[[[90.6475,22.4247],[90.6535,22.4835],[90.656,22.4807],[90.6611,22.48],[90.6653,22.4691],[90.667,22.4584],[90.6673,22.439],[90.6571,22.4337],[90.6537,22.4311],[90.6475,22.4247]]],[[[90.7906,22.4953],[90.8346,22.4583],[90.855,22.4347],[90.835,22.3396],[90.8362,22.1782],[90.8279,22.1524],[90.7747,22.0759],[90.7573,22.0617],[90.7559,22.066],[90.75,22.076],[90.7271,22.0537],[90.7178,22.0484],[90.6917,22.007],[90.6829,22.004],[90.6704,21.9977],[90.6577,21.9929],[90.6475,21.994],[90.6394,22.0161],[90.6512,22.0446],[90.6699,22.0749],[90.6818,22.1026],[90.626,22.0272],[90.61,22.0241],[90.6035,22.044],[90.6078,22.0723],[90.619,22.1013],[90.6333,22.1231],[90.6222,22.1451],[90.6318,22.1821],[90.6735,22.2664],[90.6785,22.2828],[90.6818,22.3019],[90.6819,22.3604],[90.688,22.3776],[90.6799,22.4072],[90.6777,22.4267],[90.6818,22.439],[90.6818,22.4453],[90.6706,22.4639],[90.6589,22.5244],[90.6475,22.5483],[90.6314,22.5616],[90.575,22.5989],[90.5588,22.6029],[90.554,22.6398],[90.5563,22.6747],[90.5786,22.757],[90.5855,22.7681],[90.5962,22.7754],[90.6135,22.7817],[90.631,22.7856],[90.6506,22.7874],[90.6606,22.7578],[90.6715,22.7224],[90.6841,22.6944],[90.7014,22.6619],[90.7155,22.6383],[90.7313,22.6205],[90.747,22.5969],[90.7545,22.5484],[90.7669,22.5175],[90.7906,22.4953]]],[[[90.6453,22.8493],[90.6636,22.8289],[90.6782,22.8083],[90.6624,22.8055],[90.6281,22.8121],[90.591,22.8139],[90.5618,22.7888],[90.5466,22.7837],[90.5316,22.7692],[90.5297,22.7444],[90.5346,22.7288],[90.521,22.7118],[90.511,22.7227],[90.4982,22.7338],[90.4968,22.7431],[90.4928,22.7532],[90.4829,22.7598],[90.4557,22.7674],[90.4642,22.7789],[90.4657,22.7881],[90.4627,22.8158],[90.4631,22.8341],[90.4661,22.8518],[90.4734,22.8651],[90.4868,22.8704],[90.5212,22.8647],[90.5376,22.8668],[90.5444,22.8807],[90.5527,22.8817],[90.5923,22.8819],[90.6066,22.8773],[90.6268,22.8572],[90.6453,22.8493]]],[[[90.6673,22.953],[90.6416,22.9523],[90.6333,22.953],[90.6447,22.946],[90.6546,22.9373],[90.6624,22.9278],[90.6673,22.9182],[90.6362,22.9213],[90.6271,22.925],[90.6196,22.9325],[90.6077,22.9526],[90.5991,22.9592],[90.5887,22.9621],[90.5847,22.9604],[90.5812,22.9565],[90.5725,22.953],[90.5617,22.9516],[90.5345,22.9512],[90.5241,22.953],[90.5081,22.9758],[90.528,23.0076],[90.5613,23.0326],[90.5862,23.0349],[90.6073,23.0181],[90.6454,22.9748],[90.6673,22.9592],[90.6673,22.953]]],[[[90.5104,23.069],[90.5171,23.0593],[90.5156,23.0519],[90.5002,23.038],[90.4778,23.0124],[90.4695,23.0076],[90.4609,23.0485],[90.4557,23.0628],[90.4944,23.0629],[90.5025,23.0649],[90.5104,23.069]]],[[[90.5241,23.3223],[90.5061,23.3142],[90.4871,23.319],[90.4688,23.3316],[90.4373,23.3618],[90.4266,23.376],[90.4297,23.3852],[90.4557,23.385],[90.4919,23.373],[90.5394,23.35],[90.5776,23.3236],[90.5862,23.3017],[90.5496,23.3262],[90.5296,23.3336],[90.5241,23.3223]]]]}},{"type":"Feature","properties":{"name":"Sri Lanka"},"geometry":{"type":"MultiPolygon","coordinates":[[[[81.876,7.0919],[81.8784,7.0761],[81.8887,7.0408],[81.8903,7.0199],[81.8846,6.9802],[81.8386,6.8214],[81.8359,6.8051],[81.835,6.7834],[81.8316,6.7654],[81.8171,6.7375],[81.814,6.725],[81.8083,6.708],[81.7889,6.6778],[81.7798,6.6636],[81.7866,6.6393],[81.7756,6.6104],[81.6815,6.4621],[81.6501,6.4309],[81.5921,6.3899],[81.5731,6.3842],[81.5477,6.3707],[81.3621,6.2254],[81.325,6.2054],[81.2044,6.1627],[81.2044,6.1627],[81.2027,6.1772],[81.2026,6.178],[81.1955,6.1837],[81.1953,6.1836],[81.1937,6.1832],[81.1877,6.1816],[81.1838,6.1736],[81.1819,6.1567],[81.1764,6.1504],[81.1677,6.148],[81.156,6.1429],[81.1343,6.1298],[81.1126,6.1203],[81.0085,6.098],[80.958,6.0808],[80.9027,6.0708],[80.8775,6.0611],[80.8623,6.0399],[80.8352,6.0452],[80.8185,6.0388],[80.8091,6.0351],[80.7706,6.0067],[80.7321,5.9784],[80.7144,5.9579],[80.6734,5.9603],[80.6733,5.9604],[80.6563,5.9579],[80.6429,5.9529],[80.6292,5.9451],[80.6048,5.9269],[80.5978,5.9253],[80.5908,5.9237],[80.5742,5.9301],[80.5567,5.9392],[80.5466,5.9422],[80.5396,5.9443],[80.4817,5.9374],[80.4652,5.9407],[80.4568,5.9489],[80.4514,5.9598],[80.4472,5.9661],[80.444,5.9709],[80.4271,5.9611],[80.412,5.9599],[80.385,5.9638],[80.3786,5.9647],[80.3738,5.9669],[80.3705,5.9716],[80.3662,5.9763],[80.3584,5.9784],[80.3538,5.9768],[80.3501,5.9735],[80.3462,5.9708],[80.341,5.9709],[80.3392,5.9724],[80.3376,5.9738],[80.3312,5.9828],[80.3281,5.9847],[80.3273,5.9852],[80.3273,5.9853],[80.3202,5.9877],[80.2775,6.003],[80.26,6.0066],[80.2476,6.0092],[80.2258,6.0266],[80.221,6.0289],[80.2114,6.0336],[80.2112,6.0336],[80.2039,6.0262],[80.1852,6.0412],[80.1038,6.1271],[80.0971,6.1324],[80.097,6.1324],[80.0963,6.1333],[80.094,6.1361],[80.0928,6.1402],[80.0931,6.1487],[80.0906,6.1531],[80.0872,6.1576],[80.0781,6.1693],[80.032,6.2663],[80.03,6.2756],[80.03,6.2757],[80.0303,6.284],[80.0305,6.2923],[80.0305,6.2924],[80.0288,6.2974],[80.0205,6.3146],[80.0121,6.3613],[79.9937,6.3941],[79.9821,6.441],[79.9779,6.4582],[79.9758,6.4599],[79.9714,6.4625],[79.967,6.4664],[79.9642,6.4719],[79.9653,6.4777],[79.9702,6.4792],[79.9754,6.4786],[79.9754,6.4786],[79.9779,6.4787],[79.9702,6.5312],[79.9696,6.5353],[79.9487,6.5886],[79.863,6.8072],[79.8495,6.8827],[79.8482,6.8902],[79.8482,6.9621],[79.8493,6.965],[79.8592,6.9887],[79.8618,7.0001],[79.8616,7.0117],[79.8616,7.0119],[79.8137,7.1807],[79.8203,7.2055],[79.82,7.1903],[79.8237,7.1806],[79.8291,7.1732],[79.8338,7.1645],[79.8434,7.131],[79.8482,7.123],[79.8543,7.123],[79.8558,7.1325],[79.8587,7.1365],[79.8612,7.1372],[79.8613,7.1372],[79.8618,7.1366],[79.8616,7.1672],[79.8616,7.1674],[79.8594,7.1808],[79.8543,7.1918],[79.8496,7.1951],[79.8364,7.1979],[79.8306,7.2018],[79.8299,7.2032],[79.8263,7.2104],[79.828,7.2183],[79.8318,7.2257],[79.8338,7.2328],[79.7847,7.5898],[79.7786,7.6027],[79.7827,7.6071],[79.7858,7.6076],[79.793,7.6027],[79.7946,7.62],[79.7996,7.6401],[79.8008,7.6497],[79.802,7.6593],[79.7964,7.6744],[79.7888,7.6882],[79.7874,7.6973],[79.7859,7.7065],[79.786,7.7434],[79.763,7.8555],[79.7603,7.8684],[79.7484,7.893],[79.7383,7.9447],[79.7219,7.9855],[79.6968,8.0983],[79.6968,8.1303],[79.7009,8.1285],[79.7011,8.1282],[79.7014,8.1279],[79.7014,8.1269],[79.7036,8.1235],[79.7072,8.1421],[79.7019,8.2012],[79.6968,8.2191],[79.7132,8.2298],[79.7288,8.2497],[79.74,8.2724],[79.7445,8.2914],[79.749,8.3039],[79.7786,8.35],[79.7782,8.3493],[79.7634,8.3144],[79.7445,8.2812],[79.7486,8.2731],[79.7497,8.2711],[79.7571,8.2637],[79.7668,8.2599],[79.7786,8.26],[79.7689,8.2328],[79.7588,8.2129],[79.7544,8.2094],[79.7498,8.2089],[79.7461,8.2061],[79.7445,8.1955],[79.7454,8.1719],[79.7445,8.1645],[79.7275,8.1109],[79.7282,8.101],[79.7295,8.0811],[79.747,8.0605],[79.752,8.0546],[79.7319,8.0131],[79.7638,7.9901],[79.8102,7.9865],[79.8338,8.0031],[79.8294,8.0209],[79.8218,8.0349],[79.8189,8.0402],[79.8153,8.0446],[79.8064,8.0556],[79.7964,8.062],[79.7935,8.0728],[79.8272,8.1365],[79.8259,8.1481],[79.8215,8.1566],[79.8166,8.1638],[79.8135,8.1713],[79.8127,8.1833],[79.8138,8.2041],[79.8135,8.2126],[79.8135,8.2129],[79.8129,8.2145],[79.8102,8.2216],[79.8086,8.2231],[79.8067,8.2249],[79.8047,8.229],[79.8067,8.2402],[79.8114,8.2497],[79.8245,8.2667],[79.8272,8.2777],[79.8293,8.2987],[79.8386,8.3405],[79.8482,8.4382],[79.8543,8.4493],[79.8608,8.4548],[79.8659,8.4614],[79.868,8.476],[79.868,8.5176],[79.8738,8.5381],[79.8874,8.5512],[79.9035,8.5621],[79.9165,8.576],[79.9181,8.5809],[79.9281,8.6115],[79.9295,8.6128],[79.9302,8.6135],[79.9324,8.6225],[79.9417,8.6425],[79.9505,8.7398],[79.9264,8.8019],[79.9284,8.8127],[79.9302,8.8835],[79.9302,8.8845],[79.9277,8.9081],[79.9248,8.9197],[79.9196,8.9285],[79.9155,8.9385],[79.9248,8.9435],[79.9382,8.946],[79.9471,8.9487],[80.0051,9.0006],[80.0354,9.0153],[80.048,9.0263],[80.0547,9.0506],[80.0667,9.0756],[80.0735,9.1104],[80.1056,9.1929],[80.1068,9.1974],[80.1098,9.2095],[80.116,9.2338],[80.116,9.2919],[80.1182,9.3004],[80.1162,9.3062],[80.1045,9.3084],[80.0769,9.3227],[80.0662,9.3326],[80.0594,9.3514],[80.0583,9.3548],[80.0535,9.3782],[80.053,9.3915],[80.065,9.404],[80.0871,9.415],[80.1117,9.4228],[80.1318,9.4257],[80.1409,9.4303],[80.1629,9.4592],[80.1654,9.4611],[80.1692,9.464],[80.1765,9.4683],[80.1856,9.4717],[80.197,9.4735],[80.1875,9.4909],[80.1818,9.4985],[80.176,9.5062],[80.1613,9.5206],[80.1419,9.535],[80.0679,9.578],[80.053,9.5964],[80.0852,9.5954],[80.1157,9.5832],[80.176,9.5486],[80.2334,9.5342],[80.2485,9.5246],[80.2722,9.5041],[80.2781,9.4933],[80.2659,9.4871],[80.2686,9.4803],[80.2721,9.4735],[80.2659,9.4667],[80.266,9.4667],[80.2869,9.4527],[80.3363,9.4647],[80.4266,9.5002],[80.4509,9.4979],[80.5042,9.4833],[80.5671,9.4552],[80.6146,9.4462],[80.6148,9.4462],[80.5467,9.4924],[80.5233,9.5032],[80.5025,9.5076],[80.4994,9.5091],[80.4963,9.5105],[80.4783,9.5241],[80.4714,9.5281],[80.4646,9.5291],[80.4564,9.5287],[80.444,9.5281],[80.4362,9.5251],[80.4351,9.5234],[80.4329,9.5198],[80.429,9.5178],[80.4157,9.5275],[80.4104,9.5284],[80.3779,9.5275],[80.3687,9.5302],[80.2975,9.5913],[80.267,9.6108],[80.2669,9.6108],[80.256,9.6156],[80.2046,9.6379],[80.186,9.6485],[80.1736,9.6487],[80.176,9.6243],[80.1829,9.6172],[80.1936,9.6091],[80.2,9.5992],[80.1936,9.5864],[80.186,9.5841],[80.1787,9.588],[80.172,9.5936],[80.1528,9.6035],[80.1155,9.6357],[80.094,9.6448],[80.0941,9.6448],[80.105,9.6329],[80.1247,9.616],[80.1356,9.6038],[80.1113,9.6085],[80.0874,9.6184],[80.0393,9.6448],[80.001,9.6747],[79.9782,9.6827],[79.9759,9.6841],[79.9673,9.6896],[79.9592,9.6928],[79.958,9.6857],[79.947,9.6932],[79.9429,9.7028],[79.9409,9.7143],[79.937,9.7274],[79.9304,9.7385],[79.9265,9.7435],[79.9163,9.7568],[79.9097,9.7683],[79.9313,9.779],[79.9707,9.8151],[79.9885,9.8229],[79.9885,9.8229],[80.0667,9.8161],[80.1074,9.8206],[80.1223,9.8189],[80.1282,9.8056],[80.1272,9.7846],[80.1301,9.7773],[80.1387,9.7746],[80.147,9.7734],[80.1709,9.7673],[80.176,9.7646],[80.1804,9.7558],[80.1912,9.7562],[80.1996,9.7587],[80.2029,9.7597],[80.2078,9.7604],[80.2112,9.7609],[80.2113,9.7608],[80.219,9.7564],[80.2223,9.7545],[80.2503,9.7243],[80.3386,9.6292],[80.3696,9.6098],[80.4417,9.5769],[80.444,9.5759],[80.444,9.5833],[80.4077,9.6015],[80.3198,9.6728],[80.2478,9.7551],[80.2112,9.7745],[80.1538,9.788],[80.1387,9.7987],[80.1367,9.8139],[80.1577,9.8229],[80.1646,9.8241],[80.1854,9.8275],[80.2268,9.8296],[80.2468,9.8259],[80.2606,9.8162],[80.2698,9.7835],[80.279,9.7698],[80.4099,9.6175],[80.4292,9.6035],[80.4683,9.5814],[80.7444,9.3597],[80.7455,9.3579],[80.7525,9.3463],[80.7637,9.3324],[80.7852,9.3124],[80.7988,9.2949],[80.7867,9.2886],[80.7866,9.2885],[80.7798,9.2916],[80.779,9.2919],[80.7788,9.292],[80.7683,9.3054],[80.7625,9.3083],[80.7625,9.3084],[80.7444,9.3113],[80.7365,9.309],[80.7404,9.301],[80.7417,9.2985],[80.7936,9.2506],[80.8139,9.2395],[80.814,9.2395],[80.8059,9.2519],[80.801,9.2633],[80.8036,9.2716],[80.8174,9.2748],[80.8239,9.2705],[80.8345,9.2395],[80.8442,9.2204],[80.8822,9.1452],[80.8745,9.148],[80.8534,9.1557],[80.8401,9.156],[80.8345,9.1418],[80.8423,9.1381],[80.8586,9.1355],[80.8731,9.1265],[80.8732,9.1252],[80.8753,9.1036],[80.8755,9.1036],[80.8822,9.1036],[80.8855,9.1093],[80.8885,9.1118],[80.8919,9.1134],[80.8965,9.1166],[80.8965,9.1165],[80.9016,9.0967],[80.9022,9.0942],[80.9164,9.0622],[80.9353,9.0334],[80.9546,9.021],[80.9561,9.0198],[80.9583,9.0179],[80.9583,9.0109],[80.9536,9.0039],[80.9443,9.0006],[80.9417,9.0035],[80.9307,9.021],[80.9187,9.0272],[80.8913,9.0342],[80.8753,9.0415],[80.8827,9.0314],[80.8867,9.0258],[80.9229,8.9923],[80.9232,8.9732],[80.9351,8.9649],[80.935,8.9648],[80.9243,8.955],[80.9149,8.9439],[80.915,8.9439],[80.9307,8.9316],[80.9476,8.9329],[80.9614,8.9457],[80.9717,8.9636],[80.9784,8.98],[80.9785,8.98],[81.0147,8.9367],[81.0467,8.8821],[81.0598,8.8686],[81.0781,8.8633],[81.0928,8.8516],[81.1143,8.8],[81.1197,8.7943],[81.1255,8.7883],[81.1256,8.7882],[81.1502,8.7772],[81.1624,8.7512],[81.1765,8.6989],[81.179,8.7085],[81.1823,8.7122],[81.1878,8.711],[81.1878,8.711],[81.1975,8.7057],[81.1946,8.6961],[81.2224,8.666],[81.2317,8.6511],[81.2316,8.633],[81.2243,8.6258],[81.2139,8.621],[81.2044,8.6101],[81.2045,8.6102],[81.2118,8.612],[81.2192,8.6139],[81.2211,8.6149],[81.2249,8.6169],[81.2249,8.6168],[81.2466,8.5701],[81.2498,8.5458],[81.2249,8.5418],[81.2249,8.5418],[81.23,8.5579],[81.2233,8.5709],[81.2122,8.5727],[81.2044,8.5555],[81.207,8.5421],[81.2141,8.5327],[81.218,8.5225],[81.2106,8.5071],[81.2048,8.5115],[81.1939,8.52],[81.1765,8.5306],[81.159,8.5346],[81.1423,8.5276],[81.1294,8.5103],[81.134,8.5013],[81.1494,8.5036],[81.1703,8.5207],[81.1846,8.5056],[81.1975,8.4875],[81.2131,8.4724],[81.2351,8.4661],[81.2811,8.467],[81.2966,8.4768],[81.2864,8.5002],[81.3127,8.5122],[81.3231,8.5153],[81.3342,8.5146],[81.3342,8.5145],[81.3464,8.5076],[81.3574,8.4958],[81.3657,8.4822],[81.3728,8.4421],[81.3884,8.3906],[81.3889,8.3772],[81.3894,8.3637],[81.3767,8.3725],[81.3635,8.3991],[81.3518,8.4047],[81.3514,8.3974],[81.3562,8.365],[81.3566,8.3625],[81.3621,8.35],[81.3687,8.3469],[81.3748,8.3441],[81.375,8.3441],[81.3885,8.3441],[81.3993,8.3393],[81.4056,8.301],[81.4133,8.2745],[81.4146,8.2701],[81.4167,8.2539],[81.4167,8.2538],[81.4198,8.2434],[81.4406,8.1735],[81.4485,8.128],[81.4303,8.1031],[81.4303,8.103],[81.4203,8.1442],[81.4188,8.1501],[81.4036,8.1918],[81.3963,8.1918],[81.395,8.1601],[81.3963,8.1501],[81.3955,8.1505],[81.3948,8.1476],[81.3948,8.1475],[81.3948,8.1426],[81.3963,8.1365],[81.3996,8.1326],[81.4081,8.1301],[81.4081,8.13],[81.4098,8.1269],[81.418,8.1059],[81.4356,8.0932],[81.4356,8.0932],[81.4524,8.0945],[81.4583,8.116],[81.4644,8.116],[81.4707,8.1046],[81.4724,8.1015],[81.4806,8.0654],[81.489,8.0515],[81.5002,8.0394],[81.5073,8.0276],[81.5197,7.9993],[81.5246,8.0042],[81.531,8.009],[81.5339,8.0136],[81.5383,8.0043],[81.5339,7.9993],[81.5361,7.9958],[81.5381,7.9934],[81.5384,7.9928],[81.5396,7.9908],[81.5402,7.9863],[81.5403,7.9864],[81.5453,7.9905],[81.5555,7.9953],[81.5607,7.9993],[81.5607,7.9993],[81.5631,7.9936],[81.5659,7.9868],[81.5638,7.9787],[81.5603,7.9706],[81.5605,7.9644],[81.5607,7.9584],[81.5677,7.945],[81.5801,7.9356],[81.5881,7.9294],[81.5955,7.9174],[81.5908,7.9171],[81.5885,7.9156],[81.5855,7.9135],[81.5836,7.9123],[81.5817,7.9112],[81.5788,7.9003],[81.5759,7.8894],[81.5876,7.8553],[81.5939,7.848],[81.6082,7.8317],[81.6084,7.8317],[81.6296,7.8355],[81.6364,7.8355],[81.6433,7.8146],[81.6512,7.8017],[81.6537,7.7978],[81.6968,7.753],[81.7107,7.7311],[81.7131,7.7118],[81.691,7.7052],[81.6909,7.7051],[81.6807,7.7121],[81.6561,7.7431],[81.6432,7.7541],[81.6266,7.7602],[81.6265,7.7602],[81.6248,7.76],[81.613,7.759],[81.6025,7.7484],[81.5955,7.7263],[81.6074,7.7209],[81.619,7.7192],[81.6289,7.7229],[81.6364,7.7331],[81.6482,7.7287],[81.659,7.7233],[81.6628,7.7189],[81.6653,7.7159],[81.6637,7.7051],[81.677,7.6928],[81.6903,7.6805],[81.7007,7.6686],[81.7116,7.6505],[81.7115,7.6505],[81.7064,7.6446],[81.7051,7.6389],[81.7068,7.632],[81.7116,7.6225],[81.7178,7.6301],[81.714,7.6437],[81.714,7.6437],[81.7258,7.6396],[81.749,7.6225],[81.7546,7.6146],[81.773,7.568],[81.7718,7.566],[81.7661,7.5407],[81.7669,7.5379],[81.7671,7.5375],[81.7718,7.5278],[81.773,7.5239],[81.7691,7.517],[81.7619,7.5115],[81.7576,7.5054],[81.7627,7.4966],[81.7676,7.4902],[81.7693,7.4852],[81.7695,7.4845],[81.7725,7.4788],[81.7798,7.4724],[81.7691,7.4646],[81.77,7.4608],[81.771,7.457],[81.7791,7.4553],[81.7871,7.4656],[81.7933,7.4656],[81.7934,7.4655],[81.801,7.4252],[81.8008,7.4103],[81.801,7.4103],[81.8078,7.4103],[81.8078,7.4107],[81.8086,7.4247],[81.811,7.4385],[81.8153,7.4503],[81.8215,7.4587],[81.8215,7.4655],[81.8209,7.4671],[81.8187,7.4734],[81.8205,7.4765],[81.826,7.4742],[81.835,7.4656],[81.8381,7.4577],[81.8403,7.4365],[81.8557,7.4122],[81.8807,7.3271],[81.876,7.0919]]],[[[81.7388,7.6605],[81.7371,7.671],[81.7332,7.6791],[81.7284,7.6891],[81.7251,7.6989],[81.7256,7.7093],[81.7287,7.7185],[81.73,7.7282],[81.7251,7.7398],[81.7251,7.7399],[81.738,7.7275],[81.7503,7.6986],[81.7593,7.6853],[81.7615,7.6795],[81.7708,7.6547],[81.7951,7.6163],[81.8063,7.5986],[81.8233,7.5114],[81.8233,7.5113],[81.8226,7.4914],[81.8078,7.4792],[81.7937,7.4902],[81.7894,7.4947],[81.7874,7.4968],[81.7867,7.5018],[81.786,7.5067],[81.7861,7.5088],[81.7903,7.5717],[81.7874,7.5935],[81.7764,7.6027],[81.7722,7.6116],[81.7388,7.6605]]],[[[79.7141,9.0756],[79.703,9.08],[79.698,9.0896],[79.7012,9.0992],[79.7141,9.1036],[79.7588,9.1036],[79.7786,9.0985],[79.799,9.0933],[79.8416,9.0772],[79.8823,9.0538],[79.9165,9.021],[79.9164,9.021],[79.9001,9.0244],[79.8713,9.0386],[79.8543,9.0415],[79.8803,9.0122],[79.9007,8.9891],[79.9097,8.9732],[79.8858,8.9762],[79.8701,8.9882],[79.8594,9.0012],[79.8513,9.0074],[79.841,9.0126],[79.7998,9.049],[79.7794,9.058],[79.759,9.067],[79.744,9.0711],[79.736,9.0732],[79.7141,9.0756]]],[[[79.7308,9.5002],[79.7228,9.4926],[79.7147,9.4851],[79.6895,9.4836],[79.666,9.4913],[79.6558,9.5039],[79.6558,9.5449],[79.6587,9.5554],[79.6653,9.554],[79.6721,9.5456],[79.6763,9.535],[79.6935,9.5296],[79.7141,9.5281],[79.7192,9.5244],[79.7308,9.5002]]],[[[79.8958,9.6175],[79.8804,9.6286],[79.8649,9.6515],[79.8407,9.6994],[79.8517,9.7165],[79.8543,9.7385],[79.8605,9.7563],[79.8823,9.7609],[79.8939,9.7574],[79.8941,9.7574],[79.895,9.749],[79.8911,9.7372],[79.8884,9.7236],[79.8888,9.7099],[79.8903,9.699],[79.8904,9.6983],[79.8913,9.6961],[79.8947,9.6882],[79.8993,9.683],[79.9028,9.6789],[79.9071,9.6779],[79.9264,9.6789],[79.9297,9.676],[79.9312,9.661],[79.9336,9.6547],[79.945,9.6476],[79.9605,9.6411],[79.9734,9.6338],[79.9745,9.6315],[79.9779,9.6243],[79.971,9.6173],[79.9578,9.6172],[79.9436,9.6215],[79.9336,9.6278],[79.9265,9.6295],[79.9085,9.619],[79.8959,9.6175],[79.8958,9.6175]]]]}},{"type":"Feature","properties":{"name":"Maldives"},"geometry":{"type":"MultiPolygon","coordinates":[[[[72.9129,5.0341],[72.9094,5.0308],[72.9092,5.0306],[72.9102,5.0327],[72.9129,5.0341]]],[[[72.9277,5.0365],[72.9277,5.0363],[72.9272,5.0342],[72.9271,5.0339],[72.9257,5.0335],[72.9244,5.0331],[72.9243,5.033],[72.9277,5.0365]]],[[[73.0448,5.1218],[73.0448,5.1216],[73.0435,5.1188],[73.0413,5.1184],[73.0448,5.1218]]],[[[73.0491,5.1333],[73.0492,5.1332],[73.05,5.1304],[73.0514,5.1281],[73.0514,5.1267],[73.0476,5.1264],[73.0453,5.1289],[73.0461,5.1303],[73.0479,5.1313],[73.0491,5.1333]]],[[[73.0913,5.1614],[73.091,5.1585],[73.0879,5.158],[73.0877,5.1579],[73.0913,5.1614]]],[[[73.1039,5.173],[73.1042,5.1729],[73.1069,5.1718],[73.1105,5.1703],[73.1102,5.1704],[73.1071,5.171],[73.1039,5.173]]],[[[72.8601,5.2379],[72.86,5.2378],[72.8592,5.2355],[72.8569,5.2346],[72.8566,5.2344],[72.8601,5.2379]]],[[[73.1318,5.2446],[73.1318,5.2425],[73.1284,5.2412],[73.1318,5.2446]]],[[[73.4998,5.2469],[73.4997,5.2468],[73.4973,5.2451],[73.4972,5.245],[73.4938,5.246],[73.4998,5.2469]]],[[[73.5936,5.2827],[73.5829,5.2756],[73.5776,5.2746],[73.5702,5.2767],[73.57,5.2768],[73.5759,5.2799],[73.582,5.2818],[73.5879,5.2826],[73.5936,5.2827]]],[[[73.1128,5.2986],[73.1126,5.2984],[73.1092,5.2952],[73.1092,5.2967],[73.1128,5.2986]]],[[[73.4702,5.3078],[73.4701,5.3077],[73.4644,5.3069],[73.4642,5.3068],[73.4671,5.3083],[73.4671,5.3083],[73.4684,5.3081],[73.4702,5.3078]]],[[[73.6296,5.3328],[73.6294,5.3327],[73.6272,5.3311],[73.6233,5.3319],[73.6296,5.3328]]],[[[73.6467,5.3432],[73.6465,5.3432],[73.6401,5.3422],[73.6399,5.3422],[73.6434,5.3439],[73.6467,5.3432]]],[[[72.9531,5.3528],[72.9524,5.3501],[72.9496,5.3493],[72.9531,5.3528]]],[[[73.3975,5.3622],[73.3976,5.362],[73.3987,5.3596],[73.4006,5.3577],[73.4012,5.3561],[73.3994,5.3555],[73.3962,5.3571],[73.396,5.3585],[73.3971,5.3602],[73.3975,5.3622]]],[[[73.3233,5.3682],[73.3249,5.3668],[73.325,5.3668],[73.3279,5.367],[73.328,5.367],[73.3282,5.367],[73.3301,5.3668],[73.3289,5.3642],[73.3193,5.3629],[73.3192,5.3629],[73.3177,5.3658],[73.3192,5.3666],[73.322,5.3669],[73.3233,5.3682]]],[[[73.3508,5.4277],[73.3449,5.4268],[73.3446,5.4267],[73.3475,5.4288],[73.3508,5.4277]]],[[[73.5374,5.4514],[73.5349,5.4499],[73.5313,5.4504],[73.5374,5.4514]]],[[[73.363,5.4631],[73.363,5.4628],[73.3631,5.4594],[73.3609,5.458],[73.3607,5.4578],[73.363,5.4631]]],[[[72.9431,5.4676],[72.943,5.4675],[72.9416,5.4656],[72.9411,5.4636],[72.9403,5.4621],[72.9382,5.4615],[72.937,5.4655],[72.9382,5.4667],[72.9406,5.4668],[72.9431,5.4676]]],[[[73.0159,5.4929],[73.0143,5.4909],[73.0138,5.4889],[73.013,5.4875],[73.0111,5.4868],[73.011,5.4868],[73.0099,5.4902],[73.0098,5.4909],[73.0109,5.4921],[73.0132,5.4921],[73.0159,5.4929]]],[[[73.4624,5.5436],[73.4593,5.5417],[73.4565,5.5426],[73.4563,5.5427],[73.4624,5.5436]]],[[[73.0056,5.7133],[73.0038,5.7111],[73.0032,5.7087],[73.0023,5.7071],[72.9998,5.707],[72.9988,5.712],[73.0002,5.7132],[73.0003,5.7132],[73.0008,5.7131],[73.0028,5.7128],[73.0056,5.7133]]],[[[72.9494,6.3498],[72.9494,6.3497],[72.9509,6.3477],[72.9512,6.3476],[72.953,6.3466],[72.9534,6.3463],[72.9539,6.3456],[72.9531,6.3435],[72.9485,6.3444],[72.9478,6.3459],[72.949,6.348],[72.9494,6.3498]]],[[[72.8926,6.4521],[72.8942,6.4499],[72.8962,6.4489],[72.8969,6.4482],[72.8972,6.4479],[72.8972,6.4478],[72.8963,6.4458],[72.8918,6.4467],[72.8916,6.447],[72.8909,6.4482],[72.8921,6.4503],[72.8926,6.4521]]],[[[73.6296,5.4185],[73.6345,5.411],[73.6367,5.4029],[73.6359,5.3945],[73.6325,5.3863],[73.6325,5.3861],[73.6278,5.4133],[73.6296,5.4185]]],[[[73.0056,5.4632],[73.0055,5.4631],[73.0042,5.4614],[73.0026,5.4576],[73.001,5.4562],[72.999,5.461],[72.999,5.4611],[73.0,5.4625],[73.0028,5.4625],[73.0056,5.4632]]],[[[72.884,5.4941],[72.8825,5.492],[72.8818,5.4901],[72.8811,5.4885],[72.8792,5.4879],[72.8777,5.4921],[72.8788,5.4931],[72.8812,5.4932],[72.884,5.4941]]],[[[73.0191,5.6178],[73.019,5.6177],[73.0173,5.6157],[73.0169,5.6138],[73.0161,5.6123],[73.0142,5.6116],[73.014,5.6116],[73.0129,5.6157],[73.0139,5.6169],[73.0164,5.6169],[73.0191,5.6178]]],[[[73.0147,5.677],[73.0132,5.675],[73.0125,5.673],[73.0119,5.6715],[73.0098,5.6708],[73.0086,5.675],[73.0098,5.6761],[73.0121,5.6763],[73.0147,5.677]]],[[[73.3928,5.7377],[73.3924,5.7368],[73.3807,5.7146],[73.3806,5.7147],[73.3799,5.715],[73.3798,5.7151],[73.3796,5.7152],[73.3826,5.7221],[73.3928,5.7377]]],[[[72.9868,5.7707],[72.9858,5.7656],[72.9828,5.7626],[72.9828,5.7625],[72.9868,5.7707]]],[[[73.3823,5.795],[73.3823,5.7947],[73.3827,5.7917],[73.3843,5.7893],[73.3845,5.787],[73.3845,5.7869],[73.3807,5.7841],[73.3768,5.7873],[73.3777,5.7895],[73.3802,5.7917],[73.3823,5.795]]],[[[72.9766,5.8136],[72.9766,5.8135],[72.9751,5.8046],[72.9751,5.8044],[72.9724,5.807],[72.971,5.8084],[72.971,5.8105],[72.9738,5.8117],[72.9766,5.8136]]],[[[73.4499,5.8408],[73.4498,5.8407],[73.4338,5.8309],[73.4334,5.8307],[73.439,5.8383],[73.4431,5.8413],[73.4465,5.8415],[73.4499,5.8408]]],[[[72.9636,5.8643],[72.9637,5.864],[72.9665,5.8503],[72.9627,5.8535],[72.9619,5.8567],[72.9636,5.8643]]],[[[73.429,5.9114],[73.429,5.9112],[73.4285,5.9086],[73.4285,5.9085],[73.4285,5.9062],[73.4285,5.9044],[73.4263,5.9033],[73.4232,5.9069],[73.4241,5.9084],[73.4266,5.9095],[73.429,5.9114]]],[[[72.9317,5.9691],[72.9302,5.9569],[72.9258,5.9633],[72.9264,5.9663],[72.9317,5.9691]]],[[[73.3898,5.9703],[73.3953,5.9578],[73.3867,5.962],[73.3845,5.9647],[73.3898,5.9703]]],[[[72.9157,5.9813],[72.9156,5.9813],[72.9138,5.9796],[72.9134,5.9774],[72.9129,5.9763],[72.9114,5.9771],[72.9098,5.9779],[72.9097,5.9821],[72.9109,5.9827],[72.9131,5.9816],[72.9157,5.9813]]],[[[73.2507,6.0834],[73.2507,6.0833],[73.249,6.0795],[73.2455,6.0798],[73.2507,6.0834]]],[[[73.2521,6.1112],[73.252,6.1112],[73.2472,6.108],[73.2468,6.1077],[73.2489,6.1102],[73.2521,6.1112]]],[[[73.2205,6.1321],[73.2204,6.132],[73.219,6.1293],[73.2152,6.1286],[73.2205,6.1321]]],[[[73.2703,6.1569],[73.2702,6.1568],[73.2688,6.1545],[73.2681,6.1524],[73.2673,6.1509],[73.2653,6.1507],[73.2651,6.1506],[73.2654,6.1536],[73.2666,6.1549],[73.2682,6.1556],[73.2703,6.1569]]],[[[73.2191,6.1723],[73.2189,6.1723],[73.214,6.1688],[73.2158,6.1712],[73.2191,6.1723]]],[[[73.2708,6.1894],[73.2708,6.1894],[73.2681,6.1787],[73.2654,6.1828],[73.266,6.185],[73.2684,6.1868],[73.2708,6.1894]]],[[[73.0342,6.2224],[73.034,6.2222],[73.0291,6.219],[73.029,6.2188],[73.0304,6.221],[73.0342,6.2224]]],[[[73.2417,6.2397],[73.2422,6.2365],[73.2437,6.234],[73.2439,6.2316],[73.2402,6.2289],[73.2363,6.2321],[73.2371,6.2343],[73.2398,6.2365],[73.2417,6.2397]]],[[[73.1284,6.2869],[73.1261,6.284],[73.1231,6.2834],[73.1229,6.2834],[73.1284,6.2869]]],[[[73.2152,6.2948],[73.2152,6.2947],[73.2131,6.2892],[73.2092,6.2867],[73.2088,6.2864],[73.2093,6.2869],[73.2152,6.2948]]],[[[73.0833,6.3086],[73.0833,6.3085],[73.0814,6.3056],[73.0785,6.3051],[73.0781,6.3051],[73.0833,6.3086]]],[[[73.197,6.3275],[73.1971,6.3273],[73.1983,6.3247],[73.1993,6.3242],[73.2004,6.3237],[73.2019,6.3222],[73.201,6.3183],[73.1951,6.3196],[73.195,6.3199],[73.1942,6.3216],[73.196,6.3243],[73.197,6.3275]]],[[[73.1245,6.3325],[73.1242,6.3323],[73.1196,6.3292],[73.1193,6.3289],[73.1209,6.331],[73.1245,6.3325]]],[[[73.1873,6.3508],[73.1849,6.3491],[73.1836,6.3473],[73.1821,6.3463],[73.1802,6.3471],[73.181,6.3498],[73.1826,6.3505],[73.1848,6.3503],[73.1873,6.3508]]],[[[73.0205,6.369],[73.0218,6.3668],[73.0239,6.3659],[73.0249,6.3648],[73.0242,6.3627],[73.0193,6.3636],[73.0187,6.3652],[73.0199,6.3672],[73.0205,6.369]]],[[[72.6909,6.4116],[72.6908,6.4116],[72.6888,6.4097],[72.6872,6.4074],[72.6859,6.4065],[72.6848,6.4084],[72.6859,6.4116],[72.6875,6.4123],[72.6891,6.4116],[72.6909,6.4116]]],[[[72.9028,6.4402],[72.9045,6.438],[72.9064,6.4369],[72.9069,6.4364],[72.9075,6.4359],[72.9075,6.4359],[72.9066,6.4338],[72.902,6.4348],[72.9019,6.435],[72.9011,6.4363],[72.9022,6.4383],[72.9028,6.4402]]],[[[73.0488,6.4413],[73.0462,6.4363],[73.0433,6.4339],[73.0431,6.4337],[73.0488,6.4413]]],[[[72.9621,6.559],[72.96,6.5575],[72.959,6.5555],[72.958,6.5543],[72.9558,6.5553],[72.9568,6.56],[72.9583,6.5607],[72.9584,6.5607],[72.9602,6.5595],[72.9621,6.559]]],[[[72.924,6.5653],[72.9255,6.5631],[72.9275,6.5621],[72.9287,6.5611],[72.9277,6.5589],[72.9231,6.5599],[72.9225,6.5615],[72.9235,6.5634],[72.924,6.5653]]],[[[73.03,6.5823],[73.0299,6.5822],[73.0295,6.5797],[73.0301,6.5775],[73.0304,6.5761],[73.0304,6.5761],[73.0282,6.5752],[73.0274,6.5765],[73.0256,6.5793],[73.0261,6.5808],[73.0283,6.5814],[73.03,6.5823]]],[[[73.0448,6.6219],[73.0427,6.6203],[73.0415,6.6184],[73.0407,6.6172],[73.0384,6.6181],[73.0394,6.6229],[73.041,6.6236],[73.0411,6.6236],[73.043,6.6225],[73.0448,6.6219]]],[[[73.0695,6.668],[73.0618,6.661],[73.0623,6.6669],[73.0641,6.6684],[73.0667,6.6681],[73.0695,6.668]]],[[[73.106,6.7099],[73.1035,6.7059],[73.1023,6.7023],[73.1004,6.6998],[73.096,6.6985],[73.0959,6.6984],[73.0967,6.7061],[73.0993,6.7089],[73.106,6.7099]]],[[[73.0366,6.7597],[73.0366,6.7596],[73.0361,6.7571],[73.0362,6.7568],[73.0368,6.7551],[73.0369,6.7535],[73.0347,6.7526],[73.0339,6.7539],[73.032,6.7566],[73.0329,6.7582],[73.0348,6.7587],[73.0366,6.7597]]],[[[72.9185,6.764],[72.9165,6.7624],[72.9154,6.7604],[72.9143,6.7592],[72.9124,6.7601],[72.9123,6.7602],[72.9133,6.7649],[72.9149,6.7656],[72.9168,6.7645],[72.9185,6.764]]],[[[73.1595,6.7865],[73.1642,6.7871],[73.1655,6.7857],[73.1655,6.7856],[73.1655,6.7831],[73.1665,6.7803],[73.1528,6.7492],[73.1448,6.7355],[73.1318,6.7252],[73.1317,6.725],[73.136,6.7412],[73.1525,6.7682],[73.1595,6.7865]]],[[[73.1817,6.8305],[73.1973,6.8281],[73.1895,6.8228],[73.1838,6.8211],[73.1808,6.8234],[73.1817,6.8305]]],[[[72.9958,6.8415],[72.9957,6.8415],[72.9937,6.8399],[72.9924,6.8379],[72.9915,6.8367],[72.9895,6.8376],[72.9894,6.8376],[72.9902,6.8424],[72.992,6.843],[72.9939,6.842],[72.9958,6.8415]]],[[[73.1444,6.8434],[73.1423,6.8419],[73.1413,6.8399],[73.1403,6.8387],[73.138,6.8397],[73.139,6.8444],[73.1406,6.845],[73.1426,6.8439],[73.1444,6.8434]]],[[[72.9761,6.8529],[72.9756,6.8503],[72.9762,6.8481],[72.9762,6.848],[72.9763,6.8467],[72.9742,6.8459],[72.9741,6.8459],[72.9715,6.8498],[72.9723,6.8514],[72.9744,6.852],[72.9761,6.8529]]],[[[73.0982,6.8522],[73.0981,6.8521],[73.096,6.8506],[73.0951,6.8487],[73.094,6.8476],[73.0928,6.848],[73.0918,6.8483],[73.0929,6.8531],[73.0945,6.8538],[73.0964,6.8528],[73.0964,6.8527],[73.0982,6.8522]]],[[[72.9647,6.8607],[72.9627,6.8592],[72.9614,6.8573],[72.9606,6.8561],[72.9588,6.8568],[72.9585,6.857],[72.9583,6.857],[72.9592,6.8616],[72.9611,6.8625],[72.9629,6.8613],[72.9647,6.8607]]],[[[73.1062,6.8967],[73.1057,6.894],[73.1063,6.8919],[73.1065,6.8905],[73.1066,6.8904],[73.1043,6.8896],[73.1017,6.8935],[73.1023,6.8952],[73.1045,6.8957],[73.1062,6.8967]]],[[[73.214,6.9186],[73.214,6.9185],[73.2131,6.9046],[73.2088,6.8911],[73.2039,6.885],[73.201,6.8931],[73.2019,6.9022],[73.2049,6.9118],[73.2092,6.9183],[73.214,6.9186]]],[[[72.926,6.9574],[72.926,6.957],[72.9263,6.9538],[72.9246,6.9517],[72.926,6.9574]]],[[[73.1985,6.9713],[73.1947,6.9512],[73.1939,6.951],[73.1934,6.951],[73.1932,6.951],[73.193,6.9511],[73.1926,6.9512],[73.1919,6.9516],[73.1912,6.9613],[73.1919,6.9676],[73.1941,6.9709],[73.1985,6.9713]]],[[[72.8919,6.991],[72.8919,6.9877],[72.8906,6.9855],[72.8905,6.9854],[72.8919,6.991]]],[[[72.9797,7.0277],[72.9797,7.0275],[72.9815,7.014],[72.9773,7.019],[72.9772,7.0226],[72.9772,7.0227],[72.9797,7.0277]]],[[[72.95,7.0565],[72.95,7.0564],[72.9485,7.0508],[72.9478,7.0539],[72.95,7.0565]]],[[[72.9129,7.0927],[72.9129,7.0926],[72.9119,7.0832],[72.9064,7.089],[72.9066,7.091],[72.9097,7.0916],[72.9129,7.0927]]],[[[72.8838,7.1072],[72.8845,7.1057],[72.8845,7.1037],[72.8825,7.1016],[72.8838,7.1072]]]]}}]}