{"type": "FeatureCollection", "name": "India Exclusive Economic Zone (EEZ)", "crs": {"type": "name", "properties": {"name": "urn:ogc:def:crs:OGC:1.3:CRS84"}}, "attribution": "Flanders Marine Institute (2023). Maritime Boundaries Geodatabase: Maritime Boundaries and Exclusive Economic Zones (200NM), version 12. Available online at https://www.marineregions.org/.", "features": [{"type": "Feature", "properties": {"name": "Indian Exclusive Economic Zone (Andaman and Nicobar Islands)", "sovereign": "India", "mrgid": 8333, "area_km2": 664448, "sector": "Andaman and Nicobar", "source": "Flanders Marine Institute (VLIZ) Maritime Boundaries v12", "attribution": "Flanders Marine Institute (2023). Maritime Boundaries Geodatabase: Maritime Boundaries and Exclusive Economic Zones (200NM), version 12. Available online at https://www.marineregions.org/."}, "geometry": {"type": "Polygon", "coordinates": [[[90.22874353648567, 15.716835388042995], [90.2336111107646, 15.713888888861462], [92.40472222205366, 14.294999999950221], [92.83388888906157, 14.016388888836374], [92.91388888926136, 13.95805555591943], [93.1347222218536, 13.819722221903291], [93.6830555557697, 13.571666666383791], [93.83333333356691, 13.800000000399905], [94.4999999996418, 13.800000000399905], [95.03333333296726, 13.800000000399905], [95.68333333346717, 12.901944444380803], [95.62651993484789, 12.724273453756979], [95.49999999990084, 12.328611111413736], [95.4333333330674, 11.72138888928599], [95.3666666662343, 10.748055555319937], [95.26611111113917, 10.466666666833518], [95.26722222262768, 10.311666666783438], [95.46666666693332, 9.887222222028186], [95.59027777799761, 9.633333333666684], [95.59522185940162, 9.624570896329985], [95.60343096456793, 9.584286911012157], [95.60861111081445, 9.288333332917247], [95.62777777792238, 8.801111111089071], [95.62833333321694, 8.75305555516995], [95.65305555596947, 8.229722222103106], [95.65444444465575, 8.16500000014996], [95.69666666683347, 7.958333333416746], [95.54666666623396, 7.799999999800235], [95.5300000002002, 7.783333333766734], [95.52000000040013, 7.768333333616852], [95.42916666700879, 7.668333332917555], [94.92694444413135, 7.039999999700399], [94.63333333376707, 6.641666666383685], [94.54000000020037, 6.499999999700421], [94.49999999964186, 6.4326829266695285], [94.40333333296721, 6.269999999800703], [94.17166666628421, 5.999999999800352], [93.68666666653385, 5.422222221778185], [92.85472222205331, 4.459444444705923], [92.72527777814773, 4.308611110714779], [92.39861111111449, 4.027777777522843], [92.16011404762568, 3.8406577873275296], [92.09261275957138, 3.8797933500833324], [92.03664070460539, 3.913946251418622], [91.99969826995962, 3.937314346080413], [91.9388088389567, 3.977336298631471], [91.87284289508378, 4.0228823584343445], [91.82555697897183, 4.056997145601983], [91.7788679590893, 4.091924953174214], [91.72706370512597, 4.132185999484463], [91.65968085508777, 4.187026440218091], [91.6203291052042, 4.22047680915766], [91.56562942365932, 4.26870047624611], [91.52796791628643, 4.303162867572354], [91.4750721227804, 4.3533797443800495], [91.42839688231086, 4.399549900407564], [91.37760244739562, 4.451913706252739], [91.34767652784981, 4.483859829567606], [91.30355761838965, 4.532503563688508], [91.27468084794336, 4.565410688152895], [91.2422451732763, 4.603375088989338], [91.20692832798036, 4.646136714637862], [91.16849837959725, 4.694298429229136], [91.12684006291906, 4.7486305101900825], [91.08230096411867, 4.809365182257395], [91.05466183977265, 4.8485325198600435], [91.03141521743888, 4.882409871618478], [90.99732556632242, 4.933763478002149], [90.97145842386774, 4.97412744902276], [90.9303067708415, 5.041083181343936], [90.85306857875233, 5.170352934640263], [90.7754034676963, 5.300460051190427], [90.75092125691097, 5.342448528776657], [90.73159387645686, 5.376625113758095], [90.70846563368283, 5.418782930088341], [90.67855350793857, 5.475499923183108], [90.65683200988954, 5.518408705797171], [90.63919934877131, 5.554399955393805], [90.61520384028509, 5.605120779900346], [90.52474111930749, 5.800793092527414], [90.45052406563329, 5.961267522178616], [90.39332741822616, 6.084904052580029], [90.3505125572091, 6.177432413774895], [90.28014614512895, 6.329788571585539], [90.24286631992535, 6.409992288013697], [90.17915979948535, 6.54757224196554], [90.13609755925526, 6.640556326513604], [90.08586637873034, 6.749123573894039], [90.02467325926412, 6.881075974276882], [89.9902957423549, 6.958315032412941], [89.9749894160291, 6.994213271425451], [89.92746070544766, 7.108086210410349], [89.89026992931409, 7.197257294488736], [89.83478903908329, 7.3299959802303505], [89.79720633750284, 7.4199626117852375], [89.77001811794233, 7.479855270204766], [89.75541905444621, 7.513362623786222], [89.73282211944561, 7.56730035832507], [89.71648550100545, 7.60800037002133], [89.69306597861217, 7.669178464514786], [89.6589763014156, 7.75083836949527], [89.62307667744719, 7.8317746592733215], [89.6067678516554, 7.87013321677459], [89.57895950187978, 7.938849609422206], [89.56347066264098, 7.979084760653393], [89.54593232151998, 8.026681545417134], [89.52777009281616, 8.078446322739694], [89.51422527847436, 8.118903471617998], [89.49757000235442, 8.171167227885391], [89.48006712240013, 8.22954738490408], [89.46204059779555, 8.29411925909676], [89.44977991551119, 8.341311408294914], [89.41296289492234, 8.490175598425296], [89.36334488745686, 8.689551355211094], [89.32603509234619, 8.839234412238511], [89.30160378588644, 8.937306703541708], [89.2549114043384, 9.124452731808276], [89.21582133109004, 9.281065373668227], [89.19012042112084, 9.384073271164581], [89.15921173593327, 9.507686372428168], [89.1569972507227, 9.514487135672809], [89.10862666768728, 9.632241482058973], [89.0698511988742, 9.726612638662559], [89.04878910982998, 9.779266299600181], [89.03191220208694, 9.823162374144417], [89.00279778309178, 9.90392496886227], [88.98186580886002, 9.96632277877329], [88.95795274212585, 10.04312070056011], [88.94769473672304, 10.078210842056706], [88.93019915836501, 10.141642117789615], [88.91922986206927, 10.184114187819716], [88.90547691133085, 10.240957878303604], [88.89581028301873, 10.283736295193933], [88.8823746355811, 10.348136627303688], [88.86871279695848, 10.421181819385481], [88.85820136170398, 10.484712464808737], [88.84979509906478, 10.542053492974603], [88.84474110521833, 10.58035252614836], [88.8380015426375, 10.637908611892897], [88.83293855197317, 10.688551467876252], [88.82899526761813, 10.73405896025298], [88.82345241759518, 10.817563277623478], [88.82049002199747, 10.885094688469152], [88.8164541704239, 11.009436098497417], [88.8106347078257, 11.187980932474034], [88.80616586056644, 11.324357366899264], [88.80101520039145, 11.48089618521088], [88.79956092919409, 11.532735221353505], [88.79883922055379, 11.577481034722197], [88.79876379081648, 11.616190786475727], [88.79981859934927, 11.689241063324616], [88.80122663819915, 11.733055096315908], [88.80532185941658, 11.813313692972883], [88.8101184789846, 11.878897377312342], [88.81404868090212, 11.922558095679719], [88.82018277851242, 11.98069188522247], [88.82454248584756, 12.016967356558496], [88.83554933963038, 12.096595630983629], [88.84529501025705, 12.157533638866411], [88.85913220588716, 12.23343901140123], [88.87386130055935, 12.305043009327548], [88.89018112236138, 12.376313268842466], [88.90808520337, 12.447215697546426], [88.92555202500617, 12.510686587516034], [88.9378957776685, 12.552805445215185], [88.95972718636071, 12.622640143927526], [88.97357366299443, 12.664310837075789], [88.99889567599499, 12.73609822475349], [89.01553060225572, 12.78054558730922], [89.0353303516147, 12.831073999165866], [89.05246549338838, 12.87293976246012], [89.08475926043164, 12.947715430023322], [89.10350580295093, 12.988914539374775], [89.13017261267649, 13.045166105431576], [89.16065021323712, 13.10775811134782], [89.23477412502618, 13.259779797799581], [89.26219433100405, 13.316450472211784], [89.26877614170601, 13.363752656160315], [89.27777787424984, 13.421265770499119], [89.28438810172989, 13.45888692169433], [89.30402909466719, 13.593066451755632], [89.30963049145456, 13.629180982216894], [89.3196106477134, 13.687836185191813], [89.33000132560093, 13.743049278001934], [89.34284887847323, 13.805078419833237], [89.35853749760773, 13.873703222825611], [89.3775057104207, 13.948795762014981], [89.39050318027816, 13.996356067578617], [89.4022109683618, 14.03696506698445], [89.42504968519526, 14.111029626216407], [89.45194479771456, 14.191220197254552], [89.51579441198274, 14.373349995106253], [89.57473591053414, 14.541914527133812], [89.59223357352087, 14.58987222602262], [89.60779898373656, 14.630766175618575], [89.63219062110076, 14.691728565021265], [89.64912820430376, 14.732104877438402], [89.67856883798189, 14.798910519205378], [89.70632626994185, 14.859187370700738], [89.72266176602798, 14.89778653641963], [89.7570758556665, 14.975262637860496], [89.77253163762529, 15.008549086471362], [89.79804831787558, 15.061458426465322], [89.83468500101233, 15.133481812435761], [89.87311774269025, 15.204626277480813], [89.9040282166292, 15.259012747640426], [89.92456470949404, 15.293793429723095], [89.95911914193547, 15.35026326034125], [90.00290441190938, 15.418365275737116], [90.04418635961284, 15.479369653586659], [90.07391047129184, 15.521539081963326], [90.11310729046974, 15.575105652803742], [90.14887447577703, 15.622076315169906], [90.17625341006706, 15.656901800577714], [90.22637496053645, 15.718269162791785], [90.22874353648567, 15.716835388042995]], [[93.0152354241757, 13.676111220956031], [92.99808120688263, 13.667903303794446], [92.98195457474426, 13.665241241290332], [92.97672641279397, 13.655317545368518], [92.98603355870208, 13.643041848902428], [92.9947077032979, 13.644439339603807], [93.00093674683373, 13.649566650680583], [93.01474142117993, 13.643970966386973], [93.0177179577179, 13.632669568446033], [93.02416634590045, 13.627244353344338], [93.03177046813286, 13.629350901023301], [93.0285967588334, 13.642415404547364], [93.02535426578689, 13.648006558056167], [93.02529823802368, 13.660601138831439], [93.02241206176737, 13.669685363488838], [93.0152354241757, 13.676111220956031]], [[93.04531407378548, 13.62910914437144], [93.05499911301891, 13.636060714930181], [93.05649435553042, 13.644132375808454], [93.06489372216757, 13.647306680458868], [93.063472628759, 13.654575943724865], [93.0564185381854, 13.65417683089612], [93.05176520310218, 13.646329641699637], [93.04234957737108, 13.63674676455166], [93.04531407378548, 13.62910914437144]], [[92.8851332664872, 13.574382543419688], [92.8925993445844, 13.586047053428771], [92.90325427026843, 13.596135258735103], [92.89667260615599, 13.601832628473048], [92.8862402437924, 13.592929840239933], [92.88372945804835, 13.58325600655968], [92.8851332664872, 13.574382543419688]], [[93.02702677276764, 13.578700661606263], [93.02366364016527, 13.572864651482561], [93.01594150079998, 13.570454358681658], [93.01428532640696, 13.556686758886869], [93.01451134672143, 13.54338157160241], [93.00741803671318, 13.544325947884204], [93.00618731988916, 13.554540157202553], [93.00220251113697, 13.561211466636053], [92.9883947368277, 13.566845178762193], [92.9806232453665, 13.552546858450725], [92.98957514737506, 13.536713957483187], [92.98848664754124, 13.527827740158273], [92.97576510947258, 13.52826225749736], [92.97394335280367, 13.535156249861004], [92.96500253673796, 13.544078826776456], [92.95900833586612, 13.541573643808803], [92.95124244718161, 13.54276871690297], [92.9479105471344, 13.537420153717207], [92.92768776387939, 13.539268255125918], [92.91764450039355, 13.536441326206429], [92.9139292238547, 13.531339764518577], [92.91463971165334, 13.525072455729216], [92.92672562598719, 13.515795349875475], [92.92297363282736, 13.512693524286817], [92.92959690137619, 13.50179517280911], [92.90387260903398, 13.497195243965322], [92.90365874755335, 13.484515428144448], [92.89897906773015, 13.47631287543895], [92.89188337361904, 13.477604150810905], [92.87727701662143, 13.475315570457326], [92.87189853209193, 13.471680164508072], [92.87095165209755, 13.46497476087653], [92.87618994670905, 13.460107445602148], [92.87308645287752, 13.447671771435182], [92.87949705154782, 13.444683909734735], [92.88411784196532, 13.429395675969644], [92.87032091617769, 13.42457222962473], [92.8686444755622, 13.418404817528412], [92.87307512771511, 13.414477110330537], [92.86925530408908, 13.404272079492827], [92.86548364185686, 13.401577115291786], [92.85977292078385, 13.407997250372944], [92.85112011440188, 13.411775946203136], [92.84522032705664, 13.408643126379317], [92.84270834881139, 13.394430041113523], [92.8534131050308, 13.386703729793453], [92.86553454438368, 13.381555676753237], [92.85526704753627, 13.37858951119722], [92.84882533592068, 13.371346235640189], [92.84035456221332, 13.37598216524492], [92.83628165677348, 13.366601467383859], [92.8337700364581, 13.351893544551501], [92.83435821555943, 13.337569117820507], [92.82740700203172, 13.329884528748138], [92.82685542084121, 13.31990635369526], [92.83124542273825, 13.315081477428464], [92.82615184792965, 13.306846380056356], [92.84209477915081, 13.30137515024306], [92.83551454585975, 13.293865680756639], [92.83296215567921, 13.28562057033325], [92.82481336624434, 13.288508057800868], [92.82449901092062, 13.27530932416613], [92.82740187679528, 13.268327712653843], [92.83539247548256, 13.26740956330093], [92.83876264078336, 13.258971452970286], [92.84696674302111, 13.262516140707405], [92.85436236822889, 13.257661819737322], [92.8498419520445, 13.239113926666377], [92.84392750305207, 13.236856221837158], [92.83938980099859, 13.242578148462997], [92.83131241773438, 13.242180704775706], [92.82782101662687, 13.236516714275183], [92.82935082907781, 13.22373473636894], [92.82460415335927, 13.217206358886514], [92.83174633972206, 13.213832140340969], [92.81829941298773, 13.20146691816376], [92.82429575964196, 13.192695975039257], [92.81908464434107, 13.18359374955206], [92.83451974369146, 13.175310730905537], [92.81615793743893, 13.170135736874727], [92.81249999987531, 13.162388444371288], [92.81416571157874, 13.152225375001123], [92.82202744461122, 13.145029068336783], [92.83147394676533, 13.14902496303182], [92.83380615682907, 13.145225405628182], [92.84245395668475, 13.146010279950517], [92.83992004397513, 13.136301755821535], [92.84327352055689, 13.128698348550003], [92.82322442516741, 13.133496641756594], [92.81876373295998, 13.127870440768206], [92.8101474048789, 13.126825213612719], [92.82056975329166, 13.107133149974857], [92.80764412847398, 13.099226951762475], [92.80538606661392, 13.086761117031969], [92.81066393859018, 13.079344868571013], [92.80336880722487, 13.077058315289193], [92.7969472404229, 13.08953702471382], [92.7968201635197, 13.067859530493081], [92.7925268414406, 13.05546104868857], [92.7955787177838, 13.041157841461242], [92.79459881738174, 13.030881643672885], [92.78854334390033, 13.017745256438545], [92.79093694708266, 13.012025355985529], [92.80635845677742, 13.006731628961504], [92.82482290265503, 13.013056755165096], [92.82321000094097, 13.006173848744197], [92.81618595132099, 12.998641133581373], [92.80827415033187, 12.993986845216966], [92.81878304500154, 12.988860964961518], [92.81439876549055, 12.983341455044126], [92.80674421827163, 12.983042955667983], [92.79932236703385, 12.99132585560369], [92.79313361672334, 12.980990647900157], [92.79733896262312, 12.971679568357487], [92.79284810985266, 12.96767997744898], [92.79264473896362, 12.95135426508726], [92.79980945604163, 12.94801044452663], [92.80155587200622, 12.938808917697358], [92.795540809561, 12.924336910420266], [92.79439234742901, 12.914177655973944], [92.80255043495484, 12.898869037276356], [92.81249999987531, 12.899553537365861], [92.82435941725359, 12.896834373307854], [92.8276910780809, 12.887914776745617], [92.83267414599518, 12.886969327572444], [92.83776640869311, 12.891399741405039], [92.84305465255042, 12.8917336461909], [92.84393584696173, 12.885493874642563], [92.84271395248706, 12.876170635366577], [92.85072791556101, 12.87859773649626], [92.8581805227133, 12.87883555861417], [92.8730031252941, 12.882893323967764], [92.86978876573923, 12.89054727583624], [92.87264502065128, 12.90074944503094], [92.85895502605396, 12.90326976808528], [92.85416066648159, 12.916361450920249], [92.85458040256393, 12.927548051301642], [92.86002051853265, 12.933927059486166], [92.86933255225588, 12.934463023949377], [92.87714362108167, 12.946309447023339], [92.87295055362532, 12.949699520616477], [92.87727367833801, 12.957551956457678], [92.8750474452834, 12.964148641046833], [92.88177931326484, 12.968972921063639], [92.87948954130925, 12.97294771676377], [92.89759230594049, 12.99485886114745], [92.89863383778177, 12.986232280795264], [92.90741646309962, 12.98326551898873], [92.90650844550865, 12.967384815456967], [92.90971255279251, 12.96239244945211], [92.9079004530436, 12.951601504905568], [92.91270816305146, 12.946399926915191], [92.91915917365716, 12.960039138595434], [92.9282186031061, 12.957944154399271], [92.9315501452231, 12.965929508240194], [92.93858373125451, 12.971118211536279], [92.93720722173614, 12.98078870783256], [92.93323826803223, 12.988903403069742], [92.91937887713382, 12.986519575517946], [92.91599130635385, 12.993466138651456], [92.90830540696928, 12.999752164131152], [92.90378677863706, 13.02219486270279], [92.90977680665472, 13.033320545706644], [92.91635274927992, 13.053741455004058], [92.91006994247434, 13.061002254750392], [92.91811120536786, 13.06542873404895], [92.92074835305405, 13.057469844557588], [92.92886745946586, 13.062293648832721], [92.94200587287312, 13.063553572039822], [92.94300115078269, 13.054791927005965], [92.93550741673405, 13.050935507267852], [92.93505167989147, 13.042319059576855], [92.94194567225512, 13.034144640363067], [92.95086216885423, 13.029277205478763], [92.95524132222963, 13.018474936669179], [92.96652543520102, 13.013649940792206], [92.97034561675699, 13.015934824932401], [92.96569752651968, 13.027849673823297], [92.97040212116136, 13.03010666369181], [92.98505401622995, 13.025834441506277], [92.99500656150391, 13.0354228018209], [93.00255727749655, 13.031432628612876], [93.00793015924947, 13.032931446828897], [93.0097024442127, 13.04346930956109], [93.0159845351582, 13.050348043127755], [93.0208097693558, 13.049962043313869], [93.03032684310969, 13.067666530585925], [93.02604484529346, 13.07156383979941], [93.02735555141763, 13.077503919470473], [93.03484320604915, 13.080656767196047], [93.03602957730354, 13.090873360617081], [93.03159475319549, 13.115185141781055], [93.03165864912742, 13.130069971152167], [93.03754961502287, 13.138721823353421], [93.0342897173966, 13.164711118023718], [93.03716111149637, 13.170469879981056], [93.03205311336094, 13.177956938362158], [93.03687703634657, 13.195232868102607], [93.04596817499166, 13.210247874339984], [93.04325973984535, 13.222677112059031], [93.05584681038212, 13.23258364172159], [93.05526280413542, 13.244039178065634], [93.0575503106987, 13.256224751670914], [93.06477725546611, 13.264103650962838], [93.06638145444103, 13.272593140461069], [93.05390214876545, 13.263431072286252], [93.0454907420042, 13.259467363428143], [93.04032862176902, 13.270070076273086], [93.04664421066204, 13.276925206233386], [93.03771150108494, 13.280398249479717], [93.0330443380258, 13.276250958415105], [93.02574920666095, 13.283434629604471], [93.0223951338285, 13.278767466545432], [93.01229584257933, 13.276976465791321], [93.0108934640622, 13.281879544405555], [93.01646220646595, 13.289997100385847], [93.01261806517195, 13.294807553326095], [93.01403975483109, 13.304415225682007], [93.00956094308313, 13.310024261310772], [93.00692975520442, 13.308894753290232], [93.0093058350964, 13.3200464249026], [92.9980480668651, 13.315185546975314], [92.98635375512211, 13.317380547474372], [92.97830164460518, 13.324044227958836], [92.96357667422447, 13.324985146347558], [92.95337116674617, 13.333273768669471], [92.95522284475877, 13.344524860334033], [92.96406996225906, 13.359375000156035], [92.96988511080932, 13.356174826507115], [92.97746527150534, 13.346805452909436], [92.9797326323554, 13.335183501517506], [92.98449027530606, 13.329297542148012], [92.98921096331551, 13.330427050168453], [92.98960125469412, 13.341885447255535], [93.0039224627516, 13.353575468333347], [93.03263914578034, 13.345389604346778], [93.03986060648205, 13.350659847374274], [93.04575920132643, 13.34625744832249], [93.04150736317447, 13.338420748818407], [93.04039645223489, 13.32210373919628], [93.04587364185514, 13.32062244427054], [93.05330061922851, 13.3277944323671], [93.06009364110898, 13.329077959180552], [93.06094574964666, 13.31660294506986], [93.06344902515283, 13.309323549142661], [93.07070636790482, 13.306724667609487], [93.07187640657096, 13.32233226322353], [93.07706654068821, 13.329862952213531], [93.09036541023582, 13.336062669756515], [93.08759856232408, 13.343469620126811], [93.0791369679969, 13.341514229598033], [93.07157695301399, 13.347615838300499], [93.06286907215022, 13.360744357366329], [93.05946540800247, 13.373978853441542], [93.05271494383979, 13.391121744672816], [93.06260144739932, 13.391403674939681], [93.06894755388649, 13.397228002870122], [93.06584870775194, 13.405412912675772], [93.05891275392068, 13.401675462452772], [93.0627682212768, 13.418488741362523], [93.0522277352218, 13.406947374621552], [93.03642213317508, 13.416888475123002], [93.04070150856788, 13.426095247697546], [93.03280937665161, 13.424911856796811], [93.02090573331301, 13.431437611856424], [93.0347186328589, 13.435144305265439], [93.03580796726388, 13.444023847822322], [93.03367805519824, 13.456938147477672], [93.02747666851369, 13.461696505389625], [93.0340422392583, 13.466359853524395], [93.03490555244954, 13.476356625657942], [93.04118657140347, 13.492604255282231], [93.03990435580184, 13.498699903277938], [93.04347085929297, 13.505384445335949], [93.04257774346846, 13.518873929788072], [93.04476404212713, 13.529392242158394], [93.04123091697343, 13.535853743355517], [93.03945505630602, 13.548020004919223], [93.02702677276764, 13.578700661606263]], [[94.27200841925318, 13.46546220781471], [94.26321482670332, 13.464313626073178], [94.2536721231701, 13.451884865893916], [94.24938034972345, 13.441125750153276], [94.25570237596426, 13.430299759026866], [94.26315665225783, 13.430135607572296], [94.27083945257883, 13.43501925453495], [94.27549815211827, 13.441834450099904], [94.27696144621396, 13.452706455938184], [94.27200841925318, 13.46546220781471]], [[93.02230930343174, 13.302664518153108], [93.02394843117551, 13.308287620977012], [93.02090895198697, 13.316765070351764], [93.02254414519635, 13.329197764165428], [93.01704442486047, 13.327787041738816], [93.01588404221516, 13.316630005670376], [93.01061713657171, 13.316641569153077], [93.00943827645543, 13.310742021027409], [93.01815450212874, 13.308047652177422], [93.02230930343174, 13.302664518153108]], [[92.93952667671513, 13.01159024239574], [92.9425530437882, 13.01799333082748], [92.93720185728014, 13.026084303747837], [92.92252755200533, 13.021641850690955], [92.91593682722302, 13.01211845830045], [92.92158341404362, 13.000488520029364], [92.93227457970832, 12.999563455788959], [92.93642270534374, 12.9956904651429], [92.94404482840642, 12.997107266986745], [92.93952667671513, 13.01159024239574]], [[93.00575756985629, 12.997523427364456], [92.99368882178194, 12.990931153050198], [92.98890650233332, 12.984699845021964], [92.9794893261716, 12.979849338975896], [92.9723540546959, 12.969449162448981], [92.96439242407152, 12.977810144222929], [92.96911454200293, 12.98234105099884], [92.96040701906887, 12.989472628059545], [92.95776271817525, 12.983165860615884], [92.96294605701499, 12.969343543369902], [92.95411825155637, 12.962366342133052], [92.96165704703517, 12.954829812046114], [92.97259891041134, 12.95499813545581], [92.97394645186753, 12.945667147620881], [92.9603009224501, 12.949377179313487], [92.95824527729795, 12.942801356297522], [92.9694019554361, 12.944482207188173], [92.97080075734905, 12.938387513373115], [92.97967457752, 12.93281412147455], [92.98269295681476, 12.937919855117173], [92.98075354094331, 12.949880957939953], [92.98806190493295, 12.953785299851688], [92.97976350787988, 12.960126161493122], [92.97958946208448, 12.96695804577729], [92.98885071289013, 12.977305054384885], [92.99245941616923, 12.98539400113225], [93.0054583546196, 12.993724346601411], [93.00575756985629, 12.997523427364456]], [[92.87664663773253, 12.932382821909684], [92.8611456153782, 12.93354356248551], [92.85916340346856, 12.925727844164712], [92.8649226429657, 12.917100072210687], [92.87153232096014, 12.916033745161187], [92.87605857824101, 12.926663875637402], [92.88078653816851, 12.920521259648567], [92.88634085634587, 12.92307531807154], [92.88375294204482, 12.92966175038957], [92.87664663773253, 12.932382821909684]], [[92.89814126470756, 12.921408534376482], [92.89522600167871, 12.917107462839155], [92.89826214348344, 12.90995776623781], [92.89592754841769, 12.898610830225778], [92.88664054912218, 12.893980503397685], [92.87919604756004, 12.895295262766169], [92.87267196164211, 12.892457843254917], [92.87392091761652, 12.881168007897301], [92.84564423599303, 12.875188947112164], [92.8417458529888, 12.875590204824277], [92.84031605684075, 12.878562927337143], [92.84307742158623, 12.884951233612583], [92.8396327492521, 12.891162156708148], [92.83383405199996, 12.88525521795411], [92.82644402956853, 12.887998342649325], [92.82451415100749, 12.89518404001143], [92.80344903484516, 12.89703357224164], [92.79220974408494, 12.889879822395983], [92.7938425540909, 12.872234225429281], [92.79332017928331, 12.862980366151135], [92.7824449538717, 12.859626054998557], [92.77831733187949, 12.86408305189154], [92.77115273441152, 12.863193154740372], [92.76859021156932, 12.850645303638032], [92.7633513216065, 12.852174759057945], [92.75339663055033, 12.847614645899398], [92.7398418184454, 12.832449675012697], [92.73297655582363, 12.832031250142037], [92.72404396495736, 12.827166318970441], [92.72053551630123, 12.805354952569175], [92.7209924456449, 12.787871718305382], [92.72614145286596, 12.766322613098211], [92.73103404088866, 12.753549933282713], [92.73090004909821, 12.743353843505076], [92.73879373054652, 12.737643838292684], [92.74132204048013, 12.72479701027379], [92.73957490955459, 12.711876749912108], [92.74017810823332, 12.699874043552356], [92.73037600514866, 12.697904825047829], [92.73643934769794, 12.681257844274157], [92.73287510869969, 12.674217819996485], [92.74396741426486, 12.671097516937081], [92.75215065492907, 12.674615502003803], [92.75972271003528, 12.671037912569773], [92.76862382912665, 12.671720027657386], [92.78426814046267, 12.692891120828662], [92.78840124652069, 12.674054622722736], [92.78390955917897, 12.66494226457398], [92.77365386503428, 12.669845342288838], [92.7618094681329, 12.667998075450768], [92.75323414823757, 12.670724273106927], [92.75046932739772, 12.665851950407315], [92.74416601694858, 12.66756021982826], [92.7331255671912, 12.652079344086573], [92.73614025117169, 12.639853358545722], [92.72808241826945, 12.63540065321763], [92.72294926609575, 12.627591847985329], [92.71946835558035, 12.63814282373255], [92.71557557625206, 12.637485742173169], [92.71214485150378, 12.622906446675287], [92.70500850713714, 12.608446001981449], [92.70178651773412, 12.612568736158252], [92.69536566769162, 12.607393502907769], [92.68762385835456, 12.611478925112394], [92.68478584259296, 12.60331714137287], [92.70117795459922, 12.599849342972789], [92.7074731585598, 12.596943378034425], [92.70424914388323, 12.58759665476174], [92.7081856725309, 12.571872234516022], [92.70481777172327, 12.56525874159756], [92.7087136510145, 12.555938959315469], [92.69874227033986, 12.539201855681242], [92.69956970237982, 12.530339241063231], [92.69471764590301, 12.519440412944832], [92.69597065422269, 12.512448907091539], [92.70105564590173, 12.510595441226585], [92.70139086279838, 12.50032544156602], [92.70828735797559, 12.493976950975465], [92.70332360300225, 12.483633279752098], [92.69948196452142, 12.46740126595573], [92.70650374874916, 12.451048850923712], [92.70201504266029, 12.445723533414522], [92.70306420345028, 12.435865640886561], [92.69806253935477, 12.42092585574369], [92.70047354711656, 12.407711148350813], [92.69776535029101, 12.389446854688629], [92.6994348760189, 12.379277825511323], [92.70532703441538, 12.369799256230749], [92.6999857422484, 12.365910768467415], [92.7008339162526, 12.335240006121282], [92.70859074606645, 12.328485965355242], [92.70742762048863, 12.316331148563776], [92.7151731251399, 12.311615347470237], [92.72039747216573, 12.30025327227088], [92.72965633886909, 12.302667617416645], [92.74784696096881, 12.299873471483522], [92.75452101243488, 12.295723080455957], [92.7575093507763, 12.302925825366685], [92.76623415957911, 12.304687500128125], [92.77161645903234, 12.316901802576353], [92.77990591502615, 12.312820911156095], [92.79069650164254, 12.311527252580717], [92.79453933262423, 12.306203842533463], [92.80853450316502, 12.314666628462291], [92.82255375395258, 12.308844327603694], [92.831985712271, 12.302496433264011], [92.840372443434, 12.306851148461874], [92.8487048150752, 12.308126449176243], [92.85493540724369, 12.313366055898868], [92.87816512591999, 12.31326985362108], [92.88900685338385, 12.325163840938615], [92.88656222806472, 12.332021951252216], [92.87968933559446, 12.333563923436373], [92.88160920110406, 12.344084024558171], [92.88752233978451, 12.343895434926523], [92.88980364822018, 12.350631237441746], [92.8797167541251, 12.358022570185469], [92.87289082964853, 12.353780507664212], [92.86840510391269, 12.36196351090723], [92.8623534444562, 12.361116051864371], [92.85795307157733, 12.366473436499845], [92.85979735896129, 12.37131416781466], [92.851949453005, 12.377921104675465], [92.84677076365992, 12.38853239975036], [92.83794951425867, 12.39804947350433], [92.84150505051795, 12.405858159126794], [92.83466947091975, 12.41103196155585], [92.82955193547369, 12.419939756314818], [92.82994234556284, 12.42779874821359], [92.83876371367447, 12.428325176265943], [92.84627032241767, 12.42335248023278], [92.85831034164934, 12.422420859035341], [92.86559355250083, 12.425487756754592], [92.87320470833086, 12.418979048344497], [92.88570225225718, 12.422946572126804], [92.89318323122112, 12.418450832439873], [92.89587020854341, 12.424326538638795], [92.88695812221974, 12.435197830415461], [92.87717854985053, 12.442073703238748], [92.87701284886433, 12.446859955422667], [92.89319801337783, 12.43516254461575], [92.90952646777268, 12.418864607815522], [92.90666544465469, 12.40778934979862], [92.91526067284192, 12.406481742738379], [92.91532003888895, 12.411938548325509], [92.92207717871938, 12.433574438109986], [92.91931414573153, 12.441011666854934], [92.93116021177448, 12.448236107910176], [92.94115865215039, 12.448969245134705], [92.95030868020163, 12.46483397490806], [92.95802021026495, 12.467487930923198], [92.95807206607313, 12.474248647357172], [92.95089197148772, 12.476254105842315], [92.94403862937943, 12.468782305359184], [92.93522512943642, 12.469577312343162], [92.93187701731065, 12.480468749832923], [92.93992745868562, 12.483386158644336], [92.94521796703569, 12.49429380911208], [92.95087194448493, 12.494868159338296], [92.95869851132747, 12.486639142282797], [92.96390605002435, 12.487850308744768], [92.96820855148363, 12.49617624303913], [92.96544563810582, 12.504632354199757], [92.96595144290481, 12.513483167014499], [92.96957862365471, 12.516975044762603], [92.97436904869298, 12.531196236517118], [92.9753447771399, 12.542303204629206], [92.96963787099136, 12.5609935521109], [92.96173024195721, 12.576590418812884], [92.96219980677589, 12.583879232440651], [92.95733404193257, 12.593502163594167], [92.9559501408867, 12.601845741687839], [92.95784223083464, 12.624219536902146], [92.95805764184686, 12.642480850211129], [92.96264851092039, 12.658637523303241], [92.96185135815384, 12.66889345666776], [92.96518564230351, 12.679661035928163], [92.96331846717388, 12.684527158701599], [92.96547234077619, 12.692946553241015], [92.9631742240114, 12.698461055733262], [92.96538734405081, 12.70505166090544], [92.97700250106496, 12.718105554228089], [92.96765601611222, 12.719961643415147], [92.96436524386107, 12.729217052225351], [92.9686063531008, 12.739764213947396], [92.96244835870496, 12.74703443049458], [92.96045494124294, 12.754619717326193], [92.95221066449054, 12.757420659436093], [92.94882154507823, 12.762738943347571], [92.94952774041306, 12.769927621062891], [92.93878793761363, 12.768013000399819], [92.93353164217152, 12.775848746622444], [92.93428361389792, 12.781157612833795], [92.94298374620317, 12.789714455258022], [92.9488352534444, 12.792513966546494], [92.95367372026627, 12.808247327851916], [92.94688570491158, 12.818211436608678], [92.94416105768667, 12.826565861425593], [92.94831085246435, 12.836079359475022], [92.94125735724148, 12.836337804845911], [92.93896675071525, 12.848912953969872], [92.9305235151484, 12.857441663801922], [92.92728245292304, 12.873497247699788], [92.92738985985446, 12.884654402478688], [92.92000102992372, 12.887508749928827], [92.9064730409984, 12.883103251813793], [92.90521776638721, 12.887071132626872], [92.91030025525308, 12.896932840078591], [92.91027891613922, 12.908959507974998], [92.90618407713364, 12.914870023333037], [92.89898443218615, 12.915917157950545], [92.89814126470756, 12.921408534376482]], [[92.94904875789413, 12.428886651797526], [92.94844114804087, 12.420898437213225], [92.9405355451793, 12.421970724969057], [92.93345046037095, 12.419336080995492], [92.92609524709829, 12.403881549993443], [92.9245002266043, 12.39122867606254], [92.92794585221961, 12.386977076231233], [92.91908514506352, 12.375698327715824], [92.91891372169087, 12.364771127785502], [92.93251884007262, 12.359732747068776], [92.93745183913128, 12.376817822684458], [92.9429842237432, 12.384084820557959], [92.94280242938916, 12.400200248043063], [92.94663608099066, 12.40693676462007], [92.95253241044273, 12.408232331556917], [92.9605298044074, 12.419227242343354], [92.95501434773425, 12.434780001795843], [92.94904875789413, 12.428886651797526]], [[92.89043664953184, 12.391755938685705], [92.89376044309009, 12.396727203897271], [92.88648080794323, 12.406887054594108], [92.88246190589226, 12.398602008875557], [92.87373924287218, 12.405277013623433], [92.86528217753082, 12.40372693495027], [92.85214960611953, 12.40902161615486], [92.84478151815276, 12.404432654543356], [92.84438931931189, 12.395215153956201], [92.85498297238647, 12.38858222938643], [92.8598072533022, 12.388486504648426], [92.86237192192678, 12.379776001361321], [92.86826205235187, 12.378329038954178], [92.87268650547813, 12.383557439224603], [92.88609695391156, 12.37903165858431], [92.88419830790608, 12.3879499439347], [92.89043664953184, 12.391755938685705]], [[92.86688876150745, 12.412694454585491], [92.8654123543972, 12.421063065308374], [92.85868334805812, 12.41551840315195], [92.86688876150745, 12.412694454585491]], [[92.90835392449421, 12.34144830679395], [92.9186793565672, 12.350042343379513], [92.91249537446188, 12.353884338891291], [92.90835392449421, 12.34144830679395]], [[92.92995166773548, 12.305716275985432], [92.92877805246562, 12.291453242373379], [92.93060815304412, 12.285046458627107], [92.92562675517073, 12.280567526370461], [92.91276335714352, 12.293057560957763], [92.90163922277227, 12.288118958223365], [92.90374290970786, 12.277091145739732], [92.9143644570544, 12.271347880000732], [92.91209125510781, 12.263134956313294], [92.92116606206454, 12.265094042156534], [92.92257463960803, 12.258269310180708], [92.9188023802262, 12.23841822122408], [92.92138457303989, 12.23153555402267], [92.92899906625408, 12.238187551414342], [92.92780530437167, 12.252618431795142], [92.93001341788519, 12.25855731986455], [92.94225180147967, 12.274309277351279], [92.94157135463448, 12.280673742599262], [92.93356645133107, 12.287544250067185], [92.9365645644036, 12.298241138117987], [92.92995166773548, 12.305716275985432]], [[93.84751951651268, 12.282371521428601], [93.8489029409183, 12.27001190202786], [93.86249995191159, 12.26583325879794], [93.87416660770307, 12.268610954332232], [93.87805545339646, 12.279166579574209], [93.87527775786262, 12.288055538932028], [93.8671874999034, 12.295555472007592], [93.86173903912575, 12.295743465388725], [93.8489029409183, 12.285654545121233], [93.84751951651268, 12.282371521428601]], [[93.06250000027504, 12.233888745269326], [93.06555545322166, 12.227222204041482], [93.08277773840214, 12.22222220908759], [93.09112775294389, 12.223470449201884], [93.0911109446146, 12.216944455822144], [93.09893071617981, 12.204150080761664], [93.10361111186373, 12.208333253876674], [93.10361111186373, 12.221666574652588], [93.10055553930707, 12.231388926757674], [93.10583317296258, 12.239722251680675], [93.10598540300387, 12.260203838236677], [93.1016665698564, 12.260833263844049], [93.09944427043698, 12.249722242487564], [93.09222221348469, 12.238055467985518], [93.0850000378214, 12.238611102420336], [93.08611094966116, 12.24611115420663], [93.08361113114896, 12.258610963525257], [93.07777774344825, 12.261944413104118], [93.0705554481755, 12.257777809998117], [93.0647511481474, 12.235795736084455], [93.06250000027504, 12.233888745269326]], [[93.0721383098352, 12.210782169861261], [93.06629991560916, 12.210146069485504], [93.06409180119599, 12.20389413820412], [93.05363142495051, 12.185537218867694], [93.04964315920469, 12.17182993930021], [93.04324102405414, 12.158535837958482], [93.03718864873738, 12.133531927756337], [93.0397075418696, 12.126953720637673], [93.04656445968217, 12.12774574726852], [93.05020284688433, 12.114968180537005], [93.05803954638841, 12.104395032005186], [93.0621676441215, 12.102810740423351], [93.06947934639501, 12.087415814688072], [93.07864534820422, 12.08466053025937], [93.08417284500118, 12.088552355406861], [93.09134471438747, 12.102535247503681], [93.08984041210536, 12.115243911777156], [93.0930240157459, 12.122683047984367], [93.08770632718583, 12.129984378376307], [93.09498310068975, 12.142417549730098], [93.09403860569742, 12.14837574984108], [93.08382296555774, 12.155539512738457], [93.0899802449924, 12.174447417014775], [93.08553731439557, 12.18691492088692], [93.08546733814748, 12.195215105792613], [93.07721102217116, 12.20217204080717], [93.0721383098352, 12.210782169861261]], [[93.1122379305364, 12.138050317767906], [93.1155612465545, 12.129956841135368], [93.12325787575051, 12.13994455349831], [93.12052905567137, 12.148347973380211], [93.1122379305364, 12.138050317767906]], [[93.03190743937725, 12.11596155188414], [93.0352375506724, 12.123930334817302], [93.03048408057603, 12.134545445715844], [93.0271202330126, 12.154943346758145], [93.02956104250845, 12.163889527279864], [93.02343320867581, 12.163824558456653], [93.02109444165515, 12.157307148206414], [93.01015722777416, 12.150636434124223], [93.0021333694597, 12.1333725454068], [92.99555194366744, 12.128906250423256], [92.99321568035955, 12.141164421800681], [92.98302912699305, 12.148949742136992], [92.97374975664636, 12.148187876069514], [92.96360790767895, 12.150597214689682], [92.95781397863252, 12.148756265589142], [92.9555350542993, 12.14222586193398], [92.96224474949591, 12.12271165811677], [92.96908605058084, 12.117514252980456], [92.97570514717486, 12.11708867580171], [92.98037576632888, 12.1118564606071], [92.99707841873428, 12.113458513799515], [93.00049376507516, 12.107019901247597], [93.00667285936518, 12.107789635483414], [93.00917935354468, 12.10042417083882], [93.00613260243799, 12.083195209091684], [93.01085317173673, 12.071488142264158], [93.01952147523608, 12.072180747943193], [93.02722144091715, 12.068120241456143], [93.03420853649507, 12.060481667095289], [93.04107344118646, 12.04633986928961], [93.04948866377109, 12.05064284828886], [93.05338072813848, 12.060576438551934], [93.05382776224175, 12.075988769766127], [93.0492501257929, 12.083137870116772], [93.04236555112973, 12.088264703653067], [93.03465902849157, 12.09954726709293], [93.03190743937725, 12.11596155188414]], [[93.00061941115698, 12.068357467323366], [92.9991179705182, 12.072129965025951], [93.00066530715836, 12.085816621340015], [93.00527954061832, 12.102746724881513], [92.98996615371507, 12.10970950099265], [92.97019064468296, 12.104532957430138], [92.9665517808402, 12.109203815803369], [92.95967924630034, 12.10599970851996], [92.96187567672135, 12.095477819545735], [92.9700076578271, 12.086073279758182], [92.96034085774451, 12.081330061033725], [92.96210134000515, 12.071864247736968], [92.97577333467186, 12.060673117470571], [92.97957861446187, 12.051086545008047], [92.9901293518881, 12.044379353524505], [92.9974498747122, 12.045252442346282], [93.00061941115698, 12.068357467323366]], [[92.96610677201014, 12.04823756201408], [92.96313154668351, 12.044656038045844], [92.96183395357437, 12.030488014210547], [92.95384204367562, 12.020504236381385], [92.95025956642601, 12.01264274076999], [92.94205117262354, 12.007024645371061], [92.93093931669617, 12.005487561002198], [92.92646443858322, 11.994721650883605], [92.93400883683873, 11.984802365236973], [92.94774842275186, 11.985182523954279], [92.95985817901183, 11.98091113544045], [92.96583235288082, 11.96657884144058], [92.9684002401793, 11.956405043158256], [92.97350192057743, 11.948933124863856], [92.98547601680511, 11.945067644456273], [92.99026751473414, 11.951095342376092], [92.99595725552334, 11.94741427874601], [92.99470055098973, 11.939874053344795], [93.00685215000706, 11.926684379480662], [93.02212667450661, 11.901185631711769], [93.02513265574751, 11.888477206657967], [93.03340995290719, 11.882381558662175], [93.04586207837244, 11.883962750280887], [93.05159604512167, 11.891086578782733], [93.05381214641383, 11.903696417455805], [93.04972922792209, 11.907731652094228], [93.04804611163885, 11.920105457400936], [93.03736507863582, 11.944620132812972], [93.02836072456776, 11.95127415637721], [93.02488195893548, 11.966268301041225], [93.0163091418535, 11.980222225075792], [93.00737595563581, 12.000367641453522], [93.01010894767009, 12.012467265052223], [93.00892281563554, 12.019949913157973], [92.998006343718, 12.034121632307446], [92.98663794988184, 12.03852534257065], [92.98252165305203, 12.043414235278917], [92.97456324110081, 12.042114376777192], [92.96907567959917, 12.033888578395363], [92.96610677201014, 12.04823756201408]], [[92.78096854676144, 11.896945118722314], [92.78819131867456, 11.919291972946198], [92.78782451129214, 11.924963951225436], [92.78247487521551, 11.930114746298557], [92.78420782113412, 11.936185956117], [92.76426374947275, 11.939767241765026], [92.75304174458105, 11.931332826748573], [92.74552512188703, 11.931010246225924], [92.7414884564271, 11.920500040344493], [92.7371536495215, 11.915310621188326], [92.73155391198392, 11.899128675348308], [92.7325998541003, 11.874819874537636], [92.73037564721844, 11.859524846394777], [92.72578620896675, 11.842322349896733], [92.71548843374435, 11.828217864063149], [92.72607612611253, 11.856461405669506], [92.72717511653858, 11.863216042686247], [92.72334194157773, 11.877343654585957], [92.72717273243606, 11.898738741899408], [92.7246954437401, 11.905002355374492], [92.72525095946455, 11.92759489988481], [92.71862435353106, 11.938715100621309], [92.71614551530357, 11.950791955184727], [92.7191531656861, 11.961722255077916], [92.72563087896228, 11.96715664866052], [92.73293232896404, 11.968433141876005], [92.72666287439236, 11.983912229765508], [92.73277091954239, 11.997601271081905], [92.73887264695523, 11.997014164872027], [92.73779034614759, 11.98636913262942], [92.73335015758383, 11.982729911756223], [92.7371151450482, 11.976858257902435], [92.74485695348599, 11.982357859527653], [92.75136196658164, 11.978420257988418], [92.7570749521474, 11.987920880444278], [92.75252044176514, 11.99221527541458], [92.76631724794268, 12.002672553495643], [92.76094865775454, 12.009092568966977], [92.75718355157997, 12.002634644373401], [92.74998795987668, 12.004835843899158], [92.75033056740179, 12.013748168543316], [92.73355162101066, 12.021723628042977], [92.7400586602794, 12.024986744342812], [92.74087774751015, 12.034234046664025], [92.75300502795997, 12.03429377064117], [92.75375020530797, 12.027414322113259], [92.76212084310279, 12.020617842339618], [92.76458215714112, 12.025754571116622], [92.77843534991158, 12.02406787912939], [92.77551722523972, 12.031183361922842], [92.77677345313262, 12.040688753483195], [92.78365147083886, 12.047107577352776], [92.77857840057308, 12.050432800832994], [92.76644396781504, 12.046769141782633], [92.76009404640334, 12.055145263643098], [92.75615942521759, 12.067751646221552], [92.74115014046706, 12.074579477261125], [92.73583137991463, 12.08385086072866], [92.7357227804819, 12.10387814036396], [92.73782241327379, 12.111543655715238], [92.7437219622989, 12.119814276307977], [92.74578142147553, 12.130628108600533], [92.75451970122359, 12.150800108937844], [92.75763714353926, 12.164230942304116], [92.75738465797568, 12.176108479222918], [92.74913334852576, 12.176867842477051], [92.73632633709101, 12.182135463081295], [92.70485842197897, 12.171253442392398], [92.70570003992523, 12.180353045456783], [92.7117365601944, 12.191983342557194], [92.70704805892095, 12.19760108002582], [92.71034145359559, 12.207728743986536], [92.70539915554676, 12.231130718807535], [92.69917857643028, 12.239317655685383], [92.68916785761056, 12.23475241639106], [92.68502247310911, 12.220041751525784], [92.68072640899666, 12.21401810685029], [92.67431592903691, 12.217853426694319], [92.66950523867618, 12.205856323110936], [92.66516864301857, 12.202530026739439], [92.66090524228329, 12.190974354483032], [92.65576171912849, 12.189269899986016], [92.66324901582973, 12.206912875428927], [92.66028547269653, 12.211721539617542], [92.65159344688036, 12.188254356753134], [92.6459114555494, 12.178961515461637], [92.64106500184838, 12.15572750611959], [92.6372028588249, 12.146337509268847], [92.63187777963614, 12.122506618086035], [92.63156580931482, 12.112743377405138], [92.62346744576601, 12.1027704480977], [92.62300407907529, 12.091483473483649], [92.61961102512905, 12.070805907566807], [92.62032377742062, 12.064871549382573], [92.62536752259317, 12.060973167277893], [92.62240207199821, 12.048747658377806], [92.6269971130267, 12.042839646732304], [92.62007725256322, 12.038901448043461], [92.62281656233492, 12.027820945180395], [92.61704063411824, 12.021432041755247], [92.6129406689769, 12.00625610363636], [92.61375081514839, 11.990048170087036], [92.61208534266464, 11.983849645045254], [92.61316585562011, 11.961987852757318], [92.6084226368952, 11.948187947515848], [92.61168074576997, 11.94049823320698], [92.60610222773599, 11.918097614813178], [92.6116428375473, 11.913473844942118], [92.61015331742183, 11.890709757449486], [92.61105537430657, 11.870937347480535], [92.60170722021238, 11.871469021278415], [92.60152745203052, 11.897174120289534], [92.5939040186557, 11.898940443646538], [92.59217870258536, 11.887390136745395], [92.58500683319917, 11.891013503470447], [92.58496165305795, 11.900764942348346], [92.57923865354141, 11.926534056901389], [92.57305645928821, 11.927067637261644], [92.5654679537835, 11.942893505530932], [92.55566275163508, 11.929063200506434], [92.54265534876552, 11.922896146340065], [92.54145300375362, 11.917861818867834], [92.53468871161485, 11.911685824541223], [92.53626573127886, 11.900493740993284], [92.52626216386798, 11.894949555477623], [92.52672684177062, 11.882446407875648], [92.52495443809707, 11.871290445597765], [92.52094304538551, 11.866788745204516], [92.51833927603676, 11.856493711116002], [92.51371622112717, 11.848331570345806], [92.51811301740182, 11.842630266973458], [92.5178613664095, 11.833604455081627], [92.5221072438546, 11.82568335510284], [92.52753412719838, 11.828498243898764], [92.53663444522365, 11.838539719532605], [92.5412113667114, 11.83610510816419], [92.54079902215736, 11.818902015415631], [92.5469243522771, 11.818445444002066], [92.55381500725687, 11.793428302074688], [92.55232214884856, 11.784476637486975], [92.55881786385342, 11.768994212213144], [92.55456674066252, 11.765869140948098], [92.55216884591559, 11.755588650695586], [92.55406951899309, 11.739838838991247], [92.55241835112636, 11.736745953563116], [92.55216777302448, 11.721101760937515], [92.56210803985445, 11.693612933090378], [92.56522274013739, 11.692018150917121], [92.5728988647912, 11.699361205355316], [92.57445061170634, 11.715652227268478], [92.58886575664965, 11.715589046297453], [92.59482395676028, 11.71081864826219], [92.5930341485072, 11.702649473894198], [92.59960770613102, 11.690718173704852], [92.59820413601224, 11.677612543284226], [92.59154474709274, 11.668777107977107], [92.59976995012315, 11.656129836822743], [92.5990151167546, 11.651347040733356], [92.6058923007894, 11.643275857395054], [92.60808885082022, 11.634047627895654], [92.6126370425657, 11.635163903291584], [92.62566375747664, 11.628280401519362], [92.63134515255697, 11.628318429352248], [92.63269865471952, 11.637863874018763], [92.63076603412534, 11.64664340027285], [92.63809454472775, 11.6454489234291], [92.63444650150487, 11.634666443301683], [92.6446262595945, 11.635432839254065], [92.64433824991048, 11.624587059445318], [92.63662350207304, 11.615525842144038], [92.61038064984743, 11.62159287910815], [92.60569584388853, 11.608828902032243], [92.61089897141042, 11.593091010841633], [92.61811256394404, 11.585072278662935], [92.62111985639618, 11.561727524106104], [92.63326227693292, 11.579047918126989], [92.64703524118354, 11.572420358912666], [92.64233827549143, 11.560280442088867], [92.65100276496585, 11.550068736483126], [92.64417994045229, 11.540934800900402], [92.6467683313937, 11.522145748327588], [92.65858936300899, 11.513642429954245], [92.66717803513839, 11.503936052506845], [92.6722073551853, 11.504083156412705], [92.67879247629193, 11.511369943867905], [92.68433070200027, 11.511559247561252], [92.69365000764176, 11.505393147575887], [92.69753992532733, 11.50686466687084], [92.70533275590222, 11.492320417952996], [92.71258616412027, 11.487348318170348], [92.71652722355267, 11.493516563938371], [92.71786034078244, 11.502092957623915], [92.72776985169739, 11.51632571196211], [92.72387850319049, 11.529650211288413], [92.7319066521703, 11.541994928922747], [92.7344223257301, 11.553414106575815], [92.73062300664665, 11.5597257618346], [92.73933291458243, 11.571071148314942], [92.74458241474687, 11.588876605171322], [92.74073743798252, 11.592782377904655], [92.74925291519006, 11.601562500408988], [92.75292611155092, 11.609793543637238], [92.75205004237611, 11.634402752185267], [92.74815094441053, 11.639972209549896], [92.75621616884135, 11.647180676846745], [92.75816154451994, 11.655968904941233], [92.7563600540735, 11.665819168519818], [92.74969315491526, 11.66686797137993], [92.7434865233844, 11.675660133108735], [92.7385789157847, 11.677691817623312], [92.73156714460825, 11.673305034399888], [92.72158193595774, 11.686406850795592], [92.7153847221272, 11.67733407001134], [92.71629857991567, 11.664533734244444], [92.72909915490223, 11.66116332972399], [92.72838735589201, 11.657218932907526], [92.72038495540156, 11.65324294560564], [92.71068680315372, 11.652345061575318], [92.70093214470305, 11.65478134118591], [92.70018732528482, 11.64145863061134], [92.6930303576651, 11.636328458791354], [92.68967092037693, 11.629573941384365], [92.68174433723144, 11.637539743964226], [92.68019664266106, 11.629278659782528], [92.67603564233113, 11.62544894181542], [92.66894543138667, 11.632689237918086], [92.66548824318826, 11.644598722353166], [92.66651511158338, 11.654180646219956], [92.68394851711074, 11.650829553740891], [92.6855967046246, 11.662187218665267], [92.70332634413589, 11.666685462064535], [92.70096170901573, 11.67671310882291], [92.70398414155491, 11.682595968229279], [92.70267736906558, 11.695644855925352], [92.71820795573277, 11.705898522998538], [92.72247850877667, 11.697555542054658], [92.73179805273847, 11.697880030039414], [92.74030351599484, 11.69016253926985], [92.74519002460013, 11.692306160600879], [92.74220860024687, 11.707753658004947], [92.74728894243097, 11.710171580654162], [92.75363433395759, 11.701636671795129], [92.7577706577899, 11.711333155800546], [92.75499260432557, 11.716995238839147], [92.76111805405517, 11.745127558589957], [92.76590311553659, 11.751597166276156], [92.76485991455368, 11.766983151851079], [92.76857054249709, 11.771998763532267], [92.76746714089589, 11.779755354126266], [92.7710865739862, 11.785933613845373], [92.76978826501662, 11.798961639068452], [92.77424597776977, 11.810789227640726], [92.77606821018011, 11.833137751006504], [92.78097403082702, 11.843009352799399], [92.78095614870759, 11.850163817606116], [92.78619444331892, 11.86571550326795], [92.78586900205286, 11.880866647078093], [92.78799104684973, 11.883448958602614], [92.77890205398697, 11.891972541399696], [92.78096854676144, 11.896945118722314]], [[93.01383089987635, 11.831897974412058], [93.02691805372521, 11.82577693495756], [93.04386436934558, 11.814658045432552], [93.0502566101546, 11.81229352992267], [93.05871963530294, 11.814801454923312], [93.07113122922314, 11.832828402208904], [93.06988596946232, 11.842303634105505], [93.06380105037843, 11.84483957298795], [93.04474771043877, 11.842180847867894], [93.03421247012975, 11.836419463487559], [93.01186680750752, 11.84789216519141], [93.01383089987635, 11.831897974412058]], [[92.6702947615943, 11.485626101163732], [92.66807150799391, 11.490448712937834], [92.65969002257683, 11.491303801829005], [92.64582800835606, 11.50027894951397], [92.64574575456314, 11.510958075954363], [92.64066350491694, 11.510329126987756], [92.63629627205538, 11.517066955675375], [92.63202714893387, 11.514346838335825], [92.62700390830392, 11.503414511370522], [92.62314510356399, 11.500843525008847], [92.61602342084453, 11.484033942312749], [92.61115694014089, 11.458196044012297], [92.6234146357771, 11.44004106564266], [92.62021732287135, 11.43530261512376], [92.62526714836034, 11.419637441314876], [92.62219834317952, 11.404208540991306], [92.61442446671597, 11.400464058069971], [92.58733963951298, 11.400788068514487], [92.59231674672051, 11.384006738919936], [92.58924114716157, 11.374372124673798], [92.58101391795824, 11.36643147433324], [92.59268224199198, 11.349497556766835], [92.60988342727862, 11.346099853325654], [92.61815035345646, 11.348948836319707], [92.62834274791979, 11.349257827187088], [92.63828301385033, 11.346377372417976], [92.64003634470171, 11.349577307746515], [92.65255463149137, 11.357111811660886], [92.66067755192765, 11.355244636530742], [92.66729021027513, 11.360857247863848], [92.67843782864307, 11.362861871778179], [92.69084775432074, 11.37035501047535], [92.69106483447459, 11.384528160446166], [92.68850874898001, 11.390846848403385], [92.67815434974344, 11.392596840971393], [92.67468786255503, 11.399216651627214], [92.66359555698958, 11.395105600543204], [92.66081881563585, 11.406121134582804], [92.6523729558476, 11.409359454775242], [92.67235207588774, 11.415745973198156], [92.6797416207792, 11.428046941513216], [92.6852202412214, 11.433512568550313], [92.68449556841605, 11.442530155242423], [92.6800441742993, 11.455847978901318], [92.67596685858385, 11.462011576073436], [92.67751085783985, 11.471070170052371], [92.6706435681464, 11.479498147721458], [92.6702947615943, 11.485626101163732]], [[92.26210200780193, 11.51796162103193], [92.27017474157137, 11.522713541596701], [92.27470564834718, 11.534438371833446], [92.26881802073527, 11.554609179670067], [92.2682962421782, 11.569064259907748], [92.27101743240885, 11.583902954957509], [92.26295125469696, 11.589810609571998], [92.24103295800458, 11.592075944249345], [92.23042225828092, 11.587394356964126], [92.21868014307418, 11.592507600845238], [92.20780765969604, 11.583532571870819], [92.21491444154847, 11.573604226453824], [92.20909440518281, 11.558933019343314], [92.20811557767186, 11.547659516573432], [92.21573734280449, 11.528772950511495], [92.22163140776368, 11.530077457608684], [92.2350956203666, 11.525182843413674], [92.25036025052523, 11.525740146990287], [92.26210200780193, 11.51796162103193]], [[92.53191101518135, 11.59340584280551], [92.53516125678655, 11.582708954754366], [92.53216946145179, 11.57187843284349], [92.53515136244565, 11.563336610895874], [92.54833853259751, 11.560350180016925], [92.55347394926346, 11.561792254609017], [92.55904674491151, 11.570365548331608], [92.56500267963, 11.57293021695601], [92.56233644517093, 11.580137252532253], [92.56643104585655, 11.592300415032113], [92.54555880999155, 11.591954470122857], [92.54662191836692, 11.601562500408988], [92.53791046179836, 11.605418801436471], [92.53381204618941, 11.601562500408988], [92.53191101518135, 11.59340584280551]], [[92.60123491246125, 11.585722207913534], [92.600764155142, 11.56740224351887], [92.60992765413803, 11.568083048294099], [92.6151702403146, 11.562942742913194], [92.61918246759674, 11.573304414966728], [92.61721253413114, 11.582409262877263], [92.6100592609267, 11.588550329334396], [92.60123491246125, 11.585722207913534]], [[92.61003684982111, 11.55918574322753], [92.60594463323841, 11.548650741238802], [92.60690867859282, 11.537168145193775], [92.61075520488899, 11.531806349383587], [92.6182050709073, 11.536116004050413], [92.62036323517546, 11.557566642486492], [92.61003684982111, 11.55918574322753]], [[92.56167864775162, 11.53217637543952], [92.55841577067164, 11.541388631180425], [92.55193281165012, 11.537550806724411], [92.55281901348692, 11.531390309515075], [92.56148791323679, 11.517221212788854], [92.56669437904273, 11.516976952424557], [92.56909215417963, 11.527137636792574], [92.56167864775162, 11.53217637543952]], [[92.58324563507833, 11.5403120518598], [92.59272944920488, 11.53591692472628], [92.59754705445303, 11.542652249701803], [92.59750604626711, 11.561003446651839], [92.59339034568794, 11.567149877564702], [92.58438301126719, 11.55049085576853], [92.58324563507833, 11.5403120518598]], [[92.59699940689742, 11.952013850558671], [92.59649705909206, 11.93059062975378], [92.60179054779579, 11.93094313162014], [92.60923063728447, 11.942239523035752], [92.60266613943108, 11.963318825103613], [92.59643244729997, 11.975702643462384], [92.58972465956529, 11.971902847738178], [92.59531223737, 11.9666516784323], [92.59699940689742, 11.952013850558671]], [[92.70997893777772, 12.231489300990503], [92.71230781045713, 12.234287619777945], [92.71236896525559, 12.246495246558425], [92.71910774722508, 12.258828521219343], [92.71666145366314, 12.266077637872783], [92.72367501269198, 12.291207910017178], [92.72279870519637, 12.295226455036854], [92.70436644515533, 12.297591448086791], [92.70242154611768, 12.289613842804727], [92.70423912993206, 12.283748149657526], [92.70186746121456, 12.263543725162819], [92.70484685939525, 12.24402666060206], [92.70997893777772, 12.231489300990503]], [[92.77709853646834, 12.29619491066677], [92.78190732026698, 12.285568475504917], [92.77815484956685, 12.279134631158385], [92.76478767381221, 12.263816833080341], [92.75247240088063, 12.274345279011513], [92.74241602438022, 12.245294451977585], [92.74879312510299, 12.241179824289588], [92.75166237342015, 12.23267126106991], [92.76901662331889, 12.237998604752022], [92.76842153112878, 12.228003978400864], [92.76424551032201, 12.211209774111751], [92.7696442601746, 12.20054995971293], [92.76690924196848, 12.192903041442321], [92.76738011799844, 12.184889912939283], [92.76148712593036, 12.167428016889446], [92.75422811493567, 12.139619827193258], [92.74719095230083, 12.123691916448877], [92.74514126785519, 12.112734555955], [92.74057197531673, 12.102494240217126], [92.73956131900005, 12.083458900208086], [92.74200010322252, 12.077401041724713], [92.75641930140986, 12.074204444679424], [92.76385760304603, 12.06350445756486], [92.77232825714347, 12.069065332699097], [92.7820897099721, 12.079888463082042], [92.7895541189279, 12.082019567648999], [92.79464757412651, 12.095631242088132], [92.78845226775823, 12.10266923929396], [92.79920577982287, 12.108752847166272], [92.80891382731161, 12.105067730291509], [92.81249999987531, 12.106863856282018], [92.81185615094071, 12.116681933124752], [92.80794942402716, 12.123685479101596], [92.815199851892, 12.132696032196279], [92.81928467784579, 12.146720767049828], [92.82555055581363, 12.154415845814853], [92.81846225233139, 12.158871054855396], [92.8230769633316, 12.165816068456763], [92.83639204495702, 12.167396068473806], [92.83946645291476, 12.16125965151177], [92.8484071493709, 12.161777973074948], [92.85531485099986, 12.171154737301364], [92.85070014000004, 12.176449537216499], [92.85515511071983, 12.185666203232927], [92.85345637770993, 12.191375374773699], [92.84676873658807, 12.189947009446882], [92.84644496446359, 12.197147845996312], [92.85112810128103, 12.202219844270573], [92.86270785288556, 12.200151204814404], [92.87544822725422, 12.193143606492342], [92.88125014318004, 12.2002787592575], [92.87391054663456, 12.205607056220785], [92.87221980050347, 12.22611725290902], [92.86266076528241, 12.23642385048042], [92.85886681065497, 12.245643853880821], [92.8651021719277, 12.251348853466808], [92.8782751561736, 12.25115382648788], [92.88443911037658, 12.257371425251279], [92.88209915175477, 12.273854255469416], [92.8796180490339, 12.277936935641137], [92.88680815667126, 12.286244154144526], [92.88181483738495, 12.28996574842057], [92.87489116199751, 12.28743386278262], [92.87217140168892, 12.291524052293184], [92.87279164791644, 12.301225662434376], [92.85612225513799, 12.304838418957829], [92.8456112146861, 12.30437123734275], [92.82978045950088, 12.300238609724147], [92.81987035233513, 12.308374166534506], [92.80886173228348, 12.312715650007405], [92.80268466506547, 12.310798168600684], [92.79822027664468, 12.304687500128125], [92.79183948060788, 12.304546832670098], [92.78530120878386, 12.310740709116587], [92.77662682496836, 12.310047865116985], [92.7715835573355, 12.31276285632093], [92.76744937928575, 12.297870516711086], [92.77498364487965, 12.30099654215661], [92.77709853646834, 12.29619491066677]], [[92.8872733112145, 12.251191139359605], [92.88114953062646, 12.241058707193687], [92.87828695797705, 12.247999548840184], [92.87048733212467, 12.243862628757412], [92.86976540045308, 12.236957550450768], [92.87439346278845, 12.22836864000071], [92.87478125135365, 12.220669150061312], [92.87917363645445, 12.208429216934974], [92.88499975223706, 12.227483153124979], [92.89264416679512, 12.233932972129011], [92.90030336350978, 12.22811996936116], [92.9142979386992, 12.231341242904008], [92.90580093896224, 12.251042961663359], [92.90081870561912, 12.256417274237705], [92.8872733112145, 12.251191139359605]], [[92.93379390246704, 12.225201845588671], [92.92722857004284, 12.221471547673843], [92.92509853836683, 12.211778044920834], [92.92656004461074, 12.206204414701958], [92.93598937960624, 12.202200412619092], [92.93447697173539, 12.210209846707059], [92.94158041440502, 12.216732621413371], [92.93830835794475, 12.224694728678784], [92.93379390246704, 12.225201845588671]], [[92.8687359096347, 12.248118758474163], [92.86247134197905, 12.248160600331346], [92.8633226159462, 12.238142132952987], [92.8674879078408, 12.236543655465368], [92.8687359096347, 12.248118758474163]], [[92.94989693189817, 12.110913038505942], [92.94879102748408, 12.098911762068326], [92.95137214650785, 12.091234445813072], [92.95702922302033, 12.095667362458911], [92.95648705953076, 12.105479359884669], [92.94989693189817, 12.110913038505942]], [[92.74833822283105, 12.180890917382087], [92.75129675853876, 12.18380880373347], [92.7639050485794, 12.182202339366526], [92.76792430855997, 12.2008322479101], [92.76287972971599, 12.209141850516104], [92.7622766497478, 12.229213118690438], [92.74630510839407, 12.230334758542199], [92.74001586424086, 12.23573136351176], [92.73799097500378, 12.228092432120135], [92.73013985127344, 12.225568533361354], [92.73455035681368, 12.238883614986989], [92.72549843760297, 12.240080714253722], [92.72244060055354, 12.233126521271899], [92.72238612142237, 12.216353773907471], [92.72427582726769, 12.207867026442159], [92.72203195131365, 12.19545292880963], [92.72320425537228, 12.189039468496844], [92.73089051268735, 12.192983150352234], [92.73328113551636, 12.185540557151114], [92.74833822283105, 12.180890917382087]], [[92.74566960336963, 12.269997954442204], [92.74752962619155, 12.280141710871249], [92.74173986909992, 12.279091358479604], [92.7373507026729, 12.26129913334853], [92.74288690130984, 12.255115270852954], [92.74566960336963, 12.269997954442204]], [[92.76335656645281, 12.294014572714445], [92.75484764620214, 12.282909273743996], [92.75322353803622, 12.277469039064897], [92.7588781117357, 12.269439101333433], [92.76496005046604, 12.266598343538746], [92.7673821450704, 12.272511720539441], [92.76790904976306, 12.2842711207158], [92.76335656645281, 12.294014572714445]], [[92.75019335783773, 11.9684280157404], [92.74960982823123, 11.963537454789787], [92.73969745657237, 11.961206674648452], [92.7360856533306, 11.95312499981901], [92.74624073492217, 11.944847822269423], [92.76602005977819, 11.95267260036023], [92.76599514496016, 11.964159369259491], [92.76272714174448, 11.966913462086708], [92.75019335783773, 11.9684280157404]], [[92.73363018038864, 11.956680059437346], [92.72352445089305, 11.95363473915198], [92.72565925077393, 11.941626548726319], [92.73363018038864, 11.956680059437346]], [[92.67520034302171, 12.542348861410844], [92.66923975970755, 12.536681055985852], [92.66873800725361, 12.531709074913849], [92.67869663194418, 12.522464633336355], [92.68463051348763, 12.539344429701828], [92.67520034302171, 12.542348861410844]], [[92.71973001962502, 12.721965313148743], [92.71814703925477, 12.733461738068783], [92.71903872515705, 12.750210046356585], [92.72471463707117, 12.754522800087258], [92.71216857472032, 12.777146458442402], [92.71269667191385, 12.817580819399197], [92.71515250188648, 12.827021956198394], [92.70811510093134, 12.829672932759593], [92.7065769436712, 12.819051265803395], [92.69443273528279, 12.79680705030512], [92.69953775396417, 12.786646247226642], [92.70658421558929, 12.77998614334598], [92.70973110170925, 12.772401213545209], [92.71257305110586, 12.737271547743816], [92.70871984914194, 12.73088800877457], [92.71026432503882, 12.723384857025678], [92.71973001962502, 12.721965313148743]], [[92.67270374318312, 12.798730135387402], [92.67516541515195, 12.80762183677841], [92.6827825307893, 12.809150457627595], [92.68874132625152, 12.818159818221147], [92.68327331511156, 12.829379558619678], [92.6752709146214, 12.835313320553311], [92.68003523323969, 12.838369726781423], [92.68947267562388, 12.834575414223934], [92.70117247143267, 12.841427445120573], [92.70308935658878, 12.852566480358846], [92.71310591740442, 12.86095356945168], [92.71948623680069, 12.874578118585461], [92.72268164134485, 12.905273318209126], [92.71988105806454, 12.91070485104801], [92.72148716450138, 12.926913737878792], [92.72064614280563, 12.938745379695476], [92.7145930525277, 12.94490897686785], [92.71737420595511, 12.949860930037858], [92.72034990792216, 12.968387246574196], [92.72004020209388, 12.978239774645814], [92.69466495552334, 12.992136001775165], [92.68489205882148, 12.987653851743957], [92.6746745112197, 12.966849446344824], [92.66963064643724, 12.962020635544093], [92.67076504227308, 12.949836849790913], [92.68029606361236, 12.947285413790837], [92.67972385916889, 12.941643953105924], [92.6737177368843, 12.932742953624526], [92.66932821252706, 12.911574244555766], [92.67126596015626, 12.907108068282696], [92.6657508614135, 12.902480363877586], [92.66655600105858, 12.887962579309658], [92.66314756870534, 12.878290176450648], [92.65448021848752, 12.867220759530412], [92.65113842499866, 12.867684244932022], [92.6511595248925, 12.845836759059338], [92.65365374062779, 12.837626338184961], [92.66061210646367, 12.827407717691983], [92.66108405628441, 12.818230152399721], [92.66565620866723, 12.811788320274843], [92.66654014601127, 12.80321121252733], [92.66351604433035, 12.79580044723302], [92.66787230995922, 12.790099740111017], [92.67270374318312, 12.798730135387402]], [[92.79130697223931, 12.916635870948639], [92.78734076056801, 12.912595629784434], [92.7758127451622, 12.912336468553107], [92.7762597801649, 12.903218865558287], [92.7884230613756, 12.900415301025404], [92.78460955638619, 12.893694043245645], [92.79270493958145, 12.891806721503016], [92.80041933038788, 12.897660374526652], [92.79709172280516, 12.907952070331746], [92.79130697223931, 12.916635870948639]], [[92.78627634008117, 12.89306175689454], [92.78190767729765, 12.884381651591923], [92.79008102451988, 12.884104609140365], [92.79167783286587, 12.890976906259297], [92.78627634008117, 12.89306175689454]], [[92.72701990614391, 12.865191578728442], [92.71483302132705, 12.85255885140991], [92.70808541790811, 12.837987065250957], [92.7103750702536, 12.83375251296826], [92.71897256383298, 12.835820555274552], [92.72982394731756, 12.861056924037996], [92.72701990614391, 12.865191578728442]], [[92.71125590763441, 13.08979654297599], [92.69987475871343, 13.0982496737834], [92.69548892967046, 13.090521455001237], [92.70094740350001, 13.071066856450443], [92.70746266886741, 13.086024642423467], [92.71125590763441, 13.08979654297599]], [[92.82722222822329, 13.421111106892226], [92.83194434615464, 13.418611050059823], [92.84638893580089, 13.430833339387206], [92.84027767197736, 13.440277814469468], [92.82555544362904, 13.439166545599662], [92.82055544867521, 13.426944374983009], [92.82722222822329, 13.421111106892226]], [[92.71500003352477, 11.316944360493835], [92.72400248013068, 11.317806243763116], [92.72249984699036, 11.32500004761431], [92.71735870793819, 11.328476547854436], [92.71500003352477, 11.316944360493835]], [[92.69222235637719, 11.255661844818448], [92.68768060197849, 11.241933226137462], [92.69332742711921, 11.243102907772922], [92.69475805783807, 11.252062677950263], [92.70580136743925, 11.263130545338356], [92.7074700594957, 11.282929300946577], [92.70537495568979, 11.289258242074368], [92.69276750111933, 11.281413674401776], [92.6932122707299, 11.270462751254911], [92.69696664799275, 11.26158165916614], [92.69222235637719, 11.255661844818448]], [[92.65853405020655, 10.985808848899353], [92.6608370538872, 10.98159944975491], [92.66922771958357, 10.985324859854344], [92.66484725499706, 10.992715955177403], [92.65853405020655, 10.985808848899353]], [[92.2247679238009, 10.982558846513484], [92.21526122102907, 10.97875797789844], [92.21829676658271, 10.972741604241833], [92.22833847963724, 10.976177811257116], [92.2247679238009, 10.982558846513484]], [[92.61022055163735, 10.929375171926708], [92.61794495549586, 10.93404090416442], [92.60882174972394, 10.938608050021571], [92.61022055163735, 10.929375171926708]], [[92.50975346555018, 10.894852042188106], [92.50198185447906, 10.890830278494477], [92.49257934086407, 10.88920044884155], [92.47966122628478, 10.871556163086424], [92.47045123593617, 10.87125432452757], [92.4686757322996, 10.867181062955794], [92.4587851763952, 10.862972259162404], [92.46005547058397, 10.85278725622679], [92.45676243294, 10.838818669646116], [92.44745600199306, 10.837579369692264], [92.43353235723285, 10.821735143561966], [92.42688417476487, 10.823210954422152], [92.42552196986301, 10.810712456315002], [92.41838252553342, 10.795319914682338], [92.40737652790469, 10.784370541967064], [92.39456105205127, 10.77920317688529], [92.38162064507677, 10.7887618541764], [92.37637817851046, 10.782280206366636], [92.37608253987744, 10.773198843351892], [92.38133597367644, 10.762545347589707], [92.37833690642324, 10.755730628665603], [92.37779676910597, 10.738957524270333], [92.38259255859973, 10.71976375609239], [92.38069713126797, 10.714962362922847], [92.37992644285114, 10.694097876515727], [92.38127362727622, 10.678175806868111], [92.38043081772813, 10.666962623426514], [92.39512372008389, 10.66593945034549], [92.40888977034697, 10.647544741496745], [92.41755437853195, 10.628195643314314], [92.42057061204414, 10.614271760233734], [92.412840842831, 10.605753302672895], [92.40929567845276, 10.582274556325956], [92.40053832498424, 10.572362780917615], [92.392357349712, 10.557080745280132], [92.39376234975302, 10.553545475243425], [92.38414824004983, 10.543762922520955], [92.38178324699933, 10.537452340153365], [92.38512802084185, 10.532404303415944], [92.40258967857088, 10.531875967901499], [92.4091049430389, 10.535464048826938], [92.41865921005476, 10.546875000381078], [92.42701077502741, 10.549136162204192], [92.43469202491715, 10.548240542667088], [92.4502259489685, 10.543196201243674], [92.46093749956626, 10.536830306073739], [92.4688059091657, 10.527908802049751], [92.48133194451387, 10.518444656995356], [92.49290895498442, 10.515543341552075], [92.49935340863337, 10.510969162097226], [92.51327145061722, 10.5118695498399], [92.53122007864377, 10.518153667857504], [92.53418064142377, 10.529605865918128], [92.5406801704535, 10.535763264063519], [92.54554545865622, 10.550843119514454], [92.55820286247248, 10.561565756954266], [92.56826365014771, 10.576317310395538], [92.56912076431198, 10.581185578951462], [92.56373560411501, 10.58702397317785], [92.54587590734721, 10.592114209703198], [92.54069936288542, 10.601777911621525], [92.5409612652501, 10.61700415601689], [92.54819416982528, 10.631354928387324], [92.55429017575094, 10.639369249391322], [92.5665624143243, 10.650542020897774], [92.57633352317353, 10.652983069612944], [92.57815790136604, 10.660605311386163], [92.575924754324, 10.67006313780358], [92.58627724609815, 10.679376721059043], [92.59526514976702, 10.67688870435039], [92.59738826745487, 10.681025743143607], [92.59736692924051, 10.706097125881854], [92.59035611134576, 10.717168569873579], [92.58811116250033, 10.733144402792107], [92.58279275897885, 10.742335557739906], [92.58352875694695, 10.759275436012729], [92.58703780185343, 10.769338011539958], [92.58786237225107, 10.78682601490884], [92.57864546791407, 10.792410731070547], [92.57181084159734, 10.802748918228005], [92.56360995803348, 10.803913116697004], [92.5609271526661, 10.820531725658768], [92.56341755347754, 10.827808857093189], [92.55663752590127, 10.844168544043029], [92.55831134319394, 10.863142729253696], [92.5472625495274, 10.872101545250302], [92.53692257361828, 10.882761001719004], [92.53178381956766, 10.884908676294515], [92.52082812821604, 10.897060871562005], [92.50975346555018, 10.894852042188106]], [[92.77888894097194, 9.24444437021151], [92.77166664569953, 9.221111059527729], [92.76527774317347, 9.214722156102582], [92.73627233550027, 9.215322375327489], [92.72944450356133, 9.21972215195585], [92.72393071692952, 9.218267559700223], [92.71972215145607, 9.207777738751815], [92.7194442753333, 9.194444417975646], [92.72116255780608, 9.176067233316289], [92.71816873539902, 9.159799933719952], [92.71972584766971, 9.146072626250813], [92.7262278795134, 9.136235117756598], [92.72657597020529, 9.130212664682674], [92.7316665646608, 9.124376058308542], [92.73986053423644, 9.123345017058838], [92.75549316427819, 9.126799822054338], [92.7636109594786, 9.123610973567736], [92.76891565283543, 9.127617120533898], [92.77741026846937, 9.12111020087508], [92.78870141503856, 9.118965148722737], [92.80200040329603, 9.120349646019449], [92.80805551974677, 9.124166608002653], [92.81188750310602, 9.131079077837228], [92.82414185955932, 9.138347626141979], [92.83012986140406, 9.138278246144225], [92.82811081416278, 9.149907707774545], [92.83173143885503, 9.166521072789337], [92.82553446334512, 9.179535031716284], [92.82650935632196, 9.187703251903713], [92.82083332569752, 9.209166646323624], [92.81388890744748, 9.220277666780916], [92.80099225069196, 9.231130957727416], [92.79138875029074, 9.241944432089937], [92.7819311621939, 9.249128818240465], [92.7781933549397, 9.256362676996105], [92.77388894601805, 9.255277752865936], [92.77888894097194, 9.24444437021151]], [[92.85379076003576, 8.819646358792497], [92.86217284170354, 8.822478652168158], [92.86313784123863, 8.830713629930074], [92.85434424868836, 8.833611250059164], [92.85379076003576, 8.819646358792497]], [[93.62812507131505, 8.48773241022262], [93.61842656113694, 8.479990243854786], [93.62280523787152, 8.461078643364814], [93.61898040771987, 8.456418037262708], [93.62050175665073, 8.437500000324917], [93.61947154997236, 8.43156588046115], [93.62718450995735, 8.430940151067077], [93.62742984321304, 8.44136202373852], [93.62291395691355, 8.448742747180177], [93.62676787383842, 8.466823458635687], [93.63347244289915, 8.470611453455817], [93.64244413359003, 8.468511819764728], [93.63784766174061, 8.487780570716879], [93.63701784649643, 8.497050046722393], [93.63177704817215, 8.505732059487116], [93.6373555662066, 8.510486364154573], [93.63342857396961, 8.517776250673464], [93.63603055456682, 8.522158861042655], [93.6221212144226, 8.531673312373627], [93.61865532438387, 8.545679211826197], [93.62062394663818, 8.557170152680499], [93.61778306923347, 8.57175397896303], [93.60965514227135, 8.552522659593066], [93.61022424675187, 8.544240236297867], [93.6213507652258, 8.52724826299692], [93.62480974217627, 8.515157222527819], [93.62434697173538, 8.49698495828936], [93.62812507131505, 8.48773241022262]], [[93.05201899987733, 8.438468217634181], [93.06051290055015, 8.443111538766573], [93.05632185926666, 8.448040247159895], [93.05568587760146, 8.46219313180751], [93.04344213045036, 8.473493337247689], [93.03575050867906, 8.459810376247887], [93.03458452235796, 8.45021104780163], [93.04287052135786, 8.440598725950437], [93.05201899987733, 8.438468217634181]], [[93.12552714316317, 8.355281114531863], [93.11939346823405, 8.349503040533136], [93.1118437055226, 8.347317576445036], [93.10653352720092, 8.349866866662623], [93.0951514240991, 8.34000360967893], [93.09462380444509, 8.325728654653787], [93.08593094315901, 8.309199809723424], [93.08351457094088, 8.294407248096078], [93.08533370518651, 8.273574710104683], [93.0952425002412, 8.259068131089322], [93.10490322090712, 8.239840746253662], [93.12314534178446, 8.220958948396856], [93.13142180437316, 8.219275832114064], [93.14585244643322, 8.210685610452785], [93.15858221060088, 8.205755948778176], [93.16101753693002, 8.200992346019973], [93.17185235040594, 8.20112824437308], [93.17906951864356, 8.195894241326286], [93.19168043110719, 8.193864941813757], [93.20181083710045, 8.196244239480023], [93.20535337905542, 8.212965965606813], [93.19432413575046, 8.224767803891154], [93.18249976675125, 8.228301167365132], [93.17406284802226, 8.233778953236254], [93.15486085374542, 8.242514848881257], [93.13586974149578, 8.261718749720671], [93.12647795679251, 8.276069045450072], [93.12663424007829, 8.284149646489126], [93.13384032237335, 8.30149841322121], [93.13130235641862, 8.309849142723863], [93.13950502873453, 8.32547342795641], [93.14224684221838, 8.347987056057761], [93.13178622765227, 8.348429560276088], [93.12552714316317, 8.355281114531863]], [[93.22805976874375, 8.261718749720671], [93.22160494321375, 8.256576537777036], [93.22003424128755, 8.24888217487262], [93.22472286217047, 8.236147403280071], [93.23351252108628, 8.229850649787863], [93.2387734651235, 8.220865011511123], [93.24884402753005, 8.223773122231975], [93.25188505625036, 8.228648066455207], [93.24977946275223, 8.240571856406177], [93.23877310719345, 8.261718749720671], [93.22805976874375, 8.261718749720671]], [[93.51562499959428, 8.229631543460911], [93.49631440678459, 8.22356462520753], [93.49131584175294, 8.217666745324209], [93.4924299713663, 8.208834052050008], [93.49053335153312, 8.19880020626465], [93.48125934564248, 8.192318916384835], [93.47634255866225, 8.184106231017864], [93.46014952687935, 8.179201126231078], [93.45402705660379, 8.173416018634555], [93.45653665074624, 8.158388137702545], [93.4549350741946, 8.151157378910113], [93.4582637546687, 8.141392946627192], [93.45902073382004, 8.124216556548944], [93.46481573575775, 8.116347908629038], [93.46663534664415, 8.10622847076732], [93.47759735573365, 8.0911240575293], [93.48105466354198, 8.096426844323602], [93.48943567231848, 8.091552376740694], [93.4803842306479, 8.085937500015618], [93.48319947737403, 8.077389121111139], [93.48484146586125, 8.052028417477388], [93.4905039068299, 8.049044132380843], [93.49442803832343, 8.053724050524522], [93.49205195933067, 8.062119364816894], [93.49945282938504, 8.064942836742574], [93.50637614684209, 8.072417020429384], [93.51248931902708, 8.07358384132111], [93.51562499959428, 8.083984256168591], [93.52418851858536, 8.078623056608919], [93.52549886677949, 8.053131461148013], [93.51801943734725, 8.04687499998127], [93.51399612412192, 8.049934149141848], [93.51562499959428, 8.057477712826312], [93.50848984682912, 8.063894152593022], [93.50870120549641, 8.050828337857453], [93.50559067716816, 8.040394902602586], [93.48538100692818, 8.04450237708322], [93.48553180704752, 8.016771078522353], [93.4923442605793, 7.999620556543675], [93.50504934824923, 7.998469352378692], [93.51201391221261, 8.016558050713442], [93.5062505007601, 8.023584842366787], [93.50834846530975, 8.03373265293952], [93.52555227301937, 8.032359957446076], [93.5287778381269, 8.03833973409148], [93.52808761565112, 8.044982671713058], [93.53602004079258, 8.04626905926989], [93.54140055149426, 8.037388443821726], [93.54966187489563, 8.035480141795276], [93.54884231102383, 8.05040824384551], [93.55304014668556, 8.066372036640303], [93.55076456063594, 8.080358147410536], [93.54593205452093, 8.090680837450805], [93.54054534479198, 8.091555475804725], [93.53169465068791, 8.09946990011575], [93.53218650790134, 8.104512810717836], [93.52572655713502, 8.118932843476102], [93.51283550225699, 8.137593269613816], [93.50455117239906, 8.144013524304725], [93.50814855141462, 8.156356454087245], [93.51192963134756, 8.157872676882732], [93.51098024853994, 8.168230772332365], [93.52531325840042, 8.171209812582845], [93.53502571616414, 8.179807066942644], [93.53819584885971, 8.190627455292756], [93.54516136610445, 8.19789814938018], [93.54681801803727, 8.209436655377417], [93.54547953635185, 8.221657753103045], [93.53770947481271, 8.228933453715968], [93.52196216592145, 8.233118534292814], [93.51562499959428, 8.229631543460911]], [[93.56469631188557, 8.113615632455364], [93.5705014464846, 8.10594260686598], [93.56936752818902, 8.096447348866192], [93.58109247713642, 8.080449461873286], [93.58065593272548, 8.072802543602506], [93.5732163189783, 8.07152235507283], [93.5717133288073, 8.067106008435644], [93.57619535922859, 8.057925343179974], [93.57998263818817, 8.056527375837831], [93.59160625962139, 8.038593769187287], [93.60101282558159, 8.043920874548917], [93.60115194350774, 8.049784541523465], [93.5907627342132, 8.07023155724066], [93.59301614747736, 8.076591730024376], [93.59058785474585, 8.083059906889247], [93.5905877351361, 8.101393103908592], [93.58869624143861, 8.109286427426866], [93.58016622039489, 8.124818920656693], [93.56348097346844, 8.120876550912072], [93.56469631188557, 8.113615632455364]], [[93.54529643078567, 8.028104901520067], [93.5518912079132, 7.999794006088436], [93.54299354581568, 8.0063525441347], [93.5423865322131, 8.014927506099454], [93.5367684368139, 8.018347263615368], [93.5282716753974, 8.018230914725024], [93.53078162657104, 8.005991459138656], [93.51794767414609, 7.993166327264291], [93.51322984688008, 7.998965263735826], [93.50508773311284, 7.993805765923469], [93.50736355748242, 7.984486937822112], [93.51562499959428, 7.9790736441333365], [93.51624774953407, 7.974719405576067], [93.52439773057122, 7.968561529890607], [93.53547906890404, 7.963698864111507], [93.54545152157053, 7.9516067507509405], [93.55187594911595, 7.949030518643653], [93.57380485511018, 7.928812503594301], [93.57930755579926, 7.933394909147978], [93.58179485754695, 7.949356556160282], [93.57963836152138, 7.954695821255129], [93.5827592608313, 7.970398664067133], [93.57986760140889, 7.976911425721823], [93.58269941814396, 7.9914370775589845], [93.5767903327077, 7.9993995427548015], [93.57129871886085, 8.011616706845672], [93.56660687930415, 8.015628218267565], [93.56461107773933, 8.023622631879107], [93.54529643078567, 8.028104901520067]], [[93.46554994587339, 7.9280220273946895], [93.45942556813546, 7.937500000424848], [93.43970644479688, 7.954490661614827], [93.43598806829479, 7.956315755667788], [93.43012881249481, 7.967633843227304], [93.42254924804948, 7.96004664893394], [93.41635644449443, 7.959292531425135], [93.40269517873972, 7.974493861002827], [93.40449285516141, 7.983899712901504], [93.40303957501644, 7.98997986288046], [93.405791521162, 8.003510117198118], [93.40974581231953, 8.006595254067918], [93.39801502227564, 8.017548441707191], [93.37945115544667, 8.024785518237067], [93.37084043014212, 8.02154481394193], [93.36578822144949, 8.014191031491038], [93.354800820002, 8.007885455649301], [93.35057890409328, 8.00897061809961], [93.34731936439746, 8.016546964770711], [93.34208083146521, 8.01063454195075], [93.33673155331891, 8.012150406816033], [93.32671511211285, 8.002409338920074], [93.32212233557723, 7.991127848371491], [93.32408285134287, 7.9767899515949665], [93.31059050524792, 7.961621404104548], [93.31234240527803, 7.950029611477532], [93.31812334091958, 7.943030834605267], [93.31740725034447, 7.9336431022473874], [93.32206141909958, 7.926785349864005], [93.330824255735, 7.923303961808571], [93.33394157844137, 7.93556463689842], [93.34493196024212, 7.930681467475651], [93.34261214733314, 7.917890548510044], [93.3465138677208, 7.907366633363424], [93.34448766727232, 7.901706218567256], [93.35556781310427, 7.889300942384523], [93.37709343431473, 7.881655454935341], [93.39241003989176, 7.892690062696204], [93.39754664905891, 7.902035236437001], [93.40805077552321, 7.902237415724187], [93.42064344883627, 7.907293439340947], [93.4287978410479, 7.905450344457833], [93.43955945960167, 7.899972915617738], [93.45153701282302, 7.884075164537364], [93.45316720040617, 7.8754192590915295], [93.4616402386063, 7.872180342648832], [93.47047555430365, 7.882876277418262], [93.47483861431081, 7.89259314545744], [93.46555614490055, 7.915928363603314], [93.46554994587339, 7.9280220273946895]], [[93.54013156851707, 7.5138120653746086], [93.54774844673366, 7.511976837760912], [93.54916644107837, 7.519062638430142], [93.54058063059179, 7.5239217285049875], [93.54013156851707, 7.5138120653746086]], [[93.710998058314, 7.445048570735011], [93.70680510956848, 7.437448858777941], [93.70659947418667, 7.426902174595682], [93.70929610752935, 7.423692702855931], [93.70572042465804, 7.404628157363604], [93.7072705033311, 7.393854975326832], [93.68414616541352, 7.38738095736538], [93.68005216097859, 7.37649822261487], [93.67158162559187, 7.373636841566935], [93.66208374516893, 7.380845307964691], [93.64987933616268, 7.368764638477245], [93.64069533352321, 7.373550534529784], [93.6323739291137, 7.370396256881719], [93.63101065132074, 7.361270427788071], [93.63339674516388, 7.3476256133315445], [93.63213694066766, 7.337133765311123], [93.63647413257527, 7.331784247944697], [93.63596975769829, 7.3212889429304795], [93.62971055539808, 7.314283847421663], [93.62231206854747, 7.311499237899497], [93.62223672874214, 7.3062750104833185], [93.628660202107, 7.303030013724197], [93.63422524919602, 7.286136508093364], [93.63114070857708, 7.2788853643680795], [93.63385164743582, 7.275008916728041], [93.62897884809561, 7.265810131932199], [93.63649284836637, 7.259665727191646], [93.63805115223917, 7.252931952647543], [93.64823520189319, 7.242610454209199], [93.65364956847296, 7.245120524992245], [93.66056954854619, 7.252956032894758], [93.6688765287291, 7.257675051762348], [93.6713025569675, 7.268314957869094], [93.67943024650882, 7.284847616824095], [93.68670034434561, 7.290696859572378], [93.69829690427892, 7.293556213548641], [93.7072489258974, 7.304117441566717], [93.71846163269848, 7.3050123452435685], [93.72484517076819, 7.30987954180749], [93.72912383119993, 7.321032047091293], [93.73437035101088, 7.326303959260429], [93.73746395140043, 7.33886885611291], [93.74262225671194, 7.347537755862774], [93.7555303573404, 7.35992562746587], [93.75637495474078, 7.374302506255816], [93.74808216136265, 7.38194537128183], [93.74104917068277, 7.384792804744279], [93.72574675101171, 7.396019459130855], [93.721330642695, 7.4021315575254505], [93.719870447663, 7.4303268190274565], [93.7160570622838, 7.433872580555132], [93.710998058314, 7.445048570735011]], [[93.76594662633599, 7.394145012082788], [93.77227056003849, 7.398397445585886], [93.76719176738644, 7.404102563882333], [93.76256430130164, 7.3985927108851115], [93.76594662633599, 7.394145012082788]], [[93.84735751173989, 7.243617176891405], [93.84331285940132, 7.2397279741668115], [93.8367631437043, 7.241778254862709], [93.83112657083498, 7.236164331418806], [93.82636606714053, 7.237845301919208], [93.81640970694255, 7.235070109198247], [93.80890822433528, 7.228660703028979], [93.81032884110331, 7.219766736246015], [93.80413234223394, 7.212427616341401], [93.80182301991684, 7.205414533953785], [93.79309344290837, 7.212642907744154], [93.77723836915564, 7.2118753192907405], [93.77521872476453, 7.207031249692406], [93.76470804224257, 7.209637046112817], [93.76083755530922, 7.21451330154764], [93.75420081581527, 7.210676550882283], [93.75428867328392, 7.203929424103762], [93.7461434604526, 7.200308919021538], [93.73666644070366, 7.189499378293675], [93.72541904435346, 7.1858552696049145], [93.71289110154336, 7.192171216428591], [93.7014552351711, 7.188598870941348], [93.69219124323152, 7.191645025797527], [93.68607664112429, 7.189909100424572], [93.68349278006806, 7.183082938526795], [93.67298960688495, 7.175569176576204], [93.67573225493985, 7.172253847437261], [93.67447912701007, 7.160202741363577], [93.67854404467201, 7.1539592745008775], [93.67669594326313, 7.141622424135505], [93.65564847000107, 7.125228404667141], [93.65613615525965, 7.1150976416427625], [93.66280925254532, 7.111621141402537], [93.66749835006877, 7.117435335772228], [93.67409074309367, 7.1100268367691655], [93.66601121404645, 7.103577852335931], [93.65923821916877, 7.1022721527377115], [93.6574311259458, 7.094517469605464], [93.6623903510339, 7.085175752858902], [93.66959440715638, 7.083860158919251], [93.66379916689814, 7.07365500937135], [93.66797614098627, 7.067105650705457], [93.6676306727177, 7.054289579500548], [93.66515970265837, 7.042154908422262], [93.67299914329598, 7.036690830917138], [93.66966557500658, 7.02746903876519], [93.66944754157109, 7.012303113697769], [93.66272604457131, 7.0074013471943175], [93.66695702115001, 7.003069043101775], [93.6746854782522, 7.0049705507503575], [93.67713224845457, 7.015686750843088], [93.68670952282659, 7.017946600555248], [93.7009096146871, 7.009443521401565], [93.70623755461966, 6.999879836685224], [93.70348715800614, 6.994078159079876], [93.70847964272141, 6.990055680425527], [93.7161905765341, 6.99352026015184], [93.72271907362656, 6.991856932551386], [93.73367083044477, 6.977262258646235], [93.73139607896613, 6.969377279038156], [93.7426288127696, 6.963379144531913], [93.74846613410514, 6.9562518599355485], [93.74640214414379, 6.951827048879224], [93.75079715256678, 6.944840430841438], [93.75124454460033, 6.929469943283408], [93.74313128018483, 6.9289176462324775], [93.74188065506834, 6.924802660614361], [93.74910330737183, 6.910485625411468], [93.76315855981969, 6.907835721741193], [93.7678084370099, 6.901970148203731], [93.76804125350114, 6.895246505422094], [93.78052115452786, 6.888700246718983], [93.77921032879388, 6.880785107446968], [93.77169144160715, 6.876524925384999], [93.77549624475611, 6.869848847746297], [93.7735245225389, 6.864826560397361], [93.78243613222199, 6.854678631113984], [93.78791034238876, 6.857068419372112], [93.79435360443532, 6.84923744225415], [93.78780400744895, 6.842309355692109], [93.78665053879158, 6.830695151959674], [93.79490506691567, 6.823851347161948], [93.79610002039979, 6.818742751876584], [93.80353295847922, 6.812254548009079], [93.81054472965596, 6.818065762924661], [93.81527364286435, 6.816242813754911], [93.813119411332, 6.807572722403208], [93.8084701303923, 6.8067029718648655], [93.80769395790983, 6.798131346384707], [93.81177926050461, 6.7933470007634185], [93.80760943872477, 6.783887743524687], [93.81133925909981, 6.776798844690958], [93.80401074849752, 6.7689629797576885], [93.81080436662833, 6.7599500416610425], [93.82629597218173, 6.754214644090482], [93.83494997016535, 6.755537152018007], [93.83922195403014, 6.770360827490194], [93.84725344219291, 6.779120207131996], [93.84894943227064, 6.790403962173173], [93.84616673021068, 6.8000948425030145], [93.85073924052372, 6.815691947525394], [93.86822605139142, 6.814994811961185], [93.87764024719982, 6.803746700649739], [93.88029587235704, 6.793385744456472], [93.88739144775744, 6.796730876229034], [93.88920855493123, 6.803775549102255], [93.89630901814692, 6.8045046330825585], [93.90200102342871, 6.8127144577062495], [93.90178441991534, 6.820191621746176], [93.90874934180889, 6.828544258710565], [93.90754580519516, 6.839247942038853], [93.8961067201491, 6.841690420676329], [93.89379191376591, 6.846559048061664], [93.89307141291565, 6.865349053915679], [93.90167856251563, 6.872814417051799], [93.90166044207572, 6.881101131012414], [93.89698457717671, 6.893219113371487], [93.8973323108377, 6.902134418368675], [93.902137160102, 6.907395601625723], [93.90918612454013, 6.905045151512695], [93.91645050089008, 6.9125230314128885], [93.91059494040454, 6.922500610214897], [93.91115713089707, 6.931936145136987], [93.91742944711152, 6.932936549182557], [93.91843557354301, 6.947132468188812], [93.92752075238096, 6.954924344582878], [93.94002103834046, 6.950107336484436], [93.94562327869156, 6.954844951533502], [93.94432055944654, 6.95936834807074], [93.93550705950352, 6.962887048998169], [93.93313884777982, 6.970145702062652], [93.92837154880831, 6.973902344717473], [93.92785882912179, 6.986136555457776], [93.91886794599898, 6.99304306548521], [93.91386795014617, 6.99983155748059], [93.92478024920936, 7.01077294331661], [93.93005847911556, 7.009454608243502], [93.93382894974641, 7.000687718363494], [93.94266355048254, 6.992898941033374], [93.94787180414076, 6.997938752571429], [93.94517493247733, 7.009574174908423], [93.93984425051181, 7.010548352924104], [93.92858135704435, 7.026898265142961], [93.92069065594924, 7.02346611047254], [93.91573202621228, 7.026876330678235], [93.91244745298778, 7.0411727426280635], [93.91668105108974, 7.047612905611047], [93.90576374550076, 7.061840057172887], [93.90656065904747, 7.069125175486647], [93.90156745937097, 7.077545761627718], [93.89068603493277, 7.080668926329778], [93.88785481444839, 7.08665311325062], [93.88546025708561, 7.105026840915897], [93.8912922139647, 7.121417403390453], [93.88570892772489, 7.125694036750531], [93.88411474270143, 7.13152182077549], [93.88788247129926, 7.15027940247262], [93.88404691223539, 7.161506653109711], [93.88505327698718, 7.1660765409995975], [93.87979495537306, 7.172785878265628], [93.88341510252533, 7.1828479762532425], [93.87986242790888, 7.1932189463971525], [93.88247525702789, 7.203566909185497], [93.87720835228382, 7.203724980323543], [93.87451565257547, 7.210269212854087], [93.8671874999034, 7.217354774303487], [93.85099172608736, 7.214212775099639], [93.84614431820577, 7.218031644544666], [93.8424072268123, 7.228521466392621], [93.84816181681467, 7.233089208500289], [93.84735751173989, 7.243617176891405]], [[93.72153663600719, 7.213096380093873], [93.71362495462816, 7.221958756391402], [93.71132338086957, 7.2164144512660044], [93.71334373932237, 7.207031249692406], [93.7197643519435, 7.20656466522712], [93.72153663600719, 7.213096380093873]], [[93.69211244553301, 7.408367753369362], [93.68333077439607, 7.406419634758308], [93.68440473039416, 7.400253415163206], [93.69123816510947, 7.396952271030486], [93.69211244553301, 7.408367753369362]]]}}, {"type": "Feature", "properties": {"name": "Indian Exclusive Economic Zone", "sovereign": "India", "mrgid": 8480, "area_km2": 1659500, "sector": "Mainland (Arabian Sea & Bay of Bengal)", "source": "Flanders Marine Institute (VLIZ) Maritime Boundaries v12", "attribution": "Flanders Marine Institute (2023). Maritime Boundaries Geodatabase: Maritime Boundaries and Exclusive Economic Zones (200NM), version 12. Available online at https://www.marineregions.org/."}, "geometry": {"type": "MultiPolygon", "coordinates": [[[[68.43437219960813, 23.968310141832177], [68.4440485312505, 23.968456430141202], [68.43692195448469, 23.957170844059277], [68.42854154105927, 23.937878251180365], [68.44198405751834, 23.936249256098364], [68.44871997874404, 23.93980085872269], [68.45680522927799, 23.934181213792073], [68.45155370204182, 23.91685712355752], [68.45482051365585, 23.916444659393534], [68.45337820074346, 23.90053880182427], [68.45063555268874, 23.893628001131418], [68.45313847026424, 23.880052328352406], [68.44572651426736, 23.876078605543285], [68.43996155238378, 23.86637973743501], [68.4291491509127, 23.86193311242326], [68.43239617384441, 23.85191965067139], [68.44377410409172, 23.848297238127145], [68.46467852579346, 23.860253453134447], [68.4728965756166, 23.863257050272722], [68.47959125033609, 23.888772964300983], [68.48552775340326, 23.898877859225877], [68.49111425921578, 23.903041958619525], [68.504808902409, 23.908596634726962], [68.51845300190465, 23.924060463819387], [68.51923954446951, 23.938259959429644], [68.51727223432627, 23.94193243993024], [68.50306177148363, 23.945851921928664], [68.49799835723852, 23.951829314471382], [68.49582064170929, 23.96208751232885], [68.49909378377285, 23.969187166048698], [68.50901728096594, 23.969423770570728], [68.50391507162342, 23.95832395568607], [68.52215945699336, 23.94536876655536], [68.52829384778292, 23.954842924661307], [68.53643775030204, 23.96035170566671], [68.54415524017256, 23.970036744900057], [68.5522674865554, 23.96772880124334], [68.55680259660286, 23.970159138919513], [68.55405962495175, 23.965587973206453], [68.54403865296158, 23.959908127657997], [68.53764653176219, 23.946855902577965], [68.54409086670015, 23.93508923048367], [68.55876886818888, 23.932106852849046], [68.5590789319472, 23.923830151940052], [68.579461813412, 23.924077630078642], [68.58848154588676, 23.922526836444433], [68.58650410218272, 23.951611638066737], [68.5915893186673, 23.97057912963595], [68.60352351446645, 23.97069820803003], [68.60293745979598, 23.963536142978683], [68.59725964042016, 23.93920326192105], [68.60582995378937, 23.93663334845033], [68.61182594341258, 23.93009793737002], [68.61381411512943, 23.923398852375186], [68.61990117999554, 23.92237675218547], [68.6175860165815, 23.90985345797074], [68.62121582065376, 23.90625000043724], [68.63446366806394, 23.90321016331842], [68.63882136361511, 23.89806175234807], [68.6134293078164, 23.902991056092446], [68.60484373564995, 23.898966073725404], [68.59839785117995, 23.89232182489232], [68.58472001541648, 23.884973406897245], [68.5730928182791, 23.880812168247047], [68.56593692265088, 23.86289393910414], [68.55748796469797, 23.855909347238622], [68.55011367770422, 23.83914625679435], [68.534443378659, 23.827927947217063], [68.51946985724814, 23.826421260832518], [68.51522946386868, 23.822306751855194], [68.52263820209143, 23.817401647967756], [68.52210402458118, 23.80962324161939], [68.52620530093404, 23.80206930605371], [68.51813352134505, 23.795107245802825], [68.51571941362019, 23.784998655563584], [68.5240659711678, 23.776969552403017], [68.52684795826681, 23.770782470334836], [68.5250456332495, 23.76028704660996], [68.52927517900648, 23.7552607060168], [68.53489351272552, 23.756905078606536], [68.54803550273638, 23.77666890634501], [68.5648170706514, 23.79812622044875], [68.5756405589647, 23.822257280149415], [68.5882508751778, 23.836279869220675], [68.60238194497092, 23.83961617954307], [68.62740874291924, 23.835379361868064], [68.64503514745414, 23.837919950245606], [68.64709985237644, 23.842271566379708], [68.66595244385033, 23.851926445948777], [68.66525661949746, 23.857571363627585], [68.67192471025729, 23.861298560680098], [68.69298684606613, 23.860737561789108], [68.70229005833963, 23.856632351801608], [68.71611440175835, 23.857151269615485], [68.72911906259478, 23.854447841894512], [68.72589576287928, 23.845958709426952], [68.73421287572367, 23.843159556068684], [68.7347786428202, 23.838004946970813], [68.72590446471932, 23.828628421064792], [68.68786501905552, 23.821650147836124], [68.65927576996094, 23.802521825122255], [68.64967024338708, 23.789383411715164], [68.6298806671592, 23.75872337828136], [68.62068462349666, 23.75298333211515], [68.60136890455144, 23.745394945320584], [68.6013387439879, 23.740373849573587], [68.5955610279191, 23.732025265853423], [68.5800608392365, 23.728126049177916], [68.55907666655506, 23.71937596762686], [68.55369710913445, 23.713020801368998], [68.5465389490133, 23.696841955491948], [68.53882145914318, 23.691022515376915], [68.52849161589549, 23.688400148947835], [68.52647554900747, 23.676701307319604], [68.5192117689081, 23.668208002897074], [68.51727414088899, 23.66031205695589], [68.50063967687973, 23.656726241422945], [68.49701535687339, 23.652860403085242], [68.4958827497891, 23.642900347572976], [68.48903048057232, 23.63203871271648], [68.49245405211295, 23.622928738670424], [68.49301302393198, 23.605885863741662], [68.48661124671182, 23.595953464181065], [68.4874434469576, 23.578239440497896], [68.49288606663876, 23.572920441625172], [68.49398612995608, 23.549203276909708], [68.48415946998361, 23.548354863686114], [68.49145793873296, 23.537031650890015], [68.49897360814558, 23.514900564709393], [68.4919059279164, 23.500738859510818], [68.50787901880184, 23.493832111163073], [68.50007653220635, 23.484914302453205], [68.5006994008568, 23.47580194430435], [68.50838422735026, 23.474212765806584], [68.51210463002482, 23.46676027736501], [68.5082261562122, 23.462671041135735], [68.51543462260989, 23.457731843050198], [68.51632225526802, 23.472242951051356], [68.52183771104163, 23.467175721882114], [68.52129530923114, 23.461355805126402], [68.53011965769613, 23.44609057871733], [68.53518414483247, 23.43439030626766], [68.53598332377149, 23.4211783409078], [68.54324603097965, 23.42323613184206], [68.55240452255075, 23.414961933746326], [68.5607229475061, 23.418228745360324], [68.56380891804716, 23.393787145260575], [68.55712604513101, 23.389670729720507], [68.57078385389187, 23.375226258784892], [68.58040070562814, 23.37624907483496], [68.58380925669186, 23.383227705993875], [68.59859705011391, 23.368923425875437], [68.60018765943309, 23.377050161236014], [68.60599923137946, 23.380661249517118], [68.61714720767762, 23.35733127621748], [68.62170767786719, 23.357668876317604], [68.62824893004418, 23.351115703626903], [68.63714206225652, 23.346423149109143], [68.63442337483892, 23.340932965184322], [68.62687814201266, 23.34428167356043], [68.62648975809597, 23.335865974335377], [68.63769900790297, 23.331115126661814], [68.63287711108987, 23.323881149195785], [68.63641333620652, 23.316535473233614], [68.64414906522725, 23.322730541281487], [68.64797461034013, 23.308380841802432], [68.65650570427496, 23.30287265794692], [68.6738178730964, 23.30356740940843], [68.70799672616809, 23.31466484110956], [68.71364367001937, 23.305318951508497], [68.69598972824346, 23.307109952262522], [68.68433034436995, 23.300507903217294], [68.66800391704717, 23.298760652682006], [68.65683376796406, 23.29472994792883], [68.64894354350989, 23.29628515273768], [68.63316404788262, 23.29590213327691], [68.62957644449747, 23.290617346413512], [68.63776791126023, 23.269106865289643], [68.64130961864404, 23.266409159055513], [68.65685856317216, 23.271974444465172], [68.66176223713754, 23.26782870293235], [68.65918731714103, 23.261429906065388], [68.64799523359326, 23.257481932645135], [68.64838135211781, 23.253810643746277], [68.64028775677471, 23.24778222996602], [68.62501680887871, 23.242989778755316], [68.60651505012956, 23.243508576959357], [68.60981976996655, 23.23388648037681], [68.61913824103706, 23.220019579240216], [68.62341654263938, 23.2229913475727], [68.62254083139433, 23.231305837994086], [68.62925744057847, 23.231271147545527], [68.64946746784946, 23.237859249005197], [68.65106737615858, 23.23465073144618], [68.63657414937765, 23.223547220327987], [68.63516891011724, 23.219671130618252], [68.61900937538238, 23.216571569522387], [68.60165274138095, 23.218833446306576], [68.60178363320827, 23.23144090177621], [68.59901225541134, 23.240094899759868], [68.5860759016816, 23.234829545447212], [68.58429455784764, 23.224738955138747], [68.59429872060949, 23.212090254062076], [68.61800360688099, 23.194829702728697], [68.62664687595267, 23.185719252041935], [68.6392176148012, 23.18172454804946], [68.64336895911029, 23.17308485468243], [68.6488882307074, 23.1703618765994], [68.64517843733515, 23.163650035620776], [68.65935051441485, 23.1498838666472], [68.68130373987574, 23.138890504493276], [68.71294307746118, 23.118703126648086], [68.74339115597715, 23.09615397442647], [68.76247751722374, 23.078888416567224], [68.78487122073031, 23.07307314840716], [68.81709325335109, 23.056292057132822], [68.83764767689891, 23.042469859496492], [68.86186265953424, 23.029900073929326], [68.87612044830021, 23.02039766272199], [68.90003967269283, 23.00664222266053], [68.90590071634503, 23.006234168771982], [68.91217935119616, 22.999223351776322], [68.92749106895778, 22.992152452873484], [68.94088792773582, 22.98092567887707], [68.94603145089079, 22.979594945750193], [68.97064662014557, 22.963773131624748], [69.0202609304977, 22.941347956343236], [69.03349006211684, 22.933541655722905], [69.04453194179578, 22.92938005914249], [69.06044197042073, 22.918725132558905], [69.06667661673251, 22.916354536732484], [69.09943735584946, 22.896578669769838], [69.11385095126056, 22.88663327680439], [69.12918722590987, 22.874016523243995], [69.15108144325407, 22.86508953605329], [69.16790020443099, 22.856256723169253], [69.18045616112303, 22.84700107603885], [69.19769465928121, 22.838464975578233], [69.23096311065913, 22.834705948820556], [69.2587995525574, 22.82783794416585], [69.26701164257341, 22.824014544835478], [69.28555774689264, 22.82679665064495], [69.30111384372898, 22.832320212907632], [69.31869935968771, 22.832304835399924], [69.33505165600926, 22.827083230406828], [69.35231065781076, 22.817603349914748], [69.3599280117684, 22.82259595424], [69.38509774166747, 22.814253806967656], [69.3905893564137, 22.81355035276664], [69.41946041616532, 22.79897034140822], [69.4302457570362, 22.79050874708105], [69.44639253578706, 22.780712128062277], [69.46013545998349, 22.779097675917058], [69.46928691885634, 22.774141431182187], [69.47924065573184, 22.77525794489833], [69.49193465745859, 22.781397819753636], [69.49350452391471, 22.78788804979368], [69.50906932349059, 22.78769814984983], [69.51581346991574, 22.790691733037136], [69.54435002773167, 22.785791277745346], [69.55308365798456, 22.785578370445478], [69.56144523600895, 22.775516867809273], [69.56847476969503, 22.770390152983254], [69.59806752189874, 22.75955724696945], [69.60867512255899, 22.761819243363448], [69.6172480583513, 22.76738655584498], [69.630035877354, 22.763463020602046], [69.6412776709279, 22.76649665869388], [69.65921640371417, 22.75657522636567], [69.67294943356958, 22.75690472087618], [69.69356834930002, 22.742684841232432], [69.70665454896837, 22.739642739620763], [69.71636450301949, 22.741199970602253], [69.71430623544452, 22.751111149759822], [69.7311599253903, 22.77258205441828], [69.73469400382535, 22.78105652343993], [69.7416584490783, 22.78551614275588], [69.74699294596783, 22.793706536627468], [69.7450109723786, 22.803945064513243], [69.75246787109549, 22.819367408778987], [69.77456104725454, 22.83065915069932], [69.77362501578202, 22.833590507096318], [69.79124057269436, 22.844140052921148], [69.79841220376036, 22.850530862909096], [69.81730175017574, 22.85223817814949], [69.84156405963373, 22.863968849482916], [69.86708426432747, 22.87272334130921], [69.88442766660367, 22.870468258903088], [69.88980400535067, 22.866653442702273], [69.90073573606551, 22.865061402561764], [69.9180394413672, 22.872797966153314], [69.93275451650774, 22.88412785551617], [69.93716204169496, 22.892899274382074], [69.95110630970848, 22.89287984362997], [69.98984420304768, 22.900044560707983], [69.99621474771246, 22.90287220458862], [70.00116252892767, 22.900088548347924], [70.02418673003362, 22.90137422094358], [70.03313243391474, 22.896734238094723], [70.04829227956512, 22.899303436604384], [70.055102348095, 22.90422487218018], [70.06518316277285, 22.90353965802879], [70.08304607911336, 22.908958673204324], [70.09780526150374, 22.907674551039804], [70.10568225423268, 22.90910696961103], [70.13159477737722, 22.924136876715522], [70.13843250275787, 22.931500076867167], [70.13879644849746, 22.941090107222777], [70.11186146723307, 22.95912444603647], [70.11238467661164, 22.97239434752123], [70.12321591348373, 22.982020020707466], [70.12559115880507, 22.993143677538768], [70.1341068743329, 22.984893322269045], [70.12970304446006, 22.976870417236], [70.12245225866482, 22.9722918275059], [70.11999154087707, 22.965403914559033], [70.12339496580515, 22.960658431341642], [70.13258242633796, 22.960612773660614], [70.1421700716916, 22.952038407046928], [70.14886331558958, 22.950554847628155], [70.16143584229044, 22.942841411002377], [70.17653214903956, 22.95110893253127], [70.19488060485614, 22.95004844657862], [70.21229732076475, 22.95288884644316], [70.22489881552806, 22.959920764231924], [70.22937321700053, 22.966644525724405], [70.22915375274354, 22.977917433143148], [70.22504472693274, 22.986891269616507], [70.22581803777226, 22.99999034397922], [70.22051203230447, 23.022537350418446], [70.22370004622027, 23.027343750114028], [70.22358357861927, 23.03644084946572], [70.21734285378975, 23.050128340350682], [70.21937835232924, 23.060518145895742], [70.21193790401114, 23.07136213785239], [70.21154534813942, 23.08015775657526], [70.20777904946365, 23.088578343615723], [70.21511673944613, 23.098943113833712], [70.22736942765701, 23.102862120090833], [70.22897314999105, 23.092559575763858], [70.23842000917617, 23.09758365186414], [70.25021016616634, 23.099081158868415], [70.26289892214757, 23.106985569228698], [70.26814901856253, 23.11738443364476], [70.27980184547889, 23.118615865429916], [70.2767702344589, 23.108652949174285], [70.27919495148595, 23.10237360026153], [70.293828606505, 23.111525177844754], [70.30652093909012, 23.111511349869005], [70.31249999987526, 23.1160713434179], [70.33351433312006, 23.11792194853922], [70.33724916002072, 23.115868807099872], [70.34630572782717, 23.119986176820674], [70.35671091087991, 23.13032495932947], [70.36698222175218, 23.153870821181556], [70.37206506764889, 23.157615304103075], [70.38473594151057, 23.157395601525877], [70.40071451646193, 23.162079929944895], [70.42185163504499, 23.161488651779877], [70.43814015414492, 23.17211806729503], [70.44719445745832, 23.17280292531484], [70.45795607601221, 23.167669653531732], [70.4651103015992, 23.159167528558697], [70.48997664430678, 23.153254270268377], [70.49352657778942, 23.15469956353408], [70.49740552914196, 23.166152357845135], [70.50261807436473, 23.170359849527472], [70.51295054003552, 23.17156636739398], [70.52347576639355, 23.169436335718416], [70.54185342769361, 23.17039060634147], [70.55417025105632, 23.168875336827426], [70.57432127021062, 23.175472736377742], [70.61274445029616, 23.176085949007472], [70.61577415475344, 23.16720306906643], [70.59276437787375, 23.167939067034354], [70.56120276419634, 23.164870023532785], [70.55456423774947, 23.157795429315684], [70.54974281757703, 23.142705916944607], [70.53528785694911, 23.131501674562713], [70.52844047554757, 23.124192118971166], [70.51388061080164, 23.116685628938654], [70.50650715837875, 23.110256433187857], [70.49669444599195, 23.091595650019286], [70.49108147582959, 23.062309622391155], [70.4708377122906, 23.01069724598119], [70.46253824234614, 22.999401331206542], [70.4559471605331, 22.986951351523686], [70.4672018288014, 22.98650825015565], [70.47984445136044, 23.001077413891636], [70.4949947597004, 23.012796044202105], [70.4974497560016, 23.01052725343007], [70.47835087799072, 22.992730975054485], [70.4710024590963, 22.98239254957656], [70.4523458478827, 22.973711848023413], [70.46284520614151, 22.970732450742105], [70.4800317288813, 22.979490279952557], [70.47931110842094, 22.974796652543603], [70.46161115193323, 22.965152144855637], [70.45133841023952, 22.96512281886308], [70.4446789026093, 22.96172690417336], [70.45813751243625, 22.95064485087923], [70.47365927675426, 22.944098472566537], [70.4834758040652, 22.934897661597887], [70.48154091807893, 22.924634933855145], [70.48385965809686, 22.913364410539174], [70.477244853967, 22.90500044841204], [70.47365331694712, 22.894296765083737], [70.47453534592952, 22.88800883304131], [70.47118783005445, 22.873412251674154], [70.46716332432808, 22.87729275255859], [70.46992552274483, 22.89063513310495], [70.45377111414567, 22.88507425797073], [70.44442951700867, 22.890575170807608], [70.45414614672737, 22.916163920928284], [70.446113466963, 22.927160858786664], [70.43708014483295, 22.924153924264317], [70.43007457268354, 22.924977541380514], [70.42531216152716, 22.931262016428946], [70.40738415675347, 22.917757272280397], [70.38478660571738, 22.909321903982743], [70.35697305246455, 22.87208962413689], [70.33762192721028, 22.83881556998267], [70.33873963342742, 22.827719569102953], [70.32742202250844, 22.813792347738683], [70.32346081736293, 22.80275261384213], [70.310849666579, 22.79368531712379], [70.30383253094655, 22.772359966839105], [70.30304765662422, 22.758150101146384], [70.29326474687073, 22.748566031497177], [70.27389621703688, 22.733167767478562], [70.26285314575617, 22.736812830347873], [70.25343275092078, 22.723996758243857], [70.25488293200178, 22.70626747576344], [70.24493134000946, 22.705695747960476], [70.2385250329041, 22.701352357925032], [70.23915135854853, 22.69588804209951], [70.25072956062073, 22.69395816353847], [70.24901103982776, 22.684320450228654], [70.23868882642827, 22.677651047357955], [70.2452851530874, 22.66967904575148], [70.22987234613188, 22.654102206052016], [70.23074495831324, 22.649482965166754], [70.22586381416383, 22.63977384568645], [70.21784496327459, 22.636631726872793], [70.21815717191609, 22.629978776199664], [70.20847725881853, 22.62170314818178], [70.19756066819045, 22.616555452172406], [70.19861352429487, 22.605280041940432], [70.19444704079834, 22.603320717776995], [70.19292175733338, 22.58661889994238], [70.1837594508381, 22.580220818935686], [70.17581665471496, 22.568867922216867], [70.17160356025616, 22.557363032877703], [70.16214323012613, 22.551414131756843], [70.14786171904316, 22.55322074923822], [70.13745844345257, 22.548006653584252], [70.11702847438463, 22.54792666428426], [70.10584402068517, 22.54580473909749], [70.09106254589992, 22.546285629078568], [70.08618462042395, 22.544686317019966], [70.0721434351714, 22.54987156422135], [70.06472253811481, 22.54662454128959], [70.05986797792488, 22.550827741407232], [70.04845225816527, 22.55419754967727], [70.04027664645017, 22.558841347450254], [70.03349804879596, 22.556208610938683], [70.0284278392734, 22.54915165872214], [70.01978290106004, 22.546670437290885], [70.01060307037554, 22.54848384825104], [69.97580707103955, 22.54265105680085], [69.9632743600238, 22.537295341307015], [69.95388054824886, 22.52987790124422], [69.94630646697001, 22.528411030544646], [69.9449452162489, 22.514964938381212], [69.93501591665134, 22.51237285122616], [69.92291331269925, 22.5026433468131], [69.91831946417207, 22.493117332898606], [69.91319167645477, 22.488983631489532], [69.90972197059259, 22.46733450908036], [69.9004131555428, 22.467728852804356], [69.88380873158772, 22.45774972447029], [69.87868857371873, 22.45004725417752], [69.87152290335942, 22.446712851317102], [69.86092662786169, 22.44686675050019], [69.85046935068007, 22.453616738022106], [69.84158194085396, 22.45584595232893], [69.82896041908808, 22.45134711267923], [69.82895243130966, 22.444883346988973], [69.82305252525393, 22.43515121925347], [69.823968529724, 22.431111454729944], [69.81752216771403, 22.418020010215372], [69.80675327814131, 22.404654979343917], [69.79419481773667, 22.40350794803345], [69.77950727983725, 22.412488937714386], [69.77343749994068, 22.422313451904387], [69.7621809242103, 22.43232607818598], [69.75404584404063, 22.42617797813122], [69.74608016017137, 22.433728456702937], [69.73764181152055, 22.445104241167854], [69.74079942745166, 22.457984924165032], [69.73535561526947, 22.46915006672228], [69.72881424438194, 22.473832845609337], [69.72533500210872, 22.465216517528262], [69.7097783090218, 22.456612706211445], [69.7032927275774, 22.446998238577947], [69.698027968616, 22.453973174422487], [69.69089233831087, 22.450778245619546], [69.6882978679524, 22.4443031547668], [69.69771635532564, 22.442796349671795], [69.70216894194326, 22.433770537780134], [69.69265735135585, 22.419914126335925], [69.69768595734106, 22.40887415411899], [69.69810175888918, 22.399016260691923], [69.69317960745306, 22.394840836135785], [69.67131733852452, 22.395393133186616], [69.6602499486763, 22.387676954527933], [69.65627181559185, 22.376610517061806], [69.65720105178721, 22.363800644883867], [69.65416705576516, 22.358846902962227], [69.63635373074024, 22.358252644444093], [69.63002884375621, 22.362679243352403], [69.61698353266397, 22.36541855312379], [69.6198848490067, 22.357029676178684], [69.61437094186559, 22.33813202417366], [69.60900402081901, 22.349049329762806], [69.60151875029018, 22.35104930418214], [69.59670364875447, 22.34798693634815], [69.58868443993507, 22.362306833193884], [69.57405817464505, 22.367607950846377], [69.56528222589415, 22.35670041998847], [69.55984675852122, 22.366575956315387], [69.55588412255432, 22.387987017386962], [69.55145561708318, 22.393937825969942], [69.55077207117424, 22.404751658262484], [69.53934144964822, 22.40998411177739], [69.53302752989666, 22.41874086899594], [69.52295732542032, 22.42647957836988], [69.50945234295128, 22.42551422090463], [69.51095092284689, 22.417683720427448], [69.5179426670206, 22.410447478468456], [69.51629972435282, 22.3945999149542], [69.52310776671013, 22.389160156016402], [69.5212825539468, 22.379457712203674], [69.50853025906426, 22.369362711619942], [69.49951887139886, 22.365932107380956], [69.49030995394136, 22.355277538727478], [69.48798036540168, 22.347835421267746], [69.48862981801179, 22.338576674174305], [69.46794700634942, 22.330487728326062], [69.457825064775, 22.332366109008774], [69.45484924319808, 22.3356838222507], [69.44244503990674, 22.330518842170875], [69.4362578391281, 22.322389125557834], [69.41909337046278, 22.315598726100433], [69.40282344844346, 22.315964460591488], [69.40102612995204, 22.31943643094661], [69.38326346913394, 22.322233676842785], [69.3671562668483, 22.318941235449728], [69.35386991496475, 22.326422214413697], [69.33460891257127, 22.33012735829101], [69.33267927143132, 22.321305751859086], [69.33797740962987, 22.31601762761153], [69.33496427518119, 22.305341124493395], [69.32774400698034, 22.3037817477296], [69.32125532647225, 22.29221606242146], [69.3088511231808, 22.286757350271614], [69.29838430868895, 22.287647009102216], [69.29455304118997, 22.27934002891928], [69.28325855723679, 22.27196145036072], [69.25737965075044, 22.268943548605932], [69.24239730878887, 22.264701246865087], [69.23877835233915, 22.25940310956591], [69.22362804399918, 22.25784111037902], [69.20280373120735, 22.266497015824683], [69.1862342360213, 22.279354929786223], [69.16945922416394, 22.29445850845343], [69.16044151786181, 22.3067778346294], [69.15814650016094, 22.315768003690522], [69.1680865286705, 22.326485275774985], [69.17003333606968, 22.337168812490802], [69.16776382943729, 22.345107078728745], [69.17770385704753, 22.35595035572433], [69.17385494664862, 22.362697720823263], [69.18313276746332, 22.372460007323497], [69.18172097214526, 22.378737449673622], [69.1885209080136, 22.38584494558782], [69.19860565632612, 22.387913942074846], [69.19966614227874, 22.400483727642012], [69.19396173984248, 22.408322572928483], [69.19063591921238, 22.42183303856399], [69.18326675925354, 22.4207880497288], [69.17584252391342, 22.42396426184132], [69.17322611819097, 22.41753447073927], [69.16622960581182, 22.41279494732902], [69.15629219972536, 22.412138819950712], [69.14882767205958, 22.402978420018172], [69.13143014948193, 22.40288042988803], [69.12865757918402, 22.397866249028255], [69.11010336837583, 22.409895658058304], [69.09884047490809, 22.408022403511183], [69.09874975669604, 22.399017214872657], [69.0914292338721, 22.39466607537915], [69.0806542630838, 22.392371654828082], [69.06920266127386, 22.395858169019306], [69.05481946474654, 22.411113858118057], [69.0438170437217, 22.43296444395395], [69.0673784017919, 22.45172440975378], [69.07349753378426, 22.45216882233342], [69.07693743701324, 22.46426928050292], [69.08549821397148, 22.472230314877237], [69.07947516464722, 22.478914141974172], [69.07013726192523, 22.477694511092892], [69.05957961051078, 22.46726405619134], [69.03266096093469, 22.454618930819038], [69.00669491284012, 22.438460230655153], [68.99363732330383, 22.420358300595183], [68.984834432663, 22.4143049719969], [68.96949696551266, 22.391051531003427], [68.96661651164285, 22.38125264659243], [68.9571207761031, 22.366457462541916], [68.95893883745745, 22.352273107018362], [68.95577633371093, 22.345609306924047], [68.95505785903313, 22.33452367792546], [68.94283890708991, 22.33279371236], [68.93615126596822, 22.31143701080947], [68.93705022378893, 22.30452215687211], [68.94367885589455, 22.285362839923152], [68.95796740057514, 22.25735950453759], [68.95265483815032, 22.250929355505434], [68.9576982262922, 22.237432241205], [68.96275103123517, 22.237238406727187], [68.96915614583955, 22.231393456442873], [68.98096084576648, 22.21191394307405], [69.00777232673155, 22.18150115035786], [69.02337825320396, 22.1672965286119], [69.0553195480588, 22.128445863885617], [69.08775007680467, 22.09974884992954], [69.10842204084466, 22.073413848670185], [69.1874613762416, 21.98893284777276], [69.19763076334911, 21.980726957683004], [69.21111452541518, 21.964385270663797], [69.23049926732747, 21.94433712945505], [69.24624395379558, 21.93108260637726], [69.2515567545407, 21.924761414707604], [69.28313612982859, 21.894950747778864], [69.29016470933394, 21.89026963713414], [69.32526195007901, 21.859745145022515], [69.35157573183469, 21.839329958111136], [69.36825835723747, 21.832378149232284], [69.37576484637069, 21.826361537255195], [69.40024042105867, 21.79687500038108], [69.40957582006811, 21.78989946828591], [69.43448483920398, 21.765663504467227], [69.45585405841823, 21.749209046060656], [69.470221042867, 21.741071343467723], [69.48768401180777, 21.725055575254657], [69.50027024777384, 21.71098232287602], [69.53773164789729, 21.676165222746903], [69.58428335209513, 21.637886405433335], [69.6021397114786, 21.637086630243886], [69.62598764931064, 21.615183472739176], [69.66839694935979, 21.56971454598957], [69.68856704223535, 21.550292253784562], [69.70585203174599, 21.538920163734645], [69.72007322350052, 21.543564439047685], [69.71547305543723, 21.55119967422567], [69.71939992896367, 21.562866330017243], [69.72463166751751, 21.570662021335323], [69.70687496650655, 21.588312864047566], [69.69913971412657, 21.589568972330284], [69.68636274364584, 21.595732450792013], [69.67781806005556, 21.603626250950782], [69.66364920164946, 21.621880054920666], [69.66894602773706, 21.625807523798244], [69.67953884624083, 21.62175190422704], [69.69101083298361, 21.614639878427738], [69.69599175421624, 21.607282399763022], [69.69364857692031, 21.594494223729527], [69.7059266565901, 21.60179185880736], [69.71575510531395, 21.59907877416623], [69.71241664920913, 21.609477519871746], [69.70008027548445, 21.61693203448587], [69.69199287916817, 21.628874778548266], [69.68180465665958, 21.635717153424025], [69.69273185748929, 21.638853073210782], [69.70417284999715, 21.647381543823286], [69.7138365510161, 21.631983757344614], [69.72484445610687, 21.632225274776715], [69.73115074601029, 21.641278743519223], [69.74123454104128, 21.638955354905818], [69.74534475845391, 21.632951855943503], [69.74545395413682, 21.625572800744266], [69.74959444992393, 21.613306761198146], [69.75553464920475, 21.607040524400787], [69.75580430012846, 21.593868851366494], [69.76372432721607, 21.59565722969751], [69.76422977408495, 21.57892191391528], [69.7537230251975, 21.577542900684364], [69.74749004802746, 21.570624947683257], [69.75152361352409, 21.56329822583254], [69.73700392239314, 21.562003850497433], [69.72574090931559, 21.554631352255228], [69.72930955858928, 21.542161225959916], [69.71165645138419, 21.532718777949327], [69.71496915810033, 21.5263073447083], [69.72920834978564, 21.511846661694165], [69.74060606961453, 21.49774777863712], [69.76994335680061, 21.466978907450653], [69.78558146910953, 21.453725815194304], [69.78874957563258, 21.44531250007185], [69.82258832489143, 21.40778446198337], [69.88300335452132, 21.33890771841658], [69.92297077218345, 21.291962147135422], [69.94149422617775, 21.272640347873818], [69.96093749956597, 21.249162912738285], [69.98276054816077, 21.226143956478495], [70.00896310806107, 21.196464419697293], [70.02874004881423, 21.178558945638912], [70.04640626903424, 21.158891678108517], [70.04712152503842, 21.15616607670316], [70.06067585960332, 21.14232420909505], [70.06855773924829, 21.137467742342466], [70.07067871115376, 21.132566571190353], [70.09376907358401, 21.11183214203973], [70.09989571581471, 21.10459542254071], [70.10516345512943, 21.105440259160673], [70.11595952491231, 21.093749999762736], [70.1328203680657, 21.079698920169108], [70.1380217077357, 21.07771515872767], [70.14318025136751, 21.06817173933436], [70.14685344682917, 21.066831111866378], [70.15997505190714, 21.053691029317577], [70.16372132268091, 21.052048325869578], [70.17700505214148, 21.038920402154872], [70.19852054158983, 21.02311587299917], [70.21163105982563, 21.010439157141434], [70.22042191034294, 21.00565600402146], [70.2266366483627, 20.998747349111], [70.23583304905603, 20.99620950186707], [70.24880027741094, 20.983723044782693], [70.25818502941567, 20.972659825990235], [70.27640151961455, 20.96166813387731], [70.29398846639467, 20.94757664234828], [70.30931806537652, 20.93882095802084], [70.32029223419929, 20.927967310043414], [70.34741735462737, 20.915016055446642], [70.35229921373784, 20.909109354113525], [70.36515235859454, 20.900699138954224], [70.3714190720327, 20.902504324714897], [70.3934241533021, 20.89397656906351], [70.40722155573033, 20.882433652790922], [70.42511951955024, 20.863112926420484], [70.43937015510866, 20.85234236680688], [70.44709801686, 20.849978446648066], [70.47060012849326, 20.838140010453145], [70.47634744657753, 20.840363979014455], [70.48699617413425, 20.834419727388507], [70.50066947911327, 20.823710560893772], [70.5093151331869, 20.82150673894492], [70.52388286610145, 20.810572027876844], [70.53300380737997, 20.808376669447853], [70.5416817669001, 20.801754474689346], [70.54938387836339, 20.804399252223817], [70.55928873978368, 20.797861457040653], [70.5624169110117, 20.79248654821569], [70.5702018734178, 20.792940140175432], [70.57906365436426, 20.788223862441384], [70.5858501192877, 20.781530618543314], [70.60686445253262, 20.77739524799236], [70.61162245251424, 20.771436452530395], [70.62165415251715, 20.77122390226137], [70.62764525432513, 20.76794111688912], [70.63553667038113, 20.76937615878279], [70.64659297428634, 20.76290357074322], [70.65650534594502, 20.764390468445413], [70.671292424406, 20.760850072273087], [70.68716835973211, 20.74856007119041], [70.69256472548173, 20.746708751108002], [70.70345854797372, 20.73795461631255], [70.70911383663432, 20.73741233321269], [70.72988855811056, 20.728229523074106], [70.74397623561484, 20.720002174261026], [70.7572224138834, 20.722323060061285], [70.76482367537236, 20.7212543489091], [70.77944111831297, 20.714910506914435], [70.79236924684344, 20.71211671801217], [70.80437147656241, 20.700712323415047], [70.80604267143227, 20.71033430128702], [70.81343662749836, 20.71532750096341], [70.82691872132202, 20.71192073865126], [70.827464341806, 20.69768595724122], [70.8137093783852, 20.6985731123593], [70.82238686126473, 20.69102275339742], [70.82793414584418, 20.689970612254058], [70.83600771418472, 20.693330169152063], [70.83424913848702, 20.698769569260264], [70.83912861349481, 20.704764246772697], [70.85483944408523, 20.708138227896967], [70.8681771751366, 20.703646302235114], [70.87182045015382, 20.728641629307788], [70.88666903954467, 20.733277558912334], [70.87380611905726, 20.71852457554877], [70.87413775935025, 20.709213614716646], [70.88722145530599, 20.70921075307379], [70.89423811429768, 20.707280754903024], [70.90005111706554, 20.698745370302674], [70.91117167483307, 20.701679945373257], [70.91742992385198, 20.70915245991816], [70.92394602289065, 20.7114242319428], [70.9352771047547, 20.710590958805824], [70.95203924191762, 20.703712463559356], [70.96044862250605, 20.706647157340512], [70.97581350818697, 20.703919053121894], [70.98566734747024, 20.7090692519445], [70.99426221862663, 20.71077954753818], [70.99700415172029, 20.716238855938542], [70.97970247259107, 20.72058844590009], [70.96750187850901, 20.728207230679146], [70.9597629308146, 20.73596835115859], [70.9629633427841, 20.741434574446117], [70.97029030295514, 20.738411307336037], [70.98337793344504, 20.74462830984865], [70.99069464224405, 20.745774745807978], [70.99814224287033, 20.740300059000617], [70.99040341388647, 20.73045992808332], [71.00958395033913, 20.739101648522308], [71.03505802161047, 20.738909840216962], [71.05030942004382, 20.730754018083587], [71.06091547027282, 20.736102104628486], [71.0735650059203, 20.735241532570797], [71.0812879798564, 20.73836910754838], [71.07552170766084, 20.745454311067647], [71.08630561860949, 20.756006359705793], [71.10355603728144, 20.757313608836057], [71.1155041457998, 20.76051974319168], [71.1190835239855, 20.754776835382728], [71.128635167679, 20.75721442710426], [71.1456866266366, 20.757066845658528], [71.15518105006547, 20.75941216963605], [71.14821290949826, 20.76548552523687], [71.15273225279137, 20.775578140818652], [71.16644620892552, 20.78230476395376], [71.19298350818244, 20.785744547572847], [71.20266830909529, 20.78857207274305], [71.20928645150869, 20.80185806759576], [71.23239815215308, 20.803975224577044], [71.2392250299113, 20.81136727318122], [71.25842475879566, 20.815877556703953], [71.2800765036279, 20.827956557049504], [71.29177975643066, 20.828742504263232], [71.2963026763276, 20.835388422237912], [71.32256972751102, 20.845793724001254], [71.33192932637732, 20.846393346975447], [71.34530484694116, 20.85092937988705], [71.34858882391515, 20.849670648281887], [71.36636185661442, 20.8518272639171], [71.38384044138334, 20.85673892476163], [71.37814545664756, 20.87385427965134], [71.38759231583279, 20.874864578037887], [71.39640927276989, 20.864987969719152], [71.40485417837775, 20.868257164536573], [71.41919982461232, 20.868668913739498], [71.4302700761032, 20.867154955436945], [71.44020545511782, 20.86952805497586], [71.4488065244017, 20.88144326179716], [71.46215915721947, 20.881142616638527], [71.47755360631405, 20.890622615841153], [71.485163211713, 20.910637736642343], [71.49327850320046, 20.91768956182389], [71.50744104386919, 20.915901541423096], [71.51482236356136, 20.921046018758858], [71.50682294342423, 20.931790828983623], [71.51052594151915, 20.935635924458353], [71.5086442234522, 20.942116379767185], [71.51729106912765, 20.948886155971422], [71.53396475347066, 20.948266029353817], [71.54596054584252, 20.950615048645602], [71.56467294649943, 20.949560880430397], [71.56892645379284, 20.953830838122713], [71.57947421086621, 20.953990221371697], [71.58108091355345, 20.958860039459324], [71.59192764754292, 20.960387707027166], [71.59778094263643, 20.967342138329116], [71.60278451419404, 20.964354157018818], [71.61165487737074, 20.967396259529778], [71.61797165876513, 20.974247574565965], [71.62176275264895, 20.967651844157388], [71.63807904731019, 20.97477924836366], [71.63609051676409, 20.98009765188516], [71.63842976132455, 20.989470243257244], [71.65498900423918, 20.99770414812798], [71.66867005867627, 20.999449252880765], [71.67562663576078, 20.99672222155334], [71.68228125557553, 21.004155040023107], [71.6965521573562, 21.00900995724382], [71.70962405240826, 21.017630458179212], [71.72118592279222, 21.0216801170439], [71.7358524795084, 21.020518302677573], [71.73894584157742, 21.017339944782748], [71.75045692904419, 21.020155549439124], [71.76055824736537, 21.020161628856158], [71.76519691900265, 21.026227712538997], [71.78085434425267, 21.029760122731545], [71.7831556796909, 21.039590835948417], [71.80668771266787, 21.03986644757856], [71.79651057700167, 21.053295969733256], [71.8008153438532, 21.061663150534002], [71.82007706120751, 21.071830868499802], [71.8237036466061, 21.068128704975805], [71.83571875101964, 21.072569251469872], [71.84462535417677, 21.07830786681464], [71.84976673154952, 21.077004552218398], [71.86412835154229, 21.086788177832233], [71.87957060320085, 21.089873433412322], [71.88916480551151, 21.10190463029454], [71.90265631703548, 21.10867226161568], [71.91954243203767, 21.11257565024613], [71.9261126513779, 21.111197471586138], [71.93227946722371, 21.115786075267238], [71.94024884730649, 21.11511945729717], [71.9531840085352, 21.119022369286938], [71.96034824807336, 21.124315738380744], [71.97014570256229, 21.120836257787147], [71.97470509986059, 21.125136256433194], [71.97895514926088, 21.135311246317087], [71.99173331224259, 21.142729163020533], [71.99101161979056, 21.152576207925705], [71.98586487796192, 21.156724333561215], [71.9952352048409, 21.161148905397795], [72.00305604929738, 21.168516874654102], [72.00427377181725, 21.180568576078997], [72.01788747332833, 21.188122749065712], [72.02389407135442, 21.18049824279973], [72.01441073386829, 21.165208816533777], [72.00693583522067, 21.161956548755768], [72.00873732566717, 21.156390547485813], [71.99938523793847, 21.153392076483215], [71.99710035289903, 21.142105579409048], [72.00827062159206, 21.132589816866584], [72.01128971584782, 21.13607060867176], [72.01026475401525, 21.14562904854185], [72.0180784461634, 21.153898954173457], [72.02621746086729, 21.15404725058025], [72.04189181315681, 21.162637352631776], [72.0463929172993, 21.159159064539296], [72.05617487467086, 21.171615243248937], [72.06399607615813, 21.17704153034248], [72.07500934570479, 21.179240107445054], [72.0872113706084, 21.190194367975806], [72.10039627536796, 21.193203449179833], [72.10641586769825, 21.19667255879159], [72.11378514726678, 21.196447730078717], [72.11500561271893, 21.20246827569045], [72.11196208028585, 21.213444233264823], [72.10535943498999, 21.216011643022938], [72.10579061494494, 21.22183132145838], [72.09651255580982, 21.222853779578315], [72.0879820581255, 21.2311706541025], [72.08614635477059, 21.24143660051874], [72.08228635752945, 21.245810747368182], [72.09257435802036, 21.261118411885292], [72.09759354630526, 21.263226032455464], [72.09807193257373, 21.271101951394], [72.08773446127643, 21.27873957157402], [72.08490574360522, 21.290316343724356], [72.09442842013564, 21.28780066926558], [72.10208141782331, 21.278088569431986], [72.11083185640521, 21.286929369195093], [72.11188721622219, 21.295276641703765], [72.10943543949404, 21.30158603157014], [72.12157022928275, 21.325004935229657], [72.13385331637753, 21.340563177848423], [72.14966416327067, 21.356246232877368], [72.16700243941116, 21.37677025754141], [72.16723883160685, 21.382379651100052], [72.17670953271883, 21.396362661907318], [72.19591653352128, 21.410610318011834], [72.20981824381707, 21.422608137455654], [72.22380614243966, 21.43947136381246], [72.22556340692577, 21.44531250007185], [72.23510765999063, 21.456560254352354], [72.23578846476593, 21.46402251752525], [72.24212801429658, 21.47250056225124], [72.25367331467189, 21.500650524901886], [72.25575756995599, 21.511968016211085], [72.26509380353636, 21.540333151553767], [72.26430380307815, 21.55577874149583], [72.26946187006936, 21.574002146581847], [72.28583490835436, 21.59974503510537], [72.30225634545408, 21.619334935758758], [72.30595672112591, 21.62857603995235], [72.30255675319168, 21.643878221302913], [72.28570675856011, 21.665242076061077], [72.28552091096137, 21.676010608602837], [72.27742815018902, 21.694232225836686], [72.2684824463079, 21.706367611875834], [72.26809501657178, 21.710818767672066], [72.25991010676611, 21.72364067997347], [72.24727630655647, 21.75136411216411], [72.24140846762671, 21.787294507335673], [72.24830412823306, 21.78886604293362], [72.24933910401651, 21.775028228569994], [72.25198125822865, 21.764083742770566], [72.26482832456767, 21.740391850803377], [72.26992023023448, 21.747096061933803], [72.2702300547733, 21.756837010219925], [72.26163220416296, 21.779086947204945], [72.25901424890853, 21.79687500038108], [72.2589826584231, 21.836855649768495], [72.25519645235451, 21.85697174105303], [72.2583280805766, 21.881875753663195], [72.25537693459799, 21.89228022085561], [72.24245655552576, 21.916433811271446], [72.23089456553188, 21.927042841853762], [72.22592914141691, 21.940522909504665], [72.22091615215871, 21.94727134749479], [72.21379005916393, 21.948449849680827], [72.20208430264861, 21.93962776660814], [72.19038605727079, 21.936971425590855], [72.18352484699423, 21.94000351415093], [72.17366075543956, 21.950693846144162], [72.1598770622767, 21.95723044882621], [72.17424201965358, 21.95860815084552], [72.18630325838879, 21.944957971932922], [72.19089603402486, 21.942572832270514], [72.2086776498538, 21.954032659279903], [72.22112965570912, 21.95633125268529], [72.22118544605158, 21.967480063554177], [72.23002660284547, 21.994388342148397], [72.23115134266035, 22.006805538844674], [72.22819435558515, 22.00823307049987], [72.21624970406074, 21.999615907847897], [72.21002650252123, 21.99962687508028], [72.19771945478911, 22.0075534582256], [72.1974818709916, 22.016384840288225], [72.18609905202979, 22.015316844097185], [72.18500757184214, 22.020956277710155], [72.19662666338988, 22.022306680808754], [72.20847451728517, 22.010877608814695], [72.216420054542, 22.0118495223376], [72.2236515282955, 22.02082395596088], [72.23281586186263, 22.017703413681716], [72.2337211374207, 22.024878501741483], [72.23051893669967, 22.03743123975994], [72.23097157447867, 22.048665046454772], [72.23825776568336, 22.05913066844559], [72.25467717661044, 22.06550312057263], [72.26547455760479, 22.074437260970882], [72.27810931199522, 22.08023250122895], [72.27713716015197, 22.090858340140386], [72.28473424878669, 22.092591046839402], [72.28713893881113, 22.099769949823383], [72.30196404420528, 22.10596883279547], [72.30251443379419, 22.089122771798543], [72.29833364478205, 22.081763744501217], [72.30408644693208, 22.072139859167237], [72.29778313648265, 22.06306982041599], [72.29434347157402, 22.06308400632193], [72.28661417990057, 22.073971152246997], [72.26879465584878, 22.063623070748207], [72.24917924412685, 22.055387139704806], [72.24165165420052, 22.048759221660816], [72.2452222109363, 22.03304064251168], [72.25491416415744, 22.02788305306052], [72.26078355351828, 22.015246152887755], [72.25352311170226, 22.001306056829122], [72.25190651377474, 21.98772835697818], [72.25527095758869, 21.98211610357538], [72.26157045401337, 21.981136441493618], [72.260548472534, 21.959751248521343], [72.26685631286861, 21.937315225617283], [72.27545273265756, 21.929620504782548], [72.27911496178618, 21.954606652475093], [72.27417504784026, 21.96060347576983], [72.27986764937256, 21.96431362617301], [72.2848496434963, 21.982380151722737], [72.28768300976324, 22.001058340370122], [72.29228734978139, 22.01384961636674], [72.29886198029632, 22.04311144323856], [72.30565893671073, 22.064867377227728], [72.30669760690913, 22.076887249846834], [72.31309270846188, 22.096486449490158], [72.31555330753926, 22.099872111908468], [72.31139576420324, 22.111146211828242], [72.32317590724242, 22.122436523826536], [72.32380390202846, 22.13104617624012], [72.31371676961331, 22.137092113310388], [72.30980885019844, 22.14885604337178], [72.31044304401135, 22.16100192090198], [72.3136128187767, 22.171336651065644], [72.3126015662094, 22.180420041152047], [72.30344414752952, 22.182727456007314], [72.29705810574708, 22.19101214379546], [72.30327105501524, 22.193113923268953], [72.31568694139932, 22.185013652258306], [72.31966817354746, 22.17186534361076], [72.31628966343729, 22.159409642441176], [72.31648993526247, 22.146838426951888], [72.32397723196377, 22.14684486429914], [72.33961522556231, 22.138657808710917], [72.34268152703086, 22.13284266016069], [72.34226131430827, 22.12462496736839], [72.35026395311903, 22.12675797939727], [72.35231065721118, 22.14216184619235], [72.35678815864665, 22.149886369660322], [72.3533091546939, 22.165016054747213], [72.35365557714331, 22.180246353286634], [72.36305856739907, 22.183576941222924], [72.35924506151039, 22.17281484602833], [72.37075746018874, 22.172279000275694], [72.37714886642706, 22.157129764826834], [72.38711464432552, 22.159976959069525], [72.38656175102406, 22.168366670585414], [72.39174914400795, 22.179486155461746], [72.38656556594819, 22.188783407028694], [72.37776422483918, 22.196485042750567], [72.3651421068229, 22.200930356550828], [72.36111593285412, 22.209416746985312], [72.36014974081795, 22.22496724104539], [72.37093126766402, 22.242606043634055], [72.36338865726074, 22.260156750433737], [72.35680425201471, 22.263253331176315], [72.35654175249996, 22.2709306474315], [72.37747883757837, 22.260780453655087], [72.38372755018642, 22.24581754244565], [72.37581515294701, 22.235622048019167], [72.37766313564529, 22.226580977330343], [72.38252282107138, 22.21827614292971], [72.3923145531742, 22.213550925035236], [72.39719164407919, 22.206007242640226], [72.41112935513578, 22.2155405284727], [72.41167485690929, 22.226865053379584], [72.41678106809198, 22.228027224776667], [72.41301810769963, 22.25398993458785], [72.41611933703794, 22.271236061694964], [72.4151753186861, 22.29274940446149], [72.4109363552287, 22.299024343099006], [72.38804876833612, 22.298578620207252], [72.37668824176907, 22.305196404690406], [72.37254714973128, 22.316908240622865], [72.3750683073566, 22.32878994949661], [72.37901723405824, 22.335668444742993], [72.38971316792848, 22.343808054797933], [72.39938390254522, 22.346290826660436], [72.40429604092961, 22.35218262712661], [72.39441704760875, 22.36281025389013], [72.38910996924974, 22.365905165491085], [72.38221681145674, 22.375258207400407], [72.36555111399278, 22.373110651535427], [72.3645023111329, 22.37748444045465], [72.37652373328368, 22.38503932930169], [72.3937177653626, 22.382413625488482], [72.39909744239318, 22.369063377672802], [72.41251242161107, 22.357967138472702], [72.41215395903808, 22.35020852080669], [72.40222132205642, 22.32768380676231], [72.3892755506262, 22.31530833231372], [72.39402365716612, 22.30739235847065], [72.40555882487993, 22.309932231887018], [72.4347033504794, 22.30123937149986], [72.44545507469203, 22.286700248717636], [72.44655597168085, 22.281085252382525], [72.46037042165764, 22.257375359585268], [72.47039556470358, 22.24320924321208], [72.47082281102402, 22.238430142437124], [72.48223865039355, 22.24054276953322], [72.49323713778372, 22.24736607068772], [72.49439871293035, 22.24237823456795], [72.49108755574613, 22.229928374494932], [72.48506772509555, 22.22279310212005], [72.48131740107735, 22.211920738351466], [72.47463071323685, 22.200700044671407], [72.48732531031484, 22.197289824465884], [72.49163115005754, 22.206857442816784], [72.50411975382369, 22.220839976983484], [72.50661885737443, 22.229885458846923], [72.51687395616827, 22.23692905882905], [72.52420425372335, 22.24477827509739], [72.5237859484628, 22.261934280242855], [72.52555155775835, 22.268223643106722], [72.53289782997095, 22.277038216840282], [72.53917670224311, 22.274868607800045], [72.53493130233781, 22.26092040525259], [72.54112064799958, 22.257222175363154], [72.53344643080814, 22.252043843048995], [72.53699135776512, 22.24582791342749], [72.54494905475516, 22.243964314901234], [72.55274593857436, 22.255010128214934], [72.56156504129368, 22.25723934162241], [72.57392954851, 22.255008220752842], [72.59612381476236, 22.273408055737207], [72.61037445032073, 22.279642939470136], [72.63528144328413, 22.284511208925267], [72.65589094131397, 22.279240369647425], [72.65838944951352, 22.269950628318867], [72.67073094847453, 22.254936456652217], [72.6919567581979, 22.236915707493978], [72.71833395924492, 22.236019611316095], [72.75257205965286, 22.230776548498966], [72.76212954534233, 22.232470035763583], [72.78203952280583, 22.244468450558628], [72.79327940981707, 22.25387096417373], [72.81068873419784, 22.26502835727291], [72.82628703082187, 22.27209055433562], [72.84407997091395, 22.28233635413949], [72.85281944316293, 22.281393408678923], [72.85571241379702, 22.264387845722553], [72.85962772384048, 22.252575874776824], [72.86700046040303, 22.242474317236002], [72.88357996954002, 22.24226903888504], [72.89418721227005, 22.24547815359395], [72.90439605713235, 22.25229883232538], [72.90924024544111, 22.258787751153847], [72.91379010632838, 22.27795684373342], [72.91981470608388, 22.269364476289553], [72.91976881008267, 22.26110184167669], [72.91038095991351, 22.24319672554853], [72.8991760016713, 22.231871962321264], [72.88679504405607, 22.23044693437859], [72.87783074399371, 22.223764777322742], [72.86317980310551, 22.22611296204363], [72.84916985040834, 22.235714316662467], [72.82686066608696, 22.240440368228462], [72.81811940688524, 22.24748754481439], [72.80994701384364, 22.246155023835314], [72.79974746707202, 22.238147735529566], [72.7825379369763, 22.212501764245076], [72.77811300720961, 22.199976443857906], [72.75892436516736, 22.17452216126881], [72.74864780944895, 22.17302060101997], [72.73379373509292, 22.177521109811465], [72.72563052143144, 22.182162046841086], [72.709087252275, 22.185760379138287], [72.70005714881839, 22.184348464210274], [72.68948841056184, 22.193435072970374], [72.67474865892356, 22.200546741738833], [72.65915834917851, 22.21221244334967], [72.64779925343291, 22.216854214950075], [72.63944375482558, 22.217853069463587], [72.61519014810696, 22.217564344818697], [72.60096001619192, 22.213114023593363], [72.58210611350646, 22.200649142144215], [72.5689505338402, 22.187389374220288], [72.5553618667569, 22.166713118615576], [72.54708898077192, 22.148437499790816], [72.52641391766824, 22.07660841954302], [72.51786065094845, 22.0281816720466], [72.50738835329, 21.993926048348527], [72.50247740740653, 21.954653143827557], [72.50246465232195, 21.935468912060742], [72.50631010572684, 21.921177506636667], [72.50513982784085, 21.909812211864164], [72.50869011835434, 21.897101759738433], [72.51477515704798, 21.88654375039377], [72.51629304898503, 21.8745490309131], [72.5468249317253, 21.876469373962465], [72.54947626621671, 21.879637717906377], [72.57016634979735, 21.880662679738947], [72.56956124275732, 21.874162912388556], [72.56260526192332, 21.868333101291682], [72.53895115856923, 21.86659991705261], [72.5244654420267, 21.862473965101486], [72.52305185795697, 21.85082995873563], [72.52776217498453, 21.84773755084737], [72.54190790642477, 21.84908080073842], [72.56352114678353, 21.85983264456098], [72.56418824229357, 21.854477762738668], [72.57833123170107, 21.857224345327324], [72.5884213444696, 21.865164756448394], [72.59352052205449, 21.860511422264352], [72.60345864310202, 21.882964133887725], [72.61019706714094, 21.884670853776953], [72.6077996490346, 21.873794078833754], [72.60205006555825, 21.863214731274866], [72.60395073863575, 21.858303547071102], [72.59344935420447, 21.843889355409516], [72.57742404958029, 21.82764053328401], [72.56690275685682, 21.82263851125836], [72.56741857560687, 21.817379951323773], [72.55744731454203, 21.802919149599177], [72.5524003506957, 21.79253172905615], [72.55063891425456, 21.779444336886712], [72.54587495356631, 21.762592673113403], [72.54328846918756, 21.76120245432986], [72.54339873776163, 21.742900848695314], [72.54057407423429, 21.73564934703981], [72.52968394795593, 21.727858066896346], [72.52701652009645, 21.721495628720305], [72.51798951660297, 21.714242457923177], [72.51843023296894, 21.70171046276772], [72.52556526702355, 21.678192854017084], [72.5369007591627, 21.665384650081563], [72.54927122618616, 21.658568501235436], [72.55852103222, 21.659350753134788], [72.5676341053298, 21.66570603810328], [72.58850240666087, 21.674146055895847], [72.59530091260714, 21.679369569250326], [72.61176824570802, 21.681890129725787], [72.61626994610126, 21.68011212327596], [72.65018486973608, 21.678265452688606], [72.65553843944744, 21.67699384728823], [72.66894292807379, 21.682963252052502], [72.6814359430144, 21.679438352997636], [72.69855654275025, 21.68137347730422], [72.7111437319978, 21.67832195799204], [72.73668134217021, 21.68942284578779], [72.74649000131254, 21.685814619149426], [72.75262618085364, 21.675552964297992], [72.76289081605839, 21.669110060181197], [72.77985823157215, 21.663437366041705], [72.79484295853584, 21.661643743763875], [72.80314445465294, 21.66301345800474], [72.83000075782886, 21.671625375810464], [72.84108185784154, 21.676926613072794], [72.85073864487256, 21.684222579008917], [72.86856174462898, 21.68886554221109], [72.88740325015996, 21.686437129869745], [72.8934254649134, 21.68188464655924], [72.90238714255267, 21.682301163967622], [72.91513872157478, 21.679068326941803], [72.93701684465171, 21.676812052933997], [72.95851385572988, 21.681282043231818], [72.96422004691769, 21.678017258689636], [72.97952270490904, 21.680274128947957], [72.98819875696714, 21.684187054888724], [72.99088335018652, 21.69066870179921], [73.00355887444263, 21.696178674406383], [73.0114109514544, 21.701688051662302], [73.03285300766018, 21.71042132398503], [73.04593181580074, 21.717183947880926], [73.06035864383645, 21.735427856610357], [73.06723177462683, 21.740786314137182], [73.07590043515702, 21.740888714542592], [73.08310914077427, 21.73569262061804], [73.1027877334673, 21.73221433162618], [73.12224674229336, 21.73981833424878], [73.12846946719228, 21.754647254567203], [73.13610494158982, 21.754885912155117], [73.13281822168372, 21.763271450816887], [73.13663184628277, 21.775482415880873], [73.13740777954555, 21.81183052096185], [73.13848984203273, 21.816685914823154], [73.13458394968958, 21.83041572600507], [73.12833702583308, 21.842259168725747], [73.13013744338846, 21.85352265844398], [73.14139246958686, 21.866101145851303], [73.15459740134915, 21.861886143930462], [73.17728364442482, 21.839146256294725], [73.18528664116567, 21.833736657920497], [73.20151150265386, 21.827038049566426], [73.21150434025313, 21.8262013194354], [73.221842407801, 21.82827305795533], [73.2401592731321, 21.840409040245106], [73.24576056020172, 21.850345611760645], [73.24365770783712, 21.866834879326348], [73.2296177150856, 21.88210475433104], [73.22388875486232, 21.89160251604335], [73.21995174867433, 21.908063650117413], [73.22300374552654, 21.92030775519879], [73.23690104464757, 21.93180584926054], [73.24454390967375, 21.9354890586732], [73.25813674961145, 21.9366362095935], [73.2637051340848, 21.9341137407566], [73.28477835673587, 21.908496141283933], [73.29518997713583, 21.901464701035223], [73.31414771104804, 21.88401722921182], [73.32557272889832, 21.87716674784724], [73.33611476448485, 21.87564110735127], [73.34397304052354, 21.8825745583693], [73.34262072996282, 21.906778455061783], [73.34456384204768, 21.91836035244836], [73.35631811608826, 21.92927491690395], [73.36283051981272, 21.931016445052933], [73.37571597101535, 21.929817318714356], [73.39873874219936, 21.914091110616283], [73.40795731567763, 21.911623358331383], [73.41664743403189, 21.912454128655213], [73.43369305099353, 21.922457813877088], [73.44200062742706, 21.93769121148034], [73.44156301012484, 21.947461247438724], [73.43634247802302, 21.9582746030905], [73.43897795656758, 21.97468805331107], [73.44445753119024, 21.981276511801667], [73.46409034749163, 21.98443281652129], [73.48000454897092, 21.97398352621886], [73.50547301746579, 21.963842153892415], [73.51161897173816, 21.96495616479521], [73.52231383361666, 21.972656250085947], [73.52723300469947, 21.978765249416796], [73.53668701619293, 21.981055379302347], [73.54678821580367, 21.978605151206807], [73.55261576150835, 21.969426751343548], [73.56864166238287, 21.956406355069333], [73.59306263922949, 21.94749355288522], [73.59728646260024, 21.935234546936897], [73.5924595592613, 21.930994630198143], [73.60040175913397, 21.905653953567196], [73.59696102133412, 21.90658700468657], [73.59201991578661, 21.920471072082364], [73.58893704430929, 21.944874406029015], [73.58264505902238, 21.949675679589006], [73.56999123091074, 21.952437878005753], [73.55649042129599, 21.962471962111408], [73.54356145819483, 21.977124929172163], [73.53006875506904, 21.977306246885917], [73.51802575548433, 21.9646266702847], [73.50826323066363, 21.961495518703316], [73.4775686263911, 21.970208645312766], [73.4765624999595, 21.975446343673838], [73.466407656688, 21.98154771315646], [73.45276164973043, 21.98155534300477], [73.4419480566576, 21.973353743580446], [73.4411935803196, 21.95405697784733], [73.44402265592086, 21.93926441711926], [73.43866956195089, 21.924555540106155], [73.43084120725601, 21.916748165695367], [73.42009985402515, 21.909638762319048], [73.40762567538471, 21.908511638401478], [73.39554417132652, 21.912182569370174], [73.37879157057469, 21.921378016782143], [73.37806761273018, 21.925573348731092], [73.36936867202675, 21.928798079268006], [73.35204815839595, 21.922382354462087], [73.34588515747416, 21.912492155588524], [73.34882724278313, 21.882465243076552], [73.34666705144335, 21.877066969864842], [73.33042013677996, 21.872797250492738], [73.3204530476701, 21.876067161170596], [73.30075013640979, 21.8872159720396], [73.27865314442718, 21.904134035457417], [73.27228665390604, 21.91562354549032], [73.26086020433499, 21.929149269922874], [73.24539053414597, 21.93311774698654], [73.22629940469389, 21.918352007639157], [73.22358942001583, 21.911926031461235], [73.2262109518741, 21.894949436567288], [73.238102555089, 21.87756693356718], [73.24966716750586, 21.865669965896274], [73.24996805188417, 21.85618805923164], [73.24586451013917, 21.842490553496276], [73.22537195725013, 21.82509446174012], [73.21379065521458, 21.821364879685547], [73.20148026919921, 21.820899963462608], [73.17532253240901, 21.834020376039632], [73.15189802687249, 21.84974527382539], [73.1377704140734, 21.85184144962321], [73.13288521757877, 21.840583920611465], [73.14908254182595, 21.81456577748864], [73.15618062003969, 21.808586120453157], [73.16874253743825, 21.80240476167046], [73.17750644696505, 21.79336726668609], [73.17748820781466, 21.784499645542297], [73.15952277145882, 21.763327479479642], [73.142478704029, 21.750169157780476], [73.12716591337627, 21.73353791244483], [73.11080491521469, 21.71965503665072], [73.09178221247927, 21.70957195747991], [73.07680177708042, 21.70607900594149], [73.0728806259402, 21.710901975645726], [73.06450521904063, 21.713697314079866], [73.04851472357572, 21.711905360044398], [73.02691185509818, 21.701157212435504], [72.99815154056117, 21.6832333805161], [72.98342072998278, 21.67692577850198], [72.95662975356029, 21.67140126205865], [72.94896364195861, 21.672570109123313], [72.92456483879639, 21.67115235309862], [72.92034506777074, 21.672758460434636], [72.90898883366785, 21.66391670739017], [72.89210772519144, 21.65939974819986], [72.86433661004659, 21.66080105292633], [72.85290670438101, 21.665503859715386], [72.85053324691197, 21.67058396357919], [72.842506527854, 21.671252608621103], [72.83352482321212, 21.66698360421006], [72.81435215492817, 21.65459144104227], [72.79758358041792, 21.647681236599908], [72.78680300685338, 21.645139337010875], [72.7712651491673, 21.645933508524678], [72.75228834153384, 21.649968504842718], [72.74721181427392, 21.642331242592803], [72.73461163072218, 21.63930046524436], [72.71964335415757, 21.639279008319676], [72.7051371339717, 21.651859045258846], [72.69681262959924, 21.648993850186088], [72.69227695461777, 21.64067614109109], [72.67273581070916, 21.627822280374033], [72.65913200353921, 21.627569556489902], [72.64766275882928, 21.616880178677405], [72.63834965221477, 21.62025046358812], [72.62857341722949, 21.616595029736857], [72.62099576024625, 21.596637606740245], [72.60803985615453, 21.58300614361869], [72.60448300868396, 21.571148157061828], [72.61061525369112, 21.561840653223612], [72.60278046164913, 21.559478044276375], [72.59844851458737, 21.544809818418514], [72.60286915278928, 21.53926181797857], [72.61036217187686, 21.537012815888772], [72.60806953917799, 21.531237244703107], [72.62024021191641, 21.514372229594755], [72.62192022823606, 21.506016373956584], [72.62653267384391, 21.505139946851102], [72.6271313426374, 21.492233157434327], [72.63666820507368, 21.49537682577997], [72.65325284034643, 21.522740006646018], [72.66321957152601, 21.529032826503823], [72.67169451718829, 21.536906719269723], [72.68176031138941, 21.540349841172258], [72.69168925305675, 21.534904241137866], [72.70577251938639, 21.53217864063177], [72.70460724802618, 21.527845144038224], [72.68598031983592, 21.52816605541915], [72.67484164252792, 21.521040558674855], [72.67151534525706, 21.51450490927425], [72.66700792337699, 21.484841347150564], [72.66502094236276, 21.478554368389496], [72.6523468498273, 21.46538865606169], [72.65108895279295, 21.451918363142], [72.64325034582694, 21.440001010538225], [72.65227246240423, 21.436119437661972], [72.66713023207464, 21.44531250007185], [72.68204951267498, 21.448889374545075], [72.68660044645353, 21.445730328691724], [72.68027365200757, 21.433781623922926], [72.66518366299582, 21.427176356203915], [72.65268886110206, 21.411885738336224], [72.65066862135981, 21.40606844400358], [72.63947486867042, 21.396738052419238], [72.62546515429355, 21.381031751714062], [72.62295031530496, 21.373783469631434], [72.62348163117244, 21.364876628153922], [72.63546574135088, 21.362172246252214], [72.62403202076123, 21.355299353782243], [72.62255632861181, 21.345976114506158], [72.60969424269521, 21.331819772864293], [72.6087646485698, 21.326313853501546], [72.60167062270122, 21.32216823067938], [72.59451115136861, 21.31373643898553], [72.59350752864955, 21.30592501133026], [72.58826577704409, 21.291285515214355], [72.59030020269236, 21.27783560722756], [72.59849917879407, 21.278108119794013], [72.59706711725377, 21.250049948246613], [72.60430991616985, 21.23698687554395], [72.61243855989173, 21.22857034174791], [72.61955595014703, 21.23122274913061], [72.63849604115947, 21.22537326806193], [72.61880016349679, 21.222690820624962], [72.62136423587086, 21.21011376403908], [72.61808562245366, 21.188078641815935], [72.61956143421295, 21.178976059297725], [72.62135040789511, 21.141973138049906], [72.62601864294615, 21.12748360658327], [72.62361133139794, 21.120095253293385], [72.62357091946242, 21.10729467830683], [72.62688815606359, 21.102325558877567], [72.62479817839326, 21.09199523898917], [72.63558542762544, 21.080018758658838], [72.6460902690508, 21.080343365354054], [72.65091800696061, 21.076790571128043], [72.65450417952437, 21.08528745215429], [72.65886485542885, 21.08777725671513], [72.65678691878136, 21.09894931326025], [72.66064631977193, 21.108503818596404], [72.65811824815873, 21.11935985067663], [72.66132914982043, 21.126309275452797], [72.65992283856818, 21.138671755597073], [72.66215205197565, 21.147745370952236], [72.6719635727608, 21.157589316793548], [72.68248426923375, 21.158149957754404], [72.69402444347341, 21.154536366660068], [72.70919942831111, 21.145957350551356], [72.73056197185767, 21.14097785924085], [72.73982346098401, 21.147540569241983], [72.74704122547226, 21.156808852746394], [72.75777244604168, 21.159828543252758], [72.76693546749786, 21.166047215806458], [72.77328801133282, 21.17494404333297], [72.7820960281093, 21.18001496781656], [72.79801523701363, 21.18316912675391], [72.81454694268726, 21.194662571320634], [72.81528162944377, 21.205394029311066], [72.81386387341908, 21.209160566307133], [72.80388021430056, 21.215264559112114], [72.79295194147895, 21.228830337550136], [72.79333424597874, 21.24176752585069], [72.80402195464958, 21.248335242377664], [72.8113043309302, 21.255549311551533], [72.8206193450068, 21.257357358955062], [72.82342374321124, 21.253625512407524], [72.84302711480959, 21.238534808434792], [72.85215961957081, 21.226233958830193], [72.86988723290952, 21.22580575922848], [72.86575114739767, 21.221334457719053], [72.85432553329687, 21.223822712748017], [72.83432960492743, 21.24486553651539], [72.81962454283845, 21.255596042123642], [72.81035017991698, 21.25275325815639], [72.79571843146059, 21.241036057767957], [72.79417204900099, 21.22977495215241], [72.80576133701621, 21.215671777530588], [72.81548511994234, 21.209416747185173], [72.81758987886994, 21.20046353306566], [72.81556427467169, 21.194075107180453], [72.81195902838661, 21.190202355754167], [72.79686462909942, 21.18028604956163], [72.77823734297911, 21.17397058027808], [72.77343750024048, 21.166573643858612], [72.76137411572293, 21.157057761706398], [72.75530481336651, 21.14978766476898], [72.74433660525025, 21.143071532225434], [72.72900867451077, 21.138943671912955], [72.71487224116115, 21.139690280082363], [72.70919764045877, 21.132630944662424], [72.70590686820745, 21.121432900408138], [72.70553255058681, 21.108039617334526], [72.7002650495925, 21.10085511247354], [72.70410895346552, 21.085081100912163], [72.70386421646057, 21.07665395781396], [72.70749354389207, 21.073254943161203], [72.71704173059149, 21.073074102088242], [72.7562731502857, 21.06200170481489], [72.76871871969328, 21.06860923792604], [72.76856422425956, 21.05922532049226], [72.76073825366748, 21.051621556189872], [72.73407411582784, 21.04789507409845], [72.72697651425486, 21.053227424306243], [72.7233388420141, 21.04880392536097], [72.72394061077071, 21.036468744137295], [72.7340023517273, 21.005672931960333], [72.73811924480734, 20.984003544228244], [72.75244891638445, 20.94629120807292], [72.76985323423949, 20.917968750057867], [72.7714395519939, 20.934033751656386], [72.77917492398367, 20.940353870434848], [72.78918445120152, 20.940929770192753], [72.79654932049479, 20.935041547229673], [72.80658686159441, 20.936408042796955], [72.81423580603771, 20.942075371581268], [72.82222986261817, 20.955283522916318], [72.8352966306351, 20.95753526703905], [72.84389615038705, 20.952386379427935], [72.84728395948716, 20.945694446741356], [72.83798634999008, 20.945154071103616], [72.83448004711661, 20.95526730993842], [72.82235622366088, 20.950907945245547], [72.81639420952516, 20.940963744781072], [72.80438375460673, 20.93283343281678], [72.7883869414043, 20.931728959224188], [72.78540492080052, 20.922648429881235], [72.7904151680257, 20.912791967275496], [72.79215490832249, 20.89637446381053], [72.80066704724644, 20.879873037410817], [72.8172359470814, 20.842451214651845], [72.82530474631713, 20.819762349153194], [72.82629764102339, 20.813345671065917], [72.8387118573664, 20.79841053451861], [72.83557760672133, 20.790199876223397], [72.83757162133341, 20.78024816552042], [72.84665572638082, 20.76872372671869], [72.85654890560758, 20.765954375094395], [72.86200261123159, 20.760761618553914], [72.86703705831363, 20.748087048478567], [72.88505411125831, 20.742187500352884], [72.89182925191855, 20.75076091278595], [72.9027960301128, 20.745757817869105], [72.8957011696734, 20.73917782289834], [72.88146185837817, 20.737972855463], [72.86991345893907, 20.732323646219413], [72.86034345648537, 20.73505187004787], [72.85212361791068, 20.73396074779035], [72.85569882414157, 20.718516469059864], [72.86727905238641, 20.683432221719727], [72.87271845339407, 20.6594735386729], [72.87655425077807, 20.64878964402692], [72.8824739455163, 20.64199662214645], [72.88639295087413, 20.631144165770678], [72.897643565898, 20.586848378549917], [72.89548706987242, 20.566406249748724], [72.88602864720431, 20.55003714599752], [72.8853781226023, 20.540683865767903], [72.89177656153922, 20.532089233831186], [72.88599634175782, 20.529351115661456], [72.88792574367827, 20.51913452134113], [72.88487195987315, 20.499783754017074], [72.87258505785414, 20.493678212579482], [72.86205804364394, 20.478367448099334], [72.85877895358587, 20.46663975711911], [72.84429037540056, 20.45915222209743], [72.83279275887887, 20.44560134452655], [72.82839083646795, 20.432333112183414], [72.82943105709765, 20.415364622879167], [72.82802903651091, 20.387736678005353], [72.82028973088646, 20.366783857489025], [72.81541764740652, 20.35879695411623], [72.80726730843966, 20.35224521134748], [72.79317176366604, 20.351403713011052], [72.78693604446303, 20.34726893871067], [72.77584385850733, 20.333057642196508], [72.77443206318927, 20.303722500792844], [72.76757514447749, 20.298895239523745], [72.76231074344614, 20.29989314075587], [72.75532472165858, 20.288541674858493], [72.75407207036992, 20.271188616561517], [72.74994051474303, 20.25544083102966], [72.74091267577947, 20.24401402442774], [72.74558424911388, 20.229985713869667], [72.74855637537647, 20.201981306492172], [72.74288535127803, 20.18260085614469], [72.7434163092154, 20.17238032818969], [72.73754060301658, 20.135068655294276], [72.73836684255585, 20.114559053957294], [72.72601664085542, 20.081520915358], [72.71217834985097, 20.079399466811992], [72.7080328466387, 20.070553302592884], [72.71522915330294, 20.039885640210173], [72.7144954207271, 20.023205161489045], [72.7178291086266, 20.016977310454507], [72.72143101662826, 20.00103545212447], [72.72175884289643, 19.987664580156363], [72.71659100027452, 19.97319364577021], [72.72503685916385, 19.969139814051275], [72.7332248689327, 19.96081852925174], [72.73583006820323, 19.9480657577286], [72.73153817694546, 19.94774925752229], [72.73043108003046, 19.958036065512147], [72.72047841514674, 19.96844804294288], [72.71305024617206, 19.969544649266226], [72.70027077197861, 19.96099460121995], [72.69051623313769, 19.958147167757687], [72.68380987622484, 19.94548165835198], [72.66458857080599, 19.933175205971096], [72.67719483377468, 19.919045448288898], [72.6757450106239, 19.906661748640857], [72.68085372461982, 19.900587320148816], [72.68286812326542, 19.888106226621147], [72.6803578141618, 19.869357228053687], [72.68135726492599, 19.86513185515109], [72.67503714524818, 19.858884453754627], [72.67362904524438, 19.853235840761542], [72.66345512825168, 19.85103082631167], [72.65435266534328, 19.858777642174502], [72.65481924980858, 19.843622565628976], [72.65081477198422, 19.83961784858495], [72.65531444530544, 19.826799750308282], [72.67975044262883, 19.81314623311225], [72.68539094913311, 19.80145716711462], [72.69124174141328, 19.794654131283238], [72.68809831138802, 19.788472413671045], [72.68858194340206, 19.77131235618033], [72.6854306461075, 19.759832859199165], [72.68757081044456, 19.747937679380513], [72.70963811850444, 19.707412243180542], [72.70992982350256, 19.691468954029077], [72.70633935937397, 19.68266654002889], [72.70715832699526, 19.6737562415573], [72.71088421373562, 19.66673040408496], [72.71079063388075, 19.656094074581944], [72.71526634656468, 19.63894605631552], [72.72007060047795, 19.630421757658084], [72.72811853903946, 19.624307751801382], [72.72753715521563, 19.617926716544844], [72.73079252205733, 19.60801815981027], [72.73100650314777, 19.5986248255753], [72.71276164023763, 19.595445513499726], [72.7180178169688, 19.58241522288425], [72.71653866782529, 19.572471976600497], [72.72101104222597, 19.56604301917008], [72.72378361252376, 19.539284109873876], [72.72908437224604, 19.528937220876102], [72.73670971398221, 19.52610194714724], [72.7392420771603, 19.51927804974224], [72.74769175097364, 19.511718749720558], [72.76497125641836, 19.504241109040038], [72.7981604334573, 19.50650394000496], [72.81530654426169, 19.510531425185164], [72.8274384733069, 19.511257768031655], [72.83675670605729, 19.522484421518854], [72.8468837737673, 19.539963841757896], [72.86310327079943, 19.53899908054325], [72.87188863725098, 19.534560442410566], [72.88322365274948, 19.52462053261158], [72.88064467950838, 19.52014791989069], [72.87071013416548, 19.522803663758168], [72.8558924193998, 19.521286964321988], [72.85083591914244, 19.522787928320327], [72.83796715755844, 19.517944812902826], [72.83422565499015, 19.508984923115733], [72.82236611800195, 19.49087333703497], [72.81348967540836, 19.48976135230464], [72.79960513137175, 19.494977712451572], [72.7770025729105, 19.491060852876146], [72.76754474649292, 19.483662247314953], [72.76461660876961, 19.476372957046422], [72.75616347796225, 19.475126624394306], [72.7452764507477, 19.4635863305448], [72.74866092246364, 19.449882268751807], [72.75961112974997, 19.417865276161592], [72.76269066294387, 19.39154231592518], [72.75743937492726, 19.379303217369653], [72.76026260853271, 19.37234175246992], [72.77222335342512, 19.361033559251396], [72.77601766598266, 19.353064537098746], [72.78271782386852, 19.34931027854661], [72.79354357757418, 19.33593750001569], [72.80789387240438, 19.32563650611995], [72.81614935380972, 19.325707077719528], [72.8301098348011, 19.337859869237633], [72.84691381472092, 19.34235477435338], [72.86022865802627, 19.339564919085788], [72.87703645197078, 19.327715635268433], [72.88322234153796, 19.319560646806494], [72.88889646559952, 19.30781733999828], [72.9034060240688, 19.29217040533993], [72.91360354466795, 19.289670348507897], [72.92895627061554, 19.29156374966739], [72.93636643876025, 19.289099455275732], [72.94114375078348, 19.29708945771239], [72.95493936535959, 19.30398714539058], [72.96326184265999, 19.304329633306025], [72.97550594774137, 19.294665217326], [72.98836755791658, 19.287890553306454], [72.99182176576201, 19.279471635407717], [72.99338793780313, 19.266309857613848], [73.00117242356853, 19.260571479690086], [73.00445592390187, 19.24329185463543], [73.00527262703028, 19.22974717609135], [73.01078772577304, 19.22302377252919], [73.01975512489915, 19.21757185475738], [73.03064513246701, 19.19995641745477], [73.06096303501621, 19.205353856095684], [73.05943131420386, 19.20122814156558], [73.03614366030175, 19.195899605382536], [73.02757060489964, 19.195730447402298], [73.01771843475805, 19.21052694356368], [73.0045925381153, 19.220555543603496], [73.00009024147155, 19.231861114398953], [72.99972975272593, 19.240860223620487], [72.99614894371885, 19.252096057387163], [72.98888671405072, 19.266281842832868], [72.98723900317756, 19.27950584921568], [72.97300875165271, 19.29093575488126], [72.96296894516084, 19.29505884608892], [72.94848012955444, 19.29408466807307], [72.93682026904028, 19.28641593494757], [72.9266262054351, 19.28928244123172], [72.90905892862676, 19.287180661758157], [72.89971923805243, 19.287630558403606], [72.88004791727772, 19.30414795856153], [72.86626100544109, 19.313380360915005], [72.85625696138979, 19.318072437892795], [72.84003627275584, 19.317482948479338], [72.82875740552996, 19.312102436878092], [72.81619346105938, 19.302767872439446], [72.80315053496938, 19.303042650398055], [72.78659772850253, 19.306936144687427], [72.78440797284983, 19.301818609241522], [72.78374075862925, 19.280555010005756], [72.77820682538479, 19.278823136978275], [72.78451132743592, 19.26579654257644], [72.78167855741961, 19.25923585874797], [72.78286004085837, 19.249897480284574], [72.77818000310467, 19.237299442515322], [72.77985024469316, 19.230321407606937], [72.77658343307914, 19.221500158205856], [72.78167784245855, 19.214975357326978], [72.78396415742, 19.20603036840683], [72.78145337077652, 19.195028662342978], [72.78442525871881, 19.19232082344729], [72.7933961157382, 19.195552349261618], [72.79277443868952, 19.20459282369991], [72.79615890950609, 19.20718860616924], [72.80715501279374, 19.224476456423346], [72.81966626688487, 19.23605644724728], [72.82235705823169, 19.24526810673784], [72.82900130706477, 19.246086954749202], [72.82244944558553, 19.23088622052275], [72.8109635112572, 19.219938159018895], [72.81061816259827, 19.213301539134747], [72.7970020769844, 19.199109554662257], [72.79668927209238, 19.177951216575423], [72.79451775559002, 19.172046542314163], [72.78242564222964, 19.16791105305272], [72.78436327024875, 19.154381155765748], [72.78894054876744, 19.150060057225957], [72.78703928033852, 19.129108547921234], [72.79393804090799, 19.130132436862596], [72.80258655572501, 19.14537274845364], [72.80174565273981, 19.150243759042297], [72.81081843352396, 19.157222151880816], [72.81914961356395, 19.17047607870815], [72.82893812699311, 19.176795840455767], [72.82814717325354, 19.168588757864995], [72.80670285255471, 19.149506806893655], [72.80361592783291, 19.140819549282867], [72.82137465501646, 19.121851921029403], [72.82040274149338, 19.117650150833896], [72.82624387775277, 19.09805607822547], [72.82683444005752, 19.088636278741305], [72.82070660622506, 19.058877348910613], [72.82375562182463, 19.055168151788905], [72.81616246682447, 19.04225945491001], [72.82449674592814, 19.042450666065463], [72.83461177351458, 19.049529671457194], [72.83834636209494, 19.03513443480641], [72.83415794413392, 19.0253020524478], [72.82530784628008, 19.018040657350582], [72.82008695624805, 19.018406629262557], [72.81122076502632, 19.002092480383723], [72.81396841960694, 18.98183417300872], [72.80594396594134, 18.9777202602819], [72.80256354836908, 18.965786575989767], [72.79178595515785, 18.947623252810928], [72.79886102691492, 18.94751715619188], [72.80870032326132, 18.954624414685085], [72.82154667374007, 18.946298957031317], [72.82379794122213, 18.934901118491936], [72.8184107539532, 18.9253431561618], [72.82567226866027, 18.91949784794737], [72.81267774138482, 18.91130506997301], [72.80782055877191, 18.914593339411084], [72.80352675915273, 18.907173633956162], [72.80474305175059, 18.899481654254984], [72.81157445939388, 18.89260113283605], [72.81683826417466, 18.89938855194015], [72.81858146146536, 18.90649783570663], [72.82535457595301, 18.907480954782287], [72.83340275283493, 18.921093702112714], [72.84037589992792, 18.922301649901257], [72.84438264404386, 18.92899775544207], [72.84552085390445, 18.949160218469316], [72.85316014322612, 18.97245514428954], [72.86090791237032, 18.981680512145942], [72.85701441808104, 18.991513848685187], [72.86515986923266, 19.004430770763534], [72.88516843307681, 19.008976459695916], [72.88634490998962, 18.99944186175256], [72.89639985566888, 18.996535658493897], [72.90701651609939, 18.999115825135306], [72.91852867645738, 18.99943804772782], [72.92500197855853, 19.00540113475465], [72.94933354840461, 19.021950721648523], [72.95562255423752, 19.027989149379792], [72.96023666898716, 19.037136316687736], [72.96313226204441, 19.05813050242081], [72.95618665219232, 19.078645825244735], [72.95711481549634, 19.101434230405502], [72.97814857949336, 19.14831185340941], [72.9793527123579, 19.160156250310806], [72.98272192437733, 19.160156250310806], [72.9828947785713, 19.12231206904687], [72.9789159296266, 19.116729259447823], [72.97938334956197, 19.101552843788795], [72.98415935037386, 19.101064443569328], [72.98599684248043, 19.085645437587004], [72.98201477486211, 19.0628242494396], [72.99302744905762, 19.0587006806919], [72.99857401867612, 19.048463344407878], [73.00420355794787, 19.027277946620075], [73.00164485002986, 19.006858944784582], [73.00344276387258, 19.00127601647506], [73.0162847040759, 18.99841296628543], [73.02920365322618, 19.001679539579158], [73.04126870598614, 19.00756025320321], [73.04452204665526, 19.01577401146156], [73.05756604653592, 19.022262334938816], [73.06286001188008, 19.014187574097335], [73.06699430953987, 19.00311815717727], [73.05939865082715, 18.995014547883088], [73.05219674138655, 18.99794340146684], [73.0464910268395, 19.004150271317997], [73.0325638054754, 19.0011928085014], [73.03222417830332, 18.994129538547497], [73.01737844965587, 18.98621714130813], [73.01695454161884, 18.981089353590846], [73.00614786163462, 18.97676014856208], [73.00234007813216, 18.971446156215208], [72.99484872818633, 18.968221425678294], [72.98547196396012, 18.96996414632831], [72.98160612562233, 18.963488102194205], [72.97209942374948, 18.963559866294815], [72.96410250642569, 18.967503070610334], [72.96022057561922, 18.973095655839927], [72.95361292379746, 18.97096347838186], [72.9615211490819, 18.961245656162134], [72.9724978207179, 18.958078503819976], [72.98013651378918, 18.942754745035515], [72.96252524844155, 18.953043460487393], [72.94969165304744, 18.96264994124192], [72.94520974133653, 18.952358126726182], [72.93941342818724, 18.94599127737561], [72.94579374758345, 18.936848521242368], [72.96126008038848, 18.923144340738816], [72.96112227457346, 18.915318131826425], [72.95720267296511, 18.90808021982636], [72.94975960222402, 18.91072833564428], [72.94257974595851, 18.909220456758703], [72.94285130524369, 18.89918375022998], [72.93318390891037, 18.90448796784551], [72.92920505996565, 18.91079807267296], [72.92305803280212, 18.912035941805314], [72.91629815093896, 18.90465271465112], [72.91029167162341, 18.904262542882094], [72.90851414181421, 18.885625242810775], [72.91349840133026, 18.881732941022435], [72.92374444035372, 18.864193320165654], [72.92296349966594, 18.85512626176761], [72.92625594105894, 18.851374745248393], [72.93834733945832, 18.84927046296157], [72.94313395047155, 18.845743178904655], [72.96491742170176, 18.85308146513755], [72.97815501684065, 18.86297261729247], [72.98586881139661, 18.858424425546843], [72.98131167859114, 18.851835846547132], [72.98360383554862, 18.828280449183467], [72.97975051397506, 18.821846961867877], [72.98329353346983, 18.80904495695927], [72.99181985829992, 18.806112051030382], [73.00007700884694, 18.806681275120823], [73.00997483756882, 18.801589131133554], [72.99006962741143, 18.801089644071894], [72.97887694851252, 18.80480074865571], [72.97824096684721, 18.797663926748925], [72.99398136175054, 18.789700150341787], [73.00100886836466, 18.781369924482462], [72.99904656384794, 18.771353601987215], [72.98976874393239, 18.758478641376243], [72.98782157860299, 18.750205635781526], [72.99048864853242, 18.743744015873673], [73.00107836707306, 18.727599143685637], [73.02116131744091, 18.715798258682753], [73.02061951188105, 18.712862252790842], [73.00266075119279, 18.720090031230058], [72.99312162426364, 18.728376149839548], [72.98655235730556, 18.74037587674536], [72.98345017468583, 18.753663659450353], [72.98726022268116, 18.76463925819523], [72.99595832791456, 18.77805292620161], [72.99147307881967, 18.78231596990615], [72.97026824938021, 18.790124058378638], [72.95720803742111, 18.801788449677275], [72.94335365304866, 18.82761645273719], [72.9386571648964, 18.82699632611967], [72.92915260790662, 18.805658340360196], [72.91636800757763, 18.792631149707844], [72.90654754663214, 18.79426205135269], [72.90562653563623, 18.800054312156846], [72.89816081546942, 18.80122995359953], [72.8879965544975, 18.79797804375181], [72.88246536238663, 18.80465793631481], [72.87660717947787, 18.801648616790317], [72.86922550185548, 18.804068446002077], [72.86356735245138, 18.791015148030667], [72.86333441724966, 18.770756006084852], [72.86621832811343, 18.756568670208082], [72.8623898026473, 18.742825865621228], [72.86438846585511, 18.721459626760378], [72.86037254325836, 18.705497264787013], [72.85533380551087, 18.697089433730397], [72.85997200050755, 18.68918931493498], [72.86327314374066, 18.663228631296363], [72.8668062688943, 18.646728515208864], [72.8707884552231, 18.639538049641374], [72.8819973471, 18.637296676500497], [72.88568043690273, 18.626358271017523], [72.89438557663314, 18.611307144409267], [72.90836453419601, 18.581120610328], [72.92032551740877, 18.55929803837381], [72.92448735230957, 18.5455249545131], [72.92878115192863, 18.5417443512209], [72.9386371369944, 18.5462874177302], [72.95207023665219, 18.547124504892096], [72.96720564322592, 18.542569875799202], [72.97489011268871, 18.531278610519536], [72.97863554979088, 18.512415051813278], [72.97277593606074, 18.509228229499243], [72.9694023128666, 18.520279168948548], [72.96727955310902, 18.53580844440424], [72.9521217345305, 18.54098606085813], [72.94429707514999, 18.54070711094448], [72.92774593872414, 18.535238146523326], [72.91591870808199, 18.529089451117343], [72.91150045398288, 18.530501246435506], [72.91138040977816, 18.505720257483972], [72.90439093099681, 18.50183284261165], [72.90089964860002, 18.489172220121972], [72.90123260010452, 18.47638332822804], [72.89554762842036, 18.4721772673671], [72.8946455715359, 18.457031249692477], [72.8989988568118, 18.4560610053112], [72.90534996982527, 18.44032001505674], [72.9044531586865, 18.42845118087736], [72.90927314713812, 18.421002149429683], [72.906355976647, 18.41701662571677], [72.90889310803058, 18.401830554036962], [72.91216588035118, 18.39437651606343], [72.92403245003763, 18.39200031746074], [72.92625975598301, 18.38623595272712], [72.92486333817263, 18.37448775810367], [72.91715657721434, 18.37246155765483], [72.91149961941207, 18.366766572019756], [72.91755437883168, 18.34852612028422], [72.92058515528086, 18.346893548598473], [72.93391895269755, 18.350919603856724], [72.93436551105955, 18.34295272838574], [72.94134974499477, 18.343974113614493], [72.9526277776499, 18.33381557502888], [72.95603120347735, 18.32519614698468], [72.9730515476908, 18.301576256539107], [72.98152542136111, 18.29950296848729], [72.99194955852536, 18.27687942974198], [72.99826121288473, 18.282888769800962], [73.00869464903897, 18.284568547800333], [73.01759445691877, 18.281249999987608], [73.02843260777868, 18.264269709779384], [73.04128813763745, 18.26466476936372], [73.05295193178628, 18.26854205157447], [73.0535966161909, 18.274428725005677], [73.04635333973485, 18.281249999987608], [73.03945970530125, 18.299099445383206], [73.05024516578189, 18.307551145369118], [73.06174612058706, 18.30288565145169], [73.06806075529974, 18.304715752929695], [73.07876133956418, 18.314743280078332], [73.0822726489636, 18.31214010698045], [73.08273565772444, 18.301143646662027], [73.07623875111759, 18.29845344976701], [73.0572481155082, 18.299977064090328], [73.04843521091632, 18.303577780490215], [73.04551255725883, 18.29526257510784], [73.0529104469596, 18.280037641923712], [73.0633039478191, 18.27636635302477], [73.06916630268287, 18.266370653782687], [73.06251013243676, 18.257963776906877], [73.06166660792772, 18.251188754957113], [73.06868743887426, 18.242087960291244], [73.07580900198391, 18.238651156126068], [73.08036053201303, 18.231010556492024], [73.08080303713055, 18.215782165414723], [73.07631647592464, 18.20740723605519], [73.0755083559259, 18.199820160472115], [73.06495904932083, 18.19766473733783], [73.05979371041153, 18.19046676153185], [73.08072042450814, 18.17315387684998], [73.08772325552391, 18.17069315906204], [73.08929467241128, 18.164231657864832], [73.07966494598062, 18.162219047970723], [73.07154977320349, 18.172178507232374], [73.05657053030578, 18.185497522492753], [73.05539655710552, 18.19442665546586], [73.05800843204364, 18.198898911155908], [73.06942760969659, 18.205177545107674], [73.0696041583054, 18.22146880624051], [73.06385695893167, 18.22691404834474], [73.04124045378401, 18.235598445212148], [73.03676450277973, 18.235094308655476], [73.02742874583996, 18.240426301832414], [73.0059323310123, 18.24468374276057], [73.0000559089531, 18.24831175808127], [72.98178517794375, 18.241979241249112], [72.97405362087798, 18.24724566935224], [72.97011053527311, 18.264408946415827], [72.97076225237615, 18.27139067663849], [72.9655481576215, 18.279523849346248], [72.95559477777684, 18.27769053009392], [72.94764161067192, 18.285363078143618], [72.93878173808676, 18.284395814115555], [72.93519663841423, 18.28069472348274], [72.93494927898618, 18.271862864779436], [72.93968963606798, 18.264200449391282], [72.94271767138346, 18.246968150260003], [72.93985640994546, 18.24271571675699], [72.94137525516399, 18.23449492490093], [72.93137955682121, 18.223872661694045], [72.93164384328887, 18.21944832817786], [72.93921065354883, 18.2168669699348], [72.94535541532017, 18.223183035468765], [72.95625185933594, 18.219316243849676], [72.96533846899521, 18.210937499566043], [72.9681427475899, 18.205523967557156], [72.98170125500897, 18.195352554276994], [72.9792195560378, 18.192801951948624], [72.98773205289197, 18.16068315520353], [72.98562240614925, 18.14355766765236], [72.98175644910097, 18.137030720991078], [72.97129178039145, 18.132267475263802], [72.97586464863471, 18.122110843240918], [72.97934091055473, 18.10857653657797], [72.98979771109563, 18.100255847129674], [72.99653387064168, 18.0793920756838], [73.0028872490474, 18.07554662227885], [72.99483501892101, 18.0673204659668], [72.99000191655537, 18.05497205301792], [72.99393832649261, 18.049983858967934], [73.00169062642144, 18.05431151356555], [73.0087585449709, 18.048411369189452], [73.01262164127579, 18.03582835189698], [73.02053403851514, 18.040318250486962], [73.0297143458404, 18.032335758288696], [73.02328777341214, 18.023743510454764], [73.01079392390048, 18.024607658216908], [73.00480794912764, 18.0186411141961], [73.00600135308011, 18.0135675672895], [73.01635301118259, 18.00685226931688], [73.02140605444598, 17.993538140972518], [73.03927361938204, 17.987869262656417], [73.06385636358041, 17.992879151951385], [73.07192695156758, 17.991708278714185], [73.08331441912529, 17.993520617682407], [73.09582722184885, 17.99113845837323], [73.11223185061945, 17.981457829415305], [73.11674284910336, 17.985649705269736], [73.12034690378667, 17.995569109626842], [73.13230288047365, 18.016523837605064], [73.14798974952745, 18.02178430590105], [73.149250626915, 18.031339645808018], [73.15990936752345, 18.04667997370194], [73.16796874995785, 18.052001356677266], [73.17230486897463, 18.060184716951227], [73.18093776706431, 18.06212401411203], [73.19061982594437, 18.059623837670074], [73.19927763975139, 18.06963372191875], [73.2114895580967, 18.068703412832278], [73.21963894378231, 18.05898594854277], [73.22894585137001, 18.057786225953677], [73.24102652085733, 18.062749743505933], [73.2527189251384, 18.063656448985967], [73.25732004648304, 18.069923520354223], [73.26535820941396, 18.07246315455103], [73.27665650829132, 18.06786584813051], [73.29083383111654, 18.076444149278146], [73.30380511271588, 18.07642102231239], [73.30730092499775, 18.07100963608589], [73.30659246427095, 18.063277840699826], [73.31160044700309, 18.06231117292235], [73.32339715915165, 18.072214722231692], [73.33244824379156, 18.070870519059284], [73.30540621262665, 18.058904766741662], [73.30294811726188, 18.072360277504856], [73.29513955124943, 18.073450923121698], [73.27874553178097, 18.065040230422426], [73.26643204670168, 18.068470000989805], [73.2529615163609, 18.059520959724622], [73.24245500579391, 18.059678315901678], [73.22872281050931, 18.055155753934983], [73.21739685568045, 18.056216001567336], [73.20010900452709, 18.065884470791772], [73.19737160221771, 18.060163617057384], [73.1879385710084, 18.055833101716317], [73.17635726897291, 18.059260010641026], [73.16837322724277, 18.048750043080076], [73.16283595571488, 18.045284510072136], [73.15260374556655, 18.03189885594746], [73.15194654439759, 18.022794127646918], [73.14719915371805, 18.01734292483617], [73.13893365836176, 18.016146540530514], [73.133346557198, 18.01182973355543], [73.12474286549102, 17.995287656899933], [73.12174236741637, 17.983421445143634], [73.11616551852401, 17.97697472610281], [73.10494577902458, 17.97826612018541], [73.08680665480344, 17.987093449003538], [73.06971001660415, 17.986295461666273], [73.06647694125795, 17.982893466660215], [73.04924404587607, 17.981101035984054], [73.04073286023348, 17.978206634528576], [73.02971947197611, 17.96721196206242], [73.03139245469814, 17.95610284816803], [73.0286084414266, 17.949057459434286], [73.03206932583888, 17.94055891016569], [73.0378651614482, 17.934311032128534], [73.05132186381306, 17.93165433408032], [73.06403350843973, 17.9314680098409], [73.06158053831129, 17.92623245726213], [73.0540374521668, 17.922268510083725], [73.05505835985556, 17.912972211798248], [73.05068063730167, 17.90650618071578], [73.06151521245724, 17.891849040800665], [73.06916344193942, 17.89129185683379], [73.07440555057585, 17.882154941797225], [73.07520246502182, 17.87488985048627], [73.0819027425176, 17.864228964095446], [73.08581042271291, 17.850651264244505], [73.0899530651819, 17.844286918606542], [73.08757972732266, 17.838322878298257], [73.09416806710263, 17.826821803883206], [73.09076857580928, 17.811546564422514], [73.10312104200264, 17.802665948974422], [73.11096835170807, 17.78536403152492], [73.11307895173226, 17.77661907700883], [73.12415313685787, 17.75231957428899], [73.13514971768532, 17.71584367734397], [73.13472330593586, 17.708833455699462], [73.12499999965038, 17.700334668110486], [73.11745464811358, 17.698456049107463], [73.11395180223391, 17.689651847255007], [73.11583852772603, 17.67954134955373], [73.12189197503469, 17.665235161973186], [73.12549221479398, 17.664142608894338], [73.13303804387076, 17.65373814080263], [73.13504624348943, 17.645067453200497], [73.12812721759704, 17.640776276903708], [73.13607406606539, 17.61394762967946], [73.14504921464962, 17.600475549806887], [73.1555794475336, 17.592087745752906], [73.16190683823007, 17.591176271168024], [73.1675465110628, 17.582234143890716], [73.18953740552698, 17.589761615106497], [73.2119283678999, 17.592604279464], [73.22238707500364, 17.588733434600428], [73.23834884162588, 17.572958708077962], [73.24959695383646, 17.578125000268642], [73.25382983697747, 17.5880291458285], [73.26833605806277, 17.60069394117251], [73.2767459152918, 17.60073244564589], [73.28684747193344, 17.605989337338073], [73.2923407558213, 17.60608482375568], [73.30076765969974, 17.600219010998657], [73.30480396722945, 17.58276224108461], [73.31098914183545, 17.57925534285981], [73.31884705994392, 17.582641959458883], [73.32679474388246, 17.58255565152217], [73.33538854124825, 17.574296474802566], [73.3427571058559, 17.570799470019566], [73.3633246424184, 17.568986058160135], [73.37170183627077, 17.570808649399666], [73.38315641843408, 17.579771280320386], [73.39942693670386, 17.58590722064183], [73.42616736852929, 17.581781745331398], [73.43424737421711, 17.588124633145398], [73.45320332027714, 17.585079311960754], [73.46235752118272, 17.579786658727386], [73.46009671728982, 17.576274037217104], [73.4351968766347, 17.5778652427868], [73.42151200727344, 17.580285071998475], [73.41087555905986, 17.579829216445262], [73.40495514846137, 17.58252716099979], [73.38695287677396, 17.57501721397331], [73.37903487675831, 17.569147347971864], [73.36849057667885, 17.56473207512525], [73.35998737791525, 17.56693315504117], [73.34326255362399, 17.566875458135968], [73.33485090764341, 17.57069194347848], [73.32808423050287, 17.577258825434555], [73.31974875889827, 17.579469919301403], [73.31170475487059, 17.576480150138934], [73.30417132384767, 17.577880501583962], [73.29969251120045, 17.594764947444446], [73.290909409242, 17.603720069026053], [73.27897441373827, 17.598003268536075], [73.27063810846207, 17.59742724916832], [73.25783145405845, 17.587491273903183], [73.25261175652744, 17.574340343731947], [73.24457252070542, 17.568170070892165], [73.23230493072813, 17.567898154576213], [73.23023974916524, 17.573241948657042], [73.22199034717679, 17.582303047247876], [73.21383452414412, 17.58646643168055], [73.2036112550555, 17.58647584938103], [73.18889951729895, 17.57916104804403], [73.18001008040099, 17.580312609239584], [73.1623783114101, 17.575294852675384], [73.16262686243991, 17.568403721054935], [73.15557444100781, 17.56734561920507], [73.14994692790847, 17.57338345068581], [73.13997662102437, 17.567769765562304], [73.13737297038634, 17.55681061721633], [73.14255595219552, 17.54488730390605], [73.15344393269149, 17.53780794148338], [73.15454065772528, 17.529436349508003], [73.16232514349068, 17.529795646651863], [73.17084002534702, 17.51867187021074], [73.17559421040457, 17.51705074329722], [73.18158543092304, 17.507532954582288], [73.18498635303789, 17.48862874472087], [73.19364094727203, 17.468236446454952], [73.19264423854085, 17.463552951707456], [73.18425464663468, 17.455750346401416], [73.1867468352983, 17.451613664638955], [73.18613517309981, 17.441859603338074], [73.19317483944744, 17.44258987891986], [73.19683027239924, 17.43711137808775], [73.18737685715635, 17.430651545132804], [73.18411386046645, 17.41191804368279], [73.17875075344458, 17.406979441847852], [73.16717135887117, 17.40576577167309], [73.17688000171071, 17.387305617360454], [73.1848173137681, 17.384673118269916], [73.19263982736621, 17.388607263714263], [73.20622956734073, 17.38487577419768], [73.21059477313034, 17.377084732374612], [73.20968103405258, 17.37064516564196], [73.21697676166835, 17.368997454768802], [73.21387374357849, 17.362959861608346], [73.22032117847974, 17.35281765471109], [73.21504700181768, 17.345298051663832], [73.22279751299496, 17.338465452418788], [73.22087204470918, 17.32691860161225], [73.22935962674549, 17.318994402569714], [73.24166655576707, 17.316209435117415], [73.2417321208408, 17.308710336612847], [73.2365776304533, 17.292451739756004], [73.25606954097654, 17.2978509662492], [73.26996612513673, 17.296809077377134], [73.27915775762457, 17.288637160976222], [73.29464852770744, 17.294110656181928], [73.29657447353318, 17.274425626141863], [73.30219984085002, 17.26974677998993], [73.31241631466125, 17.267380475728416], [73.33069837083329, 17.26811635498585], [73.34047114882449, 17.257773518333295], [73.33917415106632, 17.232352852402286], [73.33508050456172, 17.233632922221673], [73.33760321171891, 17.242799758602047], [73.33593070473833, 17.256471157018325], [73.32964205773479, 17.26617467372226], [73.31620812440556, 17.263701319560326], [73.29971683066722, 17.26603245763188], [73.29561710384635, 17.270206451366704], [73.29268324373683, 17.284407258188466], [73.28427314728808, 17.286827802361287], [73.28185975542343, 17.281894445372416], [73.27482295071863, 17.281765818937487], [73.2683521505314, 17.29101622122174], [73.25983035558656, 17.288126945901865], [73.25712537743433, 17.26981484877635], [73.24856603129743, 17.274948000949536], [73.24839341632318, 17.282920837127023], [73.24115562483226, 17.285684228044715], [73.22474944563058, 17.284150957700604], [73.2240580324524, 17.300369143521237], [73.21077620955455, 17.30419671570594], [73.20521748110198, 17.29861426313782], [73.19576025003553, 17.306533217334206], [73.19161784678633, 17.304764866905188], [73.19441044318748, 17.296128511821394], [73.20312452307829, 17.285266041494708], [73.20047926890314, 17.282113909629317], [73.20380663906528, 17.26962304137031], [73.21467864490356, 17.27437674978725], [73.22345280670183, 17.26628172362267], [73.22091734446005, 17.26046454889986], [73.22644865528136, 17.255821347377292], [73.2342474456631, 17.23809874056444], [73.23199140997568, 17.233545064753002], [73.23517382111501, 17.226562499959513], [73.24255895573137, 17.226063967078503], [73.24704122537233, 17.210377216735182], [73.24323225026822, 17.200037837076607], [73.23401725249423, 17.201959133407357], [73.23585295674869, 17.193876027756488], [73.25264513486522, 17.18926692043206], [73.2589037418143, 17.17194485637009], [73.27099800095706, 17.128659963786376], [73.27254426470611, 17.11994540725486], [73.26620984041196, 17.112300515156647], [73.27730453008016, 17.112278938622225], [73.28329646555952, 17.099924207036622], [73.28619384736831, 17.086905360294196], [73.28357934910784, 17.079606652325253], [73.28856921229945, 17.07525706326291], [73.28864264464241, 17.058013915609806], [73.2851016522196, 17.04840183297827], [73.28728377802398, 17.04434370969446], [73.28041875372261, 17.03234946685447], [73.28848063986979, 17.029044866627316], [73.2931102517368, 17.022163272317187], [73.28866064547256, 17.01216852635646], [73.2755216358149, 17.0254545212092], [73.27772152412908, 17.03370070452395], [73.26591002982403, 17.047380566460077], [73.25705945532977, 17.04826450380385], [73.25748896614292, 17.032172203284688], [73.25454354255058, 17.027245402353458], [73.25740766563135, 17.019738674000678], [73.26731860646859, 17.024513601921285], [73.27662360659431, 17.023043870478247], [73.28426027259363, 17.01069951077386], [73.28280913823122, 17.000721335721153], [73.26952564709106, 16.999911546580705], [73.26857852967552, 16.990501404016683], [73.27436196813042, 16.986095666681734], [73.278605461473, 16.992109656235726], [73.290462135919, 16.988778710369218], [73.2979912753772, 16.98210001030735], [73.30417633037345, 16.983720779290636], [73.3063950540886, 16.97539734870871], [73.31151998016307, 16.972902059182772], [73.30600905427454, 16.96312296435339], [73.30220282120334, 16.97499024900081], [73.29385995896999, 16.977810620963453], [73.29199874364716, 16.9562503102037], [73.28190791591769, 16.949064611942305], [73.28617501286661, 16.93847644293355], [73.28259122350622, 16.924525857182687], [73.28675305840702, 16.917061328617464], [73.28416526281669, 16.908325552582298], [73.27936732754014, 16.903898954573165], [73.27881336224695, 16.891625761819512], [73.28778564918852, 16.89660465687949], [73.2954443692623, 16.89760100857974], [73.30070090302442, 16.892578839941535], [73.28610312915615, 16.880729436514358], [73.28593504406703, 16.873487711388847], [73.29294645821264, 16.870393633459514], [73.29509437110838, 16.861578702694985], [73.29088068039923, 16.843799352258387], [73.29657340064207, 16.8279383186985], [73.29573404808795, 16.81621325014146], [73.3036658760794, 16.808652162267606], [73.31801974751343, 16.805771708397685], [73.31760156186263, 16.795207500026137], [73.31135416046621, 16.787836909246025], [73.30754947692688, 16.77910375563384], [73.30529594405274, 16.76688063173583], [73.30503582954006, 16.75054001850708], [73.30669271979323, 16.73231410970844], [73.31170392029978, 16.721400618144116], [73.31130325793916, 16.715751648120104], [73.31864511987649, 16.70537197613588], [73.3173698182625, 16.69921874994543], [73.33032596067463, 16.687518715816168], [73.3293329481572, 16.67957627762317], [73.33336985103782, 16.6536575554519], [73.32986187902262, 16.647227168099448], [73.32217693291923, 16.64401781596952], [73.32402610811843, 16.636306405516308], [73.332960843868, 16.64143061662969], [73.3400564192684, 16.637802720019636], [73.33956336955399, 16.632043718842624], [73.33038377718961, 16.62077474595783], [73.33554494414389, 16.61969685542553], [73.34830045680067, 16.62195754060805], [73.36629366871787, 16.633613229167267], [73.37607717472198, 16.631852269366803], [73.38765692722544, 16.632904648830547], [73.39293563377251, 16.61914944619008], [73.3854887481074, 16.615366100864875], [73.37104082107717, 16.629966855086366], [73.35192036653174, 16.622101425840228], [73.35197091112869, 16.613708257330245], [73.34689974742551, 16.61267733569055], [73.33936822386451, 16.604577779640877], [73.32943832891581, 16.60793697860875], [73.32087338000261, 16.607179522816793], [73.31683516501087, 16.60113322691693], [73.32269751987465, 16.589695453982117], [73.32260763623358, 16.583362460509193], [73.33150207965733, 16.577031254888524], [73.34026455836275, 16.580268978830375], [73.34508454771381, 16.576010942551065], [73.34218013320665, 16.567585110664368], [73.34713017981406, 16.564498424262965], [73.35501456227226, 16.56567895442032], [73.35555577248098, 16.5565952064037], [73.346296906677, 16.556642651936897], [73.3583098653082, 16.526257157242128], [73.37589943451141, 16.51703309969787], [73.38268744986604, 16.51672124898657], [73.39722585678803, 16.511628032108092], [73.40429377533755, 16.512218952342877], [73.4119634626438, 16.517012357734245], [73.41680395563813, 16.513249159021598], [73.40151834519557, 16.50900816939155], [73.39181900044653, 16.50900840771193], [73.38148343571206, 16.51193213426062], [73.36458873758025, 16.51025176091011], [73.3519606588574, 16.506664752876134], [73.35076057923735, 16.502690911356552], [73.35639893995923, 16.49680960148197], [73.36329305193297, 16.47962975530902], [73.3669791220889, 16.488957047829587], [73.37230491623896, 16.492654203928453], [73.38353085476527, 16.4907226562257], [73.3814965487268, 16.483791708920364], [73.36929714714572, 16.48780715487638], [73.36982774715293, 16.478433728034204], [73.36556446512807, 16.474963068890574], [73.34923875366567, 16.504714608092783], [73.35137665261053, 16.5074871774913], [73.36270034294662, 16.511361718568523], [73.3640328648249, 16.51577568020356], [73.35292840042544, 16.52303612201949], [73.34756755789661, 16.52930581581083], [73.34566724274922, 16.541581749698025], [73.3353824618313, 16.560724139607487], [73.32648766047717, 16.5576188561254], [73.31031811269085, 16.539220571572216], [73.31715905674511, 16.53071510831566], [73.31850612156032, 16.518925905506222], [73.32540643256098, 16.51307833189955], [73.33220231518484, 16.48812246348102], [73.3368102309075, 16.480312347037227], [73.34170985252783, 16.477796078126573], [73.34243285619144, 16.46688175199135], [73.35082542935018, 16.44570004951774], [73.35517907165686, 16.446180462858138], [73.36096882784929, 16.423098445237073], [73.36707365522508, 16.409723758344853], [73.36537086986985, 16.39870917758654], [73.36941957455375, 16.39569711692849], [73.38091111165849, 16.39624357198329], [73.38665688021095, 16.40334820715404], [73.39887154058917, 16.401462077912626], [73.40557873207288, 16.396955013063476], [73.40124750177088, 16.3896416425478], [73.39610564685822, 16.389580965289383], [73.3886233566827, 16.394901037053316], [73.36920785885562, 16.380606651275954], [73.37196207039338, 16.371520757477015], [73.36828517871808, 16.3647915128181], [73.38736701007954, 16.357262968711126], [73.3905602697408, 16.346679567907756], [73.38571572260261, 16.336716056300972], [73.39559817291749, 16.33113491494443], [73.39633250264305, 16.32034015637315], [73.3938179019747, 16.314584255159275], [73.39897215404184, 16.301525354411666], [73.40519940882567, 16.29705476786333], [73.41157674786874, 16.27527964144241], [73.41213595890738, 16.267692923789454], [73.42738354241666, 16.213725209450885], [73.42661905302694, 16.204424619600616], [73.43014943614767, 16.1988718509552], [73.43582415556048, 16.20052492628436], [73.44166505349958, 16.185408234602377], [73.44172751861024, 16.179877638742084], [73.4467182163726, 16.15965354427567], [73.44976401329873, 16.152701139146302], [73.45268774074671, 16.135525941568986], [73.45888245086454, 16.136483072935505], [73.46409261198451, 16.14484941916544], [73.46527004217884, 16.153795123046564], [73.47972524202643, 16.16416335115774], [73.47759413745953, 16.15597164607469], [73.46788346754809, 16.153517722664873], [73.46559298063161, 16.14157104496782], [73.46872723127686, 16.131649255608735], [73.46440303367322, 16.128192544050762], [73.46530282516537, 16.10531365899824], [73.46893143673643, 16.096240043643178], [73.4633921381367, 16.079103112218945], [73.46788394418869, 16.070027351081478], [73.46132671825356, 16.062976360470728], [73.45520603672938, 16.062642454785575], [73.45515036599673, 16.055136918933727], [73.46628653959218, 16.05409455342098], [73.46855330509104, 16.046373247727317], [73.47752916773706, 16.043497443352322], [73.48320877586443, 16.035845756876256], [73.49094545816652, 16.01101922985363], [73.48875272305989, 15.987924575858571], [73.50025415450571, 15.969645142109684], [73.50651025774224, 15.973655104899237], [73.50669896608443, 15.962515473410448], [73.50158298017041, 15.955787658673572], [73.51026141633136, 15.937018156462784], [73.52168953414471, 15.938302159017553], [73.53198850186797, 15.93272995962002], [73.54034042387158, 15.936177015157199], [73.54957485239768, 15.927556872152024], [73.56570374992819, 15.9195704463191], [73.56907141241575, 15.912682533372333], [73.58606362313779, 15.909424543208189], [73.59591865582141, 15.896337866899088], [73.59920895143213, 15.886678337835093], [73.60285985449875, 15.884974479588593], [73.60985302949385, 15.868571400349879], [73.61301636691181, 15.854731440203878], [73.62103521780116, 15.858450055026069], [73.62949192521219, 15.845850467725029], [73.63871037998015, 15.820312499622219], [73.63703441600566, 15.814846635164201], [73.64363133891518, 15.810802102435119], [73.64999091634778, 15.802698969781716], [73.66112375255923, 15.770560741385225], [73.66323614133498, 15.757681846240303], [73.65579915091016, 15.741194725356394], [73.66439783609135, 15.737523556067288], [73.6683839560549, 15.731115818140537], [73.6800258157389, 15.725031256987037], [73.67984354474387, 15.72103691092478], [73.69637084014224, 15.725745200880382], [73.71090114147464, 15.727841377577576], [73.70329964166521, 15.718780040666374], [73.6897468566323, 15.71655905245835], [73.69352376461015, 15.70263183109418], [73.70153593983193, 15.690716862593192], [73.70546305167855, 15.675889373096169], [73.71098387280759, 15.668411969836583], [73.71515643572101, 15.64960503604361], [73.72296965122857, 15.630206942796278], [73.72771310827343, 15.62751531597911], [73.7331695559304, 15.61686503889051], [73.74027812473574, 15.623296618744007], [73.76034975084039, 15.63523685909388], [73.77505314378757, 15.648093461843843], [73.77345085137583, 15.638230443180461], [73.7597366569212, 15.631038427181707], [73.75492072081468, 15.63064765916225], [73.74821460222213, 15.621206879394094], [73.7548165325571, 15.616668343669161], [73.75188064537556, 15.609460830552962], [73.74237322764245, 15.604668855983007], [73.7391686437181, 15.60881626575808], [73.73110711550103, 15.607899546327047], [73.73412644897647, 15.593314408832953], [73.7418189053183, 15.570431351825462], [73.7408086060324, 15.563925743378405], [73.75116813140417, 15.557047248132037], [73.76637995247299, 15.505987524904413], [73.76452302961414, 15.497507929747258], [73.76793301149937, 15.490585803891804], [73.7749831675392, 15.489686846970457], [73.786058903096, 15.492417335291861], [73.78946471212689, 15.49965655760414], [73.80492651504667, 15.49477767974615], [73.81004095052961, 15.49585044414276], [73.8151401281145, 15.5097794533592], [73.82420980893554, 15.505576968202533], [73.83476006972151, 15.504250407030767], [73.8472700117018, 15.509733676967628], [73.86730194083194, 15.510952353668245], [73.88131964208796, 15.519892811803842], [73.88998615773514, 15.5317394731982], [73.89731347583634, 15.536968350109305], [73.89831316492078, 15.544810057038532], [73.90645194040482, 15.547135711044348], [73.90817046209716, 15.54940080650212], [73.91167175754558, 15.549178600212315], [73.91719305531538, 15.546506166726246], [73.92063212397343, 15.541389107921034], [73.92820990056649, 15.537722945157881], [73.93738520136597, 15.538533449259319], [73.92872452771493, 15.535340547528307], [73.93263447240312, 15.531663775462917], [73.93234670193888, 15.52724540265325], [73.92907905575387, 15.525633930861247], [73.92400515091705, 15.519064545192634], [73.92134237255257, 15.512416958975507], [73.91805183862155, 15.509245753388939], [73.90156400187729, 15.501981854579014], [73.88017404069953, 15.50000608001666], [73.86446845495536, 15.505839348107529], [73.86111175969998, 15.503576755462916], [73.84091985196963, 15.499750375779314], [73.82812500026856, 15.502232074750538], [73.81811225437704, 15.498971462163311], [73.81416797627114, 15.490417242162081], [73.8066787721078, 15.484374642475856], [73.80640566329075, 15.469726443620559], [73.80085063015255, 15.460690856098196], [73.80383431899875, 15.453838467271524], [73.81236672414516, 15.455498218268247], [73.829426050372, 15.453375458510678], [73.83785021311692, 15.45059335270112], [73.84907615164323, 15.451737523268122], [73.85662043118796, 15.442795872631493], [73.86440670480565, 15.428299427176881], [73.87939214673023, 15.4325211047652], [73.8872833253653, 15.430450320426075], [73.89673423779485, 15.414977431563287], [73.91455447680781, 15.41372334945305], [73.92552196996306, 15.422817706771824], [73.92399275286326, 15.412040472390004], [73.93652844423238, 15.407437920223956], [73.9524759053389, 15.404911875682586], [73.95809817269262, 15.387673258813948], [73.95885181445973, 15.374284625235347], [73.96542251133994, 15.37000751523469], [73.97770416761333, 15.370718478774904], [73.98135995849535, 15.373590350414418], [73.98994350448916, 15.35929191139266], [74.00594544382719, 15.34844887271737], [74.01086342330845, 15.309345364497034], [73.99871707003692, 15.316795945476585], [73.99457633502996, 15.325088978073936], [73.99546313311717, 15.335187554362278], [74.00124800239351, 15.337957859267846], [74.00080406645455, 15.344008207512843], [73.99056947220353, 15.3464633225244], [73.97788262368422, 15.355085253381844], [73.96613967390695, 15.367531776070692], [73.95740950064797, 15.373049616846458], [73.94916403319374, 15.400532841917212], [73.94006812544373, 15.396368741624187], [73.92908084360622, 15.399246812290599], [73.92876803871408, 15.403151631742475], [73.91738593561254, 15.404608845521892], [73.90756762044944, 15.409525752111861], [73.90191245049934, 15.403821110455922], [73.89279556246524, 15.408547639561974], [73.8881666664586, 15.407696843134886], [73.88251006568711, 15.39841687653768], [73.87264811991494, 15.396829247571787], [73.8652235266446, 15.402706026661903], [73.85893464132064, 15.398440003503438], [73.85202801258279, 15.402094244853586], [73.84610557581178, 15.399745345171624], [73.84420347191278, 15.408330440697398], [73.8400156502021, 15.410791516415372], [73.83259344103456, 15.406702876436697], [73.81656324859509, 15.404377341141426], [73.80983436096702, 15.400986909618254], [73.8074939248049, 15.407061338110367], [73.79721367377212, 15.412896751983553], [73.78975045641849, 15.414396524380138], [73.78276205052836, 15.410948157631452], [73.79117214697712, 15.394117117111307], [73.80337297937965, 15.39474046240251], [73.80787026859818, 15.385742068142036], [73.80707550083386, 15.378466367528944], [73.82230341437119, 15.370548009583075], [73.8340065475642, 15.36939477924571], [73.83781957591285, 15.362192273554655], [73.85169315361631, 15.360902309394191], [73.85426127923475, 15.366005540223568], [73.87155270609261, 15.370461940865937], [73.8831708434598, 15.356726050267127], [73.89069891002671, 15.341645121924913], [73.91251611752492, 15.27968633135913], [73.92837822397601, 15.225815772579892], [73.93111884585815, 15.211899041807413], [73.94200515721238, 15.171661973221589], [73.94412076466162, 15.158636331201748], [73.9503897425927, 15.151558876241253], [73.95402014291537, 15.140126824793185], [73.94595706426716, 15.142279147964345], [73.94162237607182, 15.135796308552912], [73.94084250917447, 15.120019674568368], [73.93302714788459, 15.11346864676068], [73.9214446542475, 15.10736405860446], [73.92632997035187, 15.096960068052795], [73.91693115205115, 15.088977456244706], [73.92948591714148, 15.083169341292063], [73.93187677829079, 15.077998637926854], [73.94986391079092, 15.074844956529589], [73.958486318289, 15.069979071177258], [73.970029950422, 15.059486746516242], [73.97111964185811, 15.052238344823863], [73.98311066602454, 15.049970150302329], [73.9901098017261, 15.03369212179409], [73.98562931993726, 15.028791070251714], [73.98913454991961, 15.020189046787152], [74.00170147384401, 15.01844382242453], [74.01202797880822, 15.012104511214247], [74.02197480169585, 15.0113039014539], [74.03294241446096, 14.99875080550531], [74.0489182473793, 14.960219740948375], [74.04316294151667, 14.947491645922781], [74.04655957206674, 14.934337377468111], [74.04301321518776, 14.918342828758625], [74.05694437018659, 14.914152979976123], [74.06641125637444, 14.907005071227147], [74.07702040656667, 14.909690141986559], [74.08312654515404, 14.906404733291865], [74.08862161599487, 14.898130059454715], [74.09464275875641, 14.898089647519313], [74.1005698441231, 14.890764355590633], [74.09954714768278, 14.880480766274445], [74.10718977438867, 14.870306014710849], [74.11153805223935, 14.858368754714363], [74.11224591761507, 14.846675753283435], [74.11690771621821, 14.843779444365936], [74.13149964809045, 14.844741821477982], [74.14109635321418, 14.848290205428654], [74.14646685086458, 14.855931162992832], [74.16009390371082, 14.86143434032266], [74.17527842495943, 14.869635105176087], [74.19039344749964, 14.872805952832522], [74.19874501247247, 14.879827022998754], [74.20986461605926, 14.878844737594633], [74.22079575052354, 14.87254846074292], [74.23430144795353, 14.875728130748698], [74.24568474265683, 14.872229814754206], [74.2508970495592, 14.879272818485902], [74.25098133042414, 14.88378894310533], [74.245624542039, 14.889950036564997], [74.25106763836087, 14.900074720172242], [74.25544011606857, 14.896569848120095], [74.2475854157345, 14.891150474115165], [74.25320565691564, 14.88132965523944], [74.25325763233403, 14.877952814270984], [74.24129903322395, 14.865244031287133], [74.23368835493372, 14.86201035969043], [74.2257057431257, 14.865058541618453], [74.21555483348894, 14.8733402490533], [74.20316433946286, 14.873608231734593], [74.18104326723315, 14.861853718474421], [74.17372322104987, 14.855514049334019], [74.1646250488071, 14.851526141518306], [74.14119303213275, 14.834707617762405], [74.13003695024511, 14.839926123691754], [74.12463426585876, 14.83723032491963], [74.12628924865001, 14.819615006327567], [74.12438750268123, 14.806584000751116], [74.12057363976172, 14.801726103177131], [74.11457645853685, 14.802003145628689], [74.10852265329797, 14.80687165250481], [74.09384500973945, 14.805808305808782], [74.09545111617618, 14.79872691631418], [74.10882866381186, 14.792670250331824], [74.11019420609787, 14.784549951419251], [74.11633121931041, 14.78794634364894], [74.125376344143, 14.774536370956838], [74.12843525408383, 14.78038263335192], [74.13909113394871, 14.779615401929263], [74.15622234388618, 14.761247634970388], [74.15096282977092, 14.748137473765482], [74.15703535080095, 14.74505054994296], [74.16362345226068, 14.753180742297417], [74.17925477019165, 14.749720930776405], [74.1934690479583, 14.734833240661658], [74.19261336371582, 14.725520849008035], [74.20535802875017, 14.718060851227364], [74.20879817029939, 14.719683647282494], [74.2035213712144, 14.7324826718379], [74.2112556694137, 14.732808351424396], [74.21872425122334, 14.736536979298236], [74.22807204738714, 14.73708105114963], [74.22757351360693, 14.744834423070301], [74.23786747480423, 14.746900915844705], [74.24981915992643, 14.739238977097159], [74.26731681841656, 14.713014602342128], [74.25719451891203, 14.707788944104522], [74.26935005156375, 14.702148437600442], [74.28175091747087, 14.677594899784879], [74.27728164213411, 14.672057271226151], [74.28487825412824, 14.638573169616151], [74.28408932656131, 14.630984425790643], [74.2800401452366, 14.626734853031081], [74.27339160483874, 14.626835107654173], [74.28073024720325, 14.609486222211444], [74.29366314393903, 14.601353049503686], [74.30668807009843, 14.600732445346111], [74.31496024112235, 14.602998852914752], [74.32628071278484, 14.61111474065278], [74.33425641060498, 14.607076049020549], [74.321438074008, 14.603208422830477], [74.31475365155993, 14.598816633081185], [74.30823707588038, 14.599015117054094], [74.30186653121555, 14.593582749644227], [74.2909115557238, 14.595852374987189], [74.29809308023161, 14.582215547409632], [74.31365382656296, 14.545031547667847], [74.31002891030604, 14.538143754330918], [74.31489694144076, 14.526242375485282], [74.30966615706765, 14.520796537130536], [74.33725142461358, 14.517771363457726], [74.35498452201821, 14.521743417125037], [74.35162723051243, 14.533404827171083], [74.35239136197188, 14.540635942994456], [74.33877944921235, 14.55293142814297], [74.33550274415634, 14.562355756612945], [74.33745467679196, 14.568662047415657], [74.34673035182439, 14.560367941927026], [74.34559631391883, 14.553863406371164], [74.34973537888473, 14.545266866972426], [74.3541139360095, 14.542777776473287], [74.36015236374075, 14.549824833449392], [74.3566627504857, 14.562323212846067], [74.36493361029798, 14.566181421335557], [74.37123835066947, 14.572803616094063], [74.37487041923455, 14.564886570259063], [74.3705792429378, 14.562418579653752], [74.37259423693453, 14.553336024138247], [74.3783588408879, 14.548213958807182], [74.3830269572284, 14.551529049626012], [74.38332593414461, 14.53654825719643], [74.38893854637692, 14.533937454250236], [74.38436102863872, 14.523879408607826], [74.38421750043742, 14.517446279222455], [74.38901436372194, 14.505677699666165], [74.40638184534598, 14.487769842404376], [74.41558241799427, 14.47990345987688], [74.40632104847774, 14.475522279429725], [74.39563095570409, 14.476769209231719], [74.38929200152475, 14.473483443506169], [74.38172125852938, 14.481167078398073], [74.38194954423616, 14.490072846085027], [74.37875604625461, 14.49678623659564], [74.3734402660555, 14.495304465029122], [74.36918604380102, 14.50156664858207], [74.3817541602264, 14.511581301935607], [74.37218534937446, 14.527935743140091], [74.3610227105298, 14.519966244346762], [74.35944664504663, 14.510483264790935], [74.35382211230072, 14.503003120397793], [74.35974812477625, 14.501254677361572], [74.37301635711921, 14.469697117827764], [74.38221335406311, 14.44119668038249], [74.38450455683997, 14.42650640045008], [74.38356471044315, 14.418575048199997], [74.3925017115848, 14.418551802523766], [74.40535855265514, 14.372553706588377], [74.40359067886689, 14.366595744797877], [74.40626907305929, 14.35955154856515], [74.40866065006904, 14.343792677090462], [74.41255402564778, 14.33061182467604], [74.41370892512694, 14.315372824296503], [74.42088365525652, 14.299793243463427], [74.42786180977478, 14.300047755199827], [74.42897653563867, 14.292549729586455], [74.44114697005674, 14.275242209360485], [74.45141100901097, 14.277550458786749], [74.4586662050813, 14.27367734943013], [74.4623938796739, 14.267879367139145], [74.46976482838423, 14.264101147949631], [74.47869813421161, 14.264858603741686], [74.48712372777791, 14.25761246654217], [74.47502005093472, 14.254526019360341], [74.45847856963039, 14.260852455876233], [74.44017231450081, 14.261731147474563], [74.43331420418733, 14.27442276509862], [74.42724156354737, 14.274384260625226], [74.44295823613376, 14.226988076838381], [74.44864356484877, 14.21780264337734], [74.449023723566, 14.212118506264176], [74.45806872878885, 14.198400259464492], [74.46339023137418, 14.200703739785823], [74.47087097201776, 14.18322515501697], [74.48528790481296, 14.112431049653267], [74.48806977230223, 14.110025167127787], [74.48618495427232, 14.094995856273812], [74.49238085779044, 14.079101443476873], [74.499886870283, 14.046062350697014], [74.50168955323036, 14.022882342046529], [74.5131107570559, 13.995386838531815], [74.51474261288129, 13.986268639286308], [74.5255320069966, 13.973971367184888], [74.53940534548039, 13.964221716159358], [74.54616916187749, 13.95629191434044], [74.54904854285613, 13.948519945339271], [74.55727505709828, 13.951198339531828], [74.56331825213576, 13.945659756792367], [74.56973934139765, 13.94676256214261], [74.57907986654268, 13.925572633570269], [74.5865111354806, 13.919211744926201], [74.59158587488824, 13.905713439024098], [74.59535324555586, 13.886718750170303], [74.60194694979205, 13.872903346912011], [74.60595095187503, 13.868914961556342], [74.61802184573165, 13.826587676979827], [74.62322127793973, 13.800201534873011], [74.62910914387206, 13.780271768727175], [74.63037264368259, 13.768660425738105], [74.63605654247547, 13.742993235849227], [74.64435434327848, 13.68601584405603], [74.65113902124895, 13.666414141599475], [74.6618865726073, 13.65501964134343], [74.6650338175568, 13.643154859509252], [74.67109870873858, 13.6392395494657], [74.67525744457552, 13.646905541457656], [74.67153990264453, 13.665435075768215], [74.67532753953444, 13.680539131076102], [74.68112230315191, 13.678481936392345], [74.68295133083936, 13.66806161415225], [74.67994105803356, 13.659179210851988], [74.68378496190647, 13.650639653397306], [74.7003452777125, 13.653118372015314], [74.70490825161468, 13.648187160808831], [74.7177134751968, 13.642729878581122], [74.72388005272231, 13.636790871801324], [74.70796465874216, 13.637818456056976], [74.70521700416148, 13.634226321887297], [74.69722795500624, 13.639222741136663], [74.68852412738661, 13.639269113778653], [74.67735767361776, 13.630980014815876], [74.67643654391148, 13.622062921966332], [74.68159925949826, 13.61672472976251], [74.67713415611647, 13.612013578164166], [74.66782665227831, 13.62831270656622], [74.67528796216985, 13.589606642932281], [74.68188917664426, 13.544319510537022], [74.69046616568116, 13.461207747239769], [74.6957513095754, 13.451479554038286], [74.70542442829483, 13.439010978174224], [74.70422935520068, 13.426265955209757], [74.70969367012682, 13.4173498156415], [74.70433282849737, 13.412399530713842], [74.69703340556734, 13.41697025317471], [74.69530475121346, 13.433287262797009], [74.69666028044767, 13.44575774702244], [74.69380986663211, 13.446648835775193], [74.69470071796391, 13.426199674275594], [74.69728147995639, 13.406389356084034], [74.69587802854832, 13.379193306126297], [74.69725120068253, 13.373730421122119], [74.69796454922474, 13.351400256516726], [74.7139364485084, 13.334867358341967], [74.71877360321932, 13.324638963117735], [74.72336387604216, 13.30175733603231], [74.72381293811671, 13.290442943786886], [74.72987055738034, 13.287428856056906], [74.72777366662152, 13.266542077255096], [74.74359464617604, 13.19381594664867], [74.74854314325162, 13.183593749551974], [74.7579604390231, 13.150502204713064], [74.76979815935763, 13.095825553006932], [74.77823925004148, 13.063715458101981], [74.77925884741788, 13.054218053420513], [74.78939783564172, 13.004099607411007], [74.79725134347476, 12.974162458930365], [74.80379116572979, 12.938211560115462], [74.80685675133807, 12.928321957492415], [74.81771910205501, 12.930950761268676], [74.81403434311054, 12.922114253070447], [74.80717575525696, 12.919576168405527], [74.8155434135978, 12.885098338417635], [74.81824755627983, 12.867790341551071], [74.82407248046061, 12.846560835614142], [74.82943606412309, 12.84697115399564], [74.82627344166607, 12.863757014374727], [74.82238912585754, 12.86843681290867], [74.82554960253222, 12.88105714307278], [74.83096075043832, 12.866654157863138], [74.83338785156818, 12.84989047026906], [74.84884655452501, 12.84056282071765], [74.86259412731724, 12.841600775955143], [74.87133860609194, 12.845358968141923], [74.88896274523458, 12.849080800738449], [74.90416800934631, 12.862961530750155], [74.9091416595601, 12.864971518221026], [74.9239742751927, 12.862346410658404], [74.90731525429558, 12.854661464555022], [74.89898943871177, 12.853471637206368], [74.8940912488122, 12.847401857309976], [74.88471162294312, 12.844010710825643], [74.8792146446402, 12.835841774778132], [74.86698973199057, 12.834293246536149], [74.85543620551655, 12.836472153667046], [74.8508284094037, 12.83313345924185], [74.8332934380418, 12.832985043225221], [74.84557414013452, 12.796643018460657], [74.85301387349162, 12.786950349379254], [74.86765885367325, 12.749633431637676], [74.87602293451087, 12.731711625890853], [74.88386964796595, 12.709616542269643], [74.89070332010229, 12.710750222245053], [74.88975477186526, 12.702805757879489], [74.8943197728394, 12.690122366354174], [74.90148210491535, 12.676868676947933], [74.90347707280873, 12.66956937272839], [74.91246950636278, 12.651290416519572], [74.92898547659857, 12.610300779057809], [74.94090414041383, 12.584126948899637], [74.95458590981198, 12.54871141919672], [74.95934474436453, 12.543045043693866], [74.96087241193234, 12.533899545527717], [74.96948182602554, 12.512761354053268], [74.9734590049292, 12.49885141855819], [74.9850540162299, 12.480468749833008], [74.99149286710227, 12.467395544468886], [74.99800205215305, 12.449967623007524], [75.00277996042698, 12.443606853073831], [75.0108796360864, 12.425388455412957], [75.02186417589107, 12.411937237113918], [75.03106486814929, 12.391363859454657], [75.04042851936074, 12.387695312588733], [75.06253647767633, 12.340983628891479], [75.06350374260379, 12.337770938478045], [75.09623205666415, 12.263098239692084], [75.11488187349974, 12.21335995239997], [75.12046587470044, 12.215001344636406], [75.12932741642717, 12.211374640527296], [75.13641703112117, 12.186798572895938], [75.14159274101232, 12.183689952029795], [75.14337611191812, 12.175922870843849], [75.1490142343196, 12.169461250036719], [75.15355324758437, 12.158741950880412], [75.15398704996252, 12.149369716539269], [75.16438865641138, 12.132729530143806], [75.16178774870573, 12.11878144720609], [75.17271244492352, 12.112305403071986], [75.17456305004484, 12.095588803080886], [75.17287647766742, 12.08923482932397], [75.17920112633098, 12.083091616185243], [75.17787444554924, 12.07409894431089], [75.18662250002845, 12.05577552292209], [75.18507194561388, 12.044008135866818], [75.20141315419377, 12.009891271265232], [75.21711921657865, 12.010197520099524], [75.22676134106311, 12.022473454886082], [75.24274873746432, 12.014195441866221], [75.25086700930515, 12.005971550946413], [75.29525220352642, 11.942140460014329], [75.30288755921359, 11.95242762593432], [75.29163444047717, 11.963628530932056], [75.28334283870115, 11.981588601932515], [75.27159404782711, 11.995589733179699], [75.26279854781481, 12.002885342084966], [75.26499235671193, 12.016618251431282], [75.27112245593676, 12.0244865414208], [75.29395163096316, 12.020266056333512], [75.30711555453925, 12.03635931013413], [75.31095504723774, 12.03163862212483], [75.30130136016973, 12.025630354956945], [75.3033858537743, 12.018871307664782], [75.29943645043195, 12.013292312989918], [75.3097484115601, 12.0107172724842], [75.3097484115601, 12.002241611860995], [75.30327594313033, 12.004387259364577], [75.29219651225927, 12.004172801633544], [75.28572464008013, 12.016081810327307], [75.26818001269757, 12.020641207625687], [75.26548516720683, 12.007116556084313], [75.27037513280621, 11.999645233141067], [75.28877234446819, 11.9854508636665], [75.2899568082602, 11.980623007046148], [75.3079208137946, 11.949337720859234], [75.31709670994533, 11.943769455096358], [75.33556103711223, 11.94353485075284], [75.34315097343884, 11.9368003603484], [75.35713934870213, 11.931210636761563], [75.36144161184095, 11.93362295663421], [75.36174857653575, 11.941045641543155], [75.37243127778132, 11.952792644565022], [75.38168156135501, 11.968660354691679], [75.39803624177918, 11.972031235852896], [75.40252077591325, 11.97960364799006], [75.400656342816, 11.988615870226269], [75.40548205365397, 11.999666571355277], [75.404824137524, 11.974239349366528], [75.39614772753569, 11.969625949577946], [75.38431394083571, 11.956536650845848], [75.37586855858726, 11.95492744444607], [75.37367725340258, 11.944520353931281], [75.37885236704321, 11.937364339592676], [75.37941181640232, 11.929832577711394], [75.39155232947647, 11.925745010623828], [75.39319717870697, 11.918234825277068], [75.38453376302292, 11.914265155712442], [75.38552093534301, 11.92327725923819], [75.3792699573427, 11.923599243510324], [75.37497055494717, 11.937332153756017], [75.37223994701603, 11.938426375077213], [75.36318194838836, 11.928234100223605], [75.35317206413956, 11.930975318356346], [75.33781754944042, 11.929821848799321], [75.31206631700704, 11.941612959070866], [75.3039727207645, 11.944219947092947], [75.2971620559841, 11.939102411647056], [75.31862401958293, 11.915593862666682], [75.31832933423144, 11.905500054583896], [75.32488274614192, 11.903788804809565], [75.3315323594309, 11.897242546106725], [75.35191750538863, 11.871082663534125], [75.35545790156104, 11.860272764876228], [75.36716461225708, 11.850941062080409], [75.3747050759786, 11.8575017450096], [75.3836474415763, 11.856547117355603], [75.39356434312006, 11.847814559994035], [75.39783871198708, 11.841616153662628], [75.40511214720797, 11.837747454581447], [75.4173804521462, 11.822744250147082], [75.42412245278913, 11.812076568478929], [75.43513894100946, 11.805839061423612], [75.44786667810476, 11.78603792171279], [75.45433211293673, 11.778592228548632], [75.45338320766902, 11.77067565935431], [75.45966887431914, 11.765642046843055], [75.47026860681078, 11.765914201479305], [75.47286236310768, 11.774129271848523], [75.48051774489815, 11.779317378894007], [75.47791874375505, 11.78439843693836], [75.48231875870388, 11.792249322348397], [75.49686312633227, 11.79923057593038], [75.49666571615003, 11.794914125986153], [75.48484420789399, 11.78804755215289], [75.48678422001589, 11.776824236049748], [75.47526371484864, 11.769618868715938], [75.47319245296947, 11.762820601089942], [75.48290324249078, 11.753328323443455], [75.48534882109138, 11.746556043526695], [75.49275493599166, 11.742277980244666], [75.49704802064971, 11.735538602024903], [75.50767803151601, 11.731841325416923], [75.52427637605408, 11.707066178461432], [75.5339467527406, 11.696915150114123], [75.5463947053515, 11.673101425190652], [75.56062996430151, 11.642157673637826], [75.57136857549946, 11.616516708879004], [75.58593750001577, 11.57449781891927], [75.59889614614039, 11.5705795285225], [75.60536885289034, 11.560315727888565], [75.59653472879481, 11.55959725411006], [75.59867465481162, 11.550374865707496], [75.59475553074324, 11.54840755466499], [75.61746704566778, 11.48939275776965], [75.6178569791164, 11.47641241550069], [75.62769997077712, 11.471924662693098], [75.63263094456258, 11.462775349602751], [75.64674973501238, 11.46783864513742], [75.66495382805684, 11.461174130082128], [75.67537713065016, 11.45021414716517], [75.68166184401892, 11.449204921669818], [75.70137023934521, 11.418754339441293], [75.70543897193116, 11.407775640733291], [75.72033584142602, 11.382298349888984], [75.7324519154237, 11.35328733943922], [75.73504340632823, 11.357025742943762], [75.7433477640881, 11.35574674601557], [75.74815881237939, 11.36333966269541], [75.74156904177792, 11.372291445993511], [75.74468731866497, 11.37894594709779], [75.74265730419134, 11.385390162426177], [75.74396324121071, 11.397916912735411], [75.74826574356936, 11.407465338654504], [75.74529385562695, 11.41483116122913], [75.75304937333001, 11.422792315213186], [75.7522747512788, 11.408495307012828], [75.7491967676169, 11.404989123749104], [75.74548840506591, 11.373906850520811], [75.75025153118335, 11.365525126783254], [75.7452967163704, 11.353638052554132], [75.73706674603355, 11.354564309295483], [75.73624765880251, 11.340811014117023], [75.733989715653, 11.334658145856807], [75.7371890547312, 11.324094772056142], [75.74774217626057, 11.318239450790074], [75.75577473641508, 11.293130874790123], [75.75902926958517, 11.28754579979892], [75.76766133310414, 11.26278913031419], [75.77358150448296, 11.240527749456191], [75.78142285348198, 11.2190208431375], [75.79525101182489, 11.184511542273924], [75.80244970349113, 11.162386656019464], [75.80899143230889, 11.166096806422544], [75.81434035342468, 11.179099440187073], [75.8225016596239, 11.178167461958893], [75.81361424889852, 11.165428399700929], [75.8043853044384, 11.161521554076486], [75.80393517037183, 11.155873059793961], [75.81571304801886, 11.146555662513933], [75.8235633371784, 11.127091050011956], [75.83191752457421, 11.130859256149833], [75.83568155785767, 11.126421332078849], [75.82899320087554, 11.12227380269394], [75.82973265673681, 11.116155505272445], [75.83799791377285, 11.091325879186059], [75.84620416179271, 11.063275456197417], [75.85409533952841, 11.0273231265611], [75.86299514740821, 10.998002052352945], [75.87664985620594, 10.94485414020646], [75.8872362373626, 10.89843749979083], [75.90434277080234, 10.816470742530768], [75.91368615669089, 10.792971253320758], [75.92258143468561, 10.794278025810272], [75.93827760182987, 10.800811051888601], [75.94443750368796, 10.805691361467197], [75.94996476216411, 10.79924654988848], [75.9358540773039, 10.78920972374982], [75.92498672006118, 10.784352779457294], [75.91325974494143, 10.785923003843635], [75.93750000032489, 10.727678537434628], [75.94966924224181, 10.703111052932854], [75.95473933215462, 10.68848645678463], [75.96590471303224, 10.664759039797872], [75.96949732294323, 10.65946853144763], [76.01590871851269, 10.556208372318622], [76.02334511268683, 10.536056280273215], [76.03110754527714, 10.527854442528607], [76.03432786463932, 10.534866452025199], [76.04848372964048, 10.536062121369895], [76.04759383159015, 10.546875000381078], [76.06269001962877, 10.546160102306928], [76.06779956819562, 10.544026374417697], [76.06310617910688, 10.535725951191793], [76.04956912951181, 10.531043529335506], [76.03904891057877, 10.532580852924113], [76.03464043121099, 10.525369524883715], [76.0409822461339, 10.517493009694746], [76.04263985134813, 10.508428931649902], [76.0402770040806, 10.50484836096311], [76.05096924263657, 10.486328959314108], [76.07276177363704, 10.44255804971425], [76.0881015061797, 10.407428741843077], [76.11830091495543, 10.327741980907717], [76.1295148133581, 10.289520025029177], [76.1367485525038, 10.25881886469891], [76.14435017102372, 10.234299779011607], [76.15992200329791, 10.1886464354847], [76.17491054518567, 10.188830852262114], [76.19115841402962, 10.194964528090594], [76.1974374059117, 10.200085163499537], [76.21052801585537, 10.195312500071879], [76.21433615728799, 10.201911807084286], [76.22114121929192, 10.20612454451225], [76.21143400637445, 10.214221715559773], [76.20466053485583, 10.232550024763896], [76.20038366317564, 10.238783359864243], [76.20031213739529, 10.256698608653863], [76.18742024884554, 10.262027263547466], [76.19162034989935, 10.265359043984787], [76.19773912396155, 10.263038277794365], [76.20463025558198, 10.247040629121841], [76.20177435859986, 10.242414235928322], [76.20837187776002, 10.227736950300113], [76.21629691137346, 10.21455883991861], [76.22439694406384, 10.223543524913808], [76.22256493602308, 10.236188054035509], [76.22610056398995, 10.23728382578804], [76.23449706988387, 10.229946255415413], [76.24126374702436, 10.23643636674501], [76.24368536498767, 10.245901942620662], [76.25316536419021, 10.241529941553623], [76.24624955697149, 10.235732674223613], [76.24626743819178, 10.228354811525406], [76.23707425617206, 10.222077250464835], [76.2305022480804, 10.20887804018949], [76.22598254685707, 10.204188942665624], [76.21569561925745, 10.200411915977242], [76.2246451380627, 10.186714529851727], [76.23705637495183, 10.183586836163599], [76.25465083107107, 10.169437408509609], [76.2652467486387, 10.162476420250641], [76.27390635029784, 10.150141120316519], [76.2860450746206, 10.144209742485671], [76.29351556299295, 10.138295650523915], [76.30085635203918, 10.140450954048376], [76.30561411370056, 10.145554542807972], [76.32378864333131, 10.152838706940827], [76.32949542987026, 10.151756167812977], [76.33804345174397, 10.142707347666018], [76.34117734445894, 10.12630343475577], [76.35070025930966, 10.125249147830004], [76.3594373465564, 10.115006923730675], [76.3501061204012, 10.113866210157568], [76.34478056457155, 10.093711972329672], [76.34119415278806, 10.091555952944958], [76.33698165457977, 10.09282517424245], [76.33128452316228, 10.081164717477847], [76.32009065176217, 10.082278966700969], [76.31502223009201, 10.077119708108171], [76.3043894771927, 10.075802445026895], [76.30068993609169, 10.077770471929853], [76.29545712464673, 10.09271264117558], [76.28527367124306, 10.09448361402768], [76.28399515185484, 10.08775126940563], [76.28672111029115, 10.081788540308935], [76.28147482880033, 10.069610715262343], [76.27943634990763, 10.05585491637136], [76.28068840494595, 10.048013210341423], [76.26898765585568, 10.041126012355633], [76.27089500460093, 10.03082966795482], [76.2667578461978, 10.028169154982578], [76.2726607326068, 10.016053080984975], [76.27607822383109, 10.002668261431197], [76.27030634885901, 9.989189624601522], [76.28176510297729, 9.965810417916515], [76.28445124662781, 9.957483768661092], [76.30143451718934, 9.926941871969902], [76.30404675005755, 9.934615850840927], [76.31480395833611, 9.911843657758695], [76.31790375685298, 9.902703046508478], [76.31720173347324, 9.894529342255396], [76.33055114761746, 9.882151603313943], [76.33962011347754, 9.884513855230338], [76.34150815018106, 9.898017048947736], [76.33622670160113, 9.903435230451635], [76.33267354944482, 9.913874506803083], [76.34022545793866, 9.919303655539352], [76.3464250567711, 9.912414312670464], [76.35155785101406, 9.912328839304564], [76.3569246533502, 9.907005309647374], [76.36491501371691, 9.891922831773371], [76.36746156190159, 9.883512258683837], [76.37734425053677, 9.864400148048489], [76.37959682923045, 9.85378634926063], [76.37195634830695, 9.849022746502598], [76.37168407406088, 9.842490554095889], [76.3842116598403, 9.844136237897118], [76.38272523877887, 9.833981275915221], [76.38318645968744, 9.819859623822651], [76.39065253778452, 9.816825151159819], [76.38031137027369, 9.804144025026815], [76.37604606117682, 9.795562148174724], [76.36807405957026, 9.790760516684543], [76.37437164763347, 9.777829050770194], [76.37380897960085, 9.77227687837528], [76.37843763818651, 9.765504718068357], [76.38640391830634, 9.759031415067781], [76.39088606833755, 9.741088151496996], [76.388930201168, 9.72090756892922], [76.38286256795325, 9.703531861206528], [76.38783085371094, 9.70064306252742], [76.39588713618255, 9.701709747506868], [76.40250301320353, 9.69606900178303], [76.40612494910718, 9.69948267898252], [76.413150072518, 9.69722187508954], [76.41495144335457, 9.690489172537355], [76.41300320603321, 9.682984352545859], [76.40524554254776, 9.672209859297581], [76.40273165684053, 9.647655010270611], [76.4178483485226, 9.642301559269626], [76.41870510565619, 9.630964755918797], [76.42309606083464, 9.627951026119035], [76.43012285248776, 9.610850453385794], [76.42361927021327, 9.593387246124564], [76.42065203176591, 9.578985452516747], [76.41609036907542, 9.565966605774321], [76.41841447354918, 9.559264540426199], [76.4268759491658, 9.555122375497277], [76.4395568369786, 9.554516553496185], [76.4400464296991, 9.560358524326475], [76.44890820974612, 9.55693054161128], [76.43971240530331, 9.551409006420613], [76.4784954787834, 9.538413643674787], [76.4854608773177, 9.542074680302335], [76.4981504678698, 9.528804421786731], [76.44306325946198, 9.527656436295615], [76.44284594098755, 9.512639642205798], [76.4340270756891, 9.527366161219376], [76.38333964390952, 9.526172280626326], [76.38250577452195, 9.515853047580208], [76.37468922163035, 9.522629619061775], [76.36873102151955, 9.521792769320896], [76.35737276034476, 9.52541184448107], [76.35340106460748, 9.539786219558493], [76.35969352743436, 9.566188573743744], [76.35972404502868, 9.575012803498112], [76.36746060862029, 9.583510756516276], [76.36407864061678, 9.598276972504365], [76.36742734899306, 9.611212969203251], [76.37605762465981, 9.62182915209381], [76.38095617338885, 9.63273131849563], [76.37990820420035, 9.64038407786299], [76.38345003119409, 9.653728365871444], [76.39084231811856, 9.65838956822408], [76.39107084304501, 9.679218768831149], [76.37210273725165, 9.685083150766843], [76.36502146736697, 9.696661352839229], [76.36387670054935, 9.70324587859453], [76.3665771488165, 9.71219241614719], [76.36667394644562, 9.728328943526037], [76.37219226386205, 9.738131761571594], [76.36754274370267, 9.761285066652519], [76.36883211161282, 9.773824929976598], [76.36183917493813, 9.789136171097525], [76.35990142820847, 9.798069476924866], [76.36124944720436, 9.804525137025493], [76.36961555511382, 9.814529776428103], [76.3672400714722, 9.822754144887966], [76.36189174660691, 9.820093512305803], [76.35466325320661, 9.823104262651725], [76.34193956845647, 9.836648106624907], [76.34030711638044, 9.856143235821747], [76.33747494261465, 9.864380240655692], [76.33025467351442, 9.872478127563568], [76.32076823696471, 9.870884061250479], [76.32157635696345, 9.858272432926512], [76.31878387927267, 9.84374999976275], [76.32285225392852, 9.836343765252636], [76.32277691322398, 9.827990650748006], [76.33035755145997, 9.828811765050958], [76.33623051652515, 9.80905544755096], [76.33013617974106, 9.804459333631371], [76.33766210052559, 9.786176442888603], [76.33556294437446, 9.773581266762093], [76.34471535652855, 9.75463950660803], [76.34701156583125, 9.744852662320596], [76.34145844015498, 9.731828331512347], [76.34054112447345, 9.762352824523347], [76.33298265902258, 9.773351908164116], [76.33489847218678, 9.779577612516874], [76.325917840436, 9.793514013261145], [76.32581746620323, 9.805099248931242], [76.32193446160616, 9.807643174692842], [76.3218239547119, 9.83412253872423], [76.31834506946942, 9.839773059179407], [76.31689882292235, 9.867555737807137], [76.3194396496202, 9.875980019262585], [76.30950701263859, 9.879884838714375], [76.29831612069242, 9.889198422868944], [76.29453790150299, 9.884421348266642], [76.29731011387074, 9.857573747830244], [76.30291235422183, 9.853669047088914], [76.29135680157523, 9.849622249866968], [76.29404211065489, 9.838028073137167], [76.28483831843371, 9.832784175749211], [76.2859487536322, 9.84374999976275], [76.28369414786673, 9.850284218342026], [76.29720354061092, 9.853422403521222], [76.28639996058976, 9.90070760287361], [76.27596783654647, 9.893914223063021], [76.28151404823487, 9.876140833332826], [76.28109324016097, 9.871915340820408], [76.26985216154813, 9.866231680347823], [76.25849711904695, 9.89944350681246], [76.27321851282417, 9.899888515642601], [76.28675615777055, 9.902194261356158], [76.29722225640214, 9.894371867367866], [76.29639804393472, 9.913230538258816], [76.2926036117673, 9.921316861683906], [76.2823965547573, 9.923613548526475], [76.26533961263308, 9.934970736810072], [76.26194083719989, 9.943643808514992], [76.25984776046593, 9.962050079947332], [76.2486773730624, 9.970068455095188], [76.23875760987588, 9.966704129991626], [76.2369382382092, 9.962670564494985], [76.23927152116383, 9.950803756488256], [76.25135505229392, 9.917506337047897], [76.26312303559976, 9.86937522908363], [76.26336574553281, 9.862135172200553], [76.2700901032758, 9.832086443934301], [76.2730159756068, 9.809151649828834], [76.27972137923834, 9.776646256119875], [76.28461062897745, 9.737681031254624], [76.29330801924979, 9.654544830679384], [76.29453885568373, 9.651453256462673], [76.29559731456445, 9.626583456761182], [76.30219244962197, 9.573445438955957], [76.31063640104921, 9.524284958883783], [76.31975984604017, 9.482442379212557], [76.32518255742914, 9.465293645985057], [76.32897174385104, 9.448831439019727], [76.34002447115259, 9.41026735315586], [76.35227465655024, 9.37751317009679], [76.36903154886696, 9.343636632224829], [76.38125932225992, 9.312078356830753], [76.39556586777067, 9.284351706865891], [76.40713036057778, 9.257409453683394], [76.43242025339211, 9.204703927044704], [76.43862783910353, 9.188176155005635], [76.45612132563875, 9.15202522268595], [76.46060454856118, 9.140625000043784], [76.46789944160602, 9.142662763975423], [76.45169043516549, 9.177884936740512], [76.43986415870407, 9.189876079617463], [76.43852222002451, 9.20331323162037], [76.4310921426883, 9.224462747357947], [76.42082893830488, 9.24156296216104], [76.42284393320105, 9.245642543268815], [76.43186295071476, 9.230494618132184], [76.44053745234172, 9.230386614950405], [76.4394819738142, 9.218550324537901], [76.4425828461215, 9.200627565509805], [76.45292305945176, 9.180379509506821], [76.45807385452488, 9.16733121896064], [76.46458435078719, 9.162999153188395], [76.47101664560174, 9.142310142499142], [76.48075735556765, 9.152486323984704], [76.48506414859165, 9.138335108478529], [76.4839359517828, 9.12672376638875], [76.47740650140898, 9.133209466543732], [76.47130811227956, 9.129628300505715], [76.46363580255033, 9.13421571258516], [76.48172974573126, 9.096048355447337], [76.48300194738212, 9.095247626077153], [76.51104271434977, 9.02976822892066], [76.51786601550438, 9.0191999673047], [76.52173662204748, 9.004425048577204], [76.52146804311585, 8.996382474471659], [76.52790880234951, 8.967820525197169], [76.53509187728847, 8.947365164670686], [76.53705251176413, 8.937259674394554], [76.54671096793695, 8.93614017942582], [76.55355584652514, 8.946754336143727], [76.54408073423863, 8.9620894191914], [76.54746305927281, 8.962544679393474], [76.55604767815791, 8.952813267518295], [76.56630992925997, 8.953554272911433], [76.5703124996223, 8.96484375033883], [76.57752597344498, 8.9738879200915], [76.57516503363948, 8.977823257137686], [76.58142066023541, 8.983014940786887], [76.5832250114253, 8.991509914351127], [76.59104144560635, 8.996658444032022], [76.60084760193544, 8.988409161653493], [76.60693955461679, 8.988404035517888], [76.60770726178086, 8.978898644856642], [76.60573244049985, 8.971053242613152], [76.6092481610738, 8.960905432939512], [76.6004147528387, 8.958333611107307], [76.59836375718166, 8.973655342819924], [76.59410870035637, 8.96892035019411], [76.5976729393548, 8.962405920297073], [76.59322035273718, 8.952074765837864], [76.58206021760506, 8.943626165815004], [76.56645786773643, 8.923239231105711], [76.56777334206609, 8.914355158663739], [76.57279097991992, 8.907425045929216], [76.58948564544627, 8.90696787826505], [76.60313487017825, 8.918094277129256], [76.60128295384536, 8.906099200617717], [76.59248495101977, 8.900460720286105], [76.58288335808058, 8.901175975391027], [76.57056224315315, 8.904800057077068], [76.56271815302048, 8.923712968778531], [76.56513845887278, 8.93143785017672], [76.55366754502128, 8.941313743534494], [76.54877495789802, 8.932577132928415], [76.53921186943236, 8.931344509541589], [76.54194891471079, 8.913648367078565], [76.54701614388003, 8.901815057019263], [76.55442404753185, 8.892324447615223], [76.55990874739095, 8.888537645296125], [76.56565570844421, 8.879489660619427], [76.57464182336153, 8.882064818936328], [76.59243190271022, 8.874124765745393], [76.6070822473479, 8.862168550738104], [76.61925423129784, 8.850145936086093], [76.64051055951481, 8.825601458940255], [76.64867365356636, 8.810457825368417], [76.66067886363865, 8.795099734964808], [76.67026030996547, 8.785505056013548], [76.67937624471804, 8.77314376837029], [76.68343126803873, 8.764642953709384], [76.69392442727056, 8.750366568762189], [76.69978856998668, 8.737464547550871], [76.72056424654286, 8.715086102841468], [76.73313760781437, 8.699866056573285], [76.75600981719938, 8.669984578825279], [76.75958347299897, 8.667028665540556], [76.78448164451245, 8.635698437532966], [76.7859635356887, 8.632394671876725], [76.80258071382897, 8.613281250029786], [76.82762897050074, 8.580665350325717], [76.87428784330936, 8.524294376784141], [76.87852633012616, 8.517488956849974], [76.9157580137215, 8.47341167970535], [76.92515361334861, 8.464239954610306], [76.9632935519559, 8.417187333428771], [76.97327017747679, 8.3967845436718], [76.97897613034425, 8.381652712802506], [76.9850357766799, 8.376154541998616], [76.9951418641057, 8.375998854963257], [77.00210845514115, 8.370957374283407], [77.00923252106404, 8.356690407036695], [77.01785087621712, 8.355739713017357], [77.04711627969263, 8.33351886280532], [77.05185890216674, 8.327595353143082], [77.0771874190643, 8.308390140192898], [77.08559346226863, 8.300614953417409], [77.12062346969745, 8.275368451992506], [77.13974237471095, 8.260838508590368], [77.1460082526788, 8.257431745378753], [77.16233491922125, 8.244422078016598], [77.16684460649347, 8.244721412863015], [77.17015945899195, 8.23674786082519], [77.18096816514887, 8.226472020067774], [77.18476390852769, 8.219503641180168], [77.20187413728169, 8.210242271663546], [77.22356522115817, 8.196411132967498], [77.23082935828828, 8.185117840615916], [77.23957407448407, 8.1762913463686], [77.24801421188644, 8.172356843893311], [77.26185762902637, 8.169699669204405], [77.27884840982628, 8.161133051149477], [77.29682743583763, 8.149143338194577], [77.3020881415546, 8.143248438664543], [77.30352914325542, 8.131592869715263], [77.31631576975704, 8.120818972717515], [77.3235445023769, 8.12589395044553], [77.33322536965514, 8.126028775907344], [77.36364674550092, 8.119469165869347], [77.37465655805377, 8.114461660677165], [77.38641524326894, 8.111819147635615], [77.40201795106762, 8.105960011445447], [77.42395806351394, 8.099609255462838], [77.43010497106772, 8.099325775664084], [77.44888126855582, 8.094058513889337], [77.49806630641493, 8.087045669821848], [77.50717616085123, 8.08356571168828], [77.52584803086208, 8.081441402398909], [77.53174352664254, 8.0771757362713], [77.54989731341041, 8.077798962851858], [77.55801570396173, 8.089258074900272], [77.55955374251121, 8.119156360977314], [77.57604110261488, 8.13557255233151], [77.58901905988185, 8.14183485549421], [77.61078357700055, 8.149309157891395], [77.65176320051145, 8.158939361862096], [77.6577645536913, 8.157974004396848], [77.702502012358, 8.163302778900189], [77.71628844755392, 8.165586233118262], [77.72369754280751, 8.17061281203172], [77.7420443294823, 8.1751784083569], [77.75410187200387, 8.18263077718862], [77.76564431163578, 8.193501472714857], [77.77522480468107, 8.195835709850257], [77.7825976608535, 8.202461361602658], [77.78250634639093, 8.21510183837924], [77.78515064728455, 8.223181844066971], [77.7993115188116, 8.23434114462819], [77.80321252333934, 8.239971518470895], [77.81364953519804, 8.246132731540413], [77.85551714929713, 8.259274601941385], [77.8654860262591, 8.264600277380964], [77.88873147947427, 8.27319014111221], [77.90083324885543, 8.285421251889304], [77.91642594360249, 8.29401910339898], [77.92796695241307, 8.297558546289935], [77.9360463618502, 8.304501057078241], [77.95379185640914, 8.314086556649386], [77.95696485074743, 8.323201655931683], [77.96696484065504, 8.331445455143665], [77.98231577875029, 8.34100902114946], [78.00814104067652, 8.352216243884627], [78.01066970854029, 8.350990533586312], [78.02556717428578, 8.358846426421493], [78.0577607154847, 8.369390248960912], [78.06657624249974, 8.370367526939901], [78.05512404443917, 8.383437037889024], [78.06554257882712, 8.420091747935885], [78.08643937068055, 8.447652339883632], [78.08899545707484, 8.454107761663963], [78.1216808554872, 8.484900474777177], [78.13035380848149, 8.497081637207827], [78.12312304968916, 8.513355850791953], [78.12252175847252, 8.521499753310962], [78.12590765921121, 8.539980054236167], [78.13261961979978, 8.55738925900718], [78.13300371125237, 8.565055250999137], [78.13867461664032, 8.58899092668996], [78.13145315683775, 8.6036578413364], [78.1272884602943, 8.623186349770293], [78.12111103514624, 8.622585177264213], [78.12486302830624, 8.60550630067533], [78.11034345588578, 8.60704445883475], [78.10430026084842, 8.599642038349458], [78.11292052256422, 8.585787415656796], [78.10778844328215, 8.579769372858308], [78.09662973897136, 8.58130824597879], [78.09437930606023, 8.588309049922813], [78.09521484369017, 8.597726941045607], [78.10190236610148, 8.615024209000097], [78.10077583753494, 8.63946342499716], [78.11024105548043, 8.639575958064114], [78.11219704136047, 8.647945046326882], [78.10817754305927, 8.655677556673922], [78.12531387823296, 8.659336447519067], [78.13093113906083, 8.663689016934711], [78.13553857814301, 8.688418150077624], [78.14057946167296, 8.698242068017109], [78.15453135953467, 8.711902379591194], [78.15811073772053, 8.72887575671092], [78.16258633169386, 8.737024545246683], [78.17229783527702, 8.745762944604309], [78.18278384220068, 8.749412417748971], [78.19114887721904, 8.747800230995892], [78.19428634653778, 8.75247132768969], [78.21637380121004, 8.742522001089498], [78.22336494913313, 8.74592864469129], [78.21506845954187, 8.751530647621365], [78.2115652557321, 8.74760305913395], [78.20096993441499, 8.752050280396219], [78.19921255121832, 8.764365911257926], [78.19940984269019, 8.787814855870977], [78.19418513773397, 8.779763817346407], [78.19870305020564, 8.775274157076808], [78.19042336984265, 8.76540505899635], [78.1809282305534, 8.771329164909119], [78.1734950541535, 8.768481969767151], [78.16043794125815, 8.77719390387567], [78.16038560880887, 8.801813245085256], [78.16386747350523, 8.819943308636851], [78.16832780868154, 8.826903700645303], [78.16441857805498, 8.838527440788866], [78.16713798043352, 8.84418976304714], [78.166106939184, 8.856602549468079], [78.16843521561273, 8.859660267807143], [78.16752445688829, 8.872865438788992], [78.17143416415539, 8.886858225226973], [78.17999732521642, 8.892995715080303], [78.17990565282363, 8.904665231615155], [78.18602037454079, 8.922004342326645], [78.19608283045827, 8.94051015342093], [78.20849335148714, 8.954946637477391], [78.20933413486259, 8.959411263319211], [78.21898531911731, 8.969028949626406], [78.2366521355876, 8.983627200135274], [78.27112543569032, 9.005651355125948], [78.31126022348056, 9.03237485901262], [78.31496453278706, 9.036771178647086], [78.34514141084745, 9.057497620918525], [78.3707648514168, 9.080956578583312], [78.39652514451987, 9.101366519749163], [78.41106295609072, 9.111959338252944], [78.45790207372178, 9.126361728111348], [78.48053336102586, 9.126994848133805], [78.48203265678185, 9.135149716985907], [78.486925243905, 9.136439323216251], [78.48953855056382, 9.128478169232196], [78.5107090474846, 9.135015129844476], [78.52115535743391, 9.136349677895396], [78.55434572697388, 9.137193441624149], [78.56231653697867, 9.136233448614789], [78.57810962226128, 9.13120782388198], [78.59045553239699, 9.140625000043784], [78.61417114758055, 9.151928663377134], [78.62757730444909, 9.153253317086978], [78.65091252349427, 9.15942525906847], [78.64322364285684, 9.169782757368466], [78.64520180242127, 9.181284904674726], [78.6572034358899, 9.191679358815435], [78.67127633123786, 9.198305368497955], [78.69557642930889, 9.194166779273488], [78.70468056225823, 9.190576315144895], [78.7182523014026, 9.190071940267913], [78.71798682243391, 9.20022320783481], [78.7275184391248, 9.208499670423507], [78.73548305010283, 9.211557507473117], [78.75604200353573, 9.2157341245303], [78.77880156024398, 9.225312948433881], [78.7935067419427, 9.22872197613836], [78.80416870122465, 9.235839367293025], [78.81626677529155, 9.23668134227023], [78.84326004971169, 9.24796712438335], [78.85336875956077, 9.24845743206491], [78.85970342127595, 9.253039240468624], [78.88035047049786, 9.256108760610857], [78.90677845446211, 9.249646544452489], [78.92568492881648, 9.26570653952524], [78.95551216575396, 9.272335171630942], [78.9788539408568, 9.273512601825175], [78.98102521903874, 9.274842143350313], [79.03358674083549, 9.266990542079924], [79.05394244209006, 9.26247024550554], [79.09377431843009, 9.25979495037673], [79.12086045774393, 9.269184231367205], [79.1415028574709, 9.27231311755638], [79.14811325042623, 9.276419043404232], [79.1695604327679, 9.279546260451582], [79.16092443471504, 9.284221649609549], [79.14006412026302, 9.292318463626316], [79.13172686080603, 9.287223815926424], [79.12401866902647, 9.289605975235702], [79.10973751587372, 9.288533925800081], [79.08687722700259, 9.295133948672841], [79.0643998388816, 9.29987311325361], [79.04749226605534, 9.309465646422552], [79.01943194872555, 9.329314947526925], [78.98932790765687, 9.353914141224678], [78.97061026125462, 9.372070312095332], [78.94320535634213, 9.4019252058836], [78.92709755870553, 9.422620653920134], [78.91001665594408, 9.450751542849432], [78.90181410323831, 9.466667413470432], [78.8982348437631, 9.480460643943601], [78.898220062506, 9.488674044271818], [78.90406894642487, 9.492977976552424], [78.90937411822105, 9.490865349456413], [78.91481280336828, 9.49431991613126], [78.91489934962536, 9.508494853954431], [78.92244625069398, 9.527647375625975], [78.9185775516128, 9.536723136763442], [78.92418754142196, 9.572610259256166], [78.92813706437411, 9.580540657325514], [78.92736673388768, 9.586046218758042], [78.93514966922194, 9.608230114028572], [78.94456374631997, 9.617781520300966], [78.95415377577623, 9.623796939777009], [78.95943272154287, 9.629766940791797], [78.9626456502767, 9.640442252308162], [78.96990776033496, 9.652472734229406], [78.97155594784883, 9.667405605384488], [78.9804209474689, 9.68817675115622], [78.98830926446104, 9.696848511649549], [78.99404525738274, 9.708302617172095], [79.00458955746214, 9.717118024577303], [79.00875711474922, 9.725080728093232], [79.01770055323803, 9.732841729862031], [79.02092874076882, 9.740940570950642], [79.02647650198904, 9.745910048310122], [79.03698134431355, 9.761743903458395], [79.04169285294293, 9.765969753001755], [79.0577770469732, 9.77261793636869], [79.06906151787481, 9.792014002544263], [79.07943403755095, 9.801204920071044], [79.08041751365747, 9.809598207291486], [79.09218537825271, 9.828153729311282], [79.10767865204824, 9.837990761164733], [79.11034452947658, 9.84374999976275], [79.1196123363404, 9.85197854017757], [79.12414991878384, 9.858937859294826], [79.12306904789827, 9.867281436489222], [79.1188731196988, 9.874258637725987], [79.12850666015427, 9.894346356299408], [79.14898800838998, 9.912698626140738], [79.15363240241359, 9.920721053633812], [79.15533185038473, 9.932213544919193], [79.1630811690608, 9.937756061293314], [79.17408454426638, 9.950195312064082], [79.19267487544519, 9.96815836431712], [79.19905304905907, 9.9713568688245], [79.20444464660332, 9.98278677449008], [79.24273943857432, 10.024991273728347], [79.25213086624657, 10.031499504598571], [79.26728880443491, 10.03830564039309], [79.25263166451984, 10.04838883917364], [79.25361883683999, 10.062522053849818], [79.24364960194762, 10.073179244926294], [79.23648715026192, 10.074416517808132], [79.2286918159746, 10.091965556365395], [79.22645092037376, 10.101131916105075], [79.22953677220428, 10.103930354502353], [79.2282675509069, 10.112665056747048], [79.23371922945896, 10.128637075640654], [79.22871911489531, 10.137700557434798], [79.23073601725352, 10.150199055542032], [79.23980605600477, 10.154440403102214], [79.24091053049673, 10.162661671598954], [79.23788726338663, 10.16867434994137], [79.24147772751522, 10.174246311018521], [79.24250805380379, 10.182702541788885], [79.25276064888496, 10.187975644660312], [79.26569056526742, 10.198243141507803], [79.2690211532038, 10.204208969668343], [79.28116166627794, 10.213699817392694], [79.28013384370209, 10.22037684921223], [79.27072954133538, 10.224989414430013], [79.26799654930144, 10.231809377300976], [79.27403604992392, 10.24043977257746], [79.29488635042489, 10.260356426607913], [79.30124294750411, 10.264786601220749], [79.30847275301525, 10.26438260057661], [79.3147680756862, 10.273576855487548], [79.3324970011358, 10.28484773673371], [79.35362207869613, 10.288507580860227], [79.36599910267651, 10.292140841926368], [79.37615525715952, 10.302248477984904], [79.38261985742056, 10.3154597283838], [79.395291448042, 10.317836165306872], [79.42744147734246, 10.315077900524784], [79.43711674184422, 10.315433025713588], [79.48105144496824, 10.31054675542849], [79.51209795485678, 10.309038639121908], [79.50785064659019, 10.315040350232039], [79.45713031311354, 10.320342540775727], [79.45742464053481, 10.324780106916492], [79.48043525198531, 10.324022651124537], [79.48658013336663, 10.32603240027511], [79.481141209899, 10.333206057513564], [79.48634445703121, 10.335572243064618], [79.48780465116383, 10.325238347471782], [79.50078034393786, 10.320099830842594], [79.50558483617127, 10.328342318843], [79.5017849208376, 10.333308339208585], [79.508018851289, 10.338280558600985], [79.5143766399701, 10.3338710072412], [79.51702845110222, 10.32733881483449], [79.52727603875834, 10.330197215529111], [79.52840244771485, 10.324373960489964], [79.51198697132182, 10.326186537778582], [79.51620864891012, 10.320341109954313], [79.52390801923977, 10.318295002112748], [79.53757643730276, 10.321910619379665], [79.54155337788617, 10.328286051859834], [79.53447842573885, 10.33563792684889], [79.5402213335478, 10.338754176663983], [79.54574513413078, 10.347866774032482], [79.576352119255, 10.340752124910736], [79.59002470927302, 10.340008616704353], [79.58652031386148, 10.327845930845086], [79.56187331670034, 10.332800269017255], [79.55323660368632, 10.328781604387643], [79.5493233207147, 10.316784024163411], [79.53766715551498, 10.312015056949392], [79.53168785551028, 10.316536426414984], [79.52516865740776, 10.315107345227815], [79.52313494672055, 10.307886362066085], [79.5270098448286, 10.305370330576352], [79.55010092221985, 10.300998925759913], [79.57317173518751, 10.298413276851335], [79.6337778572624, 10.28931200464541], [79.67419731645307, 10.281000375866753], [79.68531703964979, 10.28038334831291], [79.72729623353447, 10.27402496338145], [79.73153495777214, 10.280282139509168], [79.71572232212762, 10.283857107419664], [79.713518023538, 10.2868783474579], [79.7030376193907, 10.285684823895608], [79.68292796635265, 10.29011881343257], [79.68317794820385, 10.294951319547835], [79.67633223504478, 10.300472259387362], [79.6688209768067, 10.299671411306619], [79.66517150366204, 10.289186954814213], [79.65641140905936, 10.291998148295946], [79.62471246710678, 10.295510410976817], [79.61975300279894, 10.298575877874555], [79.60299932915578, 10.299695968194428], [79.58955311738262, 10.302976727394125], [79.58231914081577, 10.302897334344564], [79.57667315024585, 10.308623075894246], [79.5994261499969, 10.30946040137654], [79.60663950420988, 10.31562674058165], [79.61356103381482, 10.317416548834728], [79.62202775517679, 10.333782553522099], [79.62036395093574, 10.343924880029277], [79.62504935224595, 10.351267456927687], [79.63117444494478, 10.336076855362691], [79.63744163502358, 10.327699423189927], [79.63646292712255, 10.318219542697776], [79.64719307390138, 10.320003748174472], [79.65698885924851, 10.318720340971026], [79.67182064031041, 10.319225907449749], [79.68717813536281, 10.325305342467644], [79.70875465910026, 10.32341623287293], [79.7206131222978, 10.318869828979487], [79.73056852831505, 10.311046123779704], [79.7376265525235, 10.310296416546421], [79.74389517342357, 10.31332993502852], [79.75734567676162, 10.313586115906546], [79.75764834899226, 10.308465361787057], [79.7639819387156, 10.300831079890543], [79.77948927880729, 10.29210317112451], [79.78537833724047, 10.286690831616653], [79.78447580371548, 10.280756354722044], [79.76942670327989, 10.287881135605986], [79.76071214674832, 10.286690831616653], [79.75144636605697, 10.290112852725969], [79.744488119831, 10.274865746756902], [79.78725111514692, 10.27287936199302], [79.83538031564919, 10.275419950370477], [79.84992420663698, 10.278768300816452], [79.86691474911649, 10.286328077478899], [79.87797677540792, 10.295200944368204], [79.88297665075189, 10.302353620423304], [79.88404262077037, 10.313756465488538], [79.87655305867682, 10.3436094518148], [79.87136805069511, 10.371093749776833], [79.8656929733522, 10.421456456150551], [79.86322534067702, 10.465047955498775], [79.86360084989943, 10.477871060301297], [79.86129820324962, 10.504301547978173], [79.86058557056768, 10.540318131476639], [79.85552930863079, 10.600561857343891], [79.85604572273198, 10.608677506761637], [79.85327744489817, 10.65410006086914], [79.85368812120996, 10.68789660944104], [79.85320806490043, 10.712471962111408], [79.85047626536752, 10.753639579003377], [79.85181903861789, 10.765010356942511], [79.85076260590964, 10.783641457986946], [79.85145235084539, 10.826069713046905], [79.85286211999099, 10.837478041278686], [79.85161352194658, 10.864765525308826], [79.85290324688745, 10.878238439752295], [79.85286414616357, 10.911840558495072], [79.85439276701274, 10.917917609410267], [79.85307264318809, 10.961949228873863], [79.85524594754261, 10.977648258560407], [79.85479402562387, 10.9984896180016], [79.85700643070223, 11.024271250218092], [79.8561285736748, 11.037248849554842], [79.85673177235353, 11.07090437453732], [79.85840225226227, 11.094447374746665], [79.85897791369987, 11.139647602954525], [79.8572654723238, 11.151088118821718], [79.85581064264707, 11.181668400376452], [79.84763240850899, 11.242650747534071], [79.84564471253353, 11.23228883716024], [79.84012830257919, 11.229016423669123], [79.82956147178456, 11.23902487799576], [79.84284865823909, 11.238158821872148], [79.84641194305684, 11.244128346246256], [79.83941912689133, 11.283169031425686], [79.83654415618795, 11.318219900428133], [79.8388197422374, 11.342494249110374], [79.83789694338932, 11.356099247882028], [79.83298754703773, 11.353316902852896], [79.8013668056337, 11.363600253848688], [79.78525507436225, 11.37225067612789], [79.77522861920554, 11.383732080571164], [79.7668706177848, 11.381771921836815], [79.7658914323438, 11.390381455539838], [79.77582311604405, 11.386876940518462], [79.78517234302936, 11.37735080699423], [79.80686652686884, 11.365882873495863], [79.81423330272483, 11.364475250132742], [79.81793487089763, 11.369112968488764], [79.82735800776592, 11.363214731574672], [79.82068395629969, 11.386415362579044], [79.81429004634859, 11.418562412425501], [79.80728924240466, 11.444419145227386], [79.79819476637553, 11.461369157060957], [79.78737127806218, 11.476722955899774], [79.78002905819463, 11.499696254478636], [79.77480614199001, 11.491510748422371], [79.77141082265146, 11.504882216640993], [79.77305805688385, 11.510185718396272], [79.76140332250546, 11.537210941232047], [79.75724780534202, 11.563701033276146], [79.75714814696946, 11.583844900122088], [79.76121497119411, 11.621067166016957], [79.76119732829417, 11.631303667730165], [79.76388871679094, 11.637437463168482], [79.77497875696415, 11.694515347905082], [79.77200782320259, 11.702412248026889], [79.77617800201321, 11.705459117844057], [79.78284823855543, 11.722625851901611], [79.79419910910175, 11.768674850364093], [79.7975945471508, 11.797864556104514], [79.80605184991308, 11.83055865725629], [79.80636775476816, 11.839406132686975], [79.81500720981498, 11.856078028278432], [79.81958293880169, 11.86885964915355], [79.81846952414932, 11.879390954928724], [79.82377064270102, 11.882049441728398], [79.82800936693886, 11.897246361030838], [79.8298105003544, 11.911396741966186], [79.83609044551778, 11.929198265187821], [79.8381619457173, 11.94528782367415], [79.84354984794729, 11.968382239348912], [79.84975504865665, 11.987902045043398], [79.86614155788672, 12.025830745492584], [79.87884855301846, 12.05065894165692], [79.8852399583574, 12.065054058697967], [79.8929376604448, 12.075266957704017], [79.90490365018334, 12.09592795361219], [79.91176342963857, 12.104702949081911], [79.93514680827869, 12.144134044350764], [79.9635058642044, 12.183938503059508], [79.99270904088954, 12.229493021885546], [80.00718510141147, 12.254189610362303], [79.9963717457596, 12.251371741212992], [79.98513805867461, 12.240937471387312], [79.97786724587681, 12.231715917555661], [79.96600902099968, 12.225631713432932], [79.95762097862539, 12.212659120622021], [79.94537031658697, 12.21823191627], [79.94959735863128, 12.224236726443806], [79.98180115210161, 12.242245555088402], [79.98496425119927, 12.249883055658515], [80.01325404673688, 12.262973546891729], [80.01702475568808, 12.274413943149], [80.03406465026345, 12.302491903378652], [80.05010402208305, 12.324639678278587], [80.0580724479851, 12.346171378906021], [80.05155050784978, 12.345028757870907], [80.04530036442034, 12.336796880072015], [80.0373537542724, 12.337809562561347], [80.01728904215574, 12.331091761775482], [80.0176856521712, 12.340586661845037], [80.03245925878778, 12.350985050519782], [80.03959572276452, 12.352639555770892], [80.04703187951773, 12.363786459177788], [80.05194056000894, 12.362740277841638], [80.06419873228575, 12.34999787819963], [80.05868268026163, 12.3439495561272], [80.05880844595308, 12.335633516173914], [80.07032597076696, 12.352547645957173], [80.08186221137206, 12.36472725885595], [80.11533737192227, 12.404167532605612], [80.14469814310493, 12.446230650324324], [80.15561354123199, 12.465779542791694], [80.15914082528892, 12.4900751109776], [80.16689181310679, 12.527899265239], [80.1811459065585, 12.56738221631629], [80.1844892504786, 12.573847651148256], [80.16167223428627, 12.58537721608569], [80.16641795672334, 12.605964660940444], [80.17758715162589, 12.60441494019743], [80.17211473021067, 12.596814155349065], [80.17207396034516, 12.58269786861176], [80.18099665597097, 12.577015876381708], [80.18563711635997, 12.577893614698667], [80.1886829141853, 12.591406941077537], [80.20008993120544, 12.615955352757396], [80.19912350174835, 12.621512174647236], [80.2017643447488, 12.633165955744346], [80.21196556066221, 12.657566070118136], [80.25029253936933, 12.766359448429881], [80.25514924534147, 12.785385012808135], [80.24973821614591, 12.79389035735413], [80.24837863456642, 12.802007913334606], [80.2389773134523, 12.800399779826023], [80.24029374106331, 12.790296673652662], [80.2381416562126, 12.78417587251856], [80.23237955597185, 12.784482240962674], [80.23532545530557, 12.803105830869526], [80.24137997640489, 12.806669711937744], [80.2480808492518, 12.805145502263187], [80.247583508872, 12.825613856194593], [80.25039100614018, 12.865065455106759], [80.2587301730592, 12.935368657437664], [80.26402425801311, 12.963892340559156], [80.27102684980937, 12.990826964792618], [80.27131354828171, 13.000173211424624], [80.27491843663668, 13.00462484386152], [80.27983272080357, 13.027698040032618], [80.28000044796246, 13.040555357743656], [80.28453815001578, 13.062963247156176], [80.29013252219826, 13.0685386661266], [80.29647326512915, 13.081678271135345], [80.30322694796538, 13.089830755884762], [80.29527056218674, 13.091500044191719], [80.30105376232135, 13.11326622955292], [80.29783487288123, 13.123940348568269], [80.29999685297244, 13.142416239218107], [80.3102327584352, 13.163633346202062], [80.32310974611804, 13.202857017337578], [80.32280194775186, 13.208958149399095], [80.32681131339152, 13.216150045788012], [80.32954275589358, 13.228268623498224], [80.32044327243912, 13.226393341879259], [80.31378066574521, 13.216525077470436], [80.31093776216804, 13.222599029321785], [80.31791305504359, 13.226390004495201], [80.3174148800928, 13.230949043863362], [80.3306268454526, 13.235417723848968], [80.3339507577214, 13.239517569380382], [80.33754444142286, 13.252887130136997], [80.33859753584775, 13.267443776209348], [80.34477364978412, 13.278648376521446], [80.34368145463557, 13.287385463768203], [80.3467096086616, 13.291973471198801], [80.34696567082906, 13.311994552706494], [80.3447529078206, 13.337698936756553], [80.32991003991643, 13.400286078239944], [80.32827305795533, 13.429461121433633], [80.31951534745534, 13.423701048264874], [80.32412874724392, 13.415959835178327], [80.33114063713086, 13.390955328725568], [80.32572925090435, 13.390162348813433], [80.32501983599664, 13.404907464907694], [80.31708943882668, 13.42280662032934], [80.31649518030846, 13.427850246791508], [80.30425345932977, 13.425046920579007], [80.29517364494782, 13.427236437911333], [80.28997075574594, 13.434529543103992], [80.2854472395986, 13.43240976369971], [80.27385020212515, 13.444614053096132], [80.26904332668815, 13.456939816619297], [80.26727676411141, 13.466638445507911], [80.26213765123171, 13.472919344852002], [80.24720644921834, 13.473233342245067], [80.24666476236902, 13.477890253032825], [80.23887312429534, 13.48580181570128], [80.23513603200232, 13.483894228635819], [80.20986962318469, 13.486673951241954], [80.18489325022338, 13.49169552362956], [80.17906856526216, 13.494636654757883], [80.16823160690322, 13.489858150233545], [80.16199457648852, 13.489469766316702], [80.14782977132691, 13.497234821329997], [80.13840925688177, 13.51207077524613], [80.12897431821037, 13.516813039790037], [80.12260341651458, 13.505094647799837], [80.11567401874103, 13.507563233756287], [80.11749172216534, 13.516835332184897], [80.10927522187407, 13.519435048288884], [80.09867513145232, 13.531378150281498], [80.09694075561148, 13.5401940343273], [80.09064877032458, 13.543064355535662], [80.08775532215046, 13.550762772583951], [80.07785320276324, 13.553879618649546], [80.07305324041485, 13.558215737666274], [80.06667876211534, 13.572426557539657], [80.05384111437607, 13.58247005934588], [80.05126035238337, 13.58881354341041], [80.0605763197415, 13.59497535273043], [80.06630730613725, 13.602494358627808], [80.07499027218344, 13.608356476070554], [80.07128012178035, 13.614533424577914], [80.07050704926101, 13.629892111232039], [80.0727663036221, 13.636858344337156], [80.0849330427258, 13.645617962299156], [80.07940173190448, 13.655689716307378], [80.08779382662394, 13.665102242974186], [80.09668815133719, 13.664744972902255], [80.08889961232737, 13.654321670308946], [80.10163545591158, 13.652688979912554], [80.1042553186281, 13.657179356042505], [80.10346543777982, 13.666833401040677], [80.10619890645452, 13.6702671052428], [80.11700904343272, 13.671948552383796], [80.12608182421698, 13.66959595648828], [80.11567854862622, 13.657713651364006], [80.1081106663743, 13.654023051322866], [80.10898220566438, 13.642128109824512], [80.11871683621305, 13.62828683846692], [80.11921405788249, 13.620292544465471], [80.12650692475486, 13.611428380315587], [80.1385066507614, 13.612932443377588], [80.14486551323299, 13.629601359515192], [80.14405095588697, 13.644330858882071], [80.14757251755779, 13.659289717746375], [80.14309394323098, 13.669655203824647], [80.14273107038272, 13.680026769320065], [80.13998067376914, 13.690980672819876], [80.14031386359395, 13.700952768455522], [80.1381262537237, 13.71135294408316], [80.13069820435877, 13.713611245162895], [80.13018035853682, 13.723356008373116], [80.13917982568856, 13.726084947162647], [80.14217245559442, 13.704377651207679], [80.15440273270005, 13.70295715315018], [80.16616487490913, 13.687332868816924], [80.1738494630824, 13.682382940920021], [80.18720614914449, 13.669734835194589], [80.19032192231887, 13.663124680559648], [80.18790376224891, 13.649009705033919], [80.19100642240855, 13.641368269929771], [80.19970774631557, 13.633528471361927], [80.21407842607854, 13.62720263019736], [80.21992230437101, 13.620405912103237], [80.22533965130393, 13.608949542087828], [80.24112355720646, 13.596695065125232], [80.24438512307498, 13.585551977541826], [80.25125944636639, 13.578495859896094], [80.25520944595931, 13.569959759435392], [80.26432216203827, 13.560894608499439], [80.26476252047402, 13.54868864996132], [80.26782834530192, 13.534737706280225], [80.27452361627198, 13.514269352348819], [80.28181767474601, 13.499561309906625], [80.28165161582953, 13.487018823260186], [80.28832721682764, 13.473780631870781], [80.28562855731215, 13.466465353893014], [80.29306244867323, 13.44710314269598], [80.3067516086999, 13.433752060309402], [80.31599342785447, 13.436728000596844], [80.31106781942438, 13.458809137531759], [80.29654240590733, 13.485691428416729], [80.28726697009475, 13.516014933742298], [80.26810705689527, 13.564341664036633], [80.25924897216245, 13.583844661402068], [80.24336016214184, 13.613779544490484], [80.23606336073559, 13.641714811089727], [80.23319125167504, 13.664058566249935], [80.2342480423134, 13.697126030841716], [80.23791074718329, 13.722439765582777], [80.24208104650322, 13.742009043882376], [80.24893987177771, 13.761889814963055], [80.2523058651237, 13.780216812955587], [80.2504291535827, 13.793321251774387], [80.24455976512112, 13.81978464114836], [80.23527371910686, 13.832537770601732], [80.2257884741588, 13.85562944424349], [80.22023212890966, 13.876464247627013], [80.21096527532731, 13.895911574259813], [80.19815766854165, 13.918027877384688], [80.18355846385217, 13.958286762624056], [80.17288267569504, 13.979786157805009], [80.14784443387364, 14.036447643843758], [80.14100003282542, 14.060511231008604], [80.13995647391218, 14.068975210337754], [80.12880921347451, 14.063958049124778], [80.12351560606052, 14.066282630239229], [80.12009084201881, 14.074953556161745], [80.11284363282746, 14.062499999875172], [80.09873902828369, 14.051664829368406], [80.10503375560344, 14.044538616763859], [80.10358834272799, 14.039454579265481], [80.09499442575216, 14.03474116317419], [80.09782195092245, 14.024184942581073], [80.09454727203908, 14.019003748624186], [80.082921028183, 14.018499374646481], [80.07678985606705, 14.01007425772086], [80.07169783079033, 14.008353471535585], [80.06323564021264, 14.000287651753723], [80.04429233052676, 13.99723935111524], [80.03851366027735, 13.999771356363112], [80.03056120903264, 14.007615804425882], [80.01670503590881, 14.010573148532103], [80.0078147653393, 14.003693223363598], [80.0025779006497, 14.002660274651973], [79.98617434477026, 13.994426727711371], [79.97279524760265, 13.992899418073762], [79.96669387812003, 13.98738110065733], [79.95772135285821, 13.98361587487284], [79.95390975443163, 13.9780682323631], [79.95356094877891, 13.96860325363734], [79.94462275513618, 13.962540745658956], [79.92897450926634, 13.961051463854062], [79.92229556998464, 13.957463740859012], [79.91840755976116, 13.947646260266794], [79.9107744694663, 13.943487047789077], [79.89559555009467, 13.947105050058056], [79.89272880549012, 13.939437508534226], [79.89509224900817, 13.923123121335095], [79.8835935595952, 13.902458310502709], [79.87801742566378, 13.898180126711566], [79.87217092494834, 13.887864351558633], [79.85365915314745, 13.880910515607923], [79.84593474839002, 13.881235480233272], [79.82374274752985, 13.87326884308277], [79.83669054513265, 13.884657740562346], [79.84972417313216, 13.886448860026917], [79.86684393919651, 13.890766859503017], [79.87568175770704, 13.903062462462728], [79.87676954258043, 13.909872531891892], [79.88621926340832, 13.919155478842313], [79.88956022232654, 13.934193849466652], [79.88867795502361, 13.941763877501018], [79.89244401447976, 13.94871795177211], [79.9052629473272, 13.949265122687365], [79.91289055355631, 13.951502442583731], [79.9238579271018, 13.963611722203296], [79.93706262144289, 13.964872240761366], [79.94482243071067, 13.96933615164221], [79.95249247594703, 13.982325553681434], [79.97382855424448, 13.995470642756004], [79.98597407384457, 13.9979897733094], [79.99627792848369, 14.003876805570187], [80.00692832428277, 14.006628275074874], [80.01339471329547, 14.011381030210458], [80.0209385153004, 14.011968255130967], [80.03422510640362, 14.00666701786865], [80.04312932455869, 13.99978065535305], [80.05379545669498, 13.999186515545375], [80.07065319988541, 14.009756446303058], [80.07659280291566, 14.011622548541837], [80.0825538637699, 14.019142508619936], [80.09282684288465, 14.019754410038104], [80.0962597134151, 14.02552783454199], [80.0923583509572, 14.033973932650895], [80.10089516637888, 14.038259864101533], [80.10340750255423, 14.043647170080902], [80.09781265283178, 14.050678968259831], [80.10289454454775, 14.056580305137047], [80.11306560079689, 14.064012050715618], [80.11266052726162, 14.076795458543643], [80.11902594579092, 14.076945543701896], [80.12563467050373, 14.068673968029316], [80.13359093667245, 14.067962050308452], [80.13861215112993, 14.072841763636532], [80.13273334496805, 14.100555658516939], [80.12972521794458, 14.124140620193572], [80.12638795344142, 14.171653032361547], [80.12666797624618, 14.184241652430401], [80.12916576858547, 14.21049773728079], [80.13244044746884, 14.23407602328993], [80.13462424241501, 14.241780042215225], [80.12269997582328, 14.248579978982931], [80.1101231575577, 14.249029516798885], [80.10903370354262, 14.240731715995963], [80.097787618404, 14.231166243427452], [80.09230840171139, 14.232327461543164], [80.07918047889606, 14.226315856091944], [80.08485007307243, 14.240440010997773], [80.09030675904981, 14.239199281121955], [80.1009092326751, 14.24599993195136], [80.10322642316098, 14.255983352749595], [80.11956381771611, 14.251427054514977], [80.13778913026417, 14.253814816600539], [80.13871657860724, 14.26980245132215], [80.14217174063336, 14.285236716101636], [80.15625000043732, 14.32338154342358], [80.16475021794835, 14.340503216050635], [80.16864597762978, 14.353096842645257], [80.17232227305456, 14.386516570783186], [80.17325174846943, 14.425362706523757], [80.17930316960562, 14.509346962392442], [80.18271994586885, 14.531229257424329], [80.18885600580015, 14.555244445774619], [80.19090485567469, 14.557799100448193], [80.19777655564357, 14.58275330062439], [80.18670022473563, 14.573268651926838], [80.17072641888913, 14.568431854246782], [80.17262780692786, 14.575277924436719], [80.17812323569885, 14.57665574516659], [80.18498826000021, 14.588652848750044], [80.18606436268036, 14.600415825529964], [80.17215156554235, 14.609711765885308], [80.16435575461449, 14.627142667700056], [80.15625000043732, 14.651227712688865], [80.14535343681169, 14.692083477970158], [80.14497160895266, 14.698817610444394], [80.13873875139237, 14.714686751392549], [80.12750017649208, 14.724974751883352], [80.12540626518702, 14.729848146574795], [80.11164593731021, 14.744256139209497], [80.09995245923861, 14.773606658120784], [80.0928641557563, 14.806510448798221], [80.08873915708656, 14.81141102280047], [80.08521425713232, 14.876371264722152], [80.08175063158646, 14.893499136376107], [80.07453465495044, 14.917314409932175], [80.06901156932852, 14.926756024271143], [80.06474554527077, 14.947297811444898], [80.06290495410045, 14.961871147135724], [80.05488491071017, 14.998266338920502], [80.05309045296215, 15.018170356576704], [80.05084073501192, 15.02811372247038], [80.04792141873858, 15.077427506374406], [80.04852962484247, 15.09439980970356], [80.05390357948667, 15.117187499903267], [80.06510508073504, 15.153310180020853], [80.07247293038151, 15.169516921069146], [80.0778919455569, 15.18890845735946], [80.08538651507561, 15.200524806874384], [80.08856666082286, 15.21955871606201], [80.08741033052249, 15.236928343468364], [80.08313512798392, 15.253826379883563], [80.0851584676893, 15.274648666502841], [80.09117627126804, 15.293666601032868], [80.09918582406661, 15.309471964759481], [80.09923994526733, 15.315472841298629], [80.11060214007685, 15.346689105417937], [80.1168270107581, 15.358951449649766], [80.12914180794817, 15.378266930274677], [80.15868890247097, 15.415908813540966], [80.17708325428887, 15.435128331107663], [80.19028544401814, 15.45108115667017], [80.20085454020492, 15.465774655276178], [80.20776665210937, 15.479805349937038], [80.21178662795066, 15.49514710865219], [80.20074820526557, 15.494820832815265], [80.21331560583067, 15.5113469366119], [80.2249710560695, 15.53250420090825], [80.22769510704362, 15.542218923164839], [80.22694086992536, 15.558761239039995], [80.23767447459747, 15.60061311680198], [80.2476937774459, 15.625969052229976], [80.26287651084246, 15.653599262496044], [80.26296734776506, 15.657782316001132], [80.27047300322667, 15.672851443439455], [80.31213653057657, 15.720996975629973], [80.33180320275571, 15.738349557286355], [80.33982503399827, 15.747149825504152], [80.3489551546567, 15.752494454155794], [80.35924756542292, 15.76168334461073], [80.41024827963443, 15.79350614569212], [80.4720479252716, 15.825006842891526], [80.5012904410012, 15.837100505783809], [80.53218555451988, 15.847893714823215], [80.53773200542778, 15.854853033940458], [80.54532921277305, 15.852607369234804], [80.56689763092098, 15.860276460290436], [80.60019731485428, 15.869073629444458], [80.63201785054352, 15.874192357391479], [80.64435696630105, 15.877503871606507], [80.68552005330784, 15.881563663132653], [80.71184575557723, 15.88001525360113], [80.73404955824068, 15.875335573777747], [80.75270855445635, 15.87018954780946], [80.76931834196805, 15.863074540757495], [80.77421057206035, 15.865704059494817], [80.7819501160051, 15.858652710953933], [80.79057371600427, 15.856807350678764], [80.80373382555561, 15.844604850033903], [80.81188666823525, 15.831840753348175], [80.81037032583001, 15.815703868938485], [80.79398071753619, 15.81630575640564], [80.7978565689256, 15.79694795638315], [80.80372035461082, 15.785274743634545], [80.80555117104981, 15.773870349037509], [80.81062483756634, 15.764363646265394], [80.81436216817966, 15.743749022099749], [80.81917321647089, 15.742689848257967], [80.82978165170195, 15.746207237074344], [80.83954727648572, 15.774709701591547], [80.84713971652477, 15.783593177783004], [80.84580910210852, 15.788273453856903], [80.85161924323356, 15.800940752014156], [80.85273945316331, 15.811225772151758], [80.85729527475726, 15.823342204079495], [80.87039744818375, 15.848353743230675], [80.87645935991154, 15.85642480875805], [80.88976442848562, 15.878371953902587], [80.89618205985434, 15.903132557921268], [80.8964730498914, 15.9104776385323], [80.8918931480504, 15.926726817688547], [80.90044653438011, 15.939744353219396], [80.89165794835569, 15.955186128237358], [80.89515113821457, 15.964108348121869], [80.88986182236525, 15.972570538699458], [80.88457441307881, 16.003715753679217], [80.88150286676395, 16.029557705223993], [80.88462901092012, 16.033307671312045], [80.88343107708258, 16.04451108002239], [80.8890171053553, 16.05640840562353], [80.88605260804147, 16.064313650554638], [80.8811479807948, 16.06598770616779], [80.88049125626654, 16.075784444796398], [80.87480866868523, 16.079468250459485], [80.86958420294869, 16.092449664720263], [80.8721188306196, 16.101701140795086], [80.866783618769, 16.108045339820677], [80.86029231583782, 16.124519348589104], [80.86280465111392, 16.132526517285015], [80.85784625969725, 16.13746154341561], [80.84549522432522, 16.136775850824904], [80.83786153777984, 16.14749753498336], [80.83954787273623, 16.153612852051552], [80.83361244166096, 16.16978621476207], [80.83896243566798, 16.181488632994032], [80.83582186728549, 16.194623351086847], [80.83257114903941, 16.19903087627398], [80.82244086265572, 16.225860238459305], [80.82715380210632, 16.241498708698515], [80.82269394357078, 16.252671956845404], [80.8147766594154, 16.264876127531352], [80.80056774610475, 16.26900792147842], [80.79158961806658, 16.277763247875626], [80.78691315691677, 16.28746473750772], [80.78136301069449, 16.286859750976802], [80.76923274989159, 16.292247653206687], [80.76286566222055, 16.305095672827065], [80.7613955737468, 16.314851879910435], [80.75011444112872, 16.314188837644807], [80.74600625078793, 16.318296670954666], [80.75393235639328, 16.324633955992383], [80.74731111491613, 16.332320928268345], [80.7414342162161, 16.34300816029844], [80.73400247063759, 16.341268301291095], [80.72798204463581, 16.345091700621566], [80.7252618076864, 16.35336875946078], [80.71752011795914, 16.36539196946393], [80.7112641334331, 16.379344701896557], [80.71456265424311, 16.385742067942175], [80.71168553865672, 16.392735600867397], [80.7142523530637, 16.397777080647785], [80.70805704579604, 16.405843138749944], [80.69625675704387, 16.41258704685478], [80.69019246121312, 16.42087447667585], [80.6927379374059, 16.4236418012282], [80.67913567976794, 16.43736696201576], [80.67119574528758, 16.462296366983836], [80.66161727931413, 16.46140611190262], [80.64940464510843, 16.46483755071243], [80.64410555362846, 16.469795227168106], [80.63132512525439, 16.474248647457173], [80.62482011305778, 16.490194559031806], [80.60682570953898, 16.50136506514569], [80.5985746384089, 16.500621556939393], [80.58176934727769, 16.507061243281797], [80.56707000757481, 16.508779167824414], [80.55230295701594, 16.52343750024056], [80.54796695670976, 16.526008606212244], [80.53927624210499, 16.53925704987303], [80.53369450539711, 16.550602674673755], [80.52534604038752, 16.555336952338493], [80.52849876850351, 16.559190750552816], [80.51333761254082, 16.56741440315224], [80.50852596799908, 16.56770360443784], [80.49780631091258, 16.56299507616194], [80.48514890709649, 16.56145644226102], [80.4718761439689, 16.563253402822355], [80.46106970320434, 16.570142745691257], [80.45257496796043, 16.569550156314747], [80.41913557075006, 16.577200531579322], [80.41299426597274, 16.577268004115155], [80.40494644612167, 16.563205838578696], [80.39753615836716, 16.56205725683698], [80.38683903199583, 16.570586443309807], [80.37873220402801, 16.574468255405748], [80.37016785136532, 16.573882580017113], [80.35981512037168, 16.582466959682534], [80.3548531532505, 16.580154776621697], [80.34055483383864, 16.580234647211228], [80.32746160057243, 16.5903855559487], [80.3217934372174, 16.59256827800371], [80.31198382389451, 16.587960123960656], [80.29109013110482, 16.588243245829176], [80.28132784370504, 16.5961687560833], [80.2690191268313, 16.59734106104122], [80.25971102674262, 16.588837623957232], [80.24784076174191, 16.58596742145943], [80.22902154950489, 16.595291256985917], [80.22370994126092, 16.595479845718373], [80.20467662832388, 16.601520657552328], [80.19394135450992, 16.610911846004996], [80.18770945113036, 16.612647414346753], [80.1844307181033, 16.61863493955093], [80.17424261610401, 16.62964343999282], [80.16669905152011, 16.63294875608031], [80.15147292583495, 16.64419233840576], [80.14621436590042, 16.644279003373413], [80.13784420474636, 16.65153872932899], [80.13507664187355, 16.66619491596265], [80.13614285021251, 16.675184965413834], [80.14279234389173, 16.687004804528144], [80.13910841951801, 16.709368228760866], [80.14194703063109, 16.731878041938202], [80.13765573472446, 16.749330401576813], [80.13170230371841, 16.76008987434831], [80.12854230368444, 16.772341609277902], [80.12883985067859, 16.790267705690155], [80.12602782262596, 16.799868345347917], [80.11498045888109, 16.819445371306912], [80.10049092741443, 16.820562124242727], [80.08390927339437, 16.818329930481966], [80.07513296581376, 16.814981580035905], [80.0712437630892, 16.80783212175504], [80.07347202321537, 16.80065345799072], [80.06961905957203, 16.78610515582838], [80.05742001502179, 16.769481659051394], [80.05481064289685, 16.758274555026773], [80.05750954163219, 16.750139355247086], [80.05309784449, 16.739323735102346], [80.03749430212045, 16.72757375262664], [80.03586590328885, 16.730142951136315], [80.05377364184025, 16.74483215817763], [80.05202376798255, 16.766531825183648], [80.06396150551907, 16.784701943639888], [80.06905460368708, 16.802034616104734], [80.07051074547465, 16.816931963139638], [80.08525586156892, 16.82303404848261], [80.0989533664048, 16.82452011071463], [80.11414217921825, 16.823074102487965], [80.12271904954466, 16.817910671040664], [80.13352346413663, 16.794934750038735], [80.133907079848, 16.76850283154053], [80.13622987311024, 16.76490521420432], [80.1469292639745, 16.736188649886387], [80.14792525774462, 16.72573137270477], [80.14229214186898, 16.71423757110709], [80.14276945614554, 16.706000447562687], [80.15257871153838, 16.691270112725633], [80.14658844430139, 16.683755278783224], [80.14119160191106, 16.669456720151615], [80.14711594614411, 16.656305909590117], [80.1608878375038, 16.647258162334353], [80.17409491504836, 16.64199054262957], [80.18480932728866, 16.629638075536818], [80.18413853646442, 16.624041676282403], [80.19686377074655, 16.613299011839956], [80.20373165579142, 16.611083746018153], [80.2087235451556, 16.602982640436593], [80.23052871253023, 16.600782155871897], [80.244215130524, 16.591147422915284], [80.25324916851449, 16.590689659000603], [80.25721013533959, 16.59538924711606], [80.26850330808136, 16.599578976288825], [80.28409135333337, 16.60024607179885], [80.29345607743605, 16.59425115596612], [80.31058836026469, 16.59186947329762], [80.32482182956389, 16.59788632359499], [80.33686935903384, 16.587163805765087], [80.34534597383768, 16.58489274960081], [80.35631012960889, 16.587273359378116], [80.38076913338884, 16.585908055412503], [80.38718104327054, 16.588977217624517], [80.40988326100378, 16.590929508190357], [80.41918444620532, 16.58646821973258], [80.43120181601117, 16.577404856648897], [80.44927120230417, 16.574520229924744], [80.45413994750069, 16.577206373575365], [80.46590113642841, 16.572062969130798], [80.4778294562644, 16.57649743530844], [80.48645365251414, 16.575017452493555], [80.49951672521681, 16.582000851857842], [80.51168763627552, 16.58224117768829], [80.54328024418803, 16.558976649852625], [80.55370056642803, 16.547471046451676], [80.56943726511778, 16.540051937247185], [80.58132815337174, 16.53286480906374], [80.59284090998014, 16.52132666099662], [80.60075592964259, 16.516621947644836], [80.60766875740737, 16.505678176806498], [80.62636864219914, 16.492658257172863], [80.63167703176973, 16.4778430461198], [80.64136481303578, 16.471940874671688], [80.64780497511967, 16.472505569776317], [80.6567614079128, 16.467210531540886], [80.66697347144864, 16.46513545473752], [80.67701065551742, 16.459372520825227], [80.67782866985735, 16.450398564742102], [80.68283474422819, 16.44628512865586], [80.69074881060928, 16.428991556015546], [80.69706225372008, 16.42248892792179], [80.69634091829889, 16.415767430922273], [80.70979321038848, 16.40979123088067], [80.71749413024995, 16.399425626091855], [80.71920514080469, 16.386949777410337], [80.7134255172738, 16.37944400323829], [80.71973884077497, 16.36644530310832], [80.72550034566459, 16.36122345889555], [80.73094022241347, 16.35142743612731], [80.73069596294843, 16.34498321989973], [80.74534451973389, 16.34366905678158], [80.748818039621, 16.33340144122363], [80.75265645942821, 16.333400368332434], [80.75532555553005, 16.32321524578707], [80.75040853022952, 16.31777465317775], [80.76247727830386, 16.315546512661484], [80.77253186695216, 16.293108225264476], [80.793393015975, 16.285541772934536], [80.79338955898109, 16.2786072490254], [80.79902696642151, 16.27271795317104], [80.8086750507131, 16.267607450423554], [80.81646585421586, 16.266432523941944], [80.8223743443007, 16.255612969263183], [80.82581067092585, 16.255840063368296], [80.82850265477376, 16.240602254590414], [80.82520973674005, 16.227689742787504], [80.82921850702857, 16.222795844452747], [80.83412766416038, 16.199847459792466], [80.84041380925001, 16.19570851353714], [80.84275293330134, 16.183823824310082], [80.8381650445813, 16.171874999931347], [80.84274864173656, 16.15289366241261], [80.84145116823689, 16.146321058070484], [80.8454172611977, 16.140882730853406], [80.85717475391189, 16.141453862405854], [80.87008202086864, 16.132141709072698], [80.87029421320753, 16.12057340134149], [80.87737476813115, 16.115337372122127], [80.88282966625619, 16.11676526080818], [80.88924586770278, 16.096393346575738], [80.88892006850645, 16.073529958640762], [80.89593172097219, 16.068475722876357], [80.89937162420111, 16.059209943084483], [80.89589571931205, 16.053952574751634], [80.89542484328197, 16.04239690339449], [80.89789545541109, 16.03433024904183], [80.89482080913305, 16.026645064618137], [80.89227485629968, 16.006711960188866], [80.89722084966255, 16.003703236914873], [80.90835654751677, 15.989264965006157], [80.90819597266605, 15.979272842367877], [80.91243815389785, 15.97128903895802], [80.91329586521218, 15.956183433218968], [80.91190707724994, 15.945743441906373], [80.91416704657203, 15.923965335132152], [80.90960574181165, 15.915330409970494], [80.90368580785392, 15.89688134160069], [80.90107524412733, 15.881993651485843], [80.89389312246973, 15.857003330939051], [80.89392244846229, 15.849469899916059], [80.89967095814833, 15.834478616894785], [80.90505385385237, 15.82899904227203], [80.91695344484563, 15.823381543123787], [80.9262318610117, 15.821256160943136], [80.93925321146665, 15.811992406424451], [80.96463525331436, 15.801635146444909], [80.97142243409806, 15.794583558684366], [80.97629833250213, 15.784649610491158], [80.98987984637787, 15.77649545660013], [81.00156164135674, 15.767333268815392], [81.01122772737787, 15.768701314813924], [81.01207685466326, 15.775858045012797], [81.00623464551259, 15.780817031780686], [80.99537885175275, 15.802668333476845], [80.99298596353148, 15.820312499622219], [80.99805808051613, 15.829065441916654], [81.00922012311034, 15.837378144485882], [81.01958620543914, 15.855616212118534], [81.03225553066832, 15.8692799806866], [81.04880225681873, 15.884446620715096], [81.06939363440878, 15.910496234713506], [81.08370065656013, 15.923585414735143], [81.08849847312612, 15.930004358214646], [81.12836825858838, 15.963477849623118], [81.13062024103138, 15.971297860408], [81.12452793131914, 15.981173515445462], [81.12446570362945, 15.991482972860965], [81.11900794476097, 15.999412655969408], [81.09614872968015, 16.006623744790062], [81.0897338394453, 16.00499284224594], [81.0789936778161, 15.998077153737768], [81.07064640530743, 15.998942255680646], [81.06336915516246, 16.005626201488056], [81.06346666775264, 16.01267135100214], [81.07230377220148, 16.02642631532221], [81.07174861440708, 16.052509427268333], [81.06288611849962, 16.058411359496688], [81.05344545834137, 16.056640624964984], [81.04589760309202, 16.057228446135923], [81.04387497924691, 16.05940294299147], [81.04480671915488, 16.068527579584185], [81.0419317484515, 16.075428247615662], [81.0159031156364, 16.089149236448165], [81.01673483834222, 16.09118974241271], [81.0409624573517, 16.079490542854344], [81.0462801459121, 16.070574521996633], [81.04550635843171, 16.061176776587033], [81.04753530001418, 16.05786430819137], [81.06491577594241, 16.06107473411177], [81.07243013414345, 16.05705761901396], [81.07417190061281, 16.051388502377563], [81.07472956211976, 16.027490734909534], [81.06582474681463, 16.01146101911081], [81.06724965604681, 16.004383802470613], [81.07645714268315, 16.00069332113995], [81.09124577067584, 16.007745862181864], [81.09810936415599, 16.008620023895105], [81.11864280741972, 16.002481460251303], [81.12644207444234, 15.991773247937118], [81.12644433983448, 15.982751965930547], [81.13190281366403, 15.974070429806602], [81.14315497911915, 15.97294414045983], [81.14579856415244, 15.98047041917458], [81.13923144297686, 15.996093750226464], [81.1413333411609, 16.01858854292702], [81.15418970559054, 16.038911342484553], [81.1847498414322, 16.094437956946237], [81.19087553038153, 16.107035278855136], [81.19816386736872, 16.12653446219575], [81.20441293700745, 16.150151133967725], [81.2031300064447, 16.161316037305312], [81.20531904713633, 16.1759243008659], [81.21823191686954, 16.209681749613097], [81.2306026222133, 16.231525301851292], [81.24035334613004, 16.246550440750312], [81.2501926424766, 16.258511662283453], [81.26139330825467, 16.269520640265398], [81.26542234386622, 16.2808134559763], [81.26950037454273, 16.279214978488596], [81.28285074196825, 16.290687322262144], [81.31232953028362, 16.30913352988857], [81.32845604461082, 16.3175696131472], [81.35695064095941, 16.32957732693218], [81.39243805437278, 16.341964840605044], [81.39243793476302, 16.345113038835777], [81.37958872354082, 16.359466552339583], [81.36581516303934, 16.350491642975], [81.36473596129574, 16.34446835533035], [81.35361695306008, 16.337850809167577], [81.35813772717452, 16.349778532753106], [81.36553454398407, 16.359553933167575], [81.38323855371632, 16.360722780232138], [81.3923890593077, 16.347656249636316], [81.40608811367557, 16.34379482247313], [81.44952893251431, 16.351283431285395], [81.47292232510537, 16.353423952653372], [81.48476636407653, 16.3528695107194], [81.48489034191581, 16.35947763918179], [81.47561430895328, 16.39071810225869], [81.47552525988286, 16.39462077592816], [81.48380732524802, 16.389498948917463], [81.48896133899464, 16.374860524793505], [81.49426650989162, 16.37156605722781], [81.5112078189857, 16.371973514865928], [81.5227340456398, 16.38331973591717], [81.54753553823465, 16.379984140555734], [81.55266535302368, 16.373046755903133], [81.56249999987526, 16.34542405587554], [81.58353352555187, 16.34366285775478], [81.64568424223401, 16.334632158047725], [81.68366491810164, 16.332714319610247], [81.71109461822206, 16.319506049564637], [81.71556675430227, 16.31959104539048], [81.71721351189419, 16.329180956136256], [81.71453177941825, 16.33865785627512], [81.71734440282196, 16.351951360466956], [81.71611094486431, 16.362077951536293], [81.71826612967831, 16.367507457303404], [81.69745635982324, 16.411419272681343], [81.70055484802796, 16.42508375621047], [81.71048390840573, 16.443502426595785], [81.71882271739466, 16.447294950401727], [81.7256010767284, 16.44382262211637], [81.73225367037068, 16.426777124764556], [81.73625314256864, 16.422462463571875], [81.74652802914531, 16.419951319897535], [81.75369000419042, 16.42098057239552], [81.76164972825242, 16.427307009810704], [81.76619684710684, 16.43498885595106], [81.77447414426646, 16.439929842788075], [81.78407585591614, 16.453478455866104], [81.78832232961199, 16.46464323959394], [81.79818594452573, 16.47597706349076], [81.81949532015298, 16.48833000632473], [81.83887243311634, 16.491658449377994], [81.84578955154663, 16.495520472791597], [81.84854817425892, 16.506678342531572], [81.84509885332952, 16.531086444683808], [81.85442507295889, 16.538442254206714], [81.85730445393753, 16.547541379730973], [81.85297715637083, 16.55470895755245], [81.85605633253377, 16.569982647481268], [81.85876703307221, 16.595005631404874], [81.85695087917978, 16.611659050424848], [81.85142445527444, 16.62292444670591], [81.84293830405963, 16.64750194515868], [81.81747174302669, 16.671735524874677], [81.8099280597323, 16.68036293979786], [81.80230736749112, 16.693498849492414], [81.79359745955517, 16.701087712927674], [81.79072356264246, 16.7209764717868], [81.79543912451615, 16.734297871149877], [81.77863764740951, 16.761479616491187], [81.76004314427578, 16.774438857967027], [81.74708032619625, 16.791727542791932], [81.74694812315752, 16.810037851165987], [81.75353002559027, 16.82262444506219], [81.75638473007135, 16.8386700150093], [81.74825954424264, 16.865382552562792], [81.7416596409798, 16.872454762677208], [81.73297762911446, 16.8860795501312], [81.73358631095957, 16.89603626735986], [81.72669518023841, 16.916834115801876], [81.72755205608266, 16.924844979812065], [81.73212194487198, 16.93460500271874], [81.72956752761942, 16.944336652914288], [81.74375343357426, 16.96838390839069], [81.74578475925924, 16.979172349224626], [81.74291455766078, 17.00443863843249], [81.7388116121663, 17.016064405647896], [81.73285150549268, 17.018801927566912], [81.72473990931948, 17.038059711286706], [81.72312271604054, 17.05078125025456], [81.71913456900532, 17.059359670112755], [81.70989704141547, 17.069005012371505], [81.6996159549125, 17.08320772665536], [81.70438492302591, 17.085361122717714], [81.70115876166759, 17.095405102063893], [81.70367395858639, 17.10342347631247], [81.68549740278306, 17.104080677481335], [81.67735362077306, 17.109532832674162], [81.67576014981123, 17.117049932908174], [81.66435265525095, 17.135740757030376], [81.66343915449343, 17.15516424173643], [81.65768265702914, 17.168715000596862], [81.6524372101093, 17.18539524099768], [81.64656484129452, 17.192652106209806], [81.64017617708905, 17.20672213991486], [81.63822054823979, 17.22779202428258], [81.64406526110307, 17.24037384997331], [81.65322685263729, 17.252612471888156], [81.65522813826809, 17.267862558210524], [81.65874004391802, 17.281183958472965], [81.65463614424274, 17.287280201819897], [81.65710413484803, 17.297278761805458], [81.65516984421308, 17.309252143072], [81.64265894895144, 17.321678161218173], [81.63279557235794, 17.325098037444562], [81.61727631085316, 17.324423074665205], [81.60958123208829, 17.337210059097046], [81.61052095887524, 17.352433442749287], [81.60629451308145, 17.36659300306465], [81.60201477975843, 17.370319008515494], [81.60370552499009, 17.390485524787252], [81.60858321214559, 17.398973346043135], [81.61367213745919, 17.40195131340242], [81.60745334619511, 17.408430457499662], [81.59952104066357, 17.40944385494997], [81.59090995832796, 17.405002236464156], [81.58149981486466, 17.40786933899892], [81.57423114784925, 17.418367504756617], [81.57015895826933, 17.430477976877214], [81.5632901190439, 17.438363671446368], [81.55387270456183, 17.439103246018078], [81.54105150722128, 17.435517430485135], [81.52641153356555, 17.441697359345696], [81.51524651061803, 17.457818746637926], [81.51112186897919, 17.47289264228172], [81.49880623811751, 17.4798482660847], [81.49050652985258, 17.476810216818137], [81.4868459698657, 17.47220432726793], [81.47544443601205, 17.465605736115876], [81.46380364921916, 17.465986251864123], [81.44749772553976, 17.46042037020402], [81.43986594645631, 17.45985090689392], [81.42012834564665, 17.464001059601273], [81.40659165398174, 17.464636921656734], [81.3899189238193, 17.472200513243195], [81.38339614911305, 17.487869262756348], [81.37784516831991, 17.493343711243327], [81.36662566624167, 17.49839985357046], [81.35081982587437, 17.494486450989], [81.33028054241325, 17.49178290365819], [81.3181319237494, 17.486886143680692], [81.31165945531964, 17.486944079805482], [81.29595756488973, 17.493891239189423], [81.29052770119247, 17.49954974652367], [81.2912093405387, 17.51744222627775], [81.28958404077102, 17.52387070616828], [81.28350651231577, 17.529949426225116], [81.28344094724204, 17.538084149364124], [81.26975977409435, 17.55892384056287], [81.26460635659814, 17.558621644972987], [81.25884616381947, 17.5701104400448], [81.26080024223748, 17.58023953482676], [81.26931595776531, 17.584028839959103], [81.28124535049258, 17.592579245935497], [81.28470420873239, 17.62151217454729], [81.28243827780435, 17.634091258205103], [81.28447806790857, 17.640778064755978], [81.29410195324263, 17.65830051935359], [81.30189085018267, 17.6647083759908], [81.31049478021006, 17.68066394358621], [81.32518506014256, 17.70151674779973], [81.32992291441101, 17.704661607747028], [81.341190337764, 17.706677675534408], [81.36745357492268, 17.708512902248742], [81.37141144268409, 17.712208866745854], [81.38193833818391, 17.73366820792154], [81.38445293885215, 17.732765555685916], [81.37375676666161, 17.71081185358426], [81.36794924706012, 17.70589864230857], [81.35129904761303, 17.703683018556546], [81.3398827316029, 17.70396196847011], [81.33104383930177, 17.70199751817097], [81.31566846392863, 17.683459758661044], [81.30482494861249, 17.664157748081664], [81.29402625550736, 17.653340458795213], [81.28646051903777, 17.634068131239346], [81.28754985344304, 17.622506260855317], [81.28672230269225, 17.598994254881063], [81.28179764754341, 17.588857412439708], [81.26239144780718, 17.57753956320039], [81.26099157300277, 17.57076895242534], [81.27586817717477, 17.55817520622088], [81.2939267158454, 17.525119662142757], [81.29525637608103, 17.49774253369104], [81.30964481835369, 17.491716623623404], [81.32090055951326, 17.491658925818825], [81.34941780528763, 17.501047849778544], [81.36147570573937, 17.502181768074237], [81.38011062170798, 17.497401356987083], [81.3849203587877, 17.49135327323505], [81.38871860497969, 17.480046510837838], [81.39533293246896, 17.471754551131696], [81.4104125495995, 17.466274023227655], [81.42345416537748, 17.46638441051222], [81.44966340094535, 17.464093803985975], [81.46316254141826, 17.46979105501319], [81.47315144538302, 17.468558072796952], [81.48197615177807, 17.472506404147268], [81.49678397220268, 17.48358643036957], [81.50969767560727, 17.477046966944044], [81.51450324073201, 17.472118258550893], [81.51690471208295, 17.459958553044842], [81.52275133150889, 17.451353073485677], [81.53346371667729, 17.441561460093396], [81.54419791670065, 17.43920362025092], [81.5544811489859, 17.442551851087146], [81.56301462612416, 17.44215822232414], [81.57534003261654, 17.433872342035045], [81.5798869131506, 17.42649865129181], [81.5804296728912, 17.417220830476992], [81.590811133627, 17.40727937204541], [81.5986026529902, 17.412060975633608], [81.60744845837982, 17.41286385078618], [81.61423635502385, 17.409678817223693], [81.61765778078203, 17.400786280362595], [81.6127835515197, 17.397891878907203], [81.60669350630045, 17.380129576019215], [81.60916805296338, 17.36639606952309], [81.6156189439591, 17.35624885520052], [81.61254847053559, 17.343899249750606], [81.61717927490363, 17.330955625002147], [81.62327218086651, 17.32761585678638], [81.6394748686703, 17.32769441616449], [81.67576050774127, 17.307430744333416], [81.68007195026044, 17.301482439463072], [81.6806471350574, 17.28971123658441], [81.6658668518738, 17.282808661090925], [81.65991651993161, 17.27033984690648], [81.65989792375021, 17.250751614495528], [81.66533696682765, 17.23615813219213], [81.66723930814769, 17.226562499959513], [81.66464197614638, 17.21112060533173], [81.66172683272728, 17.20410144352688], [81.66324341255361, 17.191506624431213], [81.65861403900672, 17.186208009592065], [81.66329967953672, 17.171254158152976], [81.66847586606846, 17.16032361993915], [81.67047953580206, 17.139707326631864], [81.6771898272489, 17.123746752510684], [81.68278801435551, 17.1167592999019], [81.70591294762457, 17.106261014534283], [81.71318221089038, 17.099007249285208], [81.72204577878969, 17.11354565620718], [81.7324705122044, 17.110058069124676], [81.7360621688342, 17.102229356499663], [81.73669075987075, 17.081993221909784], [81.73014533483936, 17.072690963816996], [81.73444902879967, 17.065208435321082], [81.74042332137927, 17.064976930940702], [81.74877715084486, 17.054323553888977], [81.7496519088086, 17.0464513302648], [81.75759482364228, 17.044790625986707], [81.76429760485067, 17.040043950268085], [81.77027285071162, 17.01603054977015], [81.76646375689702, 17.006115555688396], [81.77037835108015, 16.994559049760355], [81.77548897253817, 16.989608406902562], [81.77750921228042, 16.978062868206905], [81.78264331773508, 16.96775555567443], [81.78226804773234, 16.95612847814681], [81.77749264227177, 16.942661761830863], [81.7845546010141, 16.93600857283745], [81.78834664817933, 16.927555560740586], [81.79043197635471, 16.91101372240547], [81.7892310621638, 16.90503370743977], [81.79754412176393, 16.880547761769876], [81.80477595344766, 16.879156828025245], [81.807909249912, 16.873974442466604], [81.80889785305354, 16.85369944547311], [81.81996226344776, 16.839277148221896], [81.82456505303483, 16.828562140630297], [81.83187127124225, 16.824059843986703], [81.83475375218401, 16.81642615834062], [81.8343727588958, 16.806547879980698], [81.83864474276069, 16.80180954907155], [81.85690784482122, 16.792727351486164], [81.8688926699609, 16.78217601780908], [81.90598475898949, 16.75248491754499], [81.91758537306666, 16.738480567624208], [81.93424522853454, 16.729977368860602], [81.9505039450012, 16.729044079420746], [81.97018373019503, 16.724638342985244], [81.98373901804135, 16.72430074198573], [81.99309945147851, 16.721886277229956], [82.01269304744633, 16.72019660488951], [82.03202664851116, 16.69921874994543], [82.04534447216977, 16.694162130078254], [82.06273686861167, 16.680846213881722], [82.07058060171354, 16.6850533485333], [82.08115255864371, 16.71862685714386], [82.09453845018939, 16.725720047542197], [82.10355353316916, 16.724414229233332], [82.11627697959895, 16.71582114682849], [82.12131345285357, 16.71582245804008], [82.13039934665258, 16.721134900855063], [82.14130473172807, 16.719570755885783], [82.15275800267975, 16.72488844354693], [82.17018961945539, 16.72607636433284], [82.190719604826, 16.72917604413918], [82.20038425912637, 16.725925445502966], [82.22203660020901, 16.724021673361605], [82.23596382157316, 16.717304706247276], [82.25286614865391, 16.717603802773397], [82.26368880239644, 16.713705062738498], [82.27188885228887, 16.708179712623718], [82.29408884092729, 16.708176732270417], [82.30499577553476, 16.716675401148933], [82.31621253468089, 16.731627703056134], [82.32431340194208, 16.735421419363092], [82.34155464213316, 16.735795855694278], [82.34144377730863, 16.753002524147277], [82.34733104699026, 16.783862352765468], [82.35151791541946, 16.792633176280134], [82.3555965423466, 16.811028957120712], [82.35291802854428, 16.817229867164727], [82.35330462460885, 16.830433607325162], [82.35853242862876, 16.844404578008877], [82.3579882380669, 16.864816546246658], [82.36582148057701, 16.901965141478186], [82.36558234724768, 16.914922713812302], [82.36004364489841, 16.95460140682951], [82.35751831531812, 16.964711308280357], [82.34778273148797, 16.97978842259765], [82.33626604124484, 16.988531112620876], [82.32964181941455, 16.990925669983753], [82.32456243051192, 16.98843014213743], [82.33246910536499, 16.980371952203882], [82.34049773188494, 16.96581685566342], [82.35501885383704, 16.956063271003217], [82.35938012599209, 16.943954825055187], [82.363492131257, 16.90929651282383], [82.36153221174223, 16.89718174913844], [82.36133050909584, 16.882962346135386], [82.35540854896547, 16.865189552655806], [82.35585045783247, 16.853702425826327], [82.34852325934096, 16.851193547544312], [82.33575177202678, 16.856511235205446], [82.32580471081891, 16.855219364482167], [82.31837546805357, 16.850096106650057], [82.313323259361, 16.85147380866937], [82.30255353431832, 16.863923550031913], [82.28179287913818, 16.877551555260126], [82.27066183077895, 16.875399947049956], [82.26562499959422, 16.885323643871132], [82.25995791002967, 16.888210415478397], [82.25062167644936, 16.909355878870755], [82.24907255195686, 16.929979443196757], [82.25503122780898, 16.936655760055302], [82.2718131545536, 16.940381645896323], [82.27370834356535, 16.94799160922541], [82.2692141534105, 16.951514243787415], [82.27255475529776, 16.96635377430728], [82.27597785019773, 16.97123563251847], [82.28326702085647, 16.970939517245014], [82.28355026233484, 16.97676205642381], [82.27646386631446, 16.981298804296472], [82.2783498768454, 16.989942550908097], [82.28595614396093, 17.009902477617317], [82.29580390472645, 17.029525160357977], [82.30251681769701, 17.039978146874063], [82.33164846860208, 17.0721342564908], [82.36569631113596, 17.10449206785475], [82.36967372925929, 17.106694459881453], [82.44009947770886, 17.17334353957277], [82.47788071632206, 17.204722643035595], [82.51941025278106, 17.234066247959106], [82.55280137078668, 17.256561040659562], [82.60124564157312, 17.286199927184995], [82.65264964146783, 17.31505274778617], [82.67694997785921, 17.32949054215493], [82.70250785335489, 17.343036174879657], [82.7476961610491, 17.364147662784433], [82.754093527994, 17.36803185898316], [82.83081364673248, 17.402343749664396], [82.8495959040279, 17.409568548649688], [82.86943030336587, 17.41540157752081], [82.86815011483603, 17.42129385462775], [82.87845194330268, 17.420211553820195], [82.8848774437391, 17.42668747924384], [82.90805864309206, 17.436892747502384], [82.9264986516915, 17.443571328853807], [82.94975185436468, 17.45425724967241], [82.95371091372769, 17.459495425573536], [82.97145795781861, 17.464902400625405], [82.99449181584467, 17.474248647257312], [82.99453854551754, 17.479727863949762], [83.00548124346469, 17.48782360597471], [83.00686812396489, 17.497991442651056], [83.01334702974177, 17.503126740606646], [83.03401911249213, 17.513718962859897], [83.06605041059814, 17.525025010296034], [83.07212150080673, 17.52912425957703], [83.08836340894428, 17.533483505559445], [83.09149491755645, 17.53861105405697], [83.11074852932134, 17.546287417030783], [83.16281175655749, 17.561441540294936], [83.16882324239887, 17.566094160417265], [83.17246580155566, 17.573353767662297], [83.2080533508815, 17.59037315859443], [83.21302831140761, 17.59086501580788], [83.21795892726269, 17.599815726214857], [83.23795700051525, 17.611437678506064], [83.23290073857837, 17.615712166083654], [83.23252594431696, 17.622252464080077], [83.24122965322593, 17.63397574388557], [83.25989234475597, 17.64378380767667], [83.26118755376277, 17.650387525863707], [83.27695202801377, 17.65845060361248], [83.29525840275315, 17.674899339632915], [83.29464757422627, 17.689203619751353], [83.29741466045832, 17.693621635530178], [83.30621457074588, 17.697360753995696], [83.30634927749716, 17.701626300513382], [83.31746625866097, 17.710529446676716], [83.34183692923094, 17.72269451573939], [83.34574460942625, 17.728739142497545], [83.34275817854714, 17.737291574646505], [83.34909474862386, 17.750381946269883], [83.35831034174893, 17.76058053976014], [83.38477444608398, 17.777286649159635], [83.38479661976825, 17.78334248057108], [83.39126431909321, 17.793356657283937], [83.40983653073138, 17.810082554466405], [83.41578924677637, 17.823249817225374], [83.41616797467239, 17.83349466284851], [83.4100455043966, 17.8433839084407], [83.41940140704938, 17.856994509988738], [83.43897104237985, 17.870651721599685], [83.44382917917332, 17.872533560175768], [83.44661355037519, 17.88044083127943], [83.4540181157436, 17.886747956652954], [83.4551366565315, 17.891761660872035], [83.45154762232502, 17.89992654367515], [83.47086155431734, 17.914592265820474], [83.48799586331856, 17.92523765599313], [83.50973761050241, 17.936599612482212], [83.52129685846339, 17.945645809306725], [83.52946627115156, 17.94924807523857], [83.54400324815143, 17.96358835701716], [83.54729044469835, 17.971143245864113], [83.55780112722042, 17.982000827476313], [83.55869472058495, 17.992884874337506], [83.56471574283736, 18.010676503218164], [83.58486473581891, 18.021517754041184], [83.61062145231827, 18.04246044189594], [83.63800787886063, 18.05968034297352], [83.66532433005395, 18.079357504844978], [83.6714352368468, 18.085379361668217], [83.71132814927475, 18.109449267469785], [83.75275874142287, 18.130832671690527], [83.7723841670958, 18.139787911982594], [83.78465473652696, 18.147239327533043], [83.79060435260894, 18.148293376138426], [83.83026754850866, 18.164777755888792], [83.86043691633077, 18.174756645902562], [83.8707890510739, 18.180645823046376], [83.87767434159767, 18.190064549639345], [83.89216315720407, 18.197779059156332], [83.91829955577995, 18.206300377460465], [83.9320907591812, 18.208750843876373], [83.9504053591202, 18.216816663658136], [83.97037982966552, 18.228601574902882], [84.02343750024053, 18.254185318497704], [84.06964457074051, 18.27573692831669], [84.08416533476256, 18.283670425449884], [84.08643245729215, 18.287827252925453], [84.1203297380271, 18.30790162106301], [84.13016712691152, 18.315447449240423], [84.12551832171332, 18.328524112497888], [84.1274602412972, 18.34077811281972], [84.13716995702802, 18.349509239359975], [84.15047276020985, 18.373203158399107], [84.18945395973256, 18.413772106497603], [84.2075963017281, 18.429966449492113], [84.25354492685702, 18.473328828562657], [84.28453505015247, 18.5000000000001], [84.3562730551574, 18.556639552473413], [84.35583746402781, 18.57455265548073], [84.36299240547524, 18.588276744276357], [84.37769591803234, 18.605904340413076], [84.41478240518401, 18.639601111002563], [84.43212342245815, 18.654521703713783], [84.43900275227523, 18.66388964649005], [84.44133400905733, 18.680103659456435], [84.4585433008327, 18.701575875326498], [84.46612942223513, 18.71316957451633], [84.48477530453684, 18.730049013850945], [84.49015796192057, 18.738926768555558], [84.51144587972365, 18.758052945487123], [84.53183054904073, 18.772460341871394], [84.54595923383167, 18.78581666910405], [84.55456054233522, 18.796347260817527], [84.55405032636159, 18.80371332171245], [84.5568716525049, 18.815707444942703], [84.5646909474294, 18.827535748476052], [84.5765155556484, 18.837336063708463], [84.5760524272778, 18.848411202115372], [84.58655560046068, 18.870429277689084], [84.59857416186813, 18.882095932581294], [84.61205434822969, 18.899724840828796], [84.66910600693669, 18.951405644854674], [84.66495025145295, 18.96548783739385], [84.67244005186703, 18.970565557154785], [84.68339073669316, 18.969308018950017], [84.68765783274293, 18.97259354635517], [84.740658879304, 19.0428775544556], [84.74593842042188, 19.048111438791935], [84.75583505664261, 19.063897252156508], [84.76450514799424, 19.0749443766817], [84.77520585096934, 19.095299720905473], [84.78113996993383, 19.103432059042333], [84.78239774735826, 19.110563158562996], [84.76560640291333, 19.099663257553402], [84.75752544394416, 19.098293662022897], [84.75845587264055, 19.087600827216505], [84.74927437281409, 19.08995974084938], [84.7437312601896, 19.087574243256768], [84.73906087845691, 19.09205615496768], [84.73256027743494, 19.089454054760907], [84.72284364681698, 19.089728474789396], [84.71440577480675, 19.09966075384078], [84.71106564956014, 19.10799205259123], [84.70301425490405, 19.119432926388455], [84.71058261379673, 19.122385859319962], [84.71936690825632, 19.13013255557307], [84.72105181239138, 19.136760354007237], [84.73528611626128, 19.143509864888458], [84.74414205521171, 19.144583940496545], [84.75044834601451, 19.136299729349076], [84.74349784834706, 19.122269273008612], [84.73668146118061, 19.12456727016348], [84.73156201827263, 19.10854971409816], [84.7265624999595, 19.104073643483915], [84.73160982173593, 19.097422957303735], [84.73649776026346, 19.10935473413376], [84.74606323283209, 19.117493748837475], [84.7688169475442, 19.109201550810937], [84.77659964545742, 19.109457850399508], [84.79005575157177, 19.124795913800483], [84.79584145541898, 19.1280578375992], [84.79801905133823, 19.134644866167662], [84.8089497091618, 19.15475380424475], [84.82379996769444, 19.17308974239772], [84.82878875709551, 19.177032351362], [84.84182465048733, 19.19312810887513], [84.86693644516092, 19.2193979020916], [84.8968219761534, 19.246569156841232], [84.90558290442763, 19.25269341496923], [84.93171572729906, 19.277291655385625], [84.9677467350239, 19.305150747608977], [84.99781143704834, 19.327382803373766], [85.00382327992057, 19.330107450598405], [85.03119874012978, 19.34726250156325], [85.06432294834545, 19.363968849283054], [85.04796016233169, 19.367496013730147], [85.04208290570162, 19.38076591521491], [85.0628168582115, 19.3717026708416], [85.06685435734275, 19.371758222863775], [85.08519017678535, 19.3843289617123], [85.09286212948379, 19.398132443557486], [85.10275256667765, 19.411485433406085], [85.11747145674238, 19.42530286283693], [85.14038634255567, 19.44413626187901], [85.18501412889904, 19.476255059523467], [85.22070980101657, 19.500299572966966], [85.23827660118425, 19.513775109833503], [85.25779104242272, 19.526536702806624], [85.27476990180955, 19.53987073854387], [85.2954607012505, 19.553519844565287], [85.31526076807015, 19.56433165068519], [85.3375376460456, 19.579747557603753], [85.36623525625217, 19.595696211211305], [85.41921234127662, 19.62301731100014], [85.44342470148885, 19.634133100562195], [85.45737326106715, 19.63887202772196], [85.49258005632461, 19.654247045165064], [85.52857673153099, 19.6724144215883], [85.54851245838333, 19.68170523670733], [85.57269215611822, 19.694445848497168], [85.58871567289006, 19.700935959826765], [85.630831360479, 19.7222665549576], [85.65016114751907, 19.72959113102594], [85.66019260920163, 19.731788158596743], [85.66363477692349, 19.738867640629167], [85.70524990545888, 19.754049659064563], [85.77515745195493, 19.77725255456187], [85.78177046733325, 19.782163143414394], [85.78871345476225, 19.782854318272186], [85.80840265765661, 19.79016661679603], [85.81900692003344, 19.792342543573554], [85.86571705329945, 19.80685222165276], [85.90770947890937, 19.817836403527224], [85.90568184853865, 19.82265245924367], [85.92606306086165, 19.82313287258407], [85.96059942232554, 19.8314094547826], [86.02625393906808, 19.84266340719053], [86.04521465333366, 19.847216248431167], [86.04756331469534, 19.851591944812483], [86.07250750092052, 19.856795072334748], [86.09499680955523, 19.859685063514974], [86.11984825139578, 19.867385030095136], [86.1349948644216, 19.871028662143132], [86.18545424971401, 19.88609373543767], [86.22818505739454, 19.90106952224076], [86.23565793076895, 19.90914487843348], [86.23877322640331, 19.91601991668587], [86.24788534623187, 19.911405801936297], [86.29613161058543, 19.935517668305863], [86.32168102256131, 19.94363117194112], [86.36377501490514, 19.953154444721974], [86.3648216728819, 19.95802855527367], [86.34059596043531, 19.969876169949302], [86.33826243916033, 19.975137948557503], [86.32847094537792, 19.978515624996135], [86.3217228653181, 19.984159946424427], [86.30535483355888, 20.01384937754682], [86.29864680750418, 20.017240047390374], [86.29449355573306, 20.024540066570893], [86.28572785835408, 20.02406871300076], [86.27501714232736, 20.017647623738867], [86.25514090023248, 20.018466114719445], [86.24210035824504, 20.02656674366034], [86.2231842278699, 20.025977254246953], [86.21700322611807, 20.029029368910273], [86.20666122403642, 20.04348361457724], [86.1965470310208, 20.050997853168496], [86.18667471426673, 20.053889155560142], [86.17277085818861, 20.06532216028947], [86.16673302670799, 20.086057901551044], [86.15920507885133, 20.102488040490726], [86.15303492562148, 20.108400106279902], [86.14917564424061, 20.118747234497334], [86.15252792832135, 20.1346546415985], [86.15659797211887, 20.146214842840806], [86.16348755330799, 20.15834593731529], [86.16391074638395, 20.1642949580459], [86.15839147568622, 20.17078471144538], [86.15047955508746, 20.17435610275197], [86.14071667233671, 20.173333644632095], [86.1275935177267, 20.168455958375887], [86.1216777566232, 20.168805837819235], [86.1071281432493, 20.17773425583127], [86.09198760964048, 20.18045747313397], [86.07597172271696, 20.189307928018565], [86.05877614020679, 20.195682644638396], [86.05396306484371, 20.204872131343848], [86.03913164171203, 20.204520106118082], [86.0351736543407, 20.210017561960967], [86.03497767408041, 20.216285348290228], [86.02765226344135, 20.22247755559482], [86.02402424812064, 20.239036202259058], [86.01966464510738, 20.247671246131176], [86.01303315135894, 20.253108977997016], [86.01646137239445, 20.264657258725606], [86.02359390273651, 20.27411794678585], [86.02603685891401, 20.285301208883737], [86.03503477563456, 20.295363306871167], [86.04004573782063, 20.28248322012459], [86.06191873566124, 20.268020153007683], [86.06553840617264, 20.264416217934183], [86.07323312790666, 20.24947202161661], [86.09266161913857, 20.239132523247406], [86.0990221498524, 20.23911106542343], [86.12487983683505, 20.226558804944943], [86.12969112434601, 20.222407102705688], [86.14378798033104, 20.22206854842483], [86.15062820942447, 20.213867068610426], [86.14566194983914, 20.199406742627133], [86.14650261360484, 20.189910053806017], [86.15069627731137, 20.17867517511928], [86.16527783910104, 20.170168281041413], [86.16657507428036, 20.159681319936993], [86.16336500629009, 20.147459507250574], [86.15511345851937, 20.132715344437685], [86.1505454780914, 20.118829846220507], [86.16670644274822, 20.095077752736188], [86.16867971449724, 20.083533168221265], [86.17652451959103, 20.06484043573758], [86.1852438452274, 20.057485342074926], [86.19461774871016, 20.057150125178197], [86.20521330834757, 20.051239251890053], [86.21291530110031, 20.038365006240127], [86.22916281201427, 20.027675032177115], [86.24195873750577, 20.030830740646223], [86.2468620535411, 20.050896167724062], [86.25049614917796, 20.05562591550364], [86.26631104931559, 20.062790870902035], [86.27395987504829, 20.061633467710436], [86.27841591865982, 20.055637717306894], [86.28708827540365, 20.049800276361793], [86.29206180600764, 20.053695201472408], [86.30218637000505, 20.045809268582957], [86.31590914758917, 20.03999495550289], [86.32530057436205, 20.033364653356102], [86.32982623539252, 20.01887452563895], [86.3364039658704, 20.010438680700616], [86.34011197049111, 19.99735796419874], [86.33933162695305, 19.990094899959715], [86.34718155818237, 19.982187152215374], [86.36782324294833, 19.97941982766301], [86.37547445278383, 19.98064744452398], [86.38335645203878, 19.976004361712057], [86.39153182543342, 19.981650233571514], [86.41090142725918, 19.999782800835646], [86.41254925684288, 20.00995802903992], [86.40732777145953, 20.019427061010077], [86.41639101493345, 20.034672379127073], [86.41453874067051, 20.040733814214263], [86.4181996585875, 20.04565441611851], [86.42699182031632, 20.04950594894052], [86.43080234495241, 20.0588370563851], [86.43701684465177, 20.060890555754668], [86.44390010810363, 20.070021629694565], [86.45642364063852, 20.08044373978686], [86.47548151046342, 20.100129604397807], [86.47744262247917, 20.110200524734495], [86.49383604569707, 20.123563170603973], [86.49970138091416, 20.138875603326454], [86.50374960895735, 20.14160788039942], [86.50905191911087, 20.152431130392443], [86.52238166328314, 20.171177506536765], [86.53834402525669, 20.185809612024002], [86.52930235831727, 20.18580174475477], [86.52397251092273, 20.178877115186793], [86.51417291155067, 20.173705935180806], [86.50367414954238, 20.164192914671332], [86.5020116565129, 20.15852391764477], [86.49509704089584, 20.15412402140649], [86.49502527679513, 20.146456241562362], [86.48469305034408, 20.144621729809103], [86.49100995044896, 20.156913638353814], [86.48820364478254, 20.16665947445523], [86.48233091803755, 20.171133041356853], [86.49254047876016, 20.173299551333344], [86.49374425369447, 20.18140482886986], [86.51092791569081, 20.177796840551792], [86.5181313755626, 20.187191247678072], [86.52432143708481, 20.19012641899917], [86.55405235303371, 20.20999944242044], [86.56022965947128, 20.209357738368936], [86.57490468060664, 20.218134641300765], [86.58269023926314, 20.218352556025707], [86.5910046100748, 20.22438931461525], [86.59752535860858, 20.225632548203578], [86.61785960203915, 20.237136840392964], [86.63737893109274, 20.245506048265554], [86.66701865218917, 20.25588881931364], [86.67582774185686, 20.26622164291456], [86.69391334022853, 20.2771947379469], [86.71738064270264, 20.286842465207627], [86.7170753480489, 20.292541146157077], [86.70357847206893, 20.291389941992264], [86.6886068581201, 20.297179341153765], [86.68391907180788, 20.307234048512555], [86.66503095621371, 20.321668028856493], [86.64835727187065, 20.327816367231634], [86.6375017164311, 20.32759642633414], [86.61974596960093, 20.33196306204573], [86.6080287692125, 20.339213252489742], [86.59450793259518, 20.33315443982562], [86.5842843055764, 20.33574795690282], [86.5917154549044, 20.341209411984863], [86.6103346345358, 20.34197175469285], [86.60608756548888, 20.349813580332523], [86.59499776363603, 20.359323978418928], [86.59207665951035, 20.364317655635375], [86.5914812084911, 20.382672667509695], [86.59385216224754, 20.393592953452043], [86.58849263182967, 20.399995923173407], [86.57577204704236, 20.404061913726366], [86.56321096421479, 20.391815423642925], [86.52337133841664, 20.39062500004377], [86.51542711237138, 20.398746370948345], [86.5072964433763, 20.39062500004377], [86.49893259995955, 20.388465165734942], [86.49271035170139, 20.392803310924165], [86.49805247753997, 20.403737067811505], [86.4886914487515, 20.410406112751957], [86.47597515552908, 20.408933400955732], [86.46577107887228, 20.413532853158728], [86.45728576222828, 20.422851442939788], [86.45616435979744, 20.43041241210318], [86.45107710362558, 20.435845851504865], [86.42207860904071, 20.451792359329943], [86.41139006579894, 20.44704580322133], [86.3985301256649, 20.449834823918025], [86.39286291559122, 20.443388819838276], [86.38289690027185, 20.44484925229122], [86.38144624255008, 20.454767942586614], [86.37426543210407, 20.45456445208785], [86.36058485520707, 20.461012959880208], [86.3535909652509, 20.455458640803727], [86.34855830692047, 20.45593333265728], [86.34526443470602, 20.461385607459846], [86.34126305594535, 20.460957049928], [86.34051716363635, 20.455620646475722], [86.33597087845337, 20.452916979535075], [86.32883596400862, 20.453403949832506], [86.30822432019633, 20.462641120391424], [86.30587005605841, 20.466502547554597], [86.29551613346294, 20.470338463649227], [86.28920364363339, 20.470018863479794], [86.27976655917942, 20.46500420597934], [86.25492501257938, 20.46241545710774], [86.23113524919248, 20.453046560150653], [86.21776711925722, 20.452499866775554], [86.19961094838672, 20.44902694223967], [86.19133615493976, 20.452991604379065], [86.18088793752841, 20.453932523667163], [86.17176854578187, 20.449405312205442], [86.15828073047138, 20.450710058522475], [86.15120434750278, 20.458202958000243], [86.13555204838846, 20.46061646947456], [86.12967681883023, 20.454560637163752], [86.11394214631312, 20.45761990503459], [86.09343850568254, 20.466747641590445], [86.0823329683918, 20.462685465961584], [86.06984102724167, 20.463005662381534], [86.06665205914524, 20.45657753952193], [86.05407547920012, 20.451171756071716], [86.04155385502642, 20.439657806962288], [86.03207254371299, 20.439389347640315], [86.02372026467859, 20.43636035904339], [86.01647615455099, 20.446415543942265], [86.01128196718909, 20.447540044537476], [85.99992346769389, 20.442874550620047], [85.98349595027801, 20.44560575480179], [85.97685360890696, 20.45453333824301], [85.96656084021075, 20.46062850959811], [85.94870281258486, 20.46587920226341], [85.93851017980111, 20.46543777003717], [85.93359446481278, 20.471946955087958], [85.9243470428818, 20.477686643324034], [85.92302596577574, 20.48330545458313], [85.91198670851995, 20.493645071662826], [85.94215452681007, 20.484201550761014], [85.95905137072432, 20.472507357728432], [85.96724867858367, 20.47106802427004], [85.98157513148723, 20.46324932559594], [85.9834622149094, 20.45879960062115], [85.99729514145778, 20.45402753344399], [85.99990725561545, 20.445654153616346], [86.01001095803943, 20.452773452233117], [86.01864266362813, 20.45067787178644], [86.03042614495078, 20.442398667164838], [86.04339063127273, 20.446764349595156], [86.06211495424182, 20.466570020090444], [86.0829733612317, 20.46794617167859], [86.09174323056564, 20.470066905263593], [86.10224556917782, 20.465847611777974], [86.11329114417097, 20.463998317868146], [86.121147513647, 20.45710897409998], [86.1425509448703, 20.463500618658657], [86.15388131177323, 20.460765123811484], [86.17195916158616, 20.45207595783924], [86.1827498678123, 20.456502438037177], [86.2073624137445, 20.451801419100292], [86.21446454520273, 20.455057143872125], [86.22792184381811, 20.45479905643137], [86.24422395257338, 20.46000576055752], [86.25469172034676, 20.465631604515067], [86.27265226798787, 20.466275453449498], [86.289244413499, 20.472377062151793], [86.31186854849486, 20.46850276029423], [86.31666815291302, 20.47088551495466], [86.34091174568064, 20.471509933136957], [86.34833252402686, 20.47009336961341], [86.35265064221343, 20.464285731301544], [86.36894690987211, 20.46755623822986], [86.38515245931868, 20.461269379078715], [86.3925234080289, 20.46046674224644], [86.40089011218905, 20.45516324049126], [86.41570591949275, 20.45570647687245], [86.42558026331861, 20.452065825177755], [86.43679833367625, 20.44516730292878], [86.4496951100414, 20.439702630072418], [86.45696461162768, 20.43149185216737], [86.46199095222076, 20.420717000988873], [86.46995615944931, 20.41296637020193], [86.4832018610771, 20.413713931652723], [86.49920535084638, 20.40744674247327], [86.50639593602372, 20.40963494769474], [86.51664125918691, 20.41816616034012], [86.53073966470387, 20.41443300258112], [86.54864966864736, 20.41592860212336], [86.55956316021175, 20.411580442983166], [86.56979143582615, 20.410945057568483], [86.57528507674496, 20.40600717069441], [86.59027755226734, 20.402963280331193], [86.59742975258112, 20.396377444263663], [86.60151267017366, 20.386424780279413], [86.59598445931542, 20.37676954278021], [86.59597122669092, 20.365040660198332], [86.61223304312054, 20.347767829521814], [86.6171256302438, 20.337998867353917], [86.62699282176143, 20.3334263561415], [86.64139544994023, 20.332641601428804], [86.64915347135573, 20.335020661674235], [86.66125822109004, 20.334370255782773], [86.67497217632493, 20.327471613923876], [86.68627512469729, 20.31407582803709], [86.69227874237023, 20.302315831610372], [86.69912505177987, 20.297874450545493], [86.70809864993285, 20.29759716977364], [86.7212773565648, 20.30605232675353], [86.73329937496621, 20.307263851145905], [86.75137925185115, 20.321421146069127], [86.76918315917547, 20.331241249983776], [86.78945934777082, 20.359240174194724], [86.78861653822278, 20.370145917200375], [86.7846714255459, 20.377249956120608], [86.7794121506503, 20.379958867907504], [86.78157281863074, 20.387760043291394], [86.77686631652742, 20.394204974480033], [86.76882147792892, 20.39808654825569], [86.75846934318574, 20.396317720286618], [86.74468505377237, 20.40588974981216], [86.73281037849623, 20.40281415025285], [86.73373973340213, 20.41801440693942], [86.7321201560205, 20.435059666870245], [86.73328137413623, 20.454719305451675], [86.73826634861317, 20.468955755104076], [86.74390387566339, 20.4689176085609], [86.75047123426017, 20.484822154019213], [86.75312387906379, 20.497130036322147], [86.74990975872842, 20.51655042196444], [86.74019300939997, 20.51731765248772], [86.72731471050557, 20.534202456278422], [86.7287935017188, 20.544555425592534], [86.71776175470129, 20.55239951572517], [86.7082319258628, 20.566406249748724], [86.71073257894537, 20.572994351208393], [86.7094209195399, 20.582999229830676], [86.7122129205899, 20.594650507215164], [86.72324287885593, 20.596572280186678], [86.7302434444795, 20.604558110668393], [86.72483837599034, 20.613430500017643], [86.72547662214842, 20.62107992200086], [86.73324930701003, 20.64251732871179], [86.74617242811516, 20.651067018827945], [86.7437256579129, 20.660406828112656], [86.73246192897497, 20.663037061810968], [86.72752714116476, 20.660519122859313], [86.71838653081383, 20.65029633041138], [86.71226847171263, 20.63940465460115], [86.70495045170205, 20.635331630450395], [86.69777154961733, 20.636366009983448], [86.68853223327599, 20.642791747840988], [86.6820305584636, 20.64338290729546], [86.67589676392456, 20.63622295842282], [86.67111551736738, 20.608349799903408], [86.66289603672274, 20.603977680125894], [86.65274631958701, 20.60767138013017], [86.63732445196203, 20.60878717888525], [86.61538851237, 20.607950568364117], [86.6113264563509, 20.603141307925085], [86.62087941125597, 20.59155666850552], [86.62301933727261, 20.585786700096207], [86.61660265918553, 20.574337005748305], [86.60737133062244, 20.567099571288196], [86.59983146225218, 20.566264748619346], [86.59555792795615, 20.575694322834835], [86.59395205983978, 20.589011072702903], [86.58675587188608, 20.60117566602426], [86.57503473786298, 20.610476970835606], [86.56922531169883, 20.612752556885084], [86.56370151021659, 20.619989156774267], [86.55782628065842, 20.623293757001335], [86.54831945917587, 20.623021125724478], [86.54284834897223, 20.6028025153239], [86.53784012791968, 20.599821448001478], [86.52978622955092, 20.59971654388346], [86.52205562576668, 20.61304783848709], [86.5145523544077, 20.615626216376853], [86.49551630033713, 20.616285920358962], [86.46895635165444, 20.6038614508453], [86.4499632123325, 20.60103392567521], [86.43815922736653, 20.606268048331856], [86.42515814313387, 20.61969840505742], [86.41868007192792, 20.623654246646225], [86.40676534174727, 20.62604606107692], [86.39528405691377, 20.61613082867484], [86.39116394516006, 20.609083175448234], [86.37938356380059, 20.5977566243688], [86.36731612693782, 20.596167921612334], [86.35691964662456, 20.60430550549472], [86.34612071519896, 20.607352852851932], [86.33207213841857, 20.606033563598174], [86.32501494878099, 20.611116528205343], [86.3237348798609, 20.62163746389794], [86.3203840257024, 20.6255090237226], [86.29771983580193, 20.637585401645055], [86.298187017417, 20.64171183113612], [86.32174527642351, 20.62864720800232], [86.32566213599878, 20.624015569962637], [86.32837915427464, 20.609202503792602], [86.33577871311721, 20.607493758630085], [86.3448349238927, 20.609903455180387], [86.35641086057288, 20.607283830784212], [86.36746764201823, 20.599367618620732], [86.37800455056967, 20.598529457668462], [86.38260853265777, 20.605634927410023], [86.39161396051597, 20.61254060286666], [86.40194070380053, 20.624198317598342], [86.40329527885419, 20.630050659410472], [86.4215189222605, 20.625512838646614], [86.44162154170087, 20.60834014388263], [86.45088267289711, 20.60298895827387], [86.46649372550505, 20.604977369210303], [86.49203252817867, 20.61807155575781], [86.51207590118193, 20.619542956342457], [86.52260613406591, 20.615784049194616], [86.5297160149822, 20.602795958366784], [86.53409421417675, 20.599974512613755], [86.54214286769925, 20.60509264431016], [86.54399239992946, 20.619235157976192], [86.54866695361707, 20.62452924293035], [86.55510687827987, 20.624985456413782], [86.56449782841221, 20.62231624160131], [86.57120430493481, 20.614445924539893], [86.58854222314508, 20.60172712760493], [86.59726047499103, 20.588867067860917], [86.59870290751334, 20.570737362239527], [86.6054400203407, 20.56772720814419], [86.61264967923947, 20.57338225848457], [86.6202651266344, 20.589379429617026], [86.60994815808115, 20.599846959069936], [86.60938096016335, 20.608458757265936], [86.62818074254736, 20.611019372646012], [86.65964615304759, 20.6094031335478], [86.67170357685873, 20.62286877607329], [86.67316246067904, 20.64081442374666], [86.68342375760048, 20.645295858816894], [86.6985951658344, 20.640138148856522], [86.70898771251294, 20.639025330454672], [86.71682262416485, 20.654714941541442], [86.73093986508272, 20.664476752300374], [86.74484550991238, 20.664567828442557], [86.73618233164936, 20.672132253700653], [86.71663594289456, 20.6763688321559], [86.69903206817557, 20.682005047994664], [86.68971204757301, 20.682497620169073], [86.68900001024232, 20.688670516331314], [86.68145525495609, 20.69873142271709], [86.67166757609786, 20.700583457760445], [86.64576315854302, 20.691517352643785], [86.62574481996754, 20.685576319691506], [86.61472642428518, 20.68782222271747], [86.60224735693006, 20.697801351950915], [86.59601438065923, 20.700538039299204], [86.58810555912439, 20.691105127699558], [86.58445954297363, 20.690210342733167], [86.57780110823458, 20.694526075917764], [86.57663702937552, 20.69693851450097], [86.57718455822081, 20.70092010457924], [86.58059203639348, 20.704657316482013], [86.56691074363604, 20.71786093703261], [86.5572775602113, 20.717883467747868], [86.54724454899687, 20.70627844339552], [86.54452621950955, 20.69515371367305], [86.5372816327413, 20.692550777996075], [86.52925074082904, 20.69486820680237], [86.52472484147827, 20.68934345203874], [86.51905262487875, 20.698363900373778], [86.51275396302506, 20.694824457482724], [86.51186227802188, 20.686451077655164], [86.5003379579305, 20.68495726596518], [86.48774492758648, 20.678321361941386], [86.48035335562301, 20.679466128758918], [86.46904385119288, 20.687984823740692], [86.45862460094472, 20.685907245023373], [86.44971454169288, 20.68164920784477], [86.43980181210398, 20.687148451539855], [86.42851233467658, 20.684460759256723], [86.42067754263454, 20.690682649584744], [86.42718982674924, 20.70461297001259], [86.41987562166267, 20.71363294080757], [86.41013205095348, 20.717681050140385], [86.39993464906487, 20.718499302800694], [86.39267694928193, 20.72533404782814], [86.39123344386846, 20.734218716520616], [86.37935912652259, 20.731658577781218], [86.36682295761344, 20.74083936174725], [86.35007691381858, 20.742187500352884], [86.3301365374713, 20.756059050984504], [86.3286216258874, 20.759645819798834], [86.33034932606071, 20.767593622447805], [86.32751071494764, 20.77370452924066], [86.31806397447295, 20.77458310122924], [86.31329631847044, 20.776505350841347], [86.30444753182817, 20.785046457827832], [86.29913735350621, 20.794296503081227], [86.28901827357456, 20.788105726598133], [86.28571927522441, 20.79036498095914], [86.28171050583532, 20.802279353209713], [86.27019298102138, 20.80650305786986], [86.26891744108715, 20.822298645965873], [86.2652677296222, 20.828240156458094], [86.24848794955935, 20.833634257714948], [86.23083841805871, 20.827081442055004], [86.22632586914355, 20.82394742973014], [86.21983420828215, 20.824203967639107], [86.21580004653507, 20.83664727255365], [86.20700562031325, 20.846783042103795], [86.19438195186572, 20.856518149293237], [86.19060695134979, 20.86534166318725], [86.17899215226603, 20.85319030249059], [86.16104793541396, 20.854265570599637], [86.15320503688301, 20.864931941056284], [86.14564263779758, 20.868595958037133], [86.14087176312145, 20.88062477081658], [86.1371703145584, 20.881511210973656], [86.12959194171484, 20.878509521297474], [86.10944485619521, 20.888883948435534], [86.09852170950936, 20.89008545887691], [86.09055364153747, 20.883969545558188], [86.08298003689927, 20.882004022367767], [86.07591235667005, 20.88505864164307], [86.06068813844698, 20.88542461355513], [86.05601584925213, 20.878476619600377], [86.03656554226612, 20.876674056262743], [86.02950251063245, 20.883854150848492], [86.02377867654477, 20.88294363044426], [86.00764215006521, 20.888311147741376], [85.98734593356815, 20.886211753269862], [85.98249232755896, 20.878951430164477], [85.96897637875699, 20.866064548140486], [85.95640325580578, 20.84644365325201], [85.9491235019481, 20.84294331108498], [85.9231512548267, 20.842868447021317], [85.91420495469495, 20.836804032480188], [85.89351725611655, 20.840078353433313], [85.87235844138903, 20.849141478196714], [85.85455930227002, 20.860709070966948], [85.84282815429603, 20.857409357655825], [85.82757008109448, 20.857493758130516], [85.80967545465856, 20.861312270544886], [85.8081308600513, 20.86596167109431], [85.78599154957047, 20.877629041846888], [85.76685643157921, 20.87060964082235], [85.75983762770451, 20.874467849311856], [85.75300467052912, 20.86599910267651], [85.74254846533952, 20.864478945347173], [85.73714482767181, 20.867503047028066], [85.72638785861292, 20.856047510684107], [85.72316086268378, 20.8482275007986], [85.7127459048996, 20.84492647627596], [85.70453035788987, 20.83671295633792], [85.6987812519533, 20.824527144412258], [85.69121551548366, 20.82197117762783], [85.67914235623479, 20.822172165313248], [85.66937696977149, 20.82596301997748], [85.65999305233763, 20.820918202812834], [85.65107727069957, 20.82035112360552], [85.64280295389321, 20.81622326329301], [85.63979494558029, 20.810156464649197], [85.62624442593952, 20.806036472505212], [85.62130045874929, 20.790084719834], [85.61089205702294, 20.78441655647896], [85.60972023050428, 20.76432156598753], [85.6114056112801, 20.7545597552286], [85.60566222683039, 20.748980760553735], [85.59855484962671, 20.74947416819836], [85.59397363657408, 20.74528622597859], [85.575855255216, 20.74082195716761], [85.56305241573656, 20.744948148338494], [85.54738080458057, 20.743327259745257], [85.51974034294258, 20.746077179718156], [85.50870227818766, 20.751391649604983], [85.50145029989156, 20.759749531415792], [85.49578297110733, 20.759760856578396], [85.48770773452438, 20.768102645920436], [85.47927975685545, 20.77117514641597], [85.44863843921271, 20.771763444227673], [85.42968749967847, 20.77901780572728], [85.4212205408954, 20.787879109133712], [85.40646684167146, 20.80032670471377], [85.38216555109935, 20.80025315276086], [85.36928975591755, 20.801687121763337], [85.3591072557953, 20.807726979416657], [85.33550834653309, 20.81805014609742], [85.32865965391997, 20.818170905263116], [85.31619000426534, 20.82423233945093], [85.31299734085471, 20.832170725298795], [85.30547690413593, 20.836475252930654], [85.29886007293405, 20.844757437905457], [85.28417551538783, 20.85176062595218], [85.29202806993956, 20.873028636362505], [85.28931045541336, 20.88348793971676], [85.28066551719999, 20.888180852164652], [85.26205265530595, 20.888419747173657], [85.25618600887728, 20.895540952353173], [85.24743616564669, 20.8940496443756], [85.23990964861147, 20.905305147214875], [85.23943841465118, 20.914481401295745], [85.24171686144413, 20.9278553723276], [85.24685752385577, 20.93707895323118], [85.24190092119059, 20.942608356590455], [85.23774445074585, 20.964699744897388], [85.25138282785522, 20.971042514000942], [85.25673615924646, 20.9786863323084], [85.25462126765748, 20.98869967445043], [85.24502384667332, 21.00010406994693], [85.23266816180634, 21.0073543791014], [85.22130882774027, 21.021261215532718], [85.20761156122458, 21.0231871604592], [85.19809603700267, 21.030397653928617], [85.17146265507748, 21.041488051132774], [85.16659235944988, 21.045533538042406], [85.1569932702233, 21.070874333383813], [85.14521634585779, 21.07498371622563], [85.13447082067196, 21.073611259052484], [85.12665724723425, 21.068828940503238], [85.1122566461274, 21.067595958286887], [85.10445725949498, 21.075290441700616], [85.10231924094032, 21.092829227087293], [85.12407040582465, 21.108657956099876], [85.13408386667717, 21.12348735305889], [85.14268875088524, 21.12894666235863], [85.14552962739052, 21.13713717494076], [85.15211904006176, 21.146053552829216], [85.14601767057914, 21.154992580143585], [85.14277815788583, 21.16571092601842], [85.13635814151505, 21.17740166205715], [85.1251610514415, 21.1843222383807], [85.11805152935463, 21.18579626048907], [85.1048839095649, 21.18195116501434], [85.09697210767669, 21.18160104725058], [85.08234000218945, 21.18774116042627], [85.06428885504673, 21.19255185168663], [85.05932664870588, 21.197944164191853], [85.06040966537384, 21.213902950460863], [85.05847775974095, 21.22515690286889], [85.06336247959487, 21.224495053104306], [85.06183874566173, 21.21217894560192], [85.0623589755863, 21.19808137375645], [85.06687271610312, 21.19450461889315], [85.08907282345209, 21.188843727456117], [85.09381973749092, 21.184739232429678], [85.10153234044523, 21.184739351140223], [85.12014007530425, 21.19043171435223], [85.1239874361714, 21.189445733633733], [85.14057314433515, 21.17675626269144], [85.1518094538433, 21.160949349433054], [85.1560783386445, 21.151255130819692], [85.15230333812869, 21.130523442802712], [85.13645124472933, 21.11928081555729], [85.12890326987016, 21.107312679136896], [85.11399865181644, 21.094447374546775], [85.10956442395909, 21.084385871910484], [85.11108434206889, 21.075928807468586], [85.12197411041691, 21.07287847975809], [85.12688624880141, 21.076160430559526], [85.14455616433563, 21.07999110180799], [85.15393674348607, 21.077103853560033], [85.16058814552659, 21.068040967117042], [85.16735494137745, 21.04885435124737], [85.17262673393665, 21.045889973543524], [85.19116234766435, 21.040710806658467], [85.19600141073667, 21.03396511070136], [85.20252883403853, 21.034010052522035], [85.2067326304066, 21.028973817587683], [85.2129936214586, 21.029538154762093], [85.22717010971283, 21.020517349396215], [85.2308063511322, 21.0120537279972], [85.24015915382202, 21.008456706911602], [85.24889385696608, 21.001731514597793], [85.25138795399099, 20.995731950169414], [85.25849580783543, 20.990658164043168], [85.2599407431708, 20.983791828530116], [85.25642311603414, 20.97204566007923], [85.23959636707869, 20.960925817272766], [85.25071132206992, 20.93828165527421], [85.2456722263922, 20.923986076995902], [85.24322974685546, 20.90733015516261], [85.24903035156953, 20.897739649065585], [85.2606183292726, 20.89840376332313], [85.26401281314091, 20.89353585269751], [85.27783668081824, 20.891528844680494], [85.28688383092421, 20.888392806183163], [85.29426681975801, 20.878457427168627], [85.29747080833121, 20.866920948243234], [85.29486215116751, 20.857940911843684], [85.29701793223185, 20.849463224148536], [85.30719387539719, 20.838807463893403], [85.3155399563041, 20.834413051721043], [85.3152722119431, 20.82800221473053], [85.33132791545106, 20.82006335224196], [85.34781420266344, 20.81577360586732], [85.3650764231385, 20.806113123521868], [85.38190805900982, 20.802516579976214], [85.40340626258902, 20.804051280242476], [85.41289722902403, 20.796326756774477], [85.44474446738334, 20.77994644657133], [85.45391225794438, 20.777416229175714], [85.48139095313005, 20.77894604162657], [85.49015116734259, 20.775277018119965], [85.4968192581023, 20.76739466183423], [85.50564014867396, 20.763083815565665], [85.51757144886338, 20.751638174462215], [85.52361094948586, 20.754403471942737], [85.53344702715859, 20.751031041249632], [85.54678070586496, 20.750249623921007], [85.5539877414412, 20.746960162881265], [85.56650614694124, 20.747695445888212], [85.5782519574619, 20.745450257823222], [85.60816645651684, 20.75630295251929], [85.60524654399288, 20.773198843152187], [85.60848712957747, 20.786596536501065], [85.61412334451686, 20.790318131676486], [85.6138252021714, 20.80224716647359], [85.62770533593257, 20.811452746547104], [85.63725244974083, 20.810825944262007], [85.64157962769767, 20.822683453278813], [85.66881954658484, 20.828734755704545], [85.67674005031321, 20.82620131963526], [85.69543361646825, 20.82607936886791], [85.70250082005688, 20.84070265290518], [85.72391903433609, 20.855749249628246], [85.72867321939364, 20.866471767458222], [85.74033081541486, 20.87078475950912], [85.75277864931527, 20.868618727072686], [85.75744593108496, 20.877605318630685], [85.767704010232, 20.875308513976847], [85.77568483328847, 20.876094341580625], [85.78413355382062, 20.880392074834447], [85.80376625051215, 20.872918844429165], [85.81816494505622, 20.86135637779472], [85.8272150755154, 20.86265814285909], [85.8398617504196, 20.861078620382102], [85.85209810694212, 20.864104270695606], [85.86672186851953, 20.858508825621925], [85.88316714754583, 20.846290945670688], [85.89814376802056, 20.84576904750361], [85.90984380214982, 20.83987295637192], [85.92325007952772, 20.846789717771287], [85.95025134082684, 20.846054315154618], [85.95384585819991, 20.853462100095896], [85.96082115197467, 20.859224319047144], [85.96893692010289, 20.869838118734265], [85.96962535382713, 20.87601375603012], [85.98402321380038, 20.88927555102589], [85.99315500270134, 20.891267418956318], [86.0081926583646, 20.89003825166401], [86.01930785167613, 20.886340260094954], [86.02805995939977, 20.88662695856729], [86.03755390618792, 20.881767749781915], [86.04765582075962, 20.879472375050113], [86.05440294753808, 20.88058722052392], [86.05983364580615, 20.88705635067015], [86.07508981244504, 20.88881385347665], [86.0822341445901, 20.884668946514722], [86.09685051463961, 20.892299056456352], [86.1123681070026, 20.889777302580512], [86.12143933735567, 20.88334584233675], [86.13210356202993, 20.88070476011663], [86.13798820928858, 20.88334035917032], [86.14083266239746, 20.882081747174965], [86.14550626280388, 20.875724553845174], [86.14716923247411, 20.869816302980098], [86.15509951093381, 20.86543953460685], [86.16134715065064, 20.856149435348186], [86.17466914626416, 20.854141235729486], [86.18381464443038, 20.859540223902286], [86.18758463842042, 20.8657405376957], [86.19359672051226, 20.866566657625242], [86.19702494154794, 20.855927229058466], [86.20298862482528, 20.852419376653017], [86.21567356588244, 20.839731335632706], [86.2199400665809, 20.827885150879098], [86.22525787385186, 20.824777245873236], [86.23090791676711, 20.82920837376753], [86.24592781081995, 20.835025071849657], [86.25616836577754, 20.83478915719394], [86.26541364192613, 20.830885648953654], [86.27170777299537, 20.82084047800572], [86.27145612200243, 20.808197378806057], [86.28355836892374, 20.803350448464528], [86.285912156421, 20.793387174278763], [86.29005837459434, 20.78964042686431], [86.30010986327963, 20.795407056990143], [86.30593895941561, 20.785574674631533], [86.31709933286797, 20.77539062497746], [86.3284059765547, 20.77588820457703], [86.33376085747764, 20.77248776000215], [86.33392965752776, 20.76768124069673], [86.33011281515431, 20.759626746077544], [86.3346753124159, 20.75424456623378], [86.35139524979107, 20.744372248580476], [86.36788272860511, 20.742187500352884], [86.38022315467501, 20.73445641992788], [86.39365756554437, 20.734353303662147], [86.39401233190367, 20.7259068485223], [86.39817583594609, 20.721261143287222], [86.41029417533602, 20.719812869668317], [86.42654752734657, 20.711308359693135], [86.42892682591233, 20.701031446044425], [86.42392647302839, 20.69333064579274], [86.42922162997436, 20.68572103949441], [86.44030153748614, 20.689380646199993], [86.4518289566411, 20.682906270308223], [86.45873343959667, 20.68886196580715], [86.46638774849592, 20.69077944721377], [86.48273837567567, 20.681308149851276], [86.49022185835221, 20.680868864306717], [86.49938380691728, 20.686869740845964], [86.50977647320573, 20.687529444828073], [86.5115126368988, 20.69714105171829], [86.52009856699536, 20.699323534553542], [86.52374303361418, 20.69238495829927], [86.52906012502481, 20.69554877325737], [86.54132997949503, 20.694177746905552], [86.54587745627967, 20.705995440237473], [86.55236363397464, 20.715567708083313], [86.56116592926426, 20.72011554279817], [86.568242549654, 20.718441367575082], [86.58142125628606, 20.70809316646654], [86.5904109478071, 20.715822934780675], [86.59642994388687, 20.71764826805321], [86.60628044578604, 20.710120439806502], [86.60682594755954, 20.696568131414182], [86.61419355888566, 20.690589665980383], [86.62691295117182, 20.68836653198997], [86.63726460927435, 20.692016363064766], [86.65796482551636, 20.703116178868584], [86.67785954508204, 20.702813625348654], [86.68562936740139, 20.699748278060667], [86.69164943727182, 20.69270694257139], [86.69477462724726, 20.683284759883833], [86.70355105443767, 20.686075806753166], [86.72679865343517, 20.684487938567543], [86.74142587200654, 20.675968647335253], [86.75159144418987, 20.659715771965324], [86.75182354482078, 20.65412664372974], [86.7439687248768, 20.63634014098477], [86.74956667456254, 20.619236350477223], [86.75619304217528, 20.616079330796538], [86.76559352871848, 20.627393722142585], [86.76655030215474, 20.6443829534106], [86.7750717400688, 20.65791237315753], [86.78709173229768, 20.672066211986163], [86.78828370542877, 20.681951880075246], [86.79467534998744, 20.697583555936433], [86.80140864879021, 20.708844899872304], [86.81440734892018, 20.72082114188231], [86.81743395341434, 20.729770660687535], [86.81865715999996, 20.742187500352884], [86.81262695746815, 20.747907399906637], [86.8175015446607, 20.759354949371527], [86.82771193995413, 20.77167511011831], [86.83593750001577, 20.777622818738138], [86.85100030881725, 20.783961057956503], [86.86453485469977, 20.792083143822083], [86.88169252898697, 20.797183513908067], [86.89957773682326, 20.79259431397645], [86.92087137701256, 20.790543913670746], [86.93927645684309, 20.79009711698842], [86.95529222505624, 20.78457582011805], [86.96329975168229, 20.7914774414308], [86.96465241927373, 20.801527023553376], [86.97020387670764, 20.82330584528856], [86.96571815007272, 20.83716821654008], [86.95914077752494, 20.864011049670296], [86.9469572309915, 20.880998850116896], [86.93866634327728, 20.896649956730215], [86.93889927847906, 20.90025114977078], [86.93032455483436, 20.917968750057867], [86.9228891130422, 20.928542136910153], [86.9124825000674, 20.953577637597988], [86.91029882473109, 20.965537547919553], [86.89802825440043, 20.998253703145906], [86.88877487176305, 21.016321420297373], [86.8709155320262, 21.03874862175155], [86.86606585965185, 21.046970009858114], [86.85835385294811, 21.054827213005524], [86.85591852661881, 21.06316721449548], [86.83658730965678, 21.099843859906343], [86.82335376776231, 21.138128757536265], [86.82580423327883, 21.15196871768228], [86.82815861702662, 21.17665684263926], [86.8185130355482, 21.178108930283003], [86.82255220382129, 21.193318843889642], [86.82997453169938, 21.20405054109972], [86.83910155329417, 21.209121465583223], [86.8436217311581, 21.219896555082016], [86.84436643096612, 21.233105659698538], [86.85920918015958, 21.261600256047018], [86.86828887493178, 21.276085734269287], [86.88361704309213, 21.29477751257221], [86.89021885381717, 21.307086109836206], [86.89284884919519, 21.317049503631722], [86.896389841618, 21.317515969386534], [86.907767176514, 21.327977657742792], [86.91152894530475, 21.33438193777627], [86.92457675921017, 21.347237705955422], [86.94222927106412, 21.367936372665554], [86.94724106782118, 21.37526190291453], [86.97514855885893, 21.40245687998106], [86.98054873953285, 21.41021370889564], [87.02571904639692, 21.439508438363816], [87.0531618595322, 21.462340354523832], [87.06359112283215, 21.46430397025216], [87.06136715427087, 21.4732990262292], [87.07397961626637, 21.47127592574347], [87.08784556412152, 21.482700943593755], [87.11134195336851, 21.50488424261377], [87.11322414897543, 21.51633727524512], [87.12050545236482, 21.52099823927736], [87.13055646440941, 21.513235569266214], [87.1427315474231, 21.52059555074419], [87.16588282543213, 21.5320489404063], [87.19946014896684, 21.543391824073467], [87.19963431347296, 21.54743194562792], [87.21302485451352, 21.54662454148945], [87.22335851178602, 21.549357533523363], [87.25183570355503, 21.552672147701514], [87.3042378430022, 21.555524468079824], [87.31742525057498, 21.554129362380223], [87.33301270047585, 21.55437970126229], [87.3511129613942, 21.551430701965444], [87.36398267715893, 21.55300080764124], [87.37440085451593, 21.54661870039277], [87.3842897412787, 21.549195766171778], [87.37704300872795, 21.5549184086577], [87.36418163777242, 21.556113243431497], [87.35462951653906, 21.564387321917394], [87.33664333821955, 21.575756669035115], [87.32939064496239, 21.57669746871329], [87.31127703180968, 21.570106148579924], [87.30261993386299, 21.57377886740082], [87.2988923788802, 21.582430243860756], [87.3016197681379, 21.59671175494364], [87.30967283283505, 21.605716705261784], [87.32971525165769, 21.60689330088519], [87.33611667184707, 21.613171577806128], [87.3426841500536, 21.62878560986809], [87.34298431857152, 21.635714054360164], [87.33640754227437, 21.648408055187616], [87.32015252112197, 21.653869747690777], [87.30473327592009, 21.662144303716644], [87.300199746721, 21.667088151297207], [87.30068290209434, 21.672869801899935], [87.30841720119301, 21.6801114083149], [87.30717206014256, 21.69101977374362], [87.30047225928749, 21.688911318602578], [87.29210925134097, 21.68028020836502], [87.28484225256798, 21.67808914150072], [87.27923846268496, 21.683564901199276], [87.26498925704865, 21.68762636186716], [87.24760663533809, 21.684503078454355], [87.23663306276578, 21.68808340992149], [87.23081076100797, 21.69786345983087], [87.23027718064739, 21.706873654995263], [87.22370052306078, 21.713418722096435], [87.21047663718716, 21.712641119692023], [87.19753873392554, 21.71670627567417], [87.19461524479786, 21.721965074828432], [87.21088564435715, 21.739833354725647], [87.2063200471326, 21.749356150865708], [87.17416465247678, 21.749749541308347], [87.16948521097387, 21.75244534008047], [87.16362285610998, 21.76253533323913], [87.15901041050213, 21.77501153985071], [87.16326534771778, 21.788369655835083], [87.17005860791855, 21.794265032005683], [87.18449771439796, 21.79687500038108], [87.19005143632486, 21.793836236153453], [87.20263791061123, 21.794673204604777], [87.2095369104002, 21.803366064991934], [87.21107161066644, 21.81825470928743], [87.20802760159265, 21.836443543534813], [87.21049344551616, 21.845121503055026], [87.21825265853337, 21.855674147943603], [87.22526335681854, 21.858846545132025], [87.24012625172529, 21.85666704175071], [87.2456599475486, 21.857900857638555], [87.24976527714588, 21.868719458136496], [87.24784004718057, 21.880717157970565], [87.23325931996172, 21.900382757258512], [87.24041676512164, 21.916176677111963], [87.24484384067082, 21.9186991450496], [87.23936676976078, 21.935639739182704], [87.23273861429576, 21.941339850054106], [87.22532880318184, 21.958965659237833], [87.21880507429486, 21.965219616692053], [87.21043705982257, 21.99156856553688], [87.20568370843657, 21.99976170054208], [87.20588207279954, 22.010657429596733], [87.20317971707041, 22.013197541333483], [87.20520424837744, 22.03196835475586], [87.2103359697293, 22.023261428072487], [87.21478140313931, 22.00677394835907], [87.21847057325849, 22.004191160193955], [87.22124886504318, 21.992573857397673], [87.22825837172664, 21.98258936370823], [87.22881984725822, 21.968450307935484], [87.23460960345048, 21.960256576679768], [87.2397620676654, 21.942915916436476], [87.25190210319957, 21.926604747910858], [87.25207161911001, 21.91951096036263], [87.2418801788273, 21.90801334384085], [87.24335050562135, 21.89083063602513], [87.25241315374413, 21.882240533973516], [87.25516331203724, 21.87252283136371], [87.25227630121046, 21.861493348839076], [87.24048054234319, 21.853029966659733], [87.22581517722872, 21.85554313650664], [87.21403801454275, 21.845301508657798], [87.21006774872771, 21.835110664625518], [87.21036910974678, 21.828322649270916], [87.21721565747677, 21.815753459954266], [87.21700155767579, 21.802382469275614], [87.2029397491701, 21.791604757353753], [87.17715060671529, 21.788474916983944], [87.1666845080837, 21.78290104844467], [87.16325962533156, 21.772722959497116], [87.16501486274572, 21.76526546452959], [87.18617284290244, 21.752542615249524], [87.21342694769558, 21.75310206370935], [87.21779084227356, 21.742335319919135], [87.21400606612721, 21.735523819668543], [87.20331442382175, 21.726772546515832], [87.20316827319735, 21.720049142953684], [87.2078777547546, 21.71629261990853], [87.22735023542518, 21.715093255249627], [87.23616302040713, 21.698551773945297], [87.24145305121735, 21.692945718670103], [87.25403916847293, 21.689981580185844], [87.2615596051917, 21.69133365152686], [87.27956926840707, 21.68697142609051], [87.28660047033557, 21.686973333552515], [87.30533194561283, 21.694564342770263], [87.31123244791925, 21.693732261234942], [87.31443071320697, 21.68129825620963], [87.30700826661823, 21.671353221174314], [87.31465375406756, 21.66444265880176], [87.32351100422952, 21.66152966026567], [87.34418571030236, 21.647408842744], [87.34743130241279, 21.62811076669857], [87.34207546730912, 21.61765694651092], [87.33137762507741, 21.605635404750217], [87.31682062107492, 21.600392937284283], [87.30858826663527, 21.59189414969532], [87.31379735486419, 21.582407474825203], [87.32153034185185, 21.580149412065765], [87.33616304358966, 21.580404758372993], [87.35731625554084, 21.57219862906348], [87.37175834147436, 21.56866776930221], [87.37553775316493, 21.571380615622957], [87.38491821270551, 21.567508578258355], [87.39600372299347, 21.558909178116153], [87.402671575433, 21.55628991165011], [87.40767276288781, 21.55946314340943], [87.41962170597711, 21.573963165467774], [87.42176091703286, 21.573275923345278], [87.43970870958938, 21.586744904154074], [87.45172011868854, 21.594058870920264], [87.45306074615652, 21.59829783437766], [87.46572887888468, 21.60679185376108], [87.47717177885463, 21.606863856182088], [87.50223851209776, 21.616593718525365], [87.52660715559588, 21.622442245413396], [87.54575550531248, 21.629207968373066], [87.55297017073693, 21.6359505652664], [87.56282842119478, 21.63317620711635], [87.6294368506303, 21.646551847290027], [87.63739693172315, 21.655350804296233], [87.64458584775869, 21.650002121500705], [87.65323400464573, 21.648746013217988], [87.68167603022462, 21.655163050134774], [87.71092987021737, 21.665131330846293], [87.73425376410003, 21.67508006119587], [87.74992632853738, 21.687065959226686], [87.75805842835385, 21.699613452398978], [87.77707576753275, 21.693708062277352], [87.78835105905418, 21.694783925737624], [87.80431067899471, 21.702380180700914], [87.81196630000491, 21.70800781251063], [87.82482635974876, 21.72390735144316], [87.83077967204426, 21.73408114882602], [87.88464796543136, 21.775370955705114], [87.89253640203341, 21.779956102392248], [87.89698302704508, 21.79323410946671], [87.9131610392507, 21.79687500038108], [87.92200195772423, 21.802212238404167], [87.9288922547739, 21.80023825169397], [87.94022262077746, 21.820405602536624], [87.95991384984441, 21.837993979238803], [87.97168612471498, 21.850410818904265], [87.97573375740703, 21.851072073317624], [87.99165475326433, 21.884354472281103], [88.01046073467532, 21.918731928036067], [88.01204955614216, 21.926440954386607], [88.0202748778834, 21.946901679369063], [88.0327522751974, 21.972656250085947], [88.0357650517158, 21.98133206382377], [88.04618930848986, 22.000166774077428], [88.05192673223306, 22.00679075758748], [88.05214977309359, 22.014702677286778], [88.03229451218206, 22.025126457420157], [88.01805424670621, 22.04003584367925], [88.01369941189844, 22.06429207282096], [88.00794982932129, 22.07350790516577], [87.98856925936397, 22.088785052088554], [87.98180735132834, 22.09859454670098], [87.97007167346905, 22.094380021420932], [87.95373845086894, 22.097964644452844], [87.94059014312077, 22.111746549763524], [87.91457200089715, 22.12699794729747], [87.8953113555348, 22.131074070512], [87.8943661455813, 22.135276436958094], [87.91066753847613, 22.131474614162244], [87.93207681169562, 22.12124562268741], [87.94259750816863, 22.11404180488549], [87.95669436415366, 22.099919915371885], [87.96408736693846, 22.10367321974337], [87.98484337352303, 22.104838728524584], [87.99438810322849, 22.099841833533816], [87.99811041336497, 22.089783072031253], [88.0169804094185, 22.07769310445326], [88.03206205362099, 22.06365036966892], [88.03358173341039, 22.057394861783536], [88.02739405599104, 22.0470787287004], [88.03934264204938, 22.033349752089435], [88.061932802457, 22.01331734631853], [88.0834748740663, 22.021570324910613], [88.10207200052244, 22.03336191182285], [88.11350452861117, 22.042094349574597], [88.13427841641581, 22.053635954635695], [88.14879834676643, 22.05991315866541], [88.1701333521726, 22.076574206634405], [88.186471462588, 22.09505760662327], [88.19341015845211, 22.112599611582937], [88.17449593553906, 22.133509874381275], [88.1682914497907, 22.143030523839656], [88.1597224476329, 22.150743841754974], [88.14630305724037, 22.16778802879449], [88.1353931422797, 22.18468069985451], [88.10266780857253, 22.19179236862297], [88.0932079550831, 22.189693927432927], [88.09013044806184, 22.185908079294478], [88.07518637135402, 22.186749935561124], [88.06640052826177, 22.189211726240245], [88.04969382261194, 22.20502662637773], [88.03450727429137, 22.209431171211634], [88.02923333684916, 22.2074489593021], [88.02338504828148, 22.199665666037703], [88.00798904875566, 22.20165514986536], [87.98661410805468, 22.211444258645628], [87.97591710129333, 22.221138715579315], [87.97067284597514, 22.23762214204831], [87.95853364501184, 22.244170546533553], [87.94066750999767, 22.25940310956591], [87.93649423122392, 22.26893866079061], [87.93500804938205, 22.28136646768843], [87.93573594086106, 22.298170209287747], [87.93286275890924, 22.311319708637768], [87.93609285390224, 22.32603096975356], [87.94446063005412, 22.325568318023556], [87.94692695151772, 22.333039402646335], [87.94635796574758, 22.350313066994488], [87.93900275247509, 22.36086165863864], [87.94211053877049, 22.366072416009217], [87.93443107583349, 22.386277675974014], [87.92883694197135, 22.404446363608855], [87.91219770885729, 22.42156374467112], [87.89989233026697, 22.421346426196607], [87.89435946901435, 22.423609375872076], [87.87678694735976, 22.442382216366298], [87.87471842751339, 22.454548716250287], [87.88070702560887, 22.467461824303797], [87.88982844352799, 22.468231558539628], [87.89221131779814, 22.47624385337113], [87.89062500004385, 22.482700944293185], [87.88316285648077, 22.492127418545635], [87.88625514475919, 22.50690555594673], [87.89719295489104, 22.49677014342751], [87.90292513378799, 22.487859606635624], [87.9026987555433, 22.482607841079073], [87.89570963379273, 22.47139275107466], [87.88221395031363, 22.455639243156668], [87.88144886467344, 22.445393205032417], [87.88480401039683, 22.439196824873676], [87.89599406687276, 22.434223055949303], [87.90599369974959, 22.435470104461842], [87.9232721332024, 22.43465554711591], [87.92672777186934, 22.428988814582198], [87.92744171576268, 22.420061349851437], [87.94200468047168, 22.40746784196739], [87.94906175139866, 22.399505257161906], [87.95003044624818, 22.383011579320964], [87.95541763261778, 22.37037420250752], [87.95808815954095, 22.347138047383083], [87.95727956290162, 22.316764950741913], [87.96048390850567, 22.30501365705473], [87.95848464994677, 22.285275817025394], [87.98018240949071, 22.2509045602973], [87.99397313625136, 22.238292574942392], [88.02212214472135, 22.22625386692252], [88.02755296259923, 22.222128153291692], [88.0489735600818, 22.22011947613305], [88.06444644894455, 22.23571467369331], [88.07509934935555, 22.252405643905405], [88.07628297767738, 22.272062301234257], [88.0788153408553, 22.284426450520357], [88.08995521066456, 22.3054287436417], [88.08962261709027, 22.324637174366188], [88.09082102756852, 22.34375691395047], [88.08585476888263, 22.35975921121863], [88.08936214464737, 22.371587156821846], [88.10380482683146, 22.389852404664765], [88.11572325232632, 22.395603656383713], [88.13089656802222, 22.406708240393016], [88.13753223462501, 22.414760828449573], [88.12999343914592, 22.428710817949906], [88.11850535903525, 22.443494677737306], [88.11377537293524, 22.460127472604853], [88.11462581143209, 22.468035817498986], [88.12118756815184, 22.475960851112433], [88.14390170549947, 22.48236894607004], [88.16955316084986, 22.485608577473897], [88.18261194198757, 22.497543334657223], [88.19464242480817, 22.51306402698333], [88.21001815811164, 22.520323514618525], [88.22170186055254, 22.52162623386363], [88.23719775677117, 22.52772331268085], [88.23822915595085, 22.532475829496036], [88.2316483255099, 22.543418049903124], [88.2331837416364, 22.55826306358952], [88.24113035178445, 22.564174056487616], [88.25435662266014, 22.564423560798787], [88.2784935234574, 22.555868744546956], [88.29331600642863, 22.554658055624856], [88.30679106755386, 22.550748944608188], [88.31766366964266, 22.551628470777416], [88.3263992073577, 22.559548378255073], [88.33070957698553, 22.56653976449863], [88.34062290192546, 22.576017737528673], [88.34432470841872, 22.582481146187973], [88.34642863277523, 22.59345483747086], [88.3585380320047, 22.611174225610114], [88.36141073731577, 22.62183165590625], [88.35250544537004, 22.642742276634806], [88.35008990772323, 22.657325029126838], [88.35376405736545, 22.677015900263655], [88.36065292359368, 22.68875825379044], [88.36001682321793, 22.700219750840887], [88.3555753234426, 22.718605160699724], [88.35825884377076, 22.736647963932427], [88.35490942043342, 22.75074160124393], [88.33814406369768, 22.7620744709601], [88.33038580396183, 22.77526330935433], [88.32993972313986, 22.7811405659844], [88.33720147616728, 22.790397167295538], [88.34945976715463, 22.796777844621886], [88.35279262048314, 22.803776144853288], [88.35544490825603, 22.826117515910624], [88.36146891086165, 22.829746842442916], [88.36995506297583, 22.83013355721795], [88.37425482240221, 22.84050071243803], [88.36906492750447, 22.85156250040916], [88.37198805780272, 22.861002445606402], [88.38584160760425, 22.87266886217833], [88.39738714719911, 22.87950265392442], [88.40418136158073, 22.88802027691426], [88.40385603902504, 22.901865124875684], [88.39851570103892, 22.918685555194315], [88.40715157948185, 22.931906223293595], [88.40490162411075, 22.948577045993943], [88.40597474553815, 22.967185854643503], [88.40108644997983, 22.981970309782042], [88.4068421128733, 22.996588945223778], [88.42152821995151, 23.01496493828128], [88.43302595608313, 23.01427173635156], [88.44139623684694, 23.02110815052083], [88.44423937784504, 23.037217974330076], [88.45205986527068, 23.048686027438293], [88.45803832980513, 23.06702387305336], [88.46531343416771, 23.079687953436377], [88.47546350923366, 23.078559040767175], [88.47533810147232, 23.072126149702086], [88.48473596559248, 23.068953275873014], [88.49208044995291, 23.079299449909797], [88.50450205782383, 23.102457046555514], [88.51048541107295, 23.111462354803933], [88.50704085834909, 23.120622158485872], [88.50200843833878, 23.12421321886498], [88.48508715624743, 23.12720108056544], [88.47115206761393, 23.124649643666174], [88.4583555458718, 23.128141045672777], [88.44837784745985, 23.134664654949916], [88.45092523111461, 23.15134930652536], [88.44712066628577, 23.174353242308285], [88.45201635337216, 23.18096864178949], [88.46482205359504, 23.188392877129672], [88.47337985020008, 23.19771492480399], [88.47442984556105, 23.20992314783507], [88.469460964452, 23.219206571426156], [88.4558054210834, 23.222882628530584], [88.44179582631645, 23.21601855751055], [88.43225860595001, 23.213321804557694], [88.4224616290011, 23.207422852682555], [88.41042947793815, 23.20706903960459], [88.40503382714942, 23.21341907972686], [88.38098347170998, 23.220174551314585], [88.36262166455825, 23.22795617543727], [88.35330295606664, 23.240373849673517], [88.33358573929056, 23.25855994188788], [88.32907354830567, 23.266803026138803], [88.33200597759387, 23.27506244207808], [88.34515726569535, 23.286141038378332], [88.34745824320342, 23.297852278060247], [88.34628832324748, 23.3120619054327], [88.34201455153041, 23.320475340164904], [88.33626341852201, 23.325432419470673], [88.32652544968985, 23.34220957800963], [88.32692503915936, 23.350009322572305], [88.33143496475199, 23.355986117965045], [88.34202825989635, 23.353053926997234], [88.34933984255983, 23.342302442004183], [88.35552525548624, 23.337450265917113], [88.3715971710727, 23.33028602637907], [88.37738156280889, 23.33443295951355], [88.36197900812485, 23.344915628153785], [88.35576641588747, 23.350863933923506], [88.35459566136072, 23.362496852547707], [88.35882782954073, 23.376722574187482], [88.37201201933928, 23.396878957797696], [88.37678825847141, 23.406698465461915], [88.37772285912277, 23.414861559513383], [88.38258004173568, 23.422331809565435], [88.36788344406582, 23.430056452643242], [88.37155151339178, 23.442808509205435], [88.37045335753655, 23.449851512937016], [88.35366630555572, 23.47395896903126], [88.34867155544796, 23.478849529981858], [88.3485691550425, 23.486791849464396], [88.35577905136219, 23.490858673688876], [88.36357831928407, 23.4868861433809], [88.37189924705277, 23.48847794520111], [88.37408733086576, 23.503203927319447], [88.37962150602769, 23.499848604429616], [88.37572622298686, 23.488217950298264], [88.36388134944477, 23.482731223367324], [88.35442364173784, 23.487652778552956], [88.34947991376711, 23.48292565319636], [88.35823905508843, 23.472616434101184], [88.37016713660418, 23.464565753506747], [88.37594664052514, 23.457987427677693], [88.37421584128813, 23.45160865781338], [88.37529337389023, 23.43963372701495], [88.37060177355309, 23.43224465876409], [88.38300204320987, 23.428542375630144], [88.38661992586904, 23.424656152359603], [88.38077843167943, 23.410620451172946], [88.37343800056331, 23.387406707153843], [88.3682184217428, 23.38436937374763], [88.35795414446827, 23.36059212712499], [88.36253726498293, 23.349215745510378], [88.37867724935566, 23.339513540017947], [88.3814208506918, 23.332174420113517], [88.3709548707707, 23.327638864741886], [88.35126674166688, 23.335505247269396], [88.33506047725936, 23.35165894000812], [88.33030796044412, 23.350833416329095], [88.33017981064981, 23.341905713278123], [88.35020124918836, 23.315407753065443], [88.35659170124612, 23.302945256618358], [88.35012161691921, 23.291070222512786], [88.34630024466068, 23.279659628888766], [88.3327442409541, 23.27138841114632], [88.33260607720885, 23.265670419054686], [88.34886312453372, 23.248707771746325], [88.35810184462454, 23.242350816736888], [88.37015926843557, 23.227149963799803], [88.38144314308667, 23.22380185167421], [88.39019143588618, 23.22377824806776], [88.39519190748067, 23.219734549909674], [88.42160677932944, 23.210063338652247], [88.43702423577989, 23.221809149172998], [88.4491250518798, 23.22681200487017], [88.45982861559824, 23.227445006182165], [88.47311425252084, 23.222308158694602], [88.47891974415094, 23.21494722393527], [88.47915613634669, 23.202779411940412], [88.46840453174391, 23.186795235112044], [88.45274925227628, 23.17229282895093], [88.45269572732596, 23.16160142406659], [88.45521187752624, 23.155464052923833], [88.45201206180727, 23.138563155765155], [88.45314884174573, 23.13222932772132], [88.47214794177424, 23.130368471227996], [88.4958031180195, 23.13329803977271], [88.5033538340123, 23.131945848821942], [88.5136501793124, 23.117936849406163], [88.51370465754403, 23.107543826086783], [88.50680887732793, 23.099287867141413], [88.50050926219282, 23.085205316672102], [88.49162626264203, 23.069581151049306], [88.47995114333062, 23.06565630459488], [88.46527993711956, 23.074661374522833], [88.45954644701109, 23.059523701657582], [88.45668423139219, 23.034606814353054], [88.4456259013144, 23.01691603634609], [88.43307685861024, 23.009237050949196], [88.41857981690518, 23.00834166973229], [88.4121835228514, 22.999941110593852], [88.40638685267126, 22.97852075143163], [88.41203176945069, 22.95993423427754], [88.41415154975434, 22.939649343842177], [88.41153883934598, 22.929846406186783], [88.40575444671052, 22.922317028408173], [88.40336573134348, 22.91388535542481], [88.41207802338224, 22.891385316978898], [88.41183805458272, 22.88512003436219], [88.40469074208417, 22.87381672895887], [88.37887513617866, 22.862620353846324], [88.37353312995006, 22.85645115389775], [88.37294280506646, 22.849487901145835], [88.37905085111603, 22.83752155347699], [88.37877774229904, 22.83052814016162], [88.37285733259992, 22.82645761972347], [88.36131644249988, 22.82568991166022], [88.35774171380908, 22.81905245810455], [88.36004841370337, 22.80516552906593], [88.35370790999221, 22.792604446238272], [88.3369950053154, 22.784924745880318], [88.33355724786875, 22.77819132836717], [88.33994030929799, 22.767123937619658], [88.35623264332199, 22.758337855307843], [88.36395406682684, 22.751314401938203], [88.36603164644347, 22.740991473577708], [88.36199116695886, 22.73033177878864], [88.366094231164, 22.70257294208764], [88.36634111395134, 22.68286216265875], [88.35585045843206, 22.660635947990727], [88.35865056507166, 22.647500514936837], [88.36822104416595, 22.6206824779141], [88.36872851810679, 22.610969662220242], [88.36409854920882, 22.60362386664815], [88.35312020753165, 22.59653437156399], [88.34243905581789, 22.569393515698323], [88.32353341603445, 22.54998374025746], [88.30454122999387, 22.546473264529567], [88.29331314568518, 22.550518273899343], [88.26970827571645, 22.555517435181514], [88.24872362639425, 22.55879700188018], [88.24256110211334, 22.555063604901505], [88.24603557618096, 22.53386974359387], [88.24456262606444, 22.524939418119743], [88.23160886775511, 22.516255855823147], [88.2155890462976, 22.515289903006646], [88.20464444178762, 22.509733557757585], [88.18771576906764, 22.49416685071961], [88.177542567036, 22.48712325073751], [88.1700692179202, 22.478423953003073], [88.15647554431101, 22.474360942803315], [88.14263355709309, 22.474624633919717], [88.12257862060702, 22.46584677680744], [88.1231528521225, 22.45760583833882], [88.12844014179919, 22.446286559177395], [88.1449438335911, 22.426713943493723], [88.14776754383709, 22.418747544663518], [88.14414525000333, 22.40355575059749], [88.13774848020822, 22.396414160485165], [88.11175835096728, 22.382202863971088], [88.10704827315934, 22.375080227970273], [88.10322237011641, 22.356151342510486], [88.10124695258483, 22.331498146322446], [88.10458624326063, 22.31561601196944], [88.1041853425796, 22.292604446338203], [88.09975814831998, 22.281935453458487], [88.08857917778695, 22.26269626592], [88.08821523204747, 22.247411132118145], [88.08279263936893, 22.231166243627285], [88.06995117670559, 22.21646714224491], [88.0727324488436, 22.210129857207193], [88.08794045408885, 22.20849895466307], [88.09982383210425, 22.209751725561745], [88.11638021427561, 22.20923554888148], [88.13152754316175, 22.202631950304294], [88.16205906887106, 22.198606848327415], [88.17607307391327, 22.193995118579892], [88.1891355512648, 22.185354947672806], [88.2028200626959, 22.1670137646735], [88.21052360498052, 22.149413943198994], [88.21108400852026, 22.131338954129518], [88.21672224963223, 22.119371652280023], [88.22436785669132, 22.091604828699985], [88.22409594037546, 22.077565669619986], [88.22194731251855, 22.06636774497548], [88.21603274301677, 22.051138043585865], [88.21352064606108, 22.033957004911883], [88.2081325055108, 22.023051142296396], [88.19553315652999, 22.00348770599294], [88.17884695542281, 21.98196840251981], [88.17029225788153, 21.97352695480521], [88.16155660145611, 21.9690014124852], [88.15358114285547, 21.956859946129697], [88.16106283678064, 21.94496107099667], [88.17454755302722, 21.933402180965942], [88.17720532396655, 21.925488710835396], [88.17375004323, 21.911444425619806], [88.16519224662503, 21.890169739541903], [88.16353440309038, 21.879078746087345], [88.17884135264646, 21.84775126011266], [88.19197595112931, 21.833843469500607], [88.19919455018848, 21.822494149385506], [88.20905745014122, 21.80178904532829], [88.2127016784398, 21.788806200246], [88.21813881405515, 21.777115464207384], [88.21721720680873, 21.764387369181804], [88.22995734195777, 21.763385772635388], [88.2364405392996, 21.76037502318883], [88.25352680651704, 21.75756287552636], [88.26965784983005, 21.75694584887188], [88.27392733088178, 21.754711151398595], [88.27398037919116, 21.750994801968602], [88.27025234666857, 21.741581439831634], [88.26341795957134, 21.7328344582437], [88.27259373701142, 21.73099184000145], [88.27426803094497, 21.74160981164357], [88.28088164347318, 21.75172221680694], [88.28177905086264, 21.764887571204525], [88.27228426950344, 21.774933218793052], [88.26334655250147, 21.788468360926203], [88.2584452626389, 21.8007122276872], [88.25975191551865, 21.80936694153118], [88.2638982533019, 21.814075827737298], [88.27690553656137, 21.82165753796511], [88.29891574396655, 21.82665204975237], [88.30637180811257, 21.830738544848003], [88.31379806962534, 21.84515404682182], [88.31037950550981, 21.853064059958484], [88.31576216199434, 21.859056353368146], [88.3254420759911, 21.862085341964985], [88.33978760261593, 21.86058640503856], [88.34378170945834, 21.857284545945134], [88.35494947443877, 21.855460524783467], [88.35606956475871, 21.839146256294725], [88.3545991183548, 21.823257207953844], [88.36335217935968, 21.808701157232747], [88.36362314239412, 21.79851067023131], [88.38141441334463, 21.792026042967592], [88.3906966444346, 21.798678040359363], [88.39236164117696, 21.803515314680112], [88.39140677430336, 21.816704034363767], [88.38649106021435, 21.829729438063225], [88.38584911784264, 21.839395641895408], [88.39385736032895, 21.851965307852737], [88.39423072376903, 21.87290740035627], [88.39744877773907, 21.884285211893115], [88.4072550536778, 21.884795904507428], [88.41336154929613, 21.887943863518586], [88.41709935655015, 21.904046058378924], [88.42444670165403, 21.907734513537008], [88.43296754331757, 21.90292620637942], [88.44196867961094, 21.91152143456665], [88.45787417925001, 21.91778433308059], [88.46099877387448, 21.91519653838961], [88.45558035405011, 21.900263905554823], [88.46315205122627, 21.89656615230615], [88.47433292832207, 21.89568114297049], [88.47714340684277, 21.904343247443023], [88.4834783077778, 21.910053253554878], [88.50230562650361, 21.91489243533772], [88.51653814342072, 21.91331934930855], [88.49542772750769, 21.88553762396228], [88.49429082885868, 21.87848770624271], [88.52136325800805, 21.856207609593582], [88.52820384503147, 21.85335254628302], [88.53773975328713, 21.857816458063127], [88.53881597557691, 21.87087082892566], [88.54806852364354, 21.88130891367544], [88.54781711097101, 21.890117168772406], [88.53981745251357, 21.898638248756242], [88.54067122929385, 21.903904557249604], [88.544934749639, 21.90617966665829], [88.56118071102108, 21.899024963531275], [88.57027542627, 21.903120755818293], [88.57832527139428, 21.88951575794593], [88.60053384316237, 21.90524220436427], [88.61087727516625, 21.921456456550345], [88.6100710626296, 21.931687832127864], [88.61473143131062, 21.93768143674899], [88.60811805710276, 21.945708632447463], [88.59950661683703, 21.962189435594013], [88.59835732013434, 21.9684072735769], [88.60211884970525, 21.990160107602975], [88.61316060977438, 22.011666655092085], [88.6145528556298, 22.019692659188962], [88.63674783684334, 22.044571518660717], [88.62933254256293, 22.050662756381143], [88.626590251539, 22.057115078198365], [88.62592470646004, 22.0745834115952], [88.61912870422643, 22.10928845439875], [88.62590765981068, 22.128672838380908], [88.64036917649636, 22.14335215108096], [88.63841354854648, 22.154415845614892], [88.64349401034039, 22.16416692746185], [88.65433740604655, 22.176719069229705], [88.66464912885434, 22.185046910986244], [88.67110502727527, 22.196364879835386], [88.67236125426862, 22.204966545369814], [88.66622495691635, 22.208062052321907], [88.64181995382788, 22.207401752089282], [88.63351380821584, 22.211978554866505], [88.63095057041252, 22.22251117185317], [88.6338069440354, 22.228304028907928], [88.64284122034618, 22.2340266704945], [88.65728247170878, 22.250261902964553], [88.65769255177, 22.25938391713416], [88.66517877558013, 22.274087428791887], [88.67884910110521, 22.293450951200498], [88.6780688762777, 22.304777621889798], [88.67409312729612, 22.325782657044044], [88.67900454982018, 22.323242068666588], [88.68059921238384, 22.31076705455598], [88.68499791612109, 22.29778563939584], [88.68168413651378, 22.28495204490099], [88.6719794273088, 22.27397334619306], [88.66126287018542, 22.25146687039978], [88.6589752440124, 22.24085795852804], [88.64993345746322, 22.23245024708126], [88.63688492769737, 22.224557280594098], [88.63456285029545, 22.218103766275874], [88.6396894455116, 22.213102460110576], [88.65220653980006, 22.211286664148275], [88.661619424397, 22.21794235685431], [88.67085313796204, 22.21593034231151], [88.68037974812697, 22.209617853381275], [88.69480740983423, 22.210585832370327], [88.70652413358201, 22.207520127152208], [88.7148401735353, 22.201210975606102], [88.73371577236512, 22.19567286950732], [88.74563562868141, 22.21075034175493], [88.7498345372342, 22.220002413180907], [88.74348604664388, 22.226701856105848], [88.7472189660825, 22.232227206220642], [88.75510561483239, 22.235889554059753], [88.76147925856102, 22.242604374492345], [88.76860320577342, 22.242761135318176], [88.77242565182254, 22.251212477374025], [88.7864142654062, 22.258996367788228], [88.79067993153373, 22.259506940792704], [88.7931939359515, 22.276817560082463], [88.80461883509125, 22.283085823052375], [88.80315375314322, 22.295549869930625], [88.80972206592062, 22.319141268954525], [88.80276405801496, 22.329443454451933], [88.8156948089684, 22.357687115667943], [88.82173681240411, 22.36078464969188], [88.83357024207314, 22.35912537533582], [88.84951984896199, 22.364323019691625], [88.86257064322078, 22.358170747681925], [88.85234236760621, 22.386905551150306], [88.85607671696707, 22.408435821855704], [88.84840905673266, 22.429623365426067], [88.84075260205103, 22.432407856237603], [88.83089280116187, 22.430153250472216], [88.81642162755614, 22.431042552271975], [88.80228805584917, 22.443518161733834], [88.80035781845865, 22.458006024058875], [88.79157352489827, 22.475027442062924], [88.79029154761687, 22.481084346365577], [88.7798149583937, 22.49226093279586], [88.78006994767006, 22.503766655806572], [88.76809406269095, 22.5118094682324], [88.75316584103089, 22.515466571225375], [88.7455023527514, 22.514909744289355], [88.73275685314641, 22.510128736052394], [88.7244900465785, 22.517805456956324], [88.71819675008001, 22.519434452038354], [88.71265733276974, 22.525848150671692], [88.70610606664175, 22.52762234219739], [88.70027410976238, 22.523565531024445], [88.6916579003919, 22.5223400590466], [88.69039952761617, 22.52692520663311], [88.70155835153682, 22.530622958982406], [88.70982432353381, 22.529003143280477], [88.719374656915, 22.520587444055423], [88.7270425554697, 22.518036126765907], [88.73393070673686, 22.510926723389673], [88.75045406850055, 22.51701295368497], [88.77165102977122, 22.513275146430942], [88.78415107741043, 22.502610445116005], [88.7921446564508, 22.500000000100016], [88.7987450363544, 22.489285111218976], [88.81234574356128, 22.480050206052283], [88.8143805262404, 22.471821307707216], [88.81455874399083, 22.45587420453103], [88.82667923006252, 22.450296521067656], [88.82980120226384, 22.442940831154488], [88.82813584849075, 22.435576319791437], [88.83871936800458, 22.437192440179075], [88.85212016131649, 22.432773113188688], [88.85457837539181, 22.440089345347104], [88.85961985607165, 22.445428252511903], [88.85248172295329, 22.455091953530882], [88.85760414621441, 22.483466863604974], [88.86502885819536, 22.487759352012546], [88.85757255572898, 22.500000000100016], [88.84685075285998, 22.500000000100016], [88.84356081517964, 22.501902222709504], [88.84293663531761, 22.50821804992316], [88.8551925422021, 22.51049864249839], [88.85835993286466, 22.51862192176435], [88.86685383353759, 22.52303791047123], [88.866036177128, 22.530517936153927], [88.86921501166356, 22.545635819437535], [88.87841284317832, 22.54436385610714], [88.89150810261694, 22.559640049748594], [88.89658772983992, 22.563271641672998], [88.91524946718917, 22.566154003004925], [88.93773376929803, 22.571030378049585], [88.93564760655184, 22.587751149995626], [88.94080674643433, 22.598314642506836], [88.95719873883078, 22.609635115068613], [88.95784926433222, 22.61716496948779], [88.95162212825878, 22.617715954427865], [88.93885612501023, 22.615854501683913], [88.93253421748031, 22.618332863271064], [88.93114876780143, 22.62153375188123], [88.9300072196576, 22.64076244792875], [88.9182685614451, 22.66348707676724], [88.90906894207816, 22.675781249804913], [88.90062105611693, 22.676025152239077], [88.89074897768333, 22.668846368864905], [88.88262951334141, 22.66552102577478], [88.86343586477349, 22.66381025354042], [88.85737717171921, 22.679754376363405], [88.86138403454564, 22.691624045113713], [88.86443126229292, 22.664777636278956], [88.88349187415074, 22.668676018383536], [88.90200877208733, 22.67914283287547], [88.91134154777424, 22.67679727057765], [88.9246243239534, 22.66030824223165], [88.92919874172898, 22.650100350650916], [88.9321903536023, 22.640475515632886], [88.93277409454927, 22.622791603949793], [88.93470341912823, 22.618725422740283], [88.93924121111357, 22.617559951730783], [88.95408605123063, 22.62014056443573], [88.95767438936215, 22.618978569305852], [88.9597657852635, 22.614591588231605], [88.95787891228238, 22.6086457753826], [88.95475910924617, 22.604952159914802], [88.93844565464397, 22.591411238737862], [88.93993698420488, 22.569249905659007], [88.92677892151082, 22.56496984318406], [88.93423982760643, 22.557000270646256], [88.95637870281533, 22.5527965273383], [88.96167416822894, 22.548264704153155], [88.97065438089558, 22.5238552125482], [88.97355035616462, 22.499397128775], [88.98126707081914, 22.48304133858727], [88.9970654018471, 22.46995393112951], [88.9947745246254, 22.4558740462507], [88.9915202864328, 22.450582308526947], [88.99039512483571, 22.444822128339013], [88.99844299414943, 22.434724975677398], [88.99889353470931, 22.427783958663184], [88.98995913890346, 22.423662122009745], [88.98157442132307, 22.415622414943016], [88.97241355734027, 22.411199671428193], [88.97406359655818, 22.406000767121952], [88.98362578120512, 22.39756654815818], [88.99388010928041, 22.39169441136829], [88.99497471820942, 22.38430472708177], [88.98582242836304, 22.378875802276667], [88.9838175562356, 22.374413921165882], [88.99005745728633, 22.36410193036025], [88.98638639321794, 22.356379083228404], [88.98814481513162, 22.350904881155714], [88.98792001429788, 22.344667959559104], [88.9849888638453, 22.325978055443386], [88.98989946348988, 22.322417992896305], [89.00094833899536, 22.323356064031657], [89.01054995711505, 22.314745056339518], [89.0169534592354, 22.305525697753012], [89.02332031937763, 22.30026887620801], [89.02375372875204, 22.29416798336598], [89.0088225474232, 22.2975203124127], [89.00023701302834, 22.29663870970913], [88.99516982792576, 22.292485344623316], [88.99747575260434, 22.28306805154969], [89.0168679391048, 22.271123294804653], [89.01922389396773, 22.265102149345097], [89.01433497248169, 22.257628413520763], [89.02027339020546, 22.254167699979774], [89.02836184232561, 22.25875012801626], [89.03386629039747, 22.25811643332719], [89.03668946824516, 22.237307843382553], [89.04223217527536, 22.225098340616398], [89.06875861341993, 22.200169790903573], [89.07198522443892, 22.195666747822486], [89.07083921925508, 22.185520736792853], [89.06380561973421, 22.17214780357861], [89.06457840896726, 22.16328421859228], [89.06887359713951, 22.152268995718003], [89.07766550705836, 22.148054331042715], [89.08958446045514, 22.15954780168994], [89.09850796906815, 22.155570360184186], [89.0967129528407, 22.14797440469539], [89.09189518211733, 22.142685614050322], [89.07888286894959, 22.135220352537715], [89.0645318582593, 22.124295989968317], [89.0559336766984, 22.12194454520497], [89.0434574610936, 22.10736390971701], [89.0396709897249, 22.09236957079949], [89.04602571171776, 22.06332790695771], [89.04965090316713, 22.05512129830953], [89.07974648521295, 22.01483231096276], [89.08386655919506, 21.99999136041339], [89.08646765935546, 21.98050411737148], [89.08264246857576, 21.96497185436789], [89.08188705154677, 21.95449210312856], [89.07185564562215, 21.927051969073517], [89.06973128237328, 21.924184611131324], [89.05509973626457, 21.926534260847717], [89.03816665686591, 21.92413110596607], [89.02788111602129, 21.920144662246855], [89.02316175361247, 21.89757212135663], [89.0201874177159, 21.889482072939757], [89.04169496704972, 21.869902511791707], [89.04531680852463, 21.851862529732415], [89.04504709284973, 21.839952975150084], [89.0421583481299, 21.82624883871341], [89.03238158074586, 21.807320277009666], [89.02965518254106, 21.795270438979884], [89.0322088452622, 21.77819728657579], [89.03869817328254, 21.76821551333572], [89.06692850564642, 21.74425312238415], [89.074063394011, 21.735825421706124], [89.07792857314567, 21.727697117927903], [89.09446270069387, 21.701362980017933], [89.11306309348751, 21.68741384487356], [89.1500134124897, 21.666097116389295], [89.15555555555571, 21.64450000000042], [89.18311111138908, 21.4454444441063], [89.21609354148436, 21.233597905419344], [89.23236111087724, 21.129111111488953], [89.35747065516668, 18.36435584037291], [89.36206794854516, 18.26276174363862], [89.37354884720165, 18.009049085546962], [89.28405037932171, 17.974008054228335], [89.25928587404397, 17.950564629654025], [89.16538950821936, 17.863668767399744], [89.06924621054421, 17.774832687978275], [88.93555919060421, 17.650929662374153], [88.82084086281563, 17.54482063806209], [88.76976059277726, 17.498897120205967], [88.7103148794283, 17.44766217936619], [88.68290505882155, 17.42480192916581], [88.62683131031682, 17.37944814081912], [88.59608180333268, 17.355410252681096], [88.55120258633033, 17.321262606084503], [88.48508633336772, 17.272929942962605], [88.44036867147716, 17.24155227481768], [88.37997649451964, 17.200753173120518], [88.32932742781864, 17.167872094821362], [88.17136120825322, 17.068035086350235], [88.0566407958361, 16.995568219497827], [87.91574675920563, 16.906544967776114], [87.82210639529401, 16.8473825399723], [87.67551106608298, 16.754759647439826], [87.56423340324912, 16.684448758603367], [87.43991350230638, 16.605894418592598], [87.332345990775, 16.5382160567257], [87.30485572041525, 16.520551886060773], [87.19897085122389, 16.453641274525282], [87.05703140667416, 16.36394389189718], [86.91125776643278, 16.27181969951957], [86.90769177645447, 16.26873779301482], [86.83403008741865, 16.191333028496544], [86.71522282377438, 16.066575772853724], [86.65831714661905, 16.00811269834243], [86.59795504838681, 15.948982135317337], [86.54949990209892, 15.903534973060616], [86.49109498134837, 15.851001255603563], [86.46373569814412, 15.827189989426543], [86.41589267180947, 15.786737346151696], [86.37006275808986, 15.749394598082276], [86.33467367744836, 15.721312134047821], [86.19184550216832, 15.60937130304329], [86.03513301397751, 15.486570899327617], [85.90561695975495, 15.385074531064774], [85.77978126139621, 15.286483800387145], [85.67883154513979, 15.207336615592453], [85.65332994022472, 15.18757652813433], [85.61917973775476, 15.149459167007038], [85.54010231876705, 15.060454075295453], [85.41914244057122, 14.92439018855643], [85.287930896294, 14.776772336474195], [85.19482749599231, 14.672013593852341], [85.08911021276614, 14.553051281691381], [84.94703385902542, 14.393143169521721], [84.90814772144026, 14.350151170839936], [84.88348368032771, 14.323597973367853], [84.83330738812558, 14.27126161752966], [84.7820192829636, 14.219971280250448], [84.7283154575924, 14.168513562051345], [84.68697003124205, 14.130358792724223], [84.62721483329793, 14.077353142533568], [84.5773981970693, 14.035004706801828], [84.53447816033886, 13.999751917517017], [84.47436500793893, 13.952340341833363], [84.4211495791898, 13.912085191478468], [84.36110765219652, 13.86855291158767], [84.32463202504798, 13.84304773996125], [84.26930226948426, 13.80564652067045], [84.20697849985791, 13.765331699398473], [84.1501497444153, 13.730176894847872], [84.11188483241918, 13.707339892122377], [84.04132420185053, 13.666903261276588], [83.96510432740294, 13.625696610210497], [83.9125245439727, 13.598640235758324], [83.8595091334399, 13.572408925431617], [83.76414435997438, 13.526286311164398], [83.76632284802113, 13.482664355375789], [83.76862505310388, 13.420585442364313], [83.76943900520601, 13.383323689037113], [83.76979138116744, 13.311338615085035], [83.76914906018115, 13.263632400814686], [83.76764198169215, 13.208974724803795], [83.76471507064403, 13.145865815555041], [83.76249737935066, 13.10989251372861], [83.75819915057039, 13.052982984776989], [83.7524226944519, 12.98804822334688], [83.74315460969754, 12.90250438117232], [83.73652350535556, 12.851301925643426], [83.72778238464949, 12.79169172449356], [83.72087490425358, 12.749214830500094], [83.7115960564129, 12.696865682705166], [83.68080106981367, 12.538223280879777], [83.65820378587617, 12.422353852348479], [83.63440338261003, 12.300684714827753], [83.60872375239936, 12.168425497238971], [83.5909814162595, 12.085401752389089], [83.57044804224344, 11.999227395527939], [83.55202789427207, 11.927732981791777], [83.54021249960729, 11.88502147086426], [83.48963738056071, 11.70973661904982], [83.465118550281, 11.62869778497489], [83.45210147969956, 11.588407016071017], [83.43068519446618, 11.525638017280713], [83.40247227567514, 11.448824809717323], [83.36666666683337, 11.443333333466711], [83.24204396957336, 11.420399295584232], [82.40666666623403, 11.266666667033192], [81.93333333306711, 11.045000000149997], [81.04166666698333, 10.69499999995017], [80.76666666663343, 10.549999999700304], [80.519511196769, 10.383423984603695], [80.158333333017, 10.13999999980021], [80.08333333316713, 10.096666667033247], [80.05000000020019, 10.083333333666616], [79.58333333326706, 9.95000000000013], [79.37666666653385, 9.66916666680838], [79.51166666698347, 9.363333333666517], [79.53333333336687, 9.216666666633486], [79.53333333336687, 9.099999999900248], [79.52166666678332, 9.000000000100144], [79.48833333291734, 8.896666666733438], [79.3033333334669, 8.666666666833365], [79.21666666703325, 8.619999999600452], [79.0783333330173, 8.519999999800248], [78.92333333296719, 8.370000000100092], [78.89500000035005, 8.203333333466702], [78.76166666668351, 7.588333333616646], [78.64666666673352, 7.349999999800318], [78.2033333329671, 6.513333333066967], [77.8449999997504, 5.8983333332168115], [77.31486422530654, 5.185756818520517], [77.17666666643387, 5.000000000000128], [77.02333333316713, 4.7899999997003135], [76.99738082704155, 4.817362968214624], [76.94666666653362, 4.87083333329177], [76.72083333359151, 5.093055555469718], [76.6133333332672, 5.23222222197802], [76.36355657180044, 5.568222464157969], [75.69277777762531, 6.470555555575032], [75.64194444431271, 6.555833333337503], [75.42944444452505, 6.851666666675058], [75.27194444438092, 7.257499999625381], [75.20166666678361, 7.39999999970037], [75.18833333341698, 7.4219444441809515], [74.93583333353749, 7.858333333474974], [74.4958333334375, 7.808333333524914], [74.3035085529846, 7.783282889839299], [73.64277777787501, 7.697222222424983], [73.32722222222807, 7.6505555553946465], [73.05638888883644, 7.681111110989178], [72.82500000025007, 7.705277777547579], [72.70722222212513, 7.71500000007498], [72.06249999997536, 7.818055555419747], [70.9294176792927, 7.990704127694983], [70.25222222212616, 8.093888889070357], [69.6676499636769, 7.972422541496954], [69.59583333338756, 7.957500000012502], [69.5686104826946, 7.951909306931128], [69.55634485031575, 7.94939034273159], [69.47833932370096, 7.933370530325817], [69.4307273314013, 8.038184234115121], [69.36992338185868, 8.171979756360727], [69.32218291151221, 8.277039536245624], [69.25437539620768, 8.426135490660485], [69.20573184824624, 8.533092058551674], [69.15729076195922, 8.639636241419495], [69.12699725262112, 8.70780965758972], [69.10439317070839, 8.761413582670713], [69.0893623049266, 8.798632962641193], [69.07172539361218, 8.844133083275239], [69.0545605454329, 8.890154134405805], [69.04022324310827, 8.930243340058169], [69.0192928247042, 8.992000043067577], [69.00030143006703, 9.051765864702915], [68.98944735221366, 9.087789259666636], [68.9739171288725, 9.142047772486762], [68.96088652978958, 9.19048962859354], [68.94561721326383, 9.251302020971565], [68.92662925403701, 9.33458535782809], [68.88634438828299, 9.52311243359199], [68.85396003882485, 9.674526014663925], [68.80893132302216, 9.88503499077234], [68.77696583550502, 10.034181270349379], [68.75573312888085, 10.13306429867852], [68.72651209885433, 10.2692432734584], [68.72308544173981, 10.279687614791627], [68.67868722893255, 10.401532782012396], [68.64283744719049, 10.500037820788904], [68.58656704573272, 10.654596953386758], [68.54945178207416, 10.756504782170012], [68.52650819349847, 10.821813568041762], [68.51184004318358, 10.86555934788565], [68.48301136398331, 10.95404885287229], [68.46405620393071, 11.014366513803665], [68.44330802954201, 11.085137572241223], [68.4294533133199, 11.135957381528044], [68.41389868777426, 11.197212788039806], [68.39495099749067, 11.27931630700202], [68.38384287554837, 11.332440972572897], [68.36885079302974, 11.412183694721776], [68.35703290634362, 11.484306305591616], [68.3477594607306, 11.549422357755702], [68.34228856276704, 11.59292211186603], [68.33376057239255, 11.67284542777432], [68.3282264188143, 11.738369722684595], [68.32360450424457, 11.811284710021454], [68.32160437873918, 11.855076036929688], [68.32018898253565, 11.898885883576739], [68.31920691656595, 11.953612354126946], [68.31952523610093, 12.03768603768053], [68.32053323132371, 12.081506258906813], [68.32312693096313, 12.1472091043168], [68.32653979337678, 12.205558346240736], [68.3297711366287, 12.249273876488303], [68.33721369745419, 12.329300394997276], [68.34210021235506, 12.372866843729966], [68.3505087799563, 12.438096317491144], [68.36287216212074, 12.519576725885315], [68.3718942211415, 12.57166140644884], [68.37845516487405, 12.606735456376285], [68.38900543195527, 12.659218756940106], [68.40173368616084, 12.717327782751], [68.41551478118234, 12.775205301483581], [68.42729817706928, 12.821328778200652], [68.44458596437087, 12.884468369619611], [68.45967374644633, 12.935875268928555], [68.47019059472026, 12.970010376277912], [68.50135192914829, 13.06753699583571], [68.56209162572796, 13.257318161803738], [68.61571168734454, 13.424773710138695], [68.63329139188434, 13.477280366995416], [68.6498567277059, 13.52427552239753], [68.6794835507254, 13.60303938825723], [68.70409045790845, 13.664217565488329], [68.73584196073793, 13.738330084665733], [68.75393476537718, 13.778429016485973], [68.77572485112105, 13.824920242175551], [68.79497830280658, 13.864502397467731], [68.8316709948206, 13.936414735151956], [68.85243733551474, 13.975264522140094], [68.88167588883127, 14.027967363403135], [68.9178631402718, 14.090180522713041], [68.94070719098423, 14.12791391109819], [68.97991308701941, 14.190138378483454], [69.00411244843085, 14.22706039222345], [69.03715068145888, 14.27580875347131], [69.05824876856596, 14.305983940806271], [69.09708869898438, 14.359722337915642], [69.14603000617993, 14.424370064526897], [69.18727531370493, 14.476392437361127], [69.23682204270327, 14.536219515418352], [69.26859109400394, 14.573071007920703], [69.2984066082785, 14.606712552042694], [69.35142189020823, 14.664551329780068], [69.38561310266257, 14.700621632482452], [69.4242100155798, 14.740150289804149], [69.47139976898424, 14.786765493332922], [69.51145536427376, 14.824910179461313], [69.54397452300597, 14.854957274558672], [69.59349449447544, 14.899251455590317], [69.63631964913256, 14.936174549416009], [69.6668825800671, 14.961821342680864], [69.73021140233439, 15.012898617976916], [69.78912870462605, 15.05824299941493], [69.81897422118348, 15.080438970781941], [69.87333607060324, 15.119578840391284], [69.91001512170058, 15.145089305427163], [69.96569659042532, 15.18246037584575], [70.00952606477617, 15.210783987690988], [70.06329272128212, 15.24431897024435], [70.03181247016951, 15.375270965682532], [69.99102593020265, 15.544864179138571], [69.96036053950738, 15.672279397276483], [69.92302089679706, 15.826386440681759], [69.90540426609405, 15.906260808289801], [69.89781387560996, 15.94389102375186], [69.88671903845298, 16.00399395535682], [69.87395849678725, 16.08253127929521], [69.86471104248076, 16.147258291936737], [69.83968023175746, 16.334662276343053], [69.82482079294525, 16.445654785739862], [69.82196835745387, 16.458526134673477], [69.80312259093498, 16.52916689213845], [69.78788086291163, 16.591891297145764], [69.77512052179472, 16.64898551536936], [69.76720293186989, 16.68167690596448], [69.75424329469243, 16.73823893238084], [69.74104395311608, 16.797857561976997], [69.70010980472378, 16.93613468656659], [69.68665969528885, 16.973069353767713], [69.62361816414702, 17.140825231599223], [69.59768275055862, 17.214681870272187], [69.56777323824448, 17.304703006138894], [69.54931717224972, 17.364404669240102], [69.52829812835594, 17.436367071283385], [69.51112283095395, 17.499658808207528], [69.49048655111355, 17.580939971802295], [69.3849978989339, 17.629977003735817], [69.35477018219828, 17.642683343261794], [69.27395272973482, 17.67310587203849], [69.21488289433026, 17.69673557768479], [69.17220198643261, 17.714560866390954], [69.0721904573239, 17.757739026534978], [69.0101826042438, 17.7858389167327], [68.96915830960845, 17.80519820693179], [68.91304434701905, 17.832721896098718], [68.87438083121046, 17.850691873131524], [68.81311040152397, 17.880299912011353], [68.77260071874824, 17.900668416913987], [68.71767186476487, 17.929295017551055], [68.64612885346398, 17.968419705704946], [68.58723635267566, 18.00221987404808], [68.51618141064361, 18.04499832331402], [68.44195486012885, 18.092133614674708], [68.3523057558061, 18.147510493814295], [68.31537299157034, 18.171208964322332], [68.25691625458163, 18.21011972354644], [68.20075509107474, 18.249044616515917], [68.12713309901343, 18.301558814187985], [68.08982286593258, 18.32859069740286], [68.0284610948037, 18.37467797460897], [67.97829990131956, 18.413678022123094], [67.86116736957851, 18.50822596115927], [67.80325571168189, 18.555968677112816], [67.69970806717365, 18.64386308901041], [67.6521793610888, 18.685800359199305], [67.59624203344319, 18.737166134309703], [67.54531655471536, 18.785358376388004], [67.51053045151926, 18.818827293844592], [67.47331805298589, 18.855599503014773], [67.43303322500336, 18.896336458860546], [67.38018610910174, 18.951059350109006], [67.33719901712098, 18.9961868897132], [67.25820241121247, 19.081801152401354], [67.21246693979751, 19.13238594275711], [67.1626745942572, 19.17517645373043], [67.10119011063526, 19.23028616677321], [67.05189057289178, 19.27638919110835], [66.99776079802248, 19.32869679741934], [66.92198359416764, 19.39105022219009], [66.86212684477809, 19.441872217728715], [66.8140463200817, 19.484386481251164], [66.76852039969671, 19.525966429207443], [66.71875782711211, 19.57206063838784], [66.68405053330557, 19.604768380456477], [66.63708968254284, 19.650460834599897], [66.60767582617856, 19.679971912174082], [66.53475716511124, 19.754528257573128], [66.45205661592021, 19.84120445682032], [66.4169262234665, 19.87670057477176], [66.36378836484133, 19.93239519877946], [66.24224222220093, 20.065052123556768], [66.18396063807305, 20.13018234723762], [66.13542947748843, 20.18700482990903], [66.08818534567732, 20.244798655034003], [66.06505308653081, 20.274051586711437], [66.02425119423728, 20.327295775779476], [65.99764916987331, 20.36319424861577], [65.95440130687487, 20.42374184730852], [65.90841744181151, 20.491340781052315], [65.88229284953539, 20.53134024785419], [65.85371835022184, 20.576602966353846], [65.81364194192216, 20.6428699196112], [65.78548816254883, 20.691590824556954], [65.74814471210888, 20.75926590299912], [65.72347893620409, 20.80598397997676], [65.68789842227446, 20.876384583381878], [65.66770885727809, 20.91830407936982], [65.63914950074926, 20.98033993194244], [66.29763434754736, 21.522233545342175], [66.4531449547762, 21.647762755646625], [66.62783384835384, 21.793713744893637], [66.65858129768927, 21.820394861933636], [66.7690057161416, 21.91378766766678], [66.8586396093311, 21.990047819151812], [66.96886197709884, 22.08240552499521], [67.05843280712875, 22.159101334159516], [67.1397757586449, 22.22661563360481], [67.16814325380878, 22.251081571157584], [67.23325701989623, 22.340519837520702], [67.42378981584747, 22.6395716394197], [67.47056477944128, 22.71384825429351], [67.59628728553022, 22.98101566414192], [67.71381102326066, 23.2300354116052], [67.79716866390336, 23.314522649301097], [67.9201180430135, 23.438252883663836], [67.9959737028249, 23.51883639368475], [68.06288949535443, 23.587749548103318], [68.08508464277466, 23.608244029682595], [68.11152128031719, 23.636339298030293], [68.1187221625494, 23.642994375191194], [68.14186782631216, 23.65386744286579], [68.16448006840986, 23.66621787159039], [68.18269820176127, 23.67854519720322], [68.1829225025717, 23.697087977628286], [68.17881204234212, 23.72088879098493], [68.17882378568939, 23.72985269174862], [68.18191694810892, 23.741016249700266], [68.20289642632915, 23.770847423869554], [68.2059873764168, 23.7846271618142], [68.19960796083919, 23.815411448279946], [68.2008322448128, 23.84302720374245], [68.20422918922603, 23.850878652128273], [68.20883788286258, 23.875812833395628], [68.22482359033685, 23.884372860319274], [68.25036451990704, 23.89268927439079], [68.26346351872681, 23.90710305686079], [68.27028022605177, 23.92235915245294], [68.27761455077106, 23.928302860888408], [68.28921026534195, 23.9330403806093], [68.29539701915783, 23.930060873610472], [68.32555995772609, 23.922608822239653], [68.33149129508789, 23.923964478278293], [68.33752971652356, 23.935654055090595], [68.33687520882441, 23.954650615433735], [68.33931857059602, 23.96253867072332], [68.34749285491185, 23.973823473474766], [68.35721314846822, 23.982211575204076], [68.36698744181732, 23.987590336724878], [68.37693152716875, 23.990036324517007], [68.38398049160693, 23.973717926341436], [68.39199029531622, 23.966567969836177], [68.40072803927907, 23.968404483135032], [68.3869340423723, 23.965189934168194], [68.3808959725711, 23.972079277037096], [68.3761241437144, 23.984040379859692], [68.35977745016933, 23.976995825696832], [68.34662103683152, 23.960849165656526], [68.3461569551794, 23.93256402051321], [68.34241104143658, 23.924429655304436], [68.33545243728022, 23.918028950975383], [68.32733273461807, 23.914393902056986], [68.28941512101116, 23.921566366794394], [68.2774349453666, 23.914596557984822], [68.2786147596635, 23.902763843276773], [68.26164865536126, 23.8862371441289], [68.25934481621042, 23.871480822482], [68.25370824334087, 23.857818245515688], [68.24198222150241, 23.850102066857005], [68.23495256910584, 23.836468219632735], [68.23001921211707, 23.83482944981938], [68.21638846395658, 23.836187005226208], [68.21082913835411, 23.828134178849382], [68.20961165415454, 23.81206071373103], [68.21614706523494, 23.793151736563487], [68.21809315677379, 23.78157520273345], [68.22493672415058, 23.77414464965591], [68.22534835374367, 23.76097774482716], [68.21922266479416, 23.75447881204758], [68.21322023872304, 23.756558657056416], [68.20509123797032, 23.753567218752238], [68.20137465022006, 23.74478125605026], [68.1933056117646, 23.73510026916219], [68.19526732003092, 23.726120114052094], [68.20065784468389, 23.720634460012377], [68.20795905546615, 23.70697343347723], [68.21991682090461, 23.699572205492956], [68.22938561455456, 23.702054500714695], [68.22710716686228, 23.690184474034368], [68.23894154981284, 23.68078625198399], [68.25593316518356, 23.67944002173965], [68.26559484002988, 23.689013600797068], [68.26727080310522, 23.69527697595177], [68.26031351105982, 23.707140565284988], [68.25522756609942, 23.711385011908845], [68.25427460668786, 23.71915721923031], [68.26092565079827, 23.7250806092828], [68.26126492004013, 23.73778545863209], [68.26608252528845, 23.746233343693888], [68.2622777221392, 23.756277918391305], [68.2634240384887, 23.764733672521004], [68.27443456690187, 23.796930670713976], [68.29561805722759, 23.804151177235127], [68.29591810703513, 23.810420036455554], [68.28936314559272, 23.814432620768912], [68.29155385452688, 23.819182873091165], [68.30395150176051, 23.824348807351612], [68.31422317056294, 23.82409334143466], [68.3195228573941, 23.808447360957047], [68.33789002900167, 23.819301247254884], [68.33640420419081, 23.83858942985833], [68.34304690349185, 23.84944736940065], [68.34879445989654, 23.86530232444275], [68.34710550341626, 23.881808519048036], [68.34252524364516, 23.890007257728882], [68.34433102565637, 23.899095416020685], [68.35067856296538, 23.90817475286258], [68.36346304458388, 23.913316607775272], [68.38682794575325, 23.91412579976594], [68.41074490565293, 23.925262450901442], [68.41885185233124, 23.93401205581182], [68.42566144422037, 23.95214724549902], [68.43249976675091, 23.960263609877728], [68.43437219960813, 23.968310141832177]], [[68.23323237917108, 23.842401743245887], [68.23936295503646, 23.8527134660537], [68.25147843368282, 23.86202836052047], [68.25488054739944, 23.873974323256476], [68.2506623268051, 23.87952625733101], [68.24015903491156, 23.87672924975513], [68.21645641313299, 23.866882443170255], [68.21624040587008, 23.84766912463047], [68.22401142158995, 23.846819043164345], [68.23323237917108, 23.842401743245887]], [[68.21509444745081, 23.758457660992292], [68.22409105295989, 23.763751506726692], [68.22095894809698, 23.775703549779024], [68.21547734730174, 23.778252243746124], [68.21509444745081, 23.758457660992292]], [[68.2802062035536, 23.662477851072026], [68.27440357176752, 23.660056352718556], [68.26883840596773, 23.651367545575795], [68.26326560942042, 23.648477316075372], [68.24020755333603, 23.646833420126313], [68.23569953430612, 23.641250967558193], [68.22942197324548, 23.641542553845852], [68.2227772477718, 23.646991967905052], [68.20754873708458, 23.641838073768156], [68.20421802953845, 23.64718961730705], [68.19311726135263, 23.63486230335272], [68.18646597892192, 23.62382900680325], [68.18783497820183, 23.61061513398127], [68.1934473512143, 23.607067346281042], [68.19762885608688, 23.59690725816344], [68.20312499981893, 23.594586968613783], [68.21646463833255, 23.605936050408502], [68.2239192725564, 23.603087544054944], [68.22331845798053, 23.589160442300596], [68.2308541534965, 23.58885777007012], [68.24328315289532, 23.59347105024878], [68.24042117559688, 23.599445224117915], [68.24323594568241, 23.605328917195806], [68.25629830342407, 23.6001291270577], [68.26408600786309, 23.602028370213247], [68.26975095254446, 23.609854221195434], [68.26741182759392, 23.61971926693076], [68.2702959776773, 23.62469422835605], [68.27816903587231, 23.609702825724867], [68.28597080750691, 23.610682129876494], [68.28698253671476, 23.601004361662035], [68.27442824826514, 23.59281015376564], [68.27706825759415, 23.585897565220534], [68.2869532107222, 23.579858064598056], [68.29487240323888, 23.57869005210432], [68.30663204173547, 23.586716413231954], [68.31525814544713, 23.58993220360844], [68.33050727848823, 23.58903706071183], [68.34667611131366, 23.597841500884584], [68.35132741932503, 23.604771136978513], [68.34813916708904, 23.61550211922753], [68.35345065572326, 23.616783142328188], [68.35897982076219, 23.62737584122212], [68.37039303770857, 23.633687853511674], [68.37543880905392, 23.643463850176573], [68.38131010497742, 23.644002556672717], [68.39061176771898, 23.654301166465757], [68.40637862697216, 23.692245364032402], [68.4080070258037, 23.701869249366467], [68.41342151199333, 23.71062374119279], [68.41859531442239, 23.724210858744186], [68.41595292099058, 23.743163943161477], [68.415985346047, 23.75516247756636], [68.41939485039214, 23.769715070394227], [68.42447245144254, 23.776669025055554], [68.4262484308205, 23.79410147640209], [68.41674554387188, 23.79495406158074], [68.40922164925982, 23.788698553695355], [68.39812493341904, 23.784627556616527], [68.37951564812877, 23.79051601879928], [68.3645552397326, 23.802142500975663], [68.35814547563328, 23.80489337422992], [68.3504532576118, 23.79988205411354], [68.34911024604114, 23.78287494162535], [68.33509814756158, 23.756247043766137], [68.34128701658258, 23.749860644053513], [68.33932495128559, 23.734486341571483], [68.33576846084591, 23.725838780035758], [68.31860125104706, 23.718085408115172], [68.31384301184565, 23.712187171201094], [68.31093871604898, 23.699627041654708], [68.29289341000302, 23.67811596428041], [68.28078305749224, 23.66812872855806], [68.2802062035536, 23.662477851072026]], [[68.27373313887333, 23.70541143429034], [68.28317022332723, 23.710001826722987], [68.29981660874958, 23.7280318739719], [68.31285512456444, 23.730189561599047], [68.32428705730186, 23.734255552152092], [68.31597435473279, 23.763296842775162], [68.31393051138403, 23.786614656341385], [68.32212865381436, 23.80345463792125], [68.3181331161505, 23.808195471643728], [68.31303524977696, 23.821121573102175], [68.30422425264717, 23.822900175802573], [68.29052555531027, 23.81665265569555], [68.2972209449907, 23.811688303572396], [68.29823207884752, 23.803838968593595], [68.27796554537363, 23.796372770886762], [68.27331793267652, 23.79111850251695], [68.27149844140004, 23.77976405626626], [68.26444435082615, 23.75962615012682], [68.26921474976106, 23.748550653789692], [68.26356637508823, 23.737907052368598], [68.26624155060713, 23.730468749832994], [68.25858914827072, 23.714567541758726], [68.26748001599, 23.704901814567194], [68.27373313887333, 23.70541143429034]], [[68.3315974474643, 23.787157177761628], [68.33853602371866, 23.800632357597323], [68.34966623750697, 23.809122443346155], [68.3558337692132, 23.810762643980837], [68.36975765229388, 23.809061766087638], [68.37596344925393, 23.8033989671886], [68.37912964831472, 23.795302629812596], [68.39952516525423, 23.789424538611627], [68.41104900870491, 23.795693159511757], [68.41792690770077, 23.804959058913482], [68.42633342754581, 23.810340523796157], [68.42868614215186, 23.819881439476887], [68.43774735945308, 23.832460403524863], [68.43931484180658, 23.838789463363128], [68.42911112307993, 23.84759235400398], [68.42487394837414, 23.855390906065537], [68.42458272001656, 23.86463534854255], [68.41742503653623, 23.870227217911804], [68.40911495728946, 23.87186384194277], [68.39462947816801, 23.878096342472304], [68.38771605505198, 23.873914837599727], [68.37666606888413, 23.871983170287137], [68.37394452072309, 23.859775900537414], [68.37068307356512, 23.855785965649858], [68.35722947116332, 23.849232077998096], [68.34434044335686, 23.839102864505662], [68.34311187231506, 23.831333756247886], [68.34775066356244, 23.82459831256216], [68.34429883981969, 23.81487154928263], [68.32603693026013, 23.798687935200178], [68.3251706358163, 23.795044779792875], [68.3315974474643, 23.787157177761628]], [[68.37149703466056, 23.858567237787895], [68.37299275381255, 23.868422269572108], [68.37759292097664, 23.87617814520533], [68.38862180725064, 23.87601971613705], [68.3934421536326, 23.88018035853682], [68.42020976566832, 23.870461344715352], [68.42629706885472, 23.86450135675227], [68.44199264064801, 23.87035655930788], [68.4440232513721, 23.878169417784505], [68.45215427919666, 23.882494926599634], [68.44872391237877, 23.89855253667031], [68.451495528496, 23.914226413218444], [68.4489660260613, 23.919203757847157], [68.4547218085647, 23.929079055853776], [68.4529391526199, 23.93660700281106], [68.44784855816451, 23.938392877429465], [68.44139254103303, 23.934620737657013], [68.42944872407944, 23.93402004269089], [68.4201878312036, 23.92076873738742], [68.40608406033121, 23.912717819371892], [68.38623034985082, 23.90625000043724], [68.36298525366666, 23.905546664946684], [68.3531947131655, 23.900548815775267], [68.35042917736476, 23.891344546913416], [68.35676801193435, 23.8738981488805], [68.35676801193435, 23.863201141219804], [68.35034203485716, 23.846106767513362], [68.37149703466056, 23.858567237787895]], [[68.45545101125529, 23.807276248500074], [68.44771575887526, 23.805580616352415], [68.44990944906183, 23.790855645971362], [68.45445251467194, 23.785871028525264], [68.45645332366203, 23.773525357609202], [68.45086252718394, 23.76650655283521], [68.43705976029972, 23.741537571401892], [68.44438266722645, 23.739156723304205], [68.45912742628983, 23.743274926696643], [68.47117936603505, 23.74002516263124], [68.47899174697162, 23.744343638748035], [68.47681641554524, 23.752819657301472], [68.48791336970632, 23.74900770184405], [68.48785507655069, 23.736975550781068], [68.49477243420054, 23.737165212404733], [68.5099717376057, 23.751010656616558], [68.51713514347219, 23.75526511629215], [68.5221892596268, 23.775270462361988], [68.51627600223586, 23.779037356388926], [68.51239240138833, 23.787017345773933], [68.51580083374162, 23.79583287278888], [68.52279114709384, 23.80371606364551], [68.51448535941196, 23.818518400004194], [68.50800085085874, 23.826115846569138], [68.49500560772267, 23.83094465737014], [68.48867082639757, 23.82958364496932], [68.47640097102814, 23.82120704646806], [68.45785582088948, 23.817214846188307], [68.45545101125529, 23.807276248500074]], [[68.46433746780005, 23.739669442091184], [68.45720493835725, 23.733450412506556], [68.45967233181275, 23.724764704427656], [68.46748173239612, 23.728236556072318], [68.48402643237407, 23.72763740973869], [68.47800505129223, 23.73375010528318], [68.46433746780005, 23.739669442091184]], [[68.34010195743949, 23.782220244169025], [68.34727346889557, 23.781399369085648], [68.34744596515932, 23.799458861037664], [68.34010195743949, 23.782220244169025]], [[68.48093211612442, 23.62576770771355], [68.47965884248165, 23.61995005635015], [68.47010886703075, 23.61647331689008], [68.46961855844981, 23.60134887664944], [68.46739435156823, 23.596331715436378], [68.48013174558375, 23.59099853065777], [68.47801435028217, 23.600074529216243], [68.47966516021907, 23.60649216148417], [68.48941051967975, 23.60341537032312], [68.49099361876054, 23.621510744325434], [68.48691487312303, 23.62713873406537], [68.48093211612442, 23.62576770771355]], [[68.47970485719341, 23.590103029831027], [68.46856141078061, 23.591900944573013], [68.46317780011552, 23.583829045374273], [68.4728006125583, 23.578204274307836], [68.46108591588248, 23.57523274429576], [68.4547662737447, 23.56751036661018], [68.44210624660607, 23.563084244342434], [68.43432104587967, 23.55381822623019], [68.43544995764952, 23.546696066870055], [68.43035507162935, 23.54279065116765], [68.4320249561869, 23.520568967284078], [68.43981361390726, 23.526066065196858], [68.44669830818046, 23.54005384420961], [68.46827614312966, 23.552839875360007], [68.47384882006716, 23.562688469797138], [68.4855594634985, 23.57570421657644], [68.47970485719341, 23.590103029831027]], [[68.46942901643601, 23.54828727243975], [68.457452774426, 23.542235731693722], [68.46018135528547, 23.53254175230012], [68.46990084664682, 23.53846490403214], [68.47566270856728, 23.538418411780412], [68.48017156126863, 23.545212626161828], [68.47955060008027, 23.55515384717239], [68.47054874882585, 23.55296587937184], [68.46942901643601, 23.54828727243975]], [[68.45196735870664, 23.575281262720125], [68.46176075905183, 23.576551437299088], [68.46145963635323, 23.582463621798723], [68.46744787651838, 23.591335177476537], [68.46600127204121, 23.597885131493655], [68.455645680304, 23.599994301595785], [68.45248854191274, 23.5951081518198], [68.45724725685548, 23.5872230526019], [68.45196735870664, 23.575281262720125]], [[68.45210731030417, 23.60264694729881], [68.45855355270439, 23.603976249604273], [68.46656405968363, 23.60086584088586], [68.46694552871324, 23.61795306228413], [68.46460652337245, 23.622592926422442], [68.45588982105855, 23.624750375729292], [68.43688750235643, 23.619005441747788], [68.43710815911427, 23.607161164456215], [68.44116914314148, 23.60300815100547], [68.43887746372414, 23.589193343997692], [68.44561755690486, 23.5884214639795], [68.44858992058849, 23.5998226408023], [68.45210731030417, 23.60264694729881]], [[68.47859477992526, 23.498127818244228], [68.47310125861631, 23.493712544498436], [68.47417771832718, 23.480847835259453], [68.48138344269185, 23.47783672788279], [68.48683845952743, 23.485961556680536], [68.48563754533657, 23.49515414244985], [68.47859477992526, 23.498127818244228]], [[68.48741292936322, 23.485399246578055], [68.48217630389334, 23.477874517395094], [68.48517334497396, 23.47628402678646], [68.48762631420314, 23.47322380563415], [68.49766850479776, 23.479509830214568], [68.49593174485418, 23.48686754719958], [68.48741292936322, 23.485399246578055]], [[68.50474274198396, 23.452550768703134], [68.5031150581136, 23.447228551156712], [68.50564777832236, 23.436812758801807], [68.52092421028416, 23.436821580251774], [68.51908552657588, 23.448764204704332], [68.50474274198396, 23.452550768703134]], [[68.49060904976798, 23.444358706589128], [68.49492538010222, 23.456300854401007], [68.48721754535345, 23.466989278932147], [68.4869966502753, 23.472517252369386], [68.48537814578495, 23.475170850454475], [68.47249364876293, 23.480218648871585], [68.46136403122514, 23.475467801198192], [68.45976805655064, 23.46836400059817], [68.45152151620508, 23.469740628827083], [68.44412660595825, 23.465910911759266], [68.44941461059588, 23.460977554770466], [68.44293081790309, 23.454339147034062], [68.43723881262113, 23.45366597210696], [68.42961132510274, 23.43999266622859], [68.42486596149499, 23.44736611865153], [68.41176486006034, 23.441616058534322], [68.41303026643365, 23.43177783507906], [68.42465531868808, 23.42656791227938], [68.42855441575384, 23.43375587503371], [68.43849790125725, 23.43568480031331], [68.44913542236193, 23.449997067310818], [68.46192026101139, 23.452625155226826], [68.46009182957428, 23.436836839048937], [68.46451175191598, 23.420951246802673], [68.45860254776946, 23.417743444204632], [68.47181785141285, 23.406363010244803], [68.48537170843767, 23.40443706531832], [68.48993384866824, 23.427432417971744], [68.49060904976798, 23.444358706589128]], [[68.53723180310536, 23.404729008636906], [68.5485842231835, 23.3923418519949], [68.55437505226686, 23.379860758467316], [68.55991697328975, 23.375969171640037], [68.55005741162032, 23.36592602686474], [68.55883967900806, 23.362617373393107], [68.56659293131881, 23.376199006878693], [68.55949997924077, 23.38248646228044], [68.55323183498129, 23.391911864540987], [68.55468750012804, 23.397600411929574], [68.54200422731336, 23.40461361392721], [68.53723180310536, 23.404729008636906]], [[68.58783733812274, 23.36832725989521], [68.56975543506533, 23.373363852759667], [68.57303357094261, 23.362271666804048], [68.5790555473757, 23.360329150969648], [68.59133434290575, 23.341543435780977], [68.60725486302167, 23.331769942828686], [68.59894895572975, 23.346130729149877], [68.61889410028252, 23.329014420079517], [68.62053275138541, 23.336637854353597], [68.61116874224379, 23.357424020602167], [68.60775375383278, 23.352730274482667], [68.58932185172219, 23.374032974442258], [68.58783733812274, 23.36832725989521]], [[68.52867674853323, 23.33227765598909], [68.5190702677788, 23.341503501385546], [68.51334094962519, 23.33935904458434], [68.50282967085266, 23.340044737174964], [68.5053373575332, 23.330440878843604], [68.50252115752542, 23.32376790026848], [68.51205491999869, 23.3184169529801], [68.53583431240364, 23.316536426514887], [68.53705835356024, 23.32210373899639], [68.52934944592036, 23.32594394665591], [68.52867674853323, 23.33227765598909]], [[68.60897243053327, 23.313214540418727], [68.59413504579587, 23.314506650361693], [68.5873929264425, 23.31895005669986], [68.58274054553985, 23.315709352404724], [68.59416675589122, 23.309409975589944], [68.60067987457668, 23.301092028174565], [68.61843395226524, 23.29871845289435], [68.60897243053327, 23.313214540418727]], [[68.60218715631228, 23.29969310755098], [68.59586691882336, 23.29940927072127], [68.58928573135157, 23.305595517319375], [68.58263802552452, 23.30568730842262], [68.57032632829757, 23.30032813593479], [68.56387186069796, 23.30116415020541], [68.55951285393522, 23.312405228818335], [68.55602180985866, 23.312175631899976], [68.55324840588932, 23.296760201622078], [68.5598833557323, 23.286862254189742], [68.5659874681472, 23.28648555246633], [68.56414484990503, 23.278520703167914], [68.54668855663166, 23.277997732109725], [68.54075407973707, 23.284765362531488], [68.53805291650903, 23.27330362806009], [68.54083395032669, 23.266011119117877], [68.56793391671695, 23.250911355374768], [68.57990646341264, 23.252155542244566], [68.57289850716055, 23.260891079959436], [68.58450496233425, 23.263143300722845], [68.59583365919613, 23.26816594600163], [68.60710442083237, 23.26907086362948], [68.61511182784866, 23.27213561556627], [68.61032462148412, 23.285772204823417], [68.61191391959173, 23.29614293574795], [68.60218715631228, 23.29969310755098]], [[68.47146320376393, 23.480329155765986], [68.47292697450044, 23.49065256076713], [68.4638029332589, 23.496283054219674], [68.45900797833556, 23.487046122880315], [68.45969927280336, 23.479186534730843], [68.47146320376393, 23.480329155765986]], [[69.64711785300656, 22.755237579250974], [69.66270542161791, 22.750596403901], [69.66303932640395, 22.75493097338577], [69.64711785300656, 22.755237579250974]], [[69.95648396056643, 22.595100640881924], [69.96397507219191, 22.599799275716094], [69.95625030950427, 22.604295134113215], [69.94926440732658, 22.598918080405156], [69.95648396056643, 22.595100640881924]], [[69.99786865671322, 22.588434100553343], [69.99230980865084, 22.584447145119725], [69.9657629729829, 22.577915072322753], [69.95768404018636, 22.563387274703018], [69.95734882328972, 22.550641178847428], [69.96464824711902, 22.545260429824992], [69.97562670750656, 22.547827244231968], [69.98493134970212, 22.54624056854746], [69.99921953645256, 22.552960633826274], [70.00764131509462, 22.553831816085477], [70.02731335172993, 22.568441152537275], [70.0282120703308, 22.57461571694185], [70.02493584191566, 22.586040258151428], [70.00881052008955, 22.593162179191296], [69.99786865671322, 22.588434100553343]], [[69.95202755902469, 22.551060318678793], [69.94447684303205, 22.551060318678793], [69.93861913676383, 22.545341849047105], [69.93892180899437, 22.538683772238386], [69.94989466660573, 22.53558373450184], [69.95729684787128, 22.54561173919052], [69.95202755902469, 22.551060318678793]], [[69.93617105445068, 22.533063649767684], [69.93193292646347, 22.545090913914635], [69.9190962311063, 22.552646279402353], [69.90728557137217, 22.545842051069855], [69.90056645847537, 22.545898675983153], [69.89825546701636, 22.528871059851554], [69.89496874800946, 22.52285110959116], [69.86691987545206, 22.530954241345256], [69.86504745457646, 22.524857759677957], [69.88427126370797, 22.51972973364036], [69.89687752757587, 22.511758923635455], [69.90157616151075, 22.514143347437596], [69.9154735802417, 22.511748075113644], [69.93368744891674, 22.518570542596592], [69.94149041215283, 22.517827153100768], [69.94424736482407, 22.52300631998574], [69.93617105445068, 22.533063649767684]], [[69.36381447335933, 22.512421846291232], [69.35129284828636, 22.526326775260543], [69.33056724058574, 22.524314880327495], [69.32233154786266, 22.527652025220902], [69.31589925304817, 22.51994276054998], [69.33522594012513, 22.507336735901674], [69.35165035757805, 22.504732846943455], [69.36381447335933, 22.512421846291232]], [[72.8068109753464, 19.50005173689823], [72.81281125563495, 19.49254965804036], [72.82367587084477, 19.49752223536288], [72.82320773594839, 19.50496685473665], [72.81250822547426, 19.503588437756264], [72.8068109753464, 19.50005173689823]], [[72.7323291297856, 19.45735991033169], [72.73667395154175, 19.465618133769937], [72.73040187364771, 19.46823084327886], [72.7283345463023, 19.461517572378156], [72.7323291297856, 19.45735991033169]], [[72.87352323510922, 19.32464730762723], [72.85933411138026, 19.335816025889017], [72.84484386405316, 19.338336944294596], [72.83555424233455, 19.332925677677935], [72.85786402200702, 19.329746603922672], [72.87352323510922, 19.32464730762723]], [[75.14905262008241, 12.12890625042317], [75.14769864038001, 12.144948363376301], [75.14194881948256, 12.156148552513784], [75.14171624221083, 12.16446626160868], [75.13585233691597, 12.17509567712392], [75.12739956403877, 12.195031404875465], [75.12372910971075, 12.19182503219956], [75.14905262008241, 12.12890625042317]], [[75.13522744209288, 12.181747555805131], [75.1435623165477, 12.167852044536303], [75.1469817161333, 12.153243541756055], [75.15189242369647, 12.159411072563003], [75.14251935478453, 12.170897364821585], [75.1406823393186, 12.17999780155742], [75.13522744209288, 12.181747555805131]], [[75.15848422047051, 12.121148467327956], [75.16200041768522, 12.13298320730921], [75.15854275194661, 12.138613342831533], [75.14981710947208, 12.139405131141928], [75.15848422047051, 12.121148467327956]], [[75.16309654736787, 12.105650901967607], [75.16920447380753, 12.103944420398761], [75.16996204830994, 12.111471057043715], [75.16061961660213, 12.113522052700588], [75.16309654736787, 12.105650901967607]], [[72.70706105272544, 11.680313348582203], [72.71596074099548, 11.690713525109118], [72.71335434922392, 11.701079011187474], [72.70676064498784, 11.684623121959575], [72.70706105272544, 11.680313348582203]], [[73.00408494456465, 11.480051517663497], [73.00736725329622, 11.471611738191228], [73.01162910449963, 11.471662044467891], [73.00937223424128, 11.485795259143984], [73.00408494456465, 11.480051517663497]], [[72.76209914645855, 11.190679073080787], [72.76499545537607, 11.191588759813484], [72.76941990850204, 11.203335165685473], [72.77709984807959, 11.214640378550698], [72.78427684270227, 11.239724517272677], [72.79043710249042, 11.254420757012412], [72.78600060924086, 11.25674951098118], [72.77813243886109, 11.240578532373448], [72.77293086087062, 11.220315456792974], [72.76209914645855, 11.190679073080787]], [[72.72033166917126, 11.110627413124746], [72.72895467291991, 11.11959850756513], [72.73416292657797, 11.131282329615871], [72.7305166721068, 11.136189937215917], [72.71624541239592, 11.124900341077975], [72.7153598068098, 11.116509080030085], [72.72033166917126, 11.110627413124746]], [[72.2913346286903, 10.945899844002724], [72.28701925253662, 10.945870518909345], [72.28421211229929, 10.935669302996018], [72.29105365260406, 10.936487555656228], [72.2913346286903, 10.945899844002724]], [[72.17138767220345, 10.81725943087811], [72.17991721660641, 10.828545451311612], [72.18999254721834, 10.848419904654932], [72.20369005205433, 10.868684053126614], [72.20011055425883, 10.876780152182391], [72.19435501097499, 10.87010002129901], [72.18894577053098, 10.848850250039064], [72.17138767220345, 10.81725943087811]], [[73.67539095902563, 10.81831991683076], [73.66442155840835, 10.8186087610855], [73.66029512891711, 10.815987705868011], [73.66231286494693, 10.80845415613446], [73.67293155154996, 10.804481625826469], [73.68574225919801, 10.807237267286112], [73.70104682465129, 10.812947153788215], [73.70047926880338, 10.817308664263564], [73.67539095902563, 10.81831991683076]], [[72.61734843288392, 10.540567040436656], [72.63412582884396, 10.554685234635969], [72.6469769475282, 10.55972695363613], [72.6502175331128, 10.568454623182404], [72.64591455501281, 10.576516509329508], [72.63904607281816, 10.576290846045794], [72.63378024096548, 10.56404924377766], [72.62333524222774, 10.546875000381078], [72.61734843288392, 10.540567040436656]], [[76.17609965757325, 10.149473548165815], [76.1864435671171, 10.11515843881098], [76.18984305841045, 10.095498323588856], [76.19423580144118, 10.083348750744264], [76.20173764197867, 10.052316904301733], [76.2038439513374, 10.05062377496732], [76.20934712866713, 10.030775070113464], [76.21251595015113, 10.025405049103824], [76.21774733077476, 10.005433559810996], [76.21883654557027, 9.995404720551505], [76.22395157820281, 9.97815465891044], [76.23493170773227, 9.97256684278561], [76.24236071127794, 9.978722333469008], [76.24039304230521, 9.988192557940295], [76.24082756054364, 10.001772045643492], [76.23712575405037, 10.010205745698698], [76.23892021179839, 10.0302734372694], [76.23165404759632, 10.035950780004526], [76.23216283364795, 10.047073363944719], [76.22579932168142, 10.053851246637763], [76.23020863562019, 10.059565901345351], [76.2263568635785, 10.065466641972037], [76.2212970259371, 10.084121942873438], [76.2130491734807, 10.083512902198748], [76.21074795765216, 10.091352939986251], [76.21161901940232, 10.102285623982482], [76.21422624574481, 10.105556249621245], [76.20825564847942, 10.120539069122856], [76.20630455041479, 10.133818268698178], [76.19944572424086, 10.14372611047169], [76.1932758093312, 10.162219644021391], [76.18579864529127, 10.165151357449233], [76.17771065272458, 10.174209356077014], [76.1759901048595, 10.182813763644347], [76.16869235017194, 10.181823968901114], [76.1667735575538, 10.171442151134485], [76.17609965757325, 10.149473548165815]], [[76.20026910303685, 10.149046301845445], [76.2119364737894, 10.143103956782227], [76.21097326300574, 10.133865832941922], [76.22131013895185, 10.12533664736847], [76.22641336888196, 10.10934674725462], [76.21608340782316, 10.112047075911832], [76.22733235370524, 10.09476160976061], [76.23399102676464, 10.087270379424552], [76.23928225007589, 10.075507879285226], [76.24287223846315, 10.075538635199933], [76.23104166953757, 10.109708070571045], [76.24131452994172, 10.10845446600085], [76.25266170517367, 10.091621279698387], [76.25294315790049, 10.083866000315709], [76.25781524138043, 10.08289575593443], [76.26225698037544, 10.071900844248617], [76.26646292252602, 10.069038629529246], [76.25851345073531, 10.061702132047813], [76.2602777479199, 10.04743707136383], [76.25115633000078, 10.054142951635967], [76.24412286268003, 10.071695923827889], [76.2406983378581, 10.070451617348269], [76.24780035060579, 10.056737661214186], [76.25060045724538, 10.047042131389333], [76.25966954271539, 10.042747020558593], [76.26525425887709, 10.047392845403508], [76.26757204561349, 10.0572917461173], [76.27911937216143, 10.060988306864942], [76.27946710582242, 10.072003007233093], [76.28421473482231, 10.077548861890548], [76.28286004105811, 10.088375329657822], [76.28459107861542, 10.095860719796391], [76.29322063932116, 10.096494436069449], [76.29838097080525, 10.088745951964171], [76.3010262249804, 10.078522801586104], [76.3115749362344, 10.076757550220847], [76.31956076581676, 10.083139419149006], [76.3300004000985, 10.081976532790776], [76.33664584143244, 10.093260645762271], [76.34198451027694, 10.092344760902051], [76.34732866318737, 10.106737851770532], [76.34835255122928, 10.114069819366705], [76.3561699386918, 10.116567253775756], [76.35216116930255, 10.122935056407783], [76.34229254696359, 10.124702334844983], [76.33897364122063, 10.127910732794163], [76.33641564826362, 10.143376231028313], [76.32862746718402, 10.150733828403574], [76.32361507417644, 10.151433467680405], [76.30802404857113, 10.145448327478377], [76.30102300630674, 10.138127445825035], [76.29288685324585, 10.135602712495256], [76.2764915225658, 10.147415757231443], [76.27235650994507, 10.14869821115353], [76.26522743659697, 10.158856749739229], [76.25459790237144, 10.16730475441095], [76.23945450801918, 10.173847317799527], [76.23283553103508, 10.181257725163974], [76.22424435609233, 10.184335827536515], [76.21828055410444, 10.190745472925272], [76.20932555213264, 10.19349801532124], [76.19172585026789, 10.191043734880495], [76.18071746853647, 10.187191247877848], [76.17722725903084, 10.182734727625643], [76.18033194536306, 10.17282950917459], [76.18727445615136, 10.165759443943273], [76.193686366033, 10.163390040617912], [76.20026910303685, 10.149046301845445]], [[76.26753306360015, 10.047248363920914], [76.27881944196369, 10.047316670128268], [76.27904844263153, 10.058943867265725], [76.26850581169387, 10.05709636210753], [76.26753306360015, 10.047248363920914]], [[76.2599166629237, 10.041476845979744], [76.2498303650793, 10.02998733504748], [76.25841891759913, 10.010374545748718], [76.26916444278496, 10.036915540319995], [76.26714158061955, 10.045381903751917], [76.2599166629237, 10.041476845979744]], [[76.24382066709026, 10.013092160275022], [76.24152851103204, 10.006953954561453], [76.2462557550991, 9.986687540697545], [76.24665236511467, 9.976659655618704], [76.25999152698753, 9.981419920992579], [76.2584260699073, 9.990746140621951], [76.2531802650573, 10.005857109917713], [76.24382066709026, 10.013092160275022]], [[73.65149581398069, 10.104480743191829], [73.65064382595185, 10.096405625319406], [73.64478647671464, 10.077148437850141], [73.64107084314495, 10.0711791517965], [73.63553667068092, 10.071556330160604], [73.64217054853205, 10.056926965806895], [73.64774084046749, 10.060872435514554], [73.64804041363428, 10.078799844037661], [73.6521240470872, 10.09643256631], [73.65149581398069, 10.104480743191829]], [[76.25787615785842, 9.968381762208594], [76.26525783548081, 9.9613325594501], [76.2675652503361, 9.93926513178046], [76.2721978425565, 9.934190034442608], [76.28864634025646, 9.926646948298114], [76.29411804671062, 9.92608213448301], [76.2805576327286, 9.956577420211815], [76.27481365202854, 9.965971946947832], [76.26702785505157, 9.969214677415522], [76.25787615785842, 9.968381762208594]], [[73.04696357291064, 8.276279210717036], [73.04128360775243, 8.274203538562531], [73.0189807411684, 8.27165246049276], [73.03185296064575, 8.266491532758081], [73.04929530633345, 8.266770601382191], [73.05798184898325, 8.277531504975016], [73.06720495234677, 8.285853743955187], [73.06479990439212, 8.296982645632639], [73.05564165114143, 8.282660126363837], [73.04696357291064, 8.276279210717036]], [[79.43960762019563, 9.158230543005232], [79.42532587079242, 9.172885179207725], [79.41621983038087, 9.179781675284161], [79.41657710045288, 9.183568715923556], [79.38936305056436, 9.208655715388986], [79.37660646411709, 9.21717774865428], [79.36207842817706, 9.23030793686182], [79.3399411438688, 9.24776780583963], [79.32602095610233, 9.261819720004155], [79.31716275175975, 9.27512276150631], [79.31664621804859, 9.285220504123046], [79.32789802557349, 9.294554948951784], [79.33494424797877, 9.312251210125282], [79.33044421672739, 9.31890654580046], [79.32112944097108, 9.32474541666771], [79.31084632829558, 9.328332543412245], [79.30012476464631, 9.322640776450768], [79.28997480829085, 9.319867014551136], [79.27950906758949, 9.3118765354738], [79.2673504349747, 9.29347670048945], [79.25512981388985, 9.29167866703692], [79.2307449583133, 9.292617678862811], [79.22080910175865, 9.291831255008503], [79.21288037283111, 9.283509850599145], [79.20536053146347, 9.280184149578886], [79.20444965402848, 9.27471327769564], [79.2130154375125, 9.273208618383109], [79.22123384436648, 9.267144918803055], [79.21461927855702, 9.256344079915436], [79.22487843059523, 9.259135842645136], [79.24768114127167, 9.259963631716289], [79.28256547471696, 9.25303745261644], [79.29895305593894, 9.246436357751762], [79.32049345930571, 9.236173153368426], [79.34342551227772, 9.223853111332105], [79.37187564344632, 9.204549669931396], [79.42156982438794, 9.173966646343743], [79.43960762019563, 9.158230543005232]], [[79.09093427649574, 9.200024127611485], [79.08681654974399, 9.196800351255305], [79.07711696667482, 9.19977664947288], [79.06662785978793, 9.20745956940371], [79.06037962472001, 9.202417015832737], [79.07783865912691, 9.19666612114463], [79.08572745365913, 9.191738843572821], [79.09093427649574, 9.200024127611485]], [[80.84929275555626, 15.711184621173459], [80.85105454902836, 15.710133909952049], [80.88727140435199, 15.714593172237173], [80.90122544799604, 15.718132853448509], [80.92400026350137, 15.721871256953051], [80.91586375251026, 15.735859751826155], [80.90374374397871, 15.74249947077405], [80.8950773479414, 15.750931978328225], [80.88166117712174, 15.776037573974975], [80.87148845173081, 15.786587715151029], [80.8655308487698, 15.802120924241308], [80.86459195655365, 15.820312499622219], [80.85937500015629, 15.818638444009068], [80.85575842870864, 15.805115580319793], [80.85553765324013, 15.796811103849393], [80.84920024859261, 15.781087875205344], [80.84279561062905, 15.770791172874397], [80.83706545790463, 15.751760721580126], [80.83448040524658, 15.736535549176324], [80.83756625617784, 15.725649118212331], [80.83826828045679, 15.709014415882606], [80.84929275555626, 15.711184621173459]], [[80.83076620069974, 15.737194180267238], [80.82799637333406, 15.7426344158457], [80.80679476256833, 15.741108655739978], [80.79217720001785, 15.760698437682805], [80.79356360477666, 15.771269440432405], [80.78618454957743, 15.767731308752943], [80.79400885102771, 15.754616141022169], [80.80056261996904, 15.739308238184762], [80.81045603751622, 15.730672955092885], [80.81622111811018, 15.719726443120905], [80.82492279994742, 15.711964249750437], [80.83090972890099, 15.715834617973329], [80.83076620069974, 15.737194180267238]], [[80.893436551056, 15.768721341816558], [80.89993035769996, 15.755341053047246], [80.91842150714697, 15.74204695260481], [80.93267106981412, 15.726734518982937], [80.93360137979997, 15.721150159852087], [80.93927705249402, 15.718378663344765], [80.94576084608619, 15.721446752665585], [80.95097625295185, 15.728343367452496], [80.96040701876902, 15.728861928235517], [80.98266565759408, 15.739992022414], [81.00108647376189, 15.751849055689476], [80.99909102922769, 15.759624958325219], [80.98178911177817, 15.773959517717685], [80.96904802334765, 15.782423377436999], [80.95684480684244, 15.798249841057427], [80.93554401434486, 15.808741807788223], [80.91734075587127, 15.820312499622219], [80.90976655498267, 15.821847677428437], [80.90069484708962, 15.827383756455276], [80.8902369736575, 15.840290307551683], [80.88746893414415, 15.849088907527133], [80.87857604025206, 15.847344517735323], [80.87262582791979, 15.837432265686559], [80.86868011989165, 15.81337273086693], [80.87283742400805, 15.795658946403321], [80.893436551056, 15.768721341816558]], [[81.73874604709252, 16.32048773781888], [81.74618220294636, 16.322313546832817], [81.77561581112084, 16.334851026953388], [81.82434666166924, 16.36127555392376], [81.86316561719954, 16.377760648635103], [81.89267015490375, 16.386353016078886], [81.92477810402639, 16.393710970485003], [81.94428634623799, 16.395074606208183], [81.9508581160093, 16.40581655479029], [81.94885253881378, 16.41640901536384], [81.9599752423637, 16.44014990329549], [81.96026635201056, 16.448989152627348], [81.95654904839998, 16.467090249015882], [81.96026694736182, 16.483145356273226], [81.96067750496289, 16.495072245287957], [81.96524107421632, 16.51353240049997], [81.95689034471374, 16.52681183839576], [81.95018136537786, 16.53144657639848], [81.94262194664569, 16.54175901416727], [81.93951761734425, 16.557359218253396], [81.93072783971817, 16.565885901013615], [81.92555797092368, 16.565848231111033], [81.9171940087966, 16.558719635302992], [81.91710662796854, 16.550504446223314], [81.92358875241914, 16.539611219981836], [81.91916501515348, 16.525210857195347], [81.91130781200602, 16.523170948380596], [81.89575910579819, 16.533376932499493], [81.88935577904599, 16.541993022260257], [81.88790071014975, 16.55147004110958], [81.89332330192892, 16.562508225474346], [81.89173686546414, 16.57211196419587], [81.88081193002668, 16.58691394352371], [81.87279534363037, 16.59149157997254], [81.87043893370995, 16.5697643757254], [81.87179231626246, 16.553001642311983], [81.86862230317692, 16.546725154142607], [81.86075925803348, 16.539877056880727], [81.85161364115677, 16.50887632338366], [81.8504551650739, 16.500795602734954], [81.85389900193755, 16.487941145767294], [81.83970761281611, 16.478578925377235], [81.80957043173007, 16.46883153884447], [81.8017289640205, 16.468713045071013], [81.79524970031352, 16.464962601443005], [81.7869882582016, 16.44963717441611], [81.76959908043338, 16.430132269588654], [81.76418495217396, 16.42115211447856], [81.75568294501196, 16.41462826688104], [81.74528992169266, 16.414649963025383], [81.73362863035717, 16.41967236998397], [81.72636043998247, 16.429081201336487], [81.72085952714556, 16.441031336926727], [81.71224272242384, 16.440648317465957], [81.70579481088188, 16.424016832910624], [81.7062206272802, 16.41138851676672], [81.70912504178742, 16.39840757824726], [81.72671186895772, 16.37105393379207], [81.72595334027457, 16.360976219077344], [81.72792744659446, 16.352688550935895], [81.72716951326257, 16.339782118550033], [81.71935474912246, 16.315588474128845], [81.7241429087683, 16.312749505085705], [81.73269164560313, 16.315394759260798], [81.73874604709252, 16.32048773781888]], [[81.84394121181762, 16.489899873680315], [81.8314820527547, 16.489604353757997], [81.81425726386178, 16.484126806207172], [81.81918954885865, 16.47938215756058], [81.82890760939878, 16.479661226184703], [81.83998966179362, 16.483885765415764], [81.84394121181762, 16.489899873680315]], [[81.85305666903005, 16.534560442110774], [81.84802091163587, 16.53213465219251], [81.84718847306968, 16.523041248155195], [81.8529657124977, 16.52194511847253], [81.85305666903005, 16.534560442110774]], [[81.87008655055396, 16.59546232242826], [81.86368286587171, 16.59616494205848], [81.8608858582958, 16.5891704558519], [81.8616063591463, 16.571584821182626], [81.85826075073314, 16.564229249980016], [81.85709655316342, 16.553447008172967], [81.85889005673076, 16.542866111082205], [81.86715114091257, 16.54901146910413], [81.87066984183988, 16.55803382400181], [81.86895310889892, 16.568777918366322], [81.87008655055396, 16.59546232242826]], [[81.87182676749146, 16.60253787082621], [81.87919497506815, 16.591456055852362], [81.89006102109934, 16.585400939401893], [81.89332914392494, 16.5785932540755], [81.89715194700491, 16.55941295594326], [81.89484047890514, 16.543171525345684], [81.90111064933708, 16.534905075808624], [81.9092475173592, 16.529353856695167], [81.91564381141282, 16.52929675604048], [81.92124211812941, 16.539125561795274], [81.9123667475275, 16.5519820449355], [81.91265130021745, 16.564198136135175], [81.92119264642358, 16.569475412760198], [81.93240034579944, 16.56745791415149], [81.93956553951816, 16.562935352184795], [81.94743084915453, 16.554193020091873], [81.95222914236112, 16.541685342604552], [81.96669924217636, 16.528071045742237], [81.96827673938017, 16.519757628212034], [81.97399437444088, 16.51347506062561], [81.97419321544461, 16.498495340187844], [81.96615374130218, 16.487024664656644], [81.96735024431845, 16.475497245501515], [81.96663343878234, 16.44828307600315], [81.96102905264868, 16.424577236450375], [81.95580375234132, 16.41508805786765], [81.96043705952277, 16.40387415856563], [81.97861111161362, 16.411705255293327], [82.02017116566682, 16.432914256687653], [82.03148257755905, 16.439593672609973], [82.0324599742485, 16.44440746293411], [82.04598915567502, 16.44783735311141], [82.07966625719209, 16.46646070469778], [82.11979925623083, 16.485682011016024], [82.14190947993862, 16.497714758329494], [82.15117466437928, 16.500843048268138], [82.19487905472468, 16.52358043219128], [82.22490704102714, 16.53799796123701], [82.26026797288878, 16.550290108102104], [82.28590714889592, 16.557140350247096], [82.2835658790622, 16.563012122811273], [82.27331554847379, 16.559887647796728], [82.26795184610094, 16.564098119832465], [82.27800822260147, 16.571179151396777], [82.28916180167593, 16.570751905076406], [82.29727804644475, 16.583890557703157], [82.29959952849552, 16.59145033346624], [82.29153072836053, 16.60567617381639], [82.2894289497863, 16.61526155467709], [82.28141856151754, 16.63212847724745], [82.27809202682565, 16.636001109963388], [82.26562499959422, 16.642299055956727], [82.26030886146495, 16.64133870591661], [82.24803030515457, 16.645031451740223], [82.23385286361881, 16.641258716616534], [82.22686624558091, 16.64104580841746], [82.21140372769995, 16.62721693511348], [82.20694923362035, 16.61694860459454], [82.1967048646379, 16.61120975003], [82.19352340677992, 16.603921770973045], [82.19091105430178, 16.601468563423495], [82.18751692746432, 16.601596951538127], [82.16880965204385, 16.607365012485403], [82.1582617762601, 16.61318874326595], [82.15617883218741, 16.6203031540674], [82.1639815571032, 16.62554335614101], [82.15903413291906, 16.637901068079913], [82.15797507778777, 16.6574847697064], [82.16091752012758, 16.66946804531412], [82.15549516666871, 16.675392269937333], [82.14168083630162, 16.684140920667062], [82.11853337321676, 16.688992142573383], [82.11116564317993, 16.68377733195841], [82.10573065244782, 16.674995660821125], [82.08267176179251, 16.66267454589368], [82.07561671703789, 16.66325533346692], [82.06581091863902, 16.67100834835665], [82.05028772349974, 16.670626163466693], [82.03646600250411, 16.684237003335113], [82.02036130393108, 16.68886554231102], [82.00999546082195, 16.68808746326583], [81.99860632412262, 16.69084823176054], [81.97642231014154, 16.70332002629827], [81.96590852765647, 16.69921874994543], [81.96102952928945, 16.70197927922038], [81.95331490016267, 16.69638431078738], [81.94562232511024, 16.70304143431484], [81.94170784963765, 16.7102965116747], [81.92926764468606, 16.70972931375691], [81.92404854340558, 16.724706530482052], [81.9049172403385, 16.733676552930604], [81.8955706357763, 16.74445831809696], [81.88223648042938, 16.748355269380227], [81.87594211103968, 16.7544357772894], [81.85765171095781, 16.762654542972882], [81.84717595540619, 16.773526549710525], [81.84325754629882, 16.785994648933993], [81.8355646133164, 16.78554987932351], [81.82700204850588, 16.789900541277063], [81.82143104071, 16.796476960543373], [81.82154691206043, 16.80266845198753], [81.81595814265418, 16.815441846763918], [81.8042538169602, 16.83077561859993], [81.79891955839102, 16.834283947646128], [81.79195284864514, 16.849765300927956], [81.78034913550422, 16.866716623073742], [81.77180504816445, 16.874999999650313], [81.7654224633761, 16.884932756241753], [81.7599077225635, 16.906852245434806], [81.75890827179947, 16.917636871344627], [81.7502267356754, 16.929292201973624], [81.74061334093304, 16.910853743805248], [81.74128150933436, 16.900638818626632], [81.74767970995069, 16.88376772410122], [81.75625860734894, 16.87021064750344], [81.76059412921572, 16.858398318627593], [81.76720082775606, 16.85033762498152], [81.77014434298715, 16.837213754511254], [81.76292431310671, 16.820672154496435], [81.76311028031526, 16.810734271769306], [81.75998067826575, 16.792271256713192], [81.76359033572552, 16.783055067337543], [81.77105712878361, 16.77346694444394], [81.78848803059819, 16.763041377357766], [81.7905963661295, 16.754171252501365], [81.79603695873871, 16.746329545572152], [81.7990907434432, 16.732904076661868], [81.801049828387, 16.712193131507874], [81.79962444341348, 16.70186924896676], [81.80869185884237, 16.69172167761343], [81.82612097280477, 16.686717629415128], [81.84104454496989, 16.67810237422526], [81.84511995322336, 16.654723167540254], [81.85100722290517, 16.65063381170114], [81.85548973086648, 16.64320313901368], [81.8526246545043, 16.63748741141498], [81.8620345596473, 16.61955654589798], [81.86512863667727, 16.610163211663007], [81.87182676749146, 16.60253787082621]], [[81.8280689718056, 16.679466128658987], [81.8225828411253, 16.673856616389813], [81.83152425254227, 16.666075825938677], [81.83122003077992, 16.677146912000453], [81.8280689718056, 16.679466128658987]], [[81.75192511075537, 16.803751230335138], [81.7495717998988, 16.79554712809758], [81.75598895552602, 16.78743255157103], [81.75846874703515, 16.79980373355555], [81.75192511075537, 16.803751230335138]], [[81.75115442233883, 16.956221580461644], [81.76331865772997, 16.9694987538645], [81.76269721990084, 16.98430514346768], [81.75773680231165, 16.98151814894345], [81.75084686319232, 16.96581244448879], [81.75115442233883, 16.956221580461644]], [[81.76475572579622, 16.950625777457745], [81.76355564617623, 16.934838652881595], [81.77237284143357, 16.939529776577942], [81.77171134959926, 16.94918882810198], [81.76475572579622, 16.950625777457745]], [[81.79610550416575, 16.863851308391247], [81.7954850196181, 16.871404409386116], [81.79050135635262, 16.876555442779534], [81.78342783412737, 16.890213012320714], [81.77806341679329, 16.893246055061496], [81.77749693383649, 16.903430223426113], [81.78577804592018, 16.906222104866288], [81.78605055848655, 16.916438459967026], [81.78124332422018, 16.923879146605415], [81.77329313746841, 16.915544747891843], [81.7689784762758, 16.906079769166084], [81.78001987931398, 16.881769180503397], [81.79610550416575, 16.863851308391247]], [[81.79759383179001, 16.86256384884267], [81.80506324727108, 16.86771714672895], [81.79900395886565, 16.876644849780092], [81.79759383179001, 16.86256384884267]], [[81.8792245384818, 16.756365180109043], [81.87765204870314, 16.762513280163787], [81.85273885761225, 16.775336503676783], [81.85326373613262, 16.768841743751537], [81.86281907514032, 16.76213335976678], [81.8792245384818, 16.756365180109043]], [[81.88741576692419, 16.755581974928248], [81.89095890512951, 16.74842727180122], [81.90310680883229, 16.742431641007514], [81.90598487859941, 16.746655464378307], [81.89409315577464, 16.748944521372664], [81.88741576692419, 16.755581974928248]], [[81.9797927137628, 16.71145093451308], [81.94804954495063, 16.719337463653048], [81.94615626340098, 16.712361931557993], [81.95326554806664, 16.704414725159523], [81.96343684173698, 16.7056672577378], [81.97181034117446, 16.70381426851378], [81.9797927137628, 16.71145093451308]], [[81.99126040894086, 16.702414035779128], [82.00605630885164, 16.6897618768092], [82.00346457962681, 16.700427055664107], [81.99126040894086, 16.702414035779128]], [[82.03355991795596, 16.686604022557603], [82.03771925004352, 16.69094455274896], [82.01930224879985, 16.699984908476807], [82.0145677328147, 16.696316957861384], [82.01672494380117, 16.69005131731454], [82.03355991795596, 16.686604022557603]], [[82.05716145054063, 16.67485547090331], [82.07379662951095, 16.667806028925156], [82.07623755951576, 16.66412174662139], [82.08940625219694, 16.666882157185867], [82.09773612012597, 16.673963904610616], [82.10451734110254, 16.67525267627005], [82.11624324333113, 16.693153500833418], [82.1232304576196, 16.692874312599542], [82.13601613083986, 16.68752861015733], [82.14667725555105, 16.692092656950635], [82.1564681530829, 16.70803952180654], [82.15314674362745, 16.71041595962889], [82.13355815418564, 16.70291614526397], [82.11944150951811, 16.703359246632004], [82.11231374738159, 16.708416461850334], [82.10428416758035, 16.70398974423138], [82.10540115793711, 16.69831383231758], [82.08231306089917, 16.69552934150596], [82.08258724170796, 16.6917653082225], [82.07613444325008, 16.682618379234853], [82.07045245191912, 16.678612232268776], [82.05716145054063, 16.67485547090331]], [[82.17555785171365, 16.716087341657598], [82.18882167378135, 16.71335113005071], [82.19638347661626, 16.717276811975395], [82.17630004870844, 16.72183120274792], [82.17555785171365, 16.716087341657598]], [[82.1973222492226, 16.710379361718225], [82.18560564508456, 16.70369005235412], [82.17051947099694, 16.707456350130528], [82.16431713103086, 16.70418691609342], [82.1592104432074, 16.69534266023561], [82.1438858507515, 16.687756657543815], [82.14261722570453, 16.684820413331508], [82.15547990787147, 16.67769610908826], [82.16186094312818, 16.67211616023266], [82.15972125543166, 16.659449934966602], [82.16059434425361, 16.6371593477258], [82.16638040513166, 16.629595756139324], [82.16569876668476, 16.62507784366764], [82.15776503123126, 16.619826674361576], [82.16097235718868, 16.612542748549117], [82.16657102093589, 16.609721064475607], [82.17868936032588, 16.607075929910366], [82.18519365756137, 16.603437423997974], [82.19126725238195, 16.60267853738469], [82.1971551183141, 16.614212155566634], [82.20676040656767, 16.61811900119106], [82.21268820779463, 16.631835937678446], [82.22822880751355, 16.643492817839316], [82.2345740794303, 16.64188945253629], [82.24265635051026, 16.645539403220923], [82.25876533974863, 16.64527165886001], [82.25403845271254, 16.652154326061336], [82.25535631204426, 16.66028821462953], [82.26146185438111, 16.66805434253395], [82.25887835035573, 16.688233255960014], [82.2568193678197, 16.694335222592528], [82.24739015063497, 16.705530047273925], [82.2277876136076, 16.71230304215176], [82.2108910080137, 16.713977217374747], [82.1973222492226, 16.710379361718225]], [[82.3103109594833, 16.701142907019545], [82.29130482675643, 16.696486115841637], [82.26767325411745, 16.702537417367992], [82.25794208056263, 16.701593756946366], [82.25777614125602, 16.692999720360874], [82.26591587092085, 16.673967480315056], [82.26473081087832, 16.668125033743365], [82.25638115426696, 16.65809214123938], [82.2607846262097, 16.6466180087142], [82.26754116978927, 16.64333224298865], [82.28394472566865, 16.642413019845094], [82.29738044774959, 16.612918019451115], [82.30276703876788, 16.606902003724556], [82.31259334081008, 16.603067040011922], [82.31949603591349, 16.620435476715983], [82.31751215486216, 16.63112795359224], [82.32057702550938, 16.653048872707345], [82.32675635811958, 16.668163061576067], [82.33409321353108, 16.679191112379996], [82.34416007972399, 16.689658641832906], [82.35879015903876, 16.712156414886664], [82.34008443315017, 16.71817600721704], [82.34271085282373, 16.711048364690356], [82.3528921604449, 16.709791660157123], [82.34852194812956, 16.70125365223433], [82.33694934883349, 16.69118344775798], [82.33520531697187, 16.698472380995582], [82.34478414087553, 16.70483446124142], [82.33185493945396, 16.724700451065075], [82.32758605465287, 16.72380757356079], [82.32570874686124, 16.71423685524674], [82.3193267583234, 16.706520438267674], [82.3103109594833, 16.701142907019545]], [[82.16178774820608, 16.706166267259505], [82.1568135026412, 16.70590174157219], [82.15170180829196, 16.69957244431292], [82.15749645229945, 16.695927501053433], [82.16178774820608, 16.706166267259505]], [[86.80370950668848, 20.371411919824368], [86.8070560692822, 20.3748610015341], [86.80747652032525, 20.38472342484627], [86.81450426615905, 20.403041243458688], [86.8130650523104, 20.413937210833637], [86.80078971377438, 20.411133527590295], [86.80199277374763, 20.39548420882926], [86.80040907841638, 20.389968276414862], [86.8058656456831, 20.381299853305592], [86.80370950668848, 20.371411919824368]], [[86.84178817268608, 20.57705152031147], [86.87983775101154, 20.60237097743874], [86.9007455109967, 20.614500880311454], [86.90335691019331, 20.617700219389747], [86.91997742661707, 20.62678217865465], [86.92401385285709, 20.63081216844691], [86.94300520432674, 20.64149594348305], [86.95073163525691, 20.647491454667005], [86.97403001807103, 20.66099333807219], [86.97815752045332, 20.66459226572053], [86.99976801877906, 20.6769733429455], [87.00388503056976, 20.680774449881028], [87.0276881452917, 20.69651842138805], [87.01880455038977, 20.701556920815335], [87.00776827348719, 20.696774363945792], [86.99515056574617, 20.701979279320312], [86.97883415237439, 20.70445275309214], [86.9698354001836, 20.70895516844638], [86.9559347627791, 20.70929455729808], [86.94266176223064, 20.711415648813215], [86.93404316875737, 20.710788250277602], [86.9025590415666, 20.697773218459275], [86.88088285945653, 20.678033352257472], [86.87106144433031, 20.66760635345051], [86.85099053408598, 20.653218745748575], [86.84039914640366, 20.651988625174994], [86.83440685299391, 20.667003751022378], [86.82588207679649, 20.673494219382746], [86.80589675862868, 20.675694703947528], [86.79939317725345, 20.673475503591703], [86.81139731443463, 20.665713548541532], [86.81662714462718, 20.66001594048339], [86.82279694082624, 20.647731065536277], [86.82002341724703, 20.63878202427111], [86.81565785442646, 20.636583805098553], [86.80869817737906, 20.642247557279035], [86.79431247713913, 20.645304918587158], [86.78466641902011, 20.64294934233837], [86.77857995040452, 20.645323157737636], [86.7712569238681, 20.642385006063307], [86.7720979455639, 20.633022904383637], [86.76865494237185, 20.62233245367986], [86.75710165511734, 20.613288164317424], [86.75025892231153, 20.613501071617236], [86.72858977289982, 20.601242542309592], [86.72406315768868, 20.595732450092584], [86.71512115002113, 20.594865918227583], [86.71088254449396, 20.58293724046132], [86.7122870687933, 20.57076990600649], [86.71057474612778, 20.56521666072038], [86.71879291556067, 20.553479909969894], [86.72979033005973, 20.54824113871763], [86.73322021933782, 20.54291427167638], [86.72970485669393, 20.534780741038503], [86.73554015185655, 20.530596733352667], [86.73837995547066, 20.523792743340465], [86.74777722334031, 20.52525675329659], [86.75761497015483, 20.517441034076512], [86.75654637771319, 20.508370757004855], [86.7637548450102, 20.5033065081889], [86.7711914775048, 20.504464149700794], [86.77957332175149, 20.527588010078688], [86.79221796958373, 20.543918728966275], [86.79976904350659, 20.54715395009478], [86.81912100333179, 20.560017228512322], [86.84178817268608, 20.57705152031147]], [[86.74095034558209, 20.615911006487806], [86.73765063317026, 20.629008412608187], [86.74144363361697, 20.64446353896119], [86.73173213003386, 20.636809348772516], [86.72752094303715, 20.618091464049883], [86.72871255913745, 20.609899758966833], [86.73748993870984, 20.60691535515963], [86.74095034558209, 20.615911006487806]], [[86.7847583297332, 20.644325971466458], [86.79444575306908, 20.646139145005606], [86.80562984973787, 20.64529895788067], [86.81289064858473, 20.6389861110203], [86.81884765619449, 20.638772844890923], [86.82190322875115, 20.64715981527337], [86.80990743637918, 20.66534900655151], [86.7948081492768, 20.66870963544136], [86.79665100583932, 20.672301530391366], [86.80364441915472, 20.676588773952858], [86.81723141709622, 20.676867842576968], [86.82988584055917, 20.672588228863788], [86.83641743671544, 20.66593277447805], [86.83984219985771, 20.654323339850265], [86.85152745272987, 20.655177116630654], [86.86351585357383, 20.666105270741724], [86.8728593590723, 20.677327513953657], [86.89384317382351, 20.695823550316618], [86.92246782742845, 20.711832523252355], [86.93137574179715, 20.715613722795155], [86.941831827377, 20.71672713744755], [86.95665633652081, 20.714592457176252], [86.97340464570797, 20.714954615063476], [86.99359893754095, 20.70960593226806], [86.99947512127991, 20.71258079966421], [87.00366687752452, 20.72289812524832], [87.00695180867919, 20.742187500352884], [87.0013076068607, 20.75033712345956], [86.99467635143256, 20.76855373416754], [86.99038016771064, 20.77173376120416], [86.97853791749097, 20.77196085440991], [86.96376860153978, 20.76677060158204], [86.94011425986534, 20.76653182528358], [86.9187545779615, 20.768694042795886], [86.88931870439475, 20.767328620119827], [86.86080074276023, 20.775640130187924], [86.8474674228834, 20.773123740768057], [86.83566892108396, 20.76577365363127], [86.83028185342496, 20.759875058786974], [86.82452511764009, 20.74563884745487], [86.81843531164046, 20.719168544093122], [86.80529844776524, 20.704494952879827], [86.80164361016458, 20.68287157985958], [86.78910660758399, 20.664738774275065], [86.77907288050918, 20.655839324325484], [86.77414524590651, 20.648386359243148], [86.7847583297332, 20.644325971466458]], [[86.79833316794148, 20.70055544387867], [86.78944444690379, 20.68083333928726], [86.79305553428551, 20.679166555592104], [86.79763317073426, 20.68922710404766], [86.79833316794148, 20.70055544387867]], [[86.88416063830286, 20.77477026003956], [86.88727855725963, 20.772351265398697], [86.89989614449158, 20.77207195755483], [86.90773212903466, 20.77482545413153], [86.93062424671169, 20.773965954964922], [86.94022595926074, 20.77211511152322], [86.94141221090487, 20.779790043675604], [86.91370534872297, 20.78267455078995], [86.89790523074188, 20.786763429988355], [86.88133025149003, 20.788485765705616], [86.87193274530009, 20.78688001629982], [86.86520397638256, 20.78275442137945], [86.88416063830286, 20.77477026003956]], [[87.00941550771958, 20.71782171759824], [87.00253152840733, 20.70861506463362], [87.00971496127656, 20.708153605404675], [87.01715707783697, 20.714413643175135], [87.00941550771958, 20.71782171759824]], [[87.00250005753165, 20.832222223177126], [87.00086665127506, 20.82684171157578], [87.00743341452059, 20.80713975449615], [87.01650965229865, 20.802825212913376], [87.02000784868338, 20.814778924208042], [87.01858043663796, 20.822875618615], [87.00830185384754, 20.831781863841996], [87.00250005753165, 20.832222223177126]], [[88.52911674953847, 21.554758548768092], [88.53034174397638, 21.57149815521575], [88.53363215919691, 21.574563741723352], [88.52849435842799, 21.583925843403023], [88.51781964316214, 21.58656585183266], [88.50295793985717, 21.593986749788712], [88.49654936825888, 21.60019433460093], [88.48637020552067, 21.588271140900474], [88.48089361215065, 21.5654686685443], [88.48154294515089, 21.55481255035903], [88.49375724759906, 21.550191163691295], [88.49727272985271, 21.545377254656614], [88.51570367778262, 21.539692759613217], [88.5309306380386, 21.542401433079704], [88.52911674953847, 21.554758548768092]], [[88.28775143598003, 21.563652753871537], [88.29176771650694, 21.562838912385956], [88.3005763295341, 21.57185566450744], [88.30584680998234, 21.580207943541893], [88.30449712274404, 21.58683192705186], [88.29451084120231, 21.595090746740595], [88.2905490398064, 21.59529387930914], [88.2885906698236, 21.62300145645213], [88.29868507415691, 21.647710203762983], [88.3114730118701, 21.67224347625543], [88.30338621180434, 21.68628191947508], [88.28435075308491, 21.70708680151472], [88.27975046631101, 21.714519143343892], [88.276778936299, 21.725342035406612], [88.26148021194231, 21.73220610642673], [88.26945567144216, 21.74454164468125], [88.27233624492183, 21.751603245493413], [88.27148032145968, 21.754583954885703], [88.24983334573236, 21.756485342924293], [88.22938144219987, 21.761967420360293], [88.21754765550006, 21.762164353901937], [88.21411263918705, 21.750684856920685], [88.21453511730195, 21.738464355445643], [88.2109959127313, 21.72460424868717], [88.2128938437759, 21.718158722147393], [88.2197438476006, 21.708837866973994], [88.22096800836695, 21.701442956727192], [88.21569657283865, 21.695040344936046], [88.19946110204833, 21.690818548637168], [88.1998791698878, 21.681148052340802], [88.20510780847869, 21.67525255656028], [88.22273290180206, 21.675751805301644], [88.23286044615278, 21.669261455651736], [88.23151254676671, 21.65722513173455], [88.2370058297553, 21.64442122026321], [88.2349051240723, 21.63588011237738], [88.2230570318566, 21.626083969999286], [88.21682465093701, 21.615594864011854], [88.23300635845672, 21.608224153621848], [88.24547565018119, 21.591055631712095], [88.24497544725918, 21.582204580576956], [88.24072134461446, 21.57603263859548], [88.24370634557155, 21.567990660740463], [88.25724184473543, 21.560122251141024], [88.26917445703563, 21.55783271750599], [88.28775143598003, 21.563652753871537]], [[88.17810916870329, 21.600592136218182], [88.17272984960297, 21.60131585574223], [88.16795325254074, 21.595671057673258], [88.17135524754664, 21.5853803160488], [88.17363154855727, 21.568495750578506], [88.17991793196708, 21.56074237865792], [88.18697392910369, 21.559955358552997], [88.18649280080214, 21.578886866435766], [88.17779207224638, 21.592579126425676], [88.17810916870329, 21.600592136218182]], [[88.22616124154811, 21.670469045510174], [88.21516060837544, 21.669993758305367], [88.19967734853091, 21.67504703988905], [88.19431984428545, 21.68848717224523], [88.19847714930111, 21.694419503357466], [88.21496522436567, 21.698884129199286], [88.2141021485954, 21.708948373868395], [88.20316004779804, 21.72180926818325], [88.18877935408406, 21.708566665619202], [88.18127465280313, 21.689027905813305], [88.18356740511175, 21.671468854204306], [88.18900525568804, 21.65233922027886], [88.19291901619974, 21.643808245953863], [88.19490337389166, 21.632152437784896], [88.20514774287412, 21.60945034056084], [88.2116857763776, 21.601894855463286], [88.21065175567404, 21.61820244828445], [88.21579492089896, 21.626749634687997], [88.23033857356646, 21.638784169853636], [88.23158454918772, 21.643599271389263], [88.22696805033527, 21.660408020413826], [88.22616124154811, 21.670469045510174]], [[88.12481462929182, 21.62854015790205], [88.13551116031184, 21.62978374942051], [88.15495777108427, 21.650688648662225], [88.15395677078848, 21.65860164125283], [88.15654981122489, 21.667756438409015], [88.1537133458942, 21.691400527812164], [88.15635156647167, 21.704930663419447], [88.16238677462994, 21.717144370516337], [88.17010235793751, 21.738480448813704], [88.17094457123508, 21.767658949001373], [88.16856050536316, 21.78210675732106], [88.16352880031403, 21.79687500038108], [88.1647969487203, 21.80531287149188], [88.17210805384374, 21.81039631363899], [88.16983175283323, 21.817345618805348], [88.16018962834877, 21.826055050100535], [88.15338885790962, 21.83616113662717], [88.14518284820988, 21.858914732628932], [88.13473987564478, 21.877470731289293], [88.1219339371016, 21.86517786946314], [88.11523354089528, 21.852067709157524], [88.10150051103986, 21.83163106442217], [88.09656524658888, 21.81935155393117], [88.07263422039298, 21.77913677684083], [88.06573331314192, 21.752933740299937], [88.06577372507749, 21.745707154361725], [88.06114053750585, 21.73427665244563], [88.0524220464404, 21.727441906518806], [88.0443284510973, 21.718055247951412], [88.04400765932601, 21.709462643086624], [88.0402224065389, 21.695591449485875], [88.03660154352647, 21.674302935432223], [88.0435142516815, 21.64981460565963], [88.0568456649955, 21.640471935631354], [88.07051861294374, 21.634100318075298], [88.08251273617392, 21.634737610951987], [88.08993816401514, 21.62924063174978], [88.10843765737215, 21.626005053590404], [88.12481462929182, 21.62854015790205]], [[88.16556477549412, 21.79687500038108], [88.1702406403933, 21.790674328657445], [88.17407441160489, 21.80143690139198], [88.16717576974608, 21.806742429319712], [88.16556477549412, 21.79687500038108]], [[88.27799415600563, 21.72800397830099], [88.28359043565021, 21.722535848450747], [88.29481315640206, 21.706859707409592], [88.30216324353901, 21.709499955058902], [88.30076384537526, 21.719653725439116], [88.3057609795857, 21.733474969794088], [88.30284845858958, 21.75558102154693], [88.29859793164931, 21.767665028418435], [88.28915894063269, 21.778503775528833], [88.2863521574262, 21.76866185675928], [88.28534781974625, 21.75287377800248], [88.27749514558465, 21.738282322771113], [88.27799415600563, 21.72800397830099]], [[88.28273475140773, 21.76966571779866], [88.28797602637255, 21.78067874902507], [88.28532433485034, 21.78782284284995], [88.27799797092976, 21.790707111643968], [88.26347160323203, 21.79254221874848], [88.27317511993598, 21.776667952563997], [88.28273475140773, 21.76966571779866]], [[88.29365324949802, 21.775774240488886], [88.29840683920432, 21.77671527848736], [88.30574727032044, 21.753523111002835], [88.30970621097296, 21.730380654443735], [88.30580317937327, 21.717488050033552], [88.315227747063, 21.70911824680971], [88.33235442621591, 21.710409880111882], [88.34507095775862, 21.722590922932795], [88.34039247043629, 21.739890456279596], [88.33991611034028, 21.750667214020837], [88.34310400464616, 21.759863734323886], [88.35667252511709, 21.766801833937564], [88.3740706439452, 21.766535163367138], [88.3781284092988, 21.769236921946487], [88.38002204877867, 21.78793191892302], [88.36087036167785, 21.796384215159435], [88.36079812093655, 21.806151509084913], [88.35180127620802, 21.8204475640039], [88.35043883298587, 21.8306328061592], [88.35243296630844, 21.83887684369148], [88.35255992450104, 21.85420966134683], [88.345228314835, 21.855340718899157], [88.33698904550809, 21.860182762324655], [88.32444417475895, 21.86046147301863], [88.31168436963802, 21.853660344649285], [88.31517255297095, 21.844175577241174], [88.30851924436777, 21.831016540580947], [88.29887270960799, 21.825305342867352], [88.28474676595064, 21.82261145155732], [88.27446055421134, 21.81867802107385], [88.26284015145191, 21.81109142303083], [88.25969386068314, 21.80267703501727], [88.26491594321621, 21.79384732209627], [88.28493666679387, 21.789849400329643], [88.29365324949802, 21.775774240488886]], [[88.39387321447734, 21.764418006385938], [88.39596056972468, 21.756798744066828], [88.40283775286017, 21.74825012684198], [88.40322423021419, 21.738381743722584], [88.41361534607145, 21.732003330889114], [88.42275106950629, 21.72002065153191], [88.42523646379178, 21.728333472811613], [88.42085254221118, 21.743655920384498], [88.42525076840835, 21.75237464887104], [88.42055225408339, 21.762447238349438], [88.42325425188224, 21.771277666231327], [88.43730127823144, 21.783319949955853], [88.4426498414172, 21.799638152079183], [88.43074774761052, 21.798861145925173], [88.42813324935005, 21.801103949887477], [88.42536401733568, 21.81016743168169], [88.4174903628901, 21.809056043201878], [88.40504813176594, 21.79687500038108], [88.38298976386656, 21.780048846776936], [88.38353908056419, 21.776399969882704], [88.39387321447734, 21.764418006385938]], [[88.41841936076506, 21.811633109880148], [88.42445993427864, 21.812159657542253], [88.42713904343228, 21.809770942175334], [88.43038547011352, 21.800422906791766], [88.4447082277027, 21.80184614688227], [88.45934951346933, 21.79079115418847], [88.46440041095033, 21.795042514800286], [88.45504701111079, 21.799038052464198], [88.4480873349626, 21.807336211197253], [88.44772374625396, 21.814553618654628], [88.4518184665491, 21.82028174430718], [88.4672228099848, 21.827205300084586], [88.47662913762471, 21.837298631526693], [88.48852646322584, 21.837857246314883], [88.49035274977965, 21.856973767225583], [88.4855439659813, 21.871763468109663], [88.48218274084084, 21.887723445980328], [88.47431361717983, 21.891153454868174], [88.45933592291462, 21.894040942335693], [88.4520771502404, 21.904920458412448], [88.44038045439456, 21.906240463526643], [88.43339765038141, 21.900979756910345], [88.41852498074334, 21.901599526497023], [88.41886794529947, 21.889211178253333], [88.40444445644667, 21.878024577872026], [88.40016472312348, 21.872608065509922], [88.40080952623876, 21.855948925002934], [88.3924604658778, 21.832452654466437], [88.40046668039307, 21.81213867635887], [88.40390300791765, 21.79799425613004], [88.41841936076506, 21.811633109880148]], [[88.49058854572493, 21.889673352443282], [88.49877774709537, 21.896114230387525], [88.50808620421506, 21.912515759194974], [88.48976957810365, 21.910656332623688], [88.48207390308826, 21.906734346912657], [88.47676515558757, 21.898537158662947], [88.49058854572493, 21.889673352443282]], [[88.51746821418689, 21.84889364282739], [88.51610863170802, 21.83913803109536], [88.52394831156542, 21.835155010195592], [88.52743971357202, 21.839414000655722], [88.52563083159768, 21.84964704537495], [88.51746821418689, 21.84889364282739]], [[88.53075194364729, 21.84932494149288], [88.53292882460565, 21.83568155785767], [88.54287266714002, 21.82884275868645], [88.54818761366752, 21.81826543819949], [88.55418634442427, 21.819486022362042], [88.55491006394843, 21.827363252512157], [88.56336915456288, 21.831032633949008], [88.56815361979389, 21.84789562198543], [88.57268452656982, 21.857855200856903], [88.57274794586104, 21.87145471556275], [88.57617843138965, 21.888566255528332], [88.57084894192522, 21.90080261205094], [88.56258463817059, 21.897394180597075], [88.54638981853546, 21.904367327690068], [88.54071795896678, 21.900334954694472], [88.54929494890294, 21.891833901713255], [88.55014693693161, 21.88017535241059], [88.54048562091478, 21.869847059594207], [88.54203546036828, 21.85500264125895], [88.53075194364729, 21.84932494149288]], [[88.59949791409761, 21.868120670632464], [88.59471416472692, 21.85486412048286], [88.59655964371265, 21.8511048554048], [88.60633826280062, 21.846399903732618], [88.60928440135419, 21.836764454915738], [88.61883997958145, 21.833675742341683], [88.62044155613299, 21.82465052580116], [88.6119259593157, 21.816673278449144], [88.61865806561738, 21.805664301366477], [88.61867463562604, 21.800202011713537], [88.62776076774534, 21.788433432157262], [88.63882720431204, 21.784879803360326], [88.64294564692412, 21.78949356107904], [88.6421953443398, 21.80630207088396], [88.64924383123784, 21.833180070204122], [88.64881920823993, 21.853422642141282], [88.65347015832126, 21.867555380176782], [88.64108300167933, 21.871796250196837], [88.63511204738316, 21.869222521801987], [88.63183784514061, 21.871459365057746], [88.634243965087, 21.878649711914704], [88.62834274781963, 21.88295924697178], [88.62617015842605, 21.89525282375891], [88.62035751358852, 21.897687911767747], [88.61451232408464, 21.892715215734682], [88.60510277777107, 21.879066348033547], [88.59949791409761, 21.868120670632464]], [[88.63438463254485, 21.870566844584232], [88.64148342571966, 21.87355136890062], [88.65170705273832, 21.87200582011255], [88.65297734692697, 21.880721449535343], [88.6596148013821, 21.897485852090398], [88.66513705243304, 21.904922962125056], [88.66706752814397, 21.9133634565583], [88.6492569442527, 21.916947245918692], [88.64027667043214, 21.92137610932005], [88.63527834372067, 21.91839611488882], [88.63098847863554, 21.90930926780854], [88.62316954164115, 21.90130937103072], [88.62857365594957, 21.8940490488246], [88.62984037443388, 21.88377475759907], [88.63658094425531, 21.87654161470377], [88.63438463254485, 21.870566844584232]], [[88.7188887595087, 21.9091665741781], [88.72916662733812, 21.899722218705506], [88.74083316351985, 21.900555610553027], [88.7488888506401, 21.89722216097408], [88.7505555156246, 21.888888836050995], [88.75750005258553, 21.88638877831957], [88.75805544870016, 21.880277752816085], [88.77194440391114, 21.878055453396485], [88.77916657957408, 21.870277643298635], [88.78638875523703, 21.878610968221636], [88.7966666221669, 21.87666654582452], [88.80861115498092, 21.88583326349442], [88.80861115498092, 21.89527773857685], [88.81444442307182, 21.901388764080252], [88.80277764767041, 21.916111112038237], [88.78083324455869, 21.919999956832612], [88.77499985685799, 21.924444436961267], [88.75583326799094, 21.92694437508291], [88.74416661219945, 21.91916656498509], [88.73222208028486, 21.919722079810242], [88.723854541554, 21.931700945142524], [88.7211110589283, 21.930555462464667], [88.71666657879965, 21.917777657413012], [88.7188887595087, 21.9091665741781]], [[88.74068355590148, 21.92194736048242], [88.74891448041907, 21.928136944464484], [88.75925052179431, 21.930733681114532], [88.77557861825866, 21.92788636726212], [88.78378045600326, 21.922484159516443], [88.79170322422456, 21.920494675688815], [88.80516016490972, 21.932880163189026], [88.80258440944303, 21.939415335949036], [88.79133915887522, 21.93948245055475], [88.78699064270407, 21.943219899878528], [88.77525162656147, 21.941470146530094], [88.76099383869476, 21.950960516714588], [88.75033271308436, 21.955197453100055], [88.74960267582296, 21.959171175909063], [88.75463473790288, 21.97466564220565], [88.74821412528175, 21.979483246554707], [88.72520625586415, 21.978337406845895], [88.72273385498343, 21.967060447082048], [88.72382640806237, 21.949692844948885], [88.72202336808405, 21.942623257257623], [88.73306131322917, 21.924964547276062], [88.74068355590148, 21.92194736048242]], [[88.68176233796166, 21.95309555491602], [88.69239044226524, 21.95687615910751], [88.69446194156549, 21.962368607525264], [88.69189047856278, 21.970034241587086], [88.70275366295127, 21.985862136028857], [88.7134916778987, 21.99593090968378], [88.71531295792673, 22.00091361966787], [88.69927215618517, 22.004493236174], [88.69189226641507, 22.011366128644], [88.67481184029421, 22.01894664727004], [88.66342937926245, 22.01732945399121], [88.65328466865256, 22.019267201620153], [88.64633464852525, 22.005989313256237], [88.63385462788884, 21.99323225016829], [88.62833702543347, 21.967736363142762], [88.62833881418501, 21.959768533491058], [88.63508975498823, 21.95092272720217], [88.64385104209194, 21.9539542195117], [88.65693736047083, 21.95421075831996], [88.67831921605912, 21.942772149914845], [88.68402755302927, 21.949871658950002], [88.68176233796166, 21.95309555491602]], [[88.68362045332137, 22.017895340697493], [88.69523561033523, 22.01369035272768], [88.70243072539776, 22.006982803313747], [88.71413290530936, 22.008927464930622], [88.72333455084899, 22.005790948893235], [88.73376405246913, 22.010860323844895], [88.74012935138862, 22.020737648024067], [88.73565423495504, 22.03167700768779], [88.73019826393889, 22.037925839006306], [88.7019489999465, 22.049029350124414], [88.68827426414609, 22.05964112273972], [88.68344664584603, 22.06877791906581], [88.68287634886448, 22.080199837852234], [88.69511222874647, 22.095134853890443], [88.71715545655908, 22.10762524640805], [88.72289216534122, 22.112685561589416], [88.7275834086474, 22.123477458517954], [88.7380347251225, 22.134374976324153], [88.75432765449776, 22.1451429126154], [88.76648271050882, 22.14638864991636], [88.77301847951932, 22.155501604315617], [88.78938090760298, 22.169130563724565], [88.7815871237469, 22.175729632416676], [88.76867365866255, 22.179985642523434], [88.76647174327636, 22.19101786618168], [88.74005305740283, 22.197194456758808], [88.73268222830225, 22.19386577628464], [88.71892070792441, 22.197544574522567], [88.70537650602094, 22.20624840304137], [88.69808065879553, 22.208676577062448], [88.68415224582961, 22.207577467026567], [88.68558144572725, 22.1979452368833], [88.67771995101506, 22.183410048634897], [88.66463720834062, 22.171350240721097], [88.65310931164552, 22.16343915469332], [88.65085017689424, 22.148009300189187], [88.64377892006118, 22.131013869894247], [88.63762795926297, 22.122079849105745], [88.63415026652174, 22.106187820411606], [88.6405012608246, 22.094997525615383], [88.64962863945024, 22.08621513861783], [88.65448236506919, 22.07555174851447], [88.65670955140482, 22.06463754198907], [88.66168701654274, 22.05207383673826], [88.66134285948547, 22.038715719854594], [88.66337442439024, 22.02429664127706], [88.67395687101285, 22.02340805533757], [88.68362045332137, 22.017895340697493]], [[88.75945162729093, 22.194150805615266], [88.76932501783537, 22.191743851097954], [88.77031695836101, 22.185967325731554], [88.77621805691788, 22.181690454051278], [88.7885431054801, 22.178533077339722], [88.79354500789591, 22.17092144486884], [88.7989412549351, 22.177545547089352], [88.80985963341536, 22.18324387100796], [88.81622874725898, 22.18015491921423], [88.83057045895967, 22.168166875401027], [88.83614873867347, 22.16781032118945], [88.83803546416542, 22.17505204721425], [88.82694137074779, 22.19546055755879], [88.8181910517757, 22.195587754071653], [88.8160948750785, 22.20400845982266], [88.80551135556468, 22.208342551767373], [88.80434596549392, 22.220396041943815], [88.79867827877965, 22.225748658373988], [88.8011876346018, 22.228204846276753], [88.81542444218442, 22.230334758342508], [88.82566595042331, 22.240883231276115], [88.82774114593715, 22.25578165030302], [88.826393366161, 22.263875365255956], [88.82440137862082, 22.26538562734484], [88.81525814494748, 22.264207958830326], [88.81435704224381, 22.28227055074538], [88.80730485913202, 22.283087372584248], [88.80179202578151, 22.277275800637824], [88.79507780070006, 22.276333331817852], [88.79296243157106, 22.26050555698592], [88.77281284323826, 22.250176310888094], [88.76962900127742, 22.240825056830943], [88.76193702247568, 22.24118065866054], [88.75137186082279, 22.22784495378167], [88.75190126922834, 22.219537615668514], [88.7471196647409, 22.211079240014953], [88.74845004083673, 22.196994424153417], [88.75945162729093, 22.194150805615266]], [[88.82028865839496, 22.265451073708192], [88.82484734073219, 22.266723155749133], [88.82738721414873, 22.26516675933854], [88.82955360451538, 22.25323307504641], [88.82821238079683, 22.241237759315226], [88.81936645489807, 22.231525063231118], [88.81193971674466, 22.227728844110885], [88.80116581884747, 22.226630449036094], [88.8063565492154, 22.217151403114826], [88.80688285855709, 22.208682656479482], [88.8172476287751, 22.204938650198585], [88.81927084887073, 22.196301460544078], [88.82493937015582, 22.197923422028396], [88.82564115521521, 22.2066385748104], [88.8295147421118, 22.210044503451144], [88.83620190659278, 22.207580566090314], [88.83951175256547, 22.194815039482535], [88.84865784608277, 22.19174754641213], [88.85020530233291, 22.20247745487069], [88.86066031412227, 22.20465946196464], [88.8654352429422, 22.1981213088514], [88.86641585830532, 22.18937957300892], [88.871854424742, 22.172050952889208], [88.88573885006801, 22.167791247468188], [88.88992095029172, 22.17447531198613], [88.8991843459809, 22.177544951738213], [88.91014456721817, 22.16850364182963], [88.9172257183923, 22.165486216715607], [88.92148160978857, 22.172065973366074], [88.91975414793572, 22.17762243732568], [88.90733087092306, 22.190933704027287], [88.90442085274023, 22.19717633721828], [88.91292834306867, 22.20881485951824], [88.91615235774518, 22.23083937153976], [88.91946935692536, 22.232913374552652], [88.92925024050632, 22.227708101247913], [88.94472074526632, 22.224638819426048], [88.95385825655339, 22.225605845133742], [88.95110571415753, 22.24289774863226], [88.9399802685746, 22.247745036904007], [88.93377375575429, 22.252803921264046], [88.92998027776773, 22.260805964723545], [88.9324209694523, 22.27597963834964], [88.93620264563569, 22.28632044793045], [88.93747234357394, 22.297799348661016], [88.93495965036763, 22.302084445540828], [88.9231920240928, 22.305178642180636], [88.91132354694426, 22.31195855104633], [88.90557074569344, 22.317726254063388], [88.90026855425046, 22.3318057063683], [88.8918383120886, 22.342799902193775], [88.86945962905864, 22.357844948485678], [88.85977971596125, 22.35787904268372], [88.85087800061925, 22.362612127847427], [88.83641660174484, 22.358333349604436], [88.8205300571166, 22.359567165492365], [88.812378406938, 22.346671104088188], [88.80416381320956, 22.32951307277014], [88.81157815420855, 22.32054972688846], [88.81215095490276, 22.313774466618383], [88.80502235909469, 22.295215010964114], [88.80739831937709, 22.2847417591249], [88.81517767900678, 22.283203125224077], [88.81669735879618, 22.27214455592656], [88.82028865839496, 22.265451073708192]], [[88.89837563063085, 22.33690333352203], [88.90319633494292, 22.346287250955896], [88.8976649045118, 22.36366736895394], [88.89309644654381, 22.368810415468374], [88.88445806528753, 22.371158838509643], [88.87391602970118, 22.388622045770887], [88.86826717838764, 22.38967955137025], [88.86492741107125, 22.3987684246232], [88.85916006598441, 22.399439811698016], [88.8552968500696, 22.387456536090298], [88.85914123058333, 22.38147676034427], [88.8624423738166, 22.36819231502332], [88.8782608505579, 22.360268473910992], [88.88058686249374, 22.354184627718496], [88.89323067665455, 22.345954418161938], [88.89837563063085, 22.33690333352203]], [[88.88232851025256, 22.40325605872013], [88.87691497824378, 22.38627254983834], [88.8862402436923, 22.37254047416363], [88.89792335078212, 22.386182426977513], [88.90656924227673, 22.391798138273487], [88.91654706029865, 22.394833922147825], [88.92141270643143, 22.402576208125566], [88.9047098157055, 22.41138434451196], [88.90303480591163, 22.421985745246047], [88.9079183341639, 22.433914542622148], [88.90044355422665, 22.44473433472183], [88.89653742356339, 22.46108376940046], [88.89230334792128, 22.46536362143405], [88.89666604999823, 22.475279331376157], [88.89243543135021, 22.484478712422685], [88.90413975704425, 22.495873450999028], [88.89503657827552, 22.500739931702498], [88.90316867809216, 22.50438642539325], [88.9056663517209, 22.521674275647342], [88.9022027252756, 22.527158737186028], [88.90271651785312, 22.536970138361283], [88.90040671799571, 22.54617524179403], [88.88824665545891, 22.553651332942735], [88.8783835171856, 22.541704654346404], [88.86827898019081, 22.52265727511326], [88.86001026616097, 22.518921017391108], [88.85621476200183, 22.50950264962765], [88.84546303778913, 22.50846004489523], [88.84609580078072, 22.501395106698908], [88.85506594193973, 22.502202749157675], [88.86149215733732, 22.49902343708203], [88.86686265498767, 22.48577761674366], [88.85817563569717, 22.481445312651147], [88.86050486540731, 22.46831953561812], [88.85681617282822, 22.455491423390555], [88.8611111640491, 22.445313454052723], [88.8545930388378, 22.43764007053295], [88.85609686357944, 22.422571062704463], [88.86192786717734, 22.41275167465014], [88.87047660311285, 22.411044001479553], [88.88232851025256, 22.40325605872013]], [[88.83531105526114, 22.43409287908321], [88.82335102532963, 22.43303573141398], [88.82180976900568, 22.437788844479712], [88.82737171613192, 22.446043849244347], [88.82495367567171, 22.449483632863434], [88.81518506963536, 22.450263857690942], [88.81237757236718, 22.454101442927282], [88.81256961809353, 22.470541953748267], [88.81108474746324, 22.478966951063995], [88.79838705042206, 22.48718273639426], [88.79291975514272, 22.49799466122471], [88.78038561330547, 22.49958145651908], [88.78052794900574, 22.49389886893769], [88.79160356495262, 22.482016324593758], [88.79489183439077, 22.471120238508263], [88.80085647094941, 22.46129703552984], [88.80316352877392, 22.446314454348624], [88.81586027163436, 22.433356046544418], [88.8264895675396, 22.43194913904165], [88.83531105526114, 22.43409287908321]], [[88.90131294683513, 22.547142267501698], [88.90463531047126, 22.536352157526153], [88.90296304181109, 22.53113162542425], [88.91104125964657, 22.51946806869651], [88.9144523144229, 22.510343075072967], [88.90683615206692, 22.502573013533805], [88.90606033841394, 22.493657350606327], [88.89688444136394, 22.485919714123582], [88.89879715456507, 22.476094961613285], [88.89465844663013, 22.466099262371188], [88.90195620041843, 22.458834528990366], [88.90420985200316, 22.44499826415864], [88.91327273844624, 22.437405347478887], [88.9208340646405, 22.425889015166035], [88.91151630853088, 22.41931414633089], [88.92745935936196, 22.40352964417781], [88.92774152794928, 22.393427967926414], [88.92227995415661, 22.389560341736427], [88.91465151335669, 22.39170014814343], [88.89696133160024, 22.38193547754031], [88.90162515637596, 22.359277724987123], [88.90580153421345, 22.34758865809013], [88.90767919993513, 22.33517873331192], [88.91811871550644, 22.326238870527476], [88.92863035220901, 22.313098669268214], [88.94206964999447, 22.30975377581612], [88.94612753405855, 22.31642365442812], [88.94531250007194, 22.33007812490564], [88.9506602286867, 22.343433260536614], [88.94870758019081, 22.35456132854253], [88.95332872853803, 22.368273973465108], [88.96030855219803, 22.366724133112342], [88.96395444873897, 22.372535348027924], [88.96483051791424, 22.389901757660056], [88.9702876805321, 22.394067406585606], [88.9640648369228, 22.403585076590076], [88.96468985045627, 22.41003692176659], [88.98151266577705, 22.41660320747215], [88.98893213291169, 22.424346446731192], [88.99859786010322, 22.43002045118297], [88.99017357864776, 22.43790006633506], [88.9886485335031, 22.447734832796385], [88.99304306528532, 22.455070019066227], [88.99514925503414, 22.467332959548486], [88.98793756996295, 22.47519004308606], [88.9783966542822, 22.482027173115654], [88.97127425660173, 22.498753071197314], [88.96682894190221, 22.52733004094867], [88.9598652125097, 22.548707604072746], [88.95611095395739, 22.551116705271795], [88.93269515026103, 22.556100248927407], [88.92013704778665, 22.5650975702967], [88.89594054262201, 22.56064415000762], [88.89464414111436, 22.557668566751033], [88.90131294683513, 22.547142267501698]], [[88.95968651811833, 22.362627148324293], [88.95380020171805, 22.35928535483535], [88.95676994297858, 22.34779572519261], [88.95217084870572, 22.331817150241363], [88.95076692065689, 22.297904610709338], [88.9534144402243, 22.290590524333226], [88.9534144402243, 22.27820766015546], [88.94718527797826, 22.25546276599394], [88.95577907534417, 22.24902284133117], [88.96211266506751, 22.241232156538842], [88.9678369757959, 22.215688228628892], [88.9716440443373, 22.21019923720513], [88.98671090638337, 22.20566570800605], [88.99992704369814, 22.211396456081587], [89.00658690925857, 22.210908054962857], [89.01961815315533, 22.205562830060586], [89.02460336685195, 22.198790073503147], [89.02725327052204, 22.187918543406113], [89.02292740377678, 22.166476846029724], [89.03425645856876, 22.153559923052114], [89.05045294734575, 22.14675092741342], [89.05948543580436, 22.137100577729512], [89.06215155155294, 22.128381252093163], [89.09021747075971, 22.145417928894375], [89.09570825093513, 22.152737855467706], [89.09171962725915, 22.157313823674116], [89.08419024948049, 22.148437499790816], [89.07219398046792, 22.145018339424865], [89.06762135054495, 22.148437499790816], [89.06072425821807, 22.166774272514687], [89.06196713477559, 22.17604434477073], [89.06909465769243, 22.189635515566636], [89.06709206084994, 22.19823062414403], [89.03962600203843, 22.222862958758554], [89.03451514226012, 22.233417511109337], [89.03259468050018, 22.256886959365715], [89.01496994510703, 22.251069545423235], [89.01149117947446, 22.258446336129595], [89.01789295669462, 22.267667650741572], [88.99645733873533, 22.282376051114], [88.9939600230368, 22.292890071919345], [88.99981164898853, 22.297796249597354], [89.00894224628772, 22.29903566826158], [89.02144384345874, 22.295267105092847], [89.02231645563998, 22.299267768892463], [89.01463544407065, 22.306325674390393], [89.01034486312508, 22.313665628865806], [89.00005435982101, 22.32293462733128], [88.98980426755307, 22.321179031986787], [88.98359370238748, 22.325424552401216], [88.98369777193469, 22.33414912198444], [88.98763143983913, 22.348676442963523], [88.98517835100026, 22.356511473325867], [88.98879051217247, 22.36412823193237], [88.98245382338527, 22.37444043138086], [88.98839390305633, 22.392466426284642], [88.98255276679677, 22.396231532459296], [88.97053635117183, 22.408790826535494], [88.96795761625114, 22.403599142886208], [88.97342467321025, 22.398037076150217], [88.96780240495715, 22.388792157032498], [88.96819531875903, 22.38297915426466], [88.96440410616466, 22.367236256548097], [88.95968651811833, 22.362627148324293]], [[88.99685955062782, 22.199189305042438], [88.98251092404004, 22.194505333654263], [88.9729249478282, 22.193475842835994], [88.97396433388704, 22.1773971319721], [88.97609865622812, 22.169854521568993], [88.99235737359405, 22.151644945358015], [88.99675083158562, 22.140145659694497], [88.99675083158562, 22.1296813489152], [88.99234104190569, 22.115960002152377], [88.98417270210862, 22.096437811455928], [88.98056066054622, 22.079546451607484], [88.97453331965707, 22.069420456788663], [88.96247124635104, 22.060717702060344], [88.9658670423303, 22.056767344537377], [88.9643100496692, 22.048173547171558], [88.97849655187443, 22.03990674060364], [88.98419547114415, 22.045898437762787], [88.98361694806371, 22.054555058169512], [88.98512434940923, 22.056733727879305], [88.99450254445688, 22.05611276669086], [89.00141465636139, 22.060206174875105], [89.0082274678235, 22.05255794539292], [89.01156330150522, 22.061267852429523], [89.01794135550918, 22.061479807347297], [89.01713085140776, 22.052325844762038], [89.03822875055644, 22.052940130282792], [89.03847610908522, 22.058464646726122], [89.03260791312479, 22.07889544946542], [89.03118395807323, 22.093458772104725], [89.03546965120356, 22.110407113897224], [89.04842424408375, 22.126212954264503], [89.04745233056067, 22.13405525654497], [89.02213203886251, 22.148437499790816], [89.01450824755759, 22.164188742316668], [89.01282501256438, 22.176260471643474], [89.01429951221283, 22.19015061845633], [89.01298666030627, 22.19571447394395], [88.99685955062782, 22.199189305042438]], [[89.01984083608582, 22.04973745382054], [89.01607847194398, 22.050619721123297], [89.01273882423752, 22.060580014955775], [89.01008772806622, 22.05230164490507], [89.00789785370316, 22.05072402989009], [89.00484287739701, 22.053534150480715], [89.00190734904496, 22.059054255749345], [88.9948277474027, 22.054703832116274], [88.98494827744119, 22.054695606017447], [88.98591244240541, 22.04617571853464], [88.97937822382605, 22.038928508444002], [88.96796584145059, 22.015190958795785], [88.97852194333305, 22.00615286846019], [88.97447252278883, 21.994656443540038], [88.98934125879222, 21.985744118896065], [88.99246835712913, 21.97378146654151], [89.00575923889781, 21.984766244666474], [89.01433491672319, 21.984337210493948], [89.01814460768756, 21.97567403313019], [89.01473224169976, 21.970086813255875], [89.00304067109019, 21.95934963197996], [88.99937903911152, 21.94967436747814], [89.00496494777425, 21.94338846250764], [89.0191158053502, 21.93729174162067], [89.03043854240494, 21.92621755559574], [89.04692494832787, 21.928553223552484], [89.06357347953261, 21.93451476104744], [89.06858134265494, 21.947171449902527], [89.07201325900476, 21.9667705299361], [89.07805275872786, 21.98211348025302], [89.07561147169216, 21.998112916777814], [89.07106471076796, 22.009122014369495], [89.06410837200391, 22.018056631408513], [89.04799294451888, 22.034833073187855], [89.04200077071906, 22.047311305972045], [89.03328943286115, 22.05103075536516], [89.01984083608582, 22.04973745382054]], [[89.01146197309154, 21.981665849899173], [89.00778996923182, 21.98144865013512], [88.99794745421175, 21.972534656349353], [88.99037444582407, 21.97060465817856], [88.98698937875699, 21.983872055950712], [88.97261667282126, 21.98756217935116], [88.97153043747986, 21.994512558307974], [88.97567987432686, 22.00432372116282], [88.96819400754751, 22.009689927248445], [88.96514201159468, 22.017157673587803], [88.97708272948452, 22.038429855953154], [88.96126401442277, 22.048758148769622], [88.96414375333168, 22.055952310550765], [88.95806992019081, 22.060081840004983], [88.94227313959388, 22.0620162484511], [88.93781924266395, 22.060347914324893], [88.9342079160626, 22.051360845226895], [88.9351104495876, 22.02766013180974], [88.93784940232811, 22.01669084990283], [88.94561934515681, 22.005104780561226], [88.94681751731466, 21.991210937534845], [88.94096314932997, 21.97553801516736], [88.92528975032181, 21.96327435972401], [88.93180584936053, 21.94156014888182], [88.94335925622474, 21.92999565607471], [88.96610117003311, 21.922682523879416], [88.98300385504396, 21.913748741411297], [88.99412715394513, 21.906028270288544], [89.00820827449238, 21.902358531820852], [89.01517403095684, 21.908019066226956], [89.0213432309055, 21.921468258353514], [89.010958314075, 21.93435704694022], [88.99480032887223, 21.941695928524354], [88.99090945700593, 21.952223658595017], [88.99829661869407, 21.963900923688726], [89.01062834292381, 21.972656250085947], [89.01146197309154, 21.981665849899173]], [[88.92424142320326, 21.923644543061243], [88.91475331751175, 21.92788505515125], [88.90579700432838, 21.919737934857835], [88.89000785357965, 21.914705156917563], [88.87490642069477, 21.91738104829679], [88.85801482162682, 21.910743832162154], [88.84901201709098, 21.911763071608505], [88.8337841035536, 21.91962420928985], [88.82467377157738, 21.927138447881106], [88.82166421373259, 21.918915152312536], [88.82637965689574, 21.913082480472184], [88.83942496798798, 21.906427860657345], [88.8541432618022, 21.889410614608238], [88.85427796855353, 21.86958754043269], [88.86123085032361, 21.864738822238877], [88.85847985745951, 21.857139706532337], [88.8778853413356, 21.853914141424525], [88.87748074534014, 21.84597730600788], [88.88245415723364, 21.829256057421162], [88.88014721901905, 21.82126057181796], [88.88574802854882, 21.81334841289899], [88.8910346032645, 21.81269097340973], [88.9026068446303, 21.821771621463228], [88.91410827607618, 21.82735681516499], [88.92422556905487, 21.82811534384814], [88.92289936581315, 21.835598826524688], [88.93228304402734, 21.838565350010924], [88.93321573721661, 21.84558892209114], [88.94014930694502, 21.85265004626271], [88.94686543948845, 21.840900659138157], [88.9527782202388, 21.851826905787107], [88.96499645722079, 21.86325395070932], [88.97615814188478, 21.869147777348076], [88.96731960751399, 21.886073947254886], [88.96800911412944, 21.901010155794125], [88.94480574109215, 21.910237670332265], [88.93437874318457, 21.915495515305906], [88.92424142320326, 21.923644543061243]], [[88.9552992582542, 21.84778010856516], [88.95015883416303, 21.836635947191297], [88.9563347097791, 21.82703506921314], [88.96930992591243, 21.82778275027377], [88.97516846675146, 21.82587516320831], [88.97978806466759, 21.818177222800614], [88.97633171103965, 21.804509043957296], [88.9683964251549, 21.79945874182755], [88.95407593205877, 21.803197026621547], [88.94704282266824, 21.79453015304415], [88.94531250007194, 21.784319042789633], [88.96046411962348, 21.782314539384515], [88.96764576464042, 21.77606570716671], [88.97338151924188, 21.775978803878758], [88.98517847061007, 21.788056254692435], [88.99171090133709, 21.80041933018805], [88.99189627139592, 21.81004154638032], [88.99791300298276, 21.81493866428795], [89.00828421144726, 21.812856554786265], [89.0228064062907, 21.820451020997893], [89.03008854425107, 21.833127856465467], [89.03004813231561, 21.843331456481565], [89.02631676240875, 21.847046613410612], [89.03093326126108, 21.8559321166739], [89.03086137755056, 21.863191723919016], [89.02602004998542, 21.868469119254513], [89.00873863707861, 21.879619956295983], [88.98511612420978, 21.89152383795485], [88.97857153374943, 21.89334273298084], [88.9694314000391, 21.889806032122806], [88.9790612460798, 21.871366024422542], [88.9767898319852, 21.86450541039642], [88.96861386323926, 21.861563801728124], [88.9552992582542, 21.84778010856516]], [[89.00843632187886, 21.81031751594068], [88.99504840416054, 21.81215274355438], [88.99362015754426, 21.79794120782057], [88.99027931733676, 21.78991782704611], [89.00301527963151, 21.78640520553583], [89.01255476449089, 21.781479120465065], [89.01103365388016, 21.776414632429436], [88.99865734576005, 21.769893765185145], [88.99963295459733, 21.766016840904513], [89.01420295200475, 21.765835762410603], [89.01817977387762, 21.773026466298404], [89.01368331922995, 21.794059634044913], [89.01645183538406, 21.81065535526048], [89.00843632187886, 21.81031751594068]], [[89.00481474390537, 21.76507925989992], [88.99963212002635, 21.76386654390592], [89.00199401401258, 21.749453544745336], [89.00586605047792, 21.74305665534041], [89.01647341281787, 21.732845545085922], [89.01755404448372, 21.71766710325423], [89.0382183786754, 21.722853541158088], [89.05318975430387, 21.72352433198239], [89.05786085099751, 21.728615164758082], [89.03830194457922, 21.74198102930106], [89.0253591535022, 21.756948947935626], [89.01301670036045, 21.76458036908886], [89.00481474390537, 21.76507925989992]], [[89.03788280474774, 21.720631837989004], [89.02378475626162, 21.71649754032933], [89.01871717006142, 21.70820713015496], [89.01268982917244, 21.708526253683715], [89.00967133026776, 21.704647302331153], [89.02242875128601, 21.699645161594958], [89.02601635467104, 21.68948936504225], [89.02388453514331, 21.66919553264779], [89.02092075368998, 21.66281521325152], [89.02636575657456, 21.657968879160507], [89.02840852703204, 21.65090012514068], [89.02625977956532, 21.64378595355899], [89.02858042704511, 21.63498437412963], [89.03474986531418, 21.633141517567054], [89.05185651746447, 21.617535949024955], [89.06254672984787, 21.618336200855083], [89.08028900663251, 21.626424551352017], [89.09074068103766, 21.63403844831575], [89.09473824487421, 21.641481876087767], [89.09479045861289, 21.654158473234958], [89.09226143371833, 21.665798545066878], [89.0848320722425, 21.677342057589982], [89.07339417969777, 21.68897116218946], [89.07005524605293, 21.70286869963084], [89.06078767750941, 21.72175455073196], [89.03788280474774, 21.720631837989004]], [[89.03642487510805, 21.621093749776833], [89.02588677405546, 21.629570007549916], [89.02130174607882, 21.638807058499026], [89.02362740008456, 21.65233623992566], [89.01846086957349, 21.655261158975378], [89.01049745109665, 21.65060842014259], [88.99320745506017, 21.649024606100795], [88.98836123967962, 21.65222907041533], [88.98737370942925, 21.665037154740986], [88.993864178689, 21.673371076813794], [88.99229347676268, 21.68663942786739], [88.9894458058794, 21.692105054904374], [88.98941314250268, 21.701587557819636], [88.98500370985337, 21.705565929224292], [88.97319710246447, 21.697309613248052], [88.96660745147275, 21.700413226689165], [88.95099794839669, 21.7005223036615], [88.9536415334301, 21.691866755246593], [88.95448827751201, 21.67952084511097], [88.95807552296716, 21.6756446357914], [88.96389412851138, 21.660205721516917], [88.96310102898943, 21.649889350113455], [88.96524465121982, 21.643531441822688], [88.99051475535171, 21.645444750374992], [88.99387180763793, 21.641240954006918], [88.99811983086559, 21.622576355914134], [88.99836170712709, 21.60415947428038], [88.9999706743072, 21.60180521014243], [89.02210724365446, 21.602684616701822], [89.02936065187262, 21.605428815187764], [89.03725314171916, 21.61394274196408], [89.03642487510805, 21.621093749776833]], [[88.83423900582554, 21.60747754545241], [88.83094644572193, 21.603862762756393], [88.83192920686756, 21.590907454915225], [88.82877182925657, 21.575672268560425], [88.8360278607972, 21.559915899898897], [88.84261357815419, 21.554022907830955], [88.85397362718126, 21.549914955810635], [88.87453114979277, 21.548896908865316], [88.89232933563042, 21.549694656982922], [88.90014481563085, 21.552358626949143], [88.90417516245381, 21.55877876292959], [88.89295840240848, 21.578940749316246], [88.88000822070299, 21.586541414554688], [88.87596094594099, 21.592295646626837], [88.85810065292296, 21.59849345670773], [88.84596955754913, 21.599797606774246], [88.83423900582554, 21.60747754545241]], [[88.56535971128179, 21.570205926562352], [88.57566332849981, 21.574290871226736], [88.5863548520949, 21.5877840518925], [88.58620727064917, 21.60685205437889], [88.57366931478717, 21.621093749776833], [88.55819261100035, 21.631203054977078], [88.54201614832672, 21.634863138323254], [88.5304807422925, 21.644959450118563], [88.52489936351495, 21.653038978266324], [88.52027094324959, 21.643824100102165], [88.52034640356376, 21.636015534089694], [88.52383875885167, 21.625929236245383], [88.51170885597904, 21.609323144047863], [88.51019334814461, 21.60290384263834], [88.51416015606648, 21.59796357166158], [88.52381980384095, 21.595740437671168], [88.53651714295185, 21.588589549468168], [88.54206657421312, 21.57819735982042], [88.54373955693515, 21.566946744796553], [88.54964411248588, 21.563694715338897], [88.55684053875999, 21.568608164934886], [88.56535971128179, 21.570205926562352]], [[88.4076087471461, 21.616248130646795], [88.42922306039608, 21.62185406721153], [88.43187701731065, 21.626927017867615], [88.42553842106136, 21.63882243600665], [88.41555881518732, 21.64752447577399], [88.41173768034972, 21.65590035931416], [88.41353714462358, 21.671263337533077], [88.41152155437632, 21.685369133678705], [88.41521465813, 21.693508744632936], [88.42837953588699, 21.701736450476858], [88.42199003711059, 21.71893537037107], [88.40829837337131, 21.734803080497898], [88.40168702623541, 21.737574219974363], [88.40082347382432, 21.750647544948322], [88.39396846257458, 21.752618431695367], [88.3915629388786, 21.739853859268237], [88.3855651614032, 21.733009457320634], [88.37052535995755, 21.729142427381248], [88.37117063971331, 21.723814607058557], [88.38637745335691, 21.726489901288005], [88.39504730728751, 21.72504913790749], [88.40157473058949, 21.720562815921312], [88.40395200208334, 21.708786129876017], [88.39915800134085, 21.698557258011107], [88.38566684684756, 21.68847966200684], [88.37991964837309, 21.680762052526745], [88.38126862065033, 21.66221094168168], [88.3874701260456, 21.646950245157683], [88.38347995283758, 21.636397123628427], [88.38349401913379, 21.629834175306996], [88.39054512935431, 21.621093749776833], [88.38741064038877, 21.613160610573743], [88.39228022105547, 21.603978514496845], [88.40188574762917, 21.59588074719872], [88.40734827560257, 21.59946274780765], [88.4054366352926, 21.607471942676028], [88.4076087471461, 21.616248130646795]], [[88.32461202152771, 21.616892337511445], [88.33621764213055, 21.619634628535294], [88.34063684951113, 21.62477970122231], [88.34418022603674, 21.635213613117855], [88.3501068356621, 21.643478870153785], [88.35686242596032, 21.645939350520706], [88.34870874870987, 21.65583372134924], [88.34912395490667, 21.672902345666813], [88.35113775730181, 21.67786574360926], [88.3459899425819, 21.68837690367124], [88.3295004366959, 21.704687952587022], [88.30388712878798, 21.70756280457985], [88.30076503787629, 21.701805352934713], [88.30961585069096, 21.691881060762398], [88.3144725557639, 21.682319521828532], [88.31661140888954, 21.664905429242197], [88.3131364581811, 21.64969325024333], [88.30586671827442, 21.629174351714965], [88.3066953419166, 21.616232037278735], [88.31036877659781, 21.609043479173323], [88.31537127526431, 21.608358025802374], [88.32461202152771, 21.616892337511445]], [[88.34745466749891, 21.69746434700204], [88.35762870320215, 21.68682825581942], [88.3654427532804, 21.687159419471726], [88.37082183406042, 21.69357347513585], [88.38563632925323, 21.700796723689876], [88.3977104426829, 21.713721156006613], [88.38805580143415, 21.718956470264914], [88.36966490750959, 21.718905449027346], [88.36503851431607, 21.72278320787879], [88.35976815257831, 21.73363125307995], [88.35977911981067, 21.74621593951406], [88.37088227299856, 21.763144850554426], [88.35343515910537, 21.76404833826024], [88.34697401493892, 21.76067686084849], [88.34268140782072, 21.7540431026072], [88.34369492488096, 21.742036700033793], [88.34779322177977, 21.731871724100813], [88.34731435797127, 21.720811843591804], [88.338951230415, 21.713969230395747], [88.33907520735508, 21.706798673120318], [88.34745466749891, 21.69746434700204]], [[88.36372470822877, 21.73182725892093], [88.37480044378557, 21.73738586866301], [88.38136553788931, 21.73724663292586], [88.3874229188327, 21.7418663504518], [88.39019787323329, 21.75990498083027], [88.3814362290988, 21.766882419488155], [88.37284040466105, 21.763493657106693], [88.37056493732214, 21.757909655905962], [88.36152195917114, 21.747095227362905], [88.36372470822877, 21.73182725892093]], [[88.43341195589713, 21.704557657010298], [88.44064724457482, 21.709396958402976], [88.45561444734895, 21.71094286422189], [88.45696485044763, 21.72640585874342], [88.46208083636165, 21.727486967949318], [88.46726894340705, 21.73702716866896], [88.46585452566589, 21.742606043733986], [88.46911442239278, 21.753056526537563], [88.47015070938781, 21.7722513676066], [88.4748535152776, 21.788146138333673], [88.47255480316167, 21.79331827162102], [88.46341085452738, 21.7888983483802], [88.4529762267716, 21.791766524705423], [88.44919073566408, 21.797347426842407], [88.44259214361264, 21.793600440208195], [88.43759500940232, 21.778657556001463], [88.42523181429684, 21.77005946617149], [88.42299795139436, 21.766115545995717], [88.42679345645288, 21.75479924718755], [88.42336761952018, 21.741522073784722], [88.42990684552458, 21.72782945676414], [88.42655575304562, 21.715542078104534], [88.43341195589713, 21.704557657010298]], [[88.51341187965463, 21.78701174249801], [88.50431478030302, 21.771601676676113], [88.50434756239022, 21.75038695379496], [88.51208603344375, 21.733962058802064], [88.51614534832933, 21.729675650710732], [88.5187946557489, 21.719703674684837], [88.52662265341277, 21.719056964107665], [88.53420627110259, 21.732926130636486], [88.54162097003174, 21.737388252765697], [88.55395781949781, 21.736299037970298], [88.55975675596963, 21.730294227796463], [88.57242417373672, 21.735375642871674], [88.572353959168, 21.744743347327642], [88.56255745885974, 21.760182976563215], [88.56261873236863, 21.773540854227093], [88.56477153307983, 21.77941369968255], [88.57236897964484, 21.786736249578325], [88.56939840291412, 21.793962359775207], [88.55243170236125, 21.80838572991763], [88.54251873535142, 21.81046164039242], [88.53179061384586, 21.804683804713903], [88.51341187965463, 21.78701174249801]], [[88.50022184875948, 21.812600373908225], [88.49785554449787, 21.822224974203294], [88.48899614855347, 21.834976434514942], [88.47710001455417, 21.834422349611827], [88.470821142282, 21.825027465844983], [88.45537030659452, 21.81842684762097], [88.44959807369227, 21.812031149817784], [88.45315992858784, 21.805505871398935], [88.46331202982643, 21.799973726006755], [88.48634004585656, 21.798983574232665], [88.50022184875948, 21.812600373908225]], [[88.58210885503976, 21.808203100992387], [88.58537781243618, 21.801191568136403], [88.59507560765329, 21.79639506368136], [88.61418497535644, 21.79824352302029], [88.61260843233336, 21.80811274071047], [88.60734224344984, 21.815494180012394], [88.60928344717345, 21.820762157647493], [88.61727154214802, 21.826189875562335], [88.6164288522099, 21.830598473640663], [88.60549104207806, 21.834991216671426], [88.60252213448896, 21.8451917167244], [88.59082806106628, 21.852023601907746], [88.58296716170517, 21.843128919264274], [88.57623064512833, 21.821046948657823], [88.57633543053569, 21.81624734423957], [88.58210885503976, 21.808203100992387]], [[88.58807742613234, 21.773443579957302], [88.5872812275467, 21.754829645172038], [88.60140740862508, 21.747797250742593], [88.61671710021412, 21.744111060976735], [88.6231385465068, 21.736469268841716], [88.61913776399663, 21.725493550487016], [88.60130846521358, 21.717861175153217], [88.5991139413554, 21.713961839767194], [88.60918235797945, 21.708283662461156], [88.61939012995063, 21.717270851168962], [88.62632536882083, 21.72918522341942], [88.63064384493762, 21.740372062121025], [88.6288449760149, 21.75286233412953], [88.62413847481085, 21.763959407900444], [88.62301516491803, 21.773273349085855], [88.61523783236024, 21.78810560678835], [88.60163235694782, 21.78973185983756], [88.59374999976282, 21.786272167926285], [88.58807742613234, 21.773443579957302]], [[88.70804834325648, 21.70618724834293], [88.70876765250526, 21.698268770787223], [88.71299195251666, 21.687039851907713], [88.73752021758398, 21.669756651148617], [88.74764895443579, 21.65843164960097], [88.75484156578577, 21.66590750242929], [88.73807442209701, 21.678826331969645], [88.73138082026881, 21.68139004731296], [88.7294862266082, 21.686749458121085], [88.73290204959008, 21.689382672172684], [88.74154996905597, 21.690437913279197], [88.74509561097378, 21.68361127384128], [88.760461449936, 21.68483567202864], [88.76272785660544, 21.69294524202934], [88.7581510547275, 21.697073221052364], [88.75852775555157, 21.709597945189046], [88.7745877506243, 21.718300342886607], [88.77376425221857, 21.725229024799717], [88.76083827037004, 21.727187156462207], [88.7532434462282, 21.73087954525488], [88.75084614773166, 21.73683166504935], [88.75230014283741, 21.748444557570366], [88.75886237619787, 21.75937604906548], [88.74959540390486, 21.763725519417193], [88.7454649211692, 21.77175116558385], [88.73573815788976, 21.774523258341787], [88.7270579338767, 21.780662775266933], [88.72735810239462, 21.791687012046054], [88.72132515872912, 21.795433402429666], [88.71775043003836, 21.805971026841462], [88.71233582513835, 21.807275772259118], [88.71038830277811, 21.78244030507608], [88.69585800144566, 21.75095450874369], [88.69491255317192, 21.74380600464346], [88.70069444209494, 21.730038404848585], [88.70804834325648, 21.70618724834293]], [[88.72611105478146, 21.794722080060012], [88.73630905112194, 21.798827647977646], [88.74194443238977, 21.808888912293554], [88.74972224248754, 21.816388845368948], [88.7527778150442, 21.811944365240322], [88.75083327303722, 21.80527782401245], [88.75250005763164, 21.78944444640416], [88.75777780999809, 21.781111121481132], [88.76388883550149, 21.78750002400693], [88.76805555821758, 21.801666617020885], [88.77499985685799, 21.809999942843177], [88.77722215627759, 21.82166671734521], [88.764999866051, 21.826666713198307], [88.76388883550149, 21.833611130549315], [88.77166664559925, 21.856111049385476], [88.78055560585662, 21.85944438025396], [88.77499985685799, 21.865000009642756], [88.77138876947626, 21.876388907122447], [88.75805544870016, 21.878610968221636], [88.756666541128, 21.884999871646784], [88.74861097361762, 21.889444350876147], [88.74833333491554, 21.8961111304244], [88.74222207109185, 21.898888945568416], [88.72666656960664, 21.899166702981063], [88.71784341364273, 21.907189368794434], [88.71249985698293, 21.886944412754474], [88.70249986617594, 21.866111158902925], [88.70249986617594, 21.8572220799351], [88.69916665581658, 21.84500002892827], [88.6958333249481, 21.84111094491425], [88.7074998620291, 21.811388850415142], [88.71833324468352, 21.808055520446032], [88.72611105478146, 21.794722080060012]], [[88.76944434617965, 21.826666713198307], [88.78222215213074, 21.826666713198307], [88.78972220391668, 21.821388840322754], [88.79444444145796, 21.81249999967531], [88.79555547200746, 21.801666617020885], [88.788888931679, 21.795833348929932], [88.79472208016003, 21.791388750090817], [88.81166660792778, 21.80944442711865], [88.8211109634004, 21.825000047314404], [88.8211109634004, 21.839722156952007], [88.82972204663528, 21.862222075788253], [88.82500004741442, 21.865000009642756], [88.8216667174452, 21.871111154755994], [88.8069443703865, 21.86666655501753], [88.79888892158661, 21.870833158123816], [88.79027771964113, 21.86361110207079], [88.78611111653495, 21.86833333961198], [88.79250001906072, 21.873888850290314], [88.78805553893207, 21.878055453396485], [88.7769442792551, 21.86527764834483], [88.7816666364063, 21.861666560063725], [88.77999985181188, 21.85666656510992], [88.77138876947626, 21.85333335385127], [88.76583325879798, 21.828888774297496], [88.76944434617965, 21.826666713198307]], [[88.80638885466206, 21.867777824786884], [88.82138884042266, 21.872499942718235], [88.82666671239892, 21.865555524467936], [88.83361113064925, 21.868610978314052], [88.83944428002954, 21.87750005728188], [88.84111094501421, 21.88583326349442], [88.8374998567331, 21.892222046410353], [88.82638883627592, 21.899444341683136], [88.81666672249142, 21.90111112627747], [88.81138885051516, 21.896388769126474], [88.80916655019624, 21.883333325372746], [88.8025000098676, 21.87833333041894], [88.80027782915855, 21.870555520321005], [88.80638885466206, 21.867777824786884]], [[88.84638893570096, 21.858055472681997], [88.83916664132747, 21.848611116310025], [88.8374998567331, 21.83583331125837], [88.84138894074707, 21.816110968346578], [88.8388887643051, 21.791944504135557], [88.8350000382213, 21.781666636306312], [88.84305560573168, 21.77916657947418], [88.85222220379174, 21.77999985261124], [88.8619358540565, 21.777912259043546], [88.87626302282032, 21.767213344820078], [88.87944436106844, 21.749166607952617], [88.89416670812724, 21.740277647695336], [88.90611112133135, 21.730833172612904], [88.91333317738437, 21.727777719666165], [88.92083334878006, 21.74000000989264], [88.91611111123896, 21.74777781999049], [88.89916670308097, 21.746666550221192], [88.89305555796764, 21.750833272937314], [88.89111113557058, 21.762500047439346], [88.89694440366137, 21.781666636306312], [88.88222205660273, 21.797222256501982], [88.8797222371916, 21.807777643423577], [88.88333332547265, 21.813888907247275], [88.87888884534411, 21.819722056627683], [88.88027775291599, 21.83027780058012], [88.87499999965027, 21.84555554375345], [88.87722206074957, 21.851666570156112], [88.85749995705746, 21.855555534560324], [88.85749995705746, 21.86361110207079], [88.8530554769288, 21.865000009642756], [88.84638893570096, 21.858055472681997]], [[88.89583325350193, 21.788055538832083], [88.90083324935509, 21.77694428005458], [88.89638876922638, 21.765555501285462], [88.89472222295231, 21.755555510478473], [88.90555560560685, 21.751666546074375], [88.91246092313324, 21.75520420111306], [88.91138875498714, 21.76166665559174], [88.91925334966245, 21.77022445219677], [88.9180555345354, 21.774999856758058], [88.92305552948918, 21.787777662709004], [88.91777765751291, 21.791666627113187], [88.92750000961783, 21.79957854771186], [88.9277776483199, 21.806388854562073], [88.93722224211288, 21.816666722391403], [88.93499994269322, 21.82249987087235], [88.92083334878006, 21.822777747894804], [88.91361105440674, 21.82583332045138], [88.90194427990471, 21.820000052360598], [88.89472222295231, 21.81277775798722], [88.8855555061817, 21.810277819865547], [88.88361096417472, 21.802222251455788], [88.89083325854821, 21.791666627113187], [88.89583325350193, 21.788055538832083]], [[88.92638874074791, 21.823888778444427], [88.93499994269322, 21.824444412879416], [88.93888890709749, 21.816666722391403], [88.92833316314497, 21.80527782401245], [88.9277776483199, 21.79777765261659], [88.91972207991014, 21.791944504135557], [88.92444443706117, 21.78750002400693], [88.91972207991014, 21.775277733780428], [88.92138874489476, 21.766111135720365], [88.93166661272411, 21.766666650545517], [88.94777774774494, 21.764166712423958], [88.9544444085827, 21.766944408857427], [88.95888876910149, 21.77583324950487], [88.94042086623008, 21.782365441012416], [88.94027781466949, 21.793055534685266], [88.94805550605682, 21.804722070867], [88.95416665117008, 21.808055520446032], [88.9700000287784, 21.80277764757048], [88.97638893130429, 21.82111096419976], [88.96083331110859, 21.822777747894804], [88.95388877414771, 21.825277805626314], [88.94138884521917, 21.84722220873803], [88.93499994269322, 21.84500002892827], [88.93277764327362, 21.836944341807964], [88.92472207576324, 21.83527767682338], [88.92638874074791, 21.823888778444427]], [[88.95138967059697, 21.758186578747683], [88.9609228368196, 21.75495314637064], [88.96659636463065, 21.75009334043537], [88.96636056868536, 21.743163823951363], [88.97145450142418, 21.740615368304674], [88.98380875546982, 21.747828721618276], [88.98869454821497, 21.73971986747796], [88.9766699073904, 21.728689074641096], [88.99362027625492, 21.72356462520733], [88.99990212888028, 21.71729636223742], [89.01479244231749, 21.71875202648488], [89.01304137685818, 21.733198046952367], [89.00467097738382, 21.741101146101073], [88.99911570592516, 21.75172507755039], [88.99668157119768, 21.768488049284116], [88.99923837165366, 21.772551417414093], [89.01003324983478, 21.777394056190815], [89.00902271312785, 21.78259456129001], [88.98988711849589, 21.78910076598757], [88.9742661715467, 21.773811935972162], [88.9667958018849, 21.772349357736744], [88.96099913080539, 21.764251470828782], [88.95138967059697, 21.758186578747683]], [[89.00549972063564, 21.715152144655804], [88.9988863464279, 21.71604800251339], [88.99331390871006, 21.722197055849477], [88.97631454478048, 21.72737002370775], [88.97067427659661, 21.721165656669825], [88.98734390769525, 21.70800781251063], [88.99238634075712, 21.701084255833848], [88.99162495133052, 21.6949143409241], [88.99569964372361, 21.672489046932043], [88.98964107027925, 21.663763046527464], [88.99297320864676, 21.651508569564953], [89.00666093785216, 21.65209472159418], [89.01795446852404, 21.661371469517803], [89.02100074298997, 21.67920720564811], [89.02419233350955, 21.687207936996742], [89.01974296556554, 21.69900631918631], [89.00996875765216, 21.701111912684695], [89.00753426589378, 21.70457696905197], [89.01009499998432, 21.710068225867985], [89.01811397048348, 21.710408807220773], [89.01606535892924, 21.717340827417303], [89.00549972063564, 21.715152144655804]], [[88.97706675572627, 21.733820557672658], [88.98693907248034, 21.739782213878158], [88.98419153661021, 21.746064305723195], [88.97390282115842, 21.74001574533048], [88.96730577953824, 21.739429712011713], [88.96485865140576, 21.7428848740378], [88.96511626220584, 21.75036895296489], [88.93294143679796, 21.76204824423118], [88.92347872256514, 21.762486815714027], [88.9268380402435, 21.754954814613086], [88.93110930914739, 21.736052632722874], [88.92268192772892, 21.720322847121707], [88.94388234599356, 21.707734108342493], [88.94994235025942, 21.70243787760603], [88.96677780195401, 21.70197963705067], [88.97323775272017, 21.698610544640985], [88.98324537247598, 21.70566535017585], [88.97056305384203, 21.71749520324107], [88.9693379397942, 21.72277331353763], [88.97706675572627, 21.733820557672658]], [[88.90527772948363, 21.72972214206328], [88.89777767679843, 21.73666656031361], [88.88222205660273, 21.745277643548434], [88.87638890722243, 21.727222203941608], [88.87249994281822, 21.72055554400322], [88.8713889122686, 21.70500004251801], [88.8730554576434, 21.694444418175408], [88.8827778097482, 21.68194437053637], [88.88611114061669, 21.669999957332266], [88.88444435602227, 21.66472220406655], [88.8877778056013, 21.65805554412816], [88.89444434682915, 21.6527776721519], [88.90459632845793, 21.64957010787424], [88.9177603725432, 21.63307321046034], [88.92361104521373, 21.635833263094696], [88.92611110204584, 21.648610949435778], [88.9361109732429, 21.667222142188223], [88.94194436094361, 21.689722061024383], [88.93527781971576, 21.702222228273314], [88.9241665600388, 21.70666670840197], [88.9180555345354, 21.712499856882914], [88.91416657013119, 21.725277661934655], [88.90527772948363, 21.72972214206328]], [[88.95380556617405, 21.626483321148413], [88.95591080174225, 21.617391467542262], [88.96738004645212, 21.613771319490894], [88.98780632020558, 21.61302256553907], [88.99157214134132, 21.61552107373859], [88.99506986108523, 21.6259610650512], [88.99211573565285, 21.642666578200107], [88.98215365396803, 21.644501804914427], [88.97167384607118, 21.640640259040794], [88.96541285501931, 21.64165008078666], [88.96185815333124, 21.648617148462677], [88.9623935224432, 21.660759210169516], [88.95502805689941, 21.676849722836494], [88.94658327090136, 21.662831068299283], [88.93967211227832, 21.646673441026508], [88.95380556617405, 21.626483321148413]], [[88.7735524178099, 21.621504544798995], [88.77061557734717, 21.63462507698577], [88.77529132353587, 21.645682453782342], [88.76959860329296, 21.655568242380554], [88.76184987996808, 21.653146147776567], [88.74818444225824, 21.645584821582332], [88.73620677032633, 21.64478147068843], [88.72975122893618, 21.64014971213956], [88.73131656640649, 21.63106453420096], [88.73611211758023, 21.62353134149828], [88.73614501927736, 21.612025618487564], [88.73987114433785, 21.609048843629324], [88.75454354305012, 21.603766322158123], [88.7579574585699, 21.597235322252374], [88.74922764324126, 21.590220212792644], [88.7496478559639, 21.57796382926739], [88.76340341563522, 21.575964808129527], [88.77888226520443, 21.580271244122656], [88.78781354396003, 21.5806361440429], [88.79801750190634, 21.592235446009113], [88.79420900344283, 21.599760055582152], [88.77696442586765, 21.616598725051233], [88.7735524178099, 21.621504544798995]], [[88.73401534553184, 21.621093749776833], [88.7286553384732, 21.637325167322672], [88.72035467602754, 21.637392759468327], [88.71283435801931, 21.624850869072418], [88.71000611788813, 21.601430773811245], [88.7073725459064, 21.59287810334189], [88.71446585681386, 21.578393936331224], [88.7229281661021, 21.573721766746218], [88.74083304390993, 21.573220730152684], [88.7469582553193, 21.57796382926739], [88.74729084979296, 21.588889360055987], [88.75649654857702, 21.5975972418193], [88.7512451409506, 21.603855371228462], [88.73692011796916, 21.60940837819419], [88.73425805546495, 21.612809300309067], [88.73401534553184, 21.621093749776833]], [[88.59528446170859, 21.620654225012515], [88.6036572452858, 21.621093749776833], [88.603351235671, 21.62652325644322], [88.59374999976282, 21.653738856762914], [88.58617651473443, 21.65769767780563], [88.58531200904216, 21.667806148435062], [88.5787705185447, 21.682335615196507], [88.57689285282297, 21.691553473713896], [88.567592978833, 21.690826177586132], [88.57120227836262, 21.67783701386719], [88.57120084754118, 21.666743040059316], [88.56570410755862, 21.658381819965086], [88.55474734331537, 21.647356629005344], [88.55352735540325, 21.640268445132676], [88.55672323748755, 21.63535165815256], [88.5699745418917, 21.632358074065877], [88.59262943280217, 21.61815392985997], [88.59528446170859, 21.620654225012515]], [[88.5657967332327, 21.70131254154063], [88.56775724899788, 21.692879319025394], [88.57822334762946, 21.691967606120215], [88.57970535751636, 21.684830665502886], [88.5905504223642, 21.69030284859761], [88.58630597574026, 21.697957515427078], [88.5860254762948, 21.711472153916816], [88.57546675198918, 21.720674514417368], [88.57084155039732, 21.730502248180244], [88.56014680902811, 21.729421853935406], [88.55365610144807, 21.735007524277933], [88.54166114364702, 21.736049056119157], [88.53508377109924, 21.732292651784547], [88.52668976801854, 21.71713173414227], [88.51972126952111, 21.716412424893548], [88.51727163767609, 21.711717844203235], [88.52728140321423, 21.69176161280828], [88.52699315521008, 21.685915946663727], [88.53343534436581, 21.66856265094563], [88.52853774981739, 21.660372972934425], [88.5306476357799, 21.6507977247353], [88.53734505163291, 21.642714142443765], [88.551675915711, 21.636287450405575], [88.55377364194018, 21.650279045241803], [88.56679415692494, 21.663884044013457], [88.56862330422214, 21.677305102648404], [88.56532227969953, 21.68725752831233], [88.5657967332327, 21.70131254154063]], [[88.4646866318827, 21.67282271429687], [88.47092831179216, 21.673106909056685], [88.46622645828452, 21.685960650163906], [88.45701622961539, 21.7053772208821], [88.45302033402126, 21.709553122078916], [88.44264423864084, 21.708955049535973], [88.43256080153989, 21.702148676320434], [88.42921161652302, 21.696055174107045], [88.41927313844465, 21.688985109775018], [88.42086434401435, 21.65083706377959], [88.43740880477262, 21.633809208428232], [88.44148111306302, 21.62295484548983], [88.44073283665116, 21.615697980277616], [88.45204424854339, 21.621093749776833], [88.45268034891913, 21.627314567213546], [88.45946002036365, 21.642161846292197], [88.45906603367061, 21.64945995801071], [88.4643199441102, 21.657521605837502], [88.4646866318827, 21.67282271429687]], [[88.59273433692024, 21.718801974831308], [88.59858036009567, 21.72288930449784], [88.61063814183692, 21.725513339169368], [88.61891341192458, 21.729748964343344], [88.62043535710612, 21.73721683029251], [88.61553955040998, 21.74062836170961], [88.59765100518976, 21.746683121129223], [88.58675622941658, 21.75224125423054], [88.58418953461941, 21.757227063278407], [88.58501005177257, 21.77497315408786], [88.57841765874812, 21.77644610420441], [88.5689212082473, 21.769083022763397], [88.58050870930956, 21.755184054500603], [88.58346974873004, 21.74810636032035], [88.5835106373062, 21.739081621319883], [88.57970702665799, 21.726325869443343], [88.59273433692024, 21.718801974831308]], [[88.69401705234512, 21.699463843881404], [88.68721473237414, 21.682860017076223], [88.70164775853735, 21.66553747637346], [88.70668995417819, 21.66510307774493], [88.71297264137436, 21.65190625157237], [88.72591304744932, 21.638589620414677], [88.7357860800636, 21.64531672019058], [88.7459831240221, 21.64593374684506], [88.7497096061135, 21.650764346397523], [88.74068665496523, 21.654069423265355], [88.73401141189723, 21.660729765466385], [88.70895826830949, 21.67941856341602], [88.6999632123325, 21.69405925293222], [88.69401705234512, 21.699463843881404]], [[88.79612541195834, 21.655555606006487], [88.80666661297388, 21.663888930929488], [88.80722224740887, 21.674999952286072], [88.81028640309503, 21.68863844900534], [88.80999994294316, 21.70416665067046], [88.80138874009842, 21.706388831379513], [88.79166662721317, 21.70305550141032], [88.77416670333074, 21.693888902450965], [88.76305544365394, 21.690833329894275], [88.76222205180633, 21.685555457918127], [88.75750005258553, 21.68222224755874], [88.74500000494643, 21.68222224755874], [88.74111115925271, 21.68944442232231], [88.73138892675772, 21.687222242512547], [88.73194444158278, 21.683055519796454], [88.74805545789317, 21.674166560438437], [88.7594443562721, 21.663055539081967], [88.77055537672933, 21.665555477203526], [88.79612541195834, 21.655555606006487]], [[88.78459155545593, 21.710414409997156], [88.80379426469366, 21.71666765249023], [88.81563556163204, 21.70931231960799], [88.81948685613358, 21.70180428004352], [88.8177489045884, 21.688013076642193], [88.82272613050665, 21.671567917225644], [88.82018053560327, 21.657510161065176], [88.80963134770857, 21.640823602926986], [88.81512641944877, 21.62929427630985], [88.82539105375426, 21.62674665433468], [88.83927035294457, 21.620467067101544], [88.8514211173908, 21.62660264949278], [88.86001670350814, 21.636962056153976], [88.85659265532692, 21.65186393217479], [88.84253513838601, 21.680255055226695], [88.84031081189457, 21.694017410175405], [88.83998000617245, 21.715298413990666], [88.84615492850727, 21.731999158934173], [88.85344374213511, 21.743443131795146], [88.8620190620301, 21.75010251981547], [88.86414134514709, 21.760808110605865], [88.8316551447692, 21.765859842657648], [88.81487715255864, 21.751493334849556], [88.80338656873525, 21.746960401901077], [88.79080510097467, 21.749029755418945], [88.78696060175045, 21.7406046393927], [88.7927086356951, 21.735217452123806], [88.7804088589817, 21.73091745347776], [88.78311324088341, 21.72034311334403], [88.77908480152254, 21.712635159884798], [88.76469671717976, 21.705258846718465], [88.77344977818481, 21.70152425723876], [88.78459155545593, 21.710414409997156]], [[88.78888320929278, 21.749302267985342], [88.78326296811159, 21.757200240998344], [88.78232324132458, 21.76685524017725], [88.78474676585071, 21.772527455877423], [88.79582595840137, 21.787110925129184], [88.78808105000061, 21.794287443111102], [88.78828012932459, 21.7978806492726], [88.7942148445396, 21.80127024622496], [88.79321670498703, 21.81035876244698], [88.78660297374839, 21.822424649777844], [88.78085553605419, 21.824118971613302], [88.77620923546786, 21.815968156005596], [88.7757791284042, 21.806505322162963], [88.76986324769089, 21.79784274104972], [88.76360714445426, 21.782807111559038], [88.74970281083611, 21.76969003636617], [88.75986027742991, 21.766080736836614], [88.76425254381988, 21.75736486909352], [88.75474035698196, 21.744704008283435], [88.75598442514118, 21.734015345431914], [88.77585315699767, 21.731067538636097], [88.7865340712905, 21.73635554327373], [88.78444874311512, 21.74239146729238], [88.78888320929278, 21.749302267985342]], [[88.75350821023588, 21.78333973863809], [88.7510014768367, 21.79106235464397], [88.74943065619996, 21.80619561633469], [88.74080634123973, 21.80486440656719], [88.73677885516017, 21.79687500038108], [88.72729384943167, 21.793688178067015], [88.72825026493794, 21.77999424893551], [88.73609304385892, 21.775015473485354], [88.74523055514615, 21.77256143136509], [88.75542545332215, 21.780198574005084], [88.75350821023588, 21.78333973863809]], [[88.79617333413213, 21.748504042327767], [88.81207764127024, 21.751121044300845], [88.82480585590568, 21.763337254210995], [88.8277273179614, 21.769515156899075], [88.82079362862308, 21.78657925133149], [88.82555854349206, 21.800636649561824], [88.83116114177338, 21.807494044014987], [88.82408034763009, 21.820950865989772], [88.81865167643386, 21.81931781766326], [88.81354045872533, 21.80936145746537], [88.79720068006739, 21.790305256782233], [88.79676365811648, 21.781667709197507], [88.7859301567515, 21.76900017271987], [88.78445887577661, 21.76110386884855], [88.79081201586192, 21.74990606291459], [88.79617333413213, 21.748504042327767]], [[88.64034104390421, 21.678359627894622], [88.63164794429727, 21.669089675248415], [88.62738347067071, 21.652505159585502], [88.63415813469024, 21.65111875572606], [88.63427805928504, 21.660764932555622], [88.63902175465026, 21.667554617051962], [88.64034104390421, 21.678359627894622]], [[88.60611617522144, 21.680077433726694], [88.59582066539153, 21.689966559709063], [88.58034050461075, 21.682879567438164], [88.58608400777084, 21.670959711121867], [88.58687937268505, 21.659179568082692], [88.59770226474788, 21.663187027159637], [88.60449647912927, 21.67131233259815], [88.60611617522144, 21.680077433726694]], [[88.85531854621402, 21.919084668222922], [88.8682463168141, 21.92184472085725], [88.88175165631398, 21.922404408536664], [88.88922512503964, 21.92050945784527], [88.89766740822435, 21.922647953040695], [88.90683090722067, 21.92895257470161], [88.9059813023953, 21.95340454578323], [88.90772056605144, 21.968860030066367], [88.90272414680206, 21.98673462860029], [88.90431261033879, 22.002610802246778], [88.90295910817642, 22.011187552963264], [88.89872515214418, 22.013072132672875], [88.88737094421387, 22.011160731582578], [88.87589514254685, 22.011927723785504], [88.87129723987576, 22.015233874443794], [88.86656463135282, 22.024404167818147], [88.85238146743083, 22.017887353818338], [88.84356296096203, 22.017607450623416], [88.82608830892846, 22.02163314795152], [88.81353402137805, 22.019334554546134], [88.80208361116988, 22.029772043045398], [88.78827643401038, 22.022568344853312], [88.77968955063236, 22.015798449938615], [88.76202905189936, 22.014855742798346], [88.75983953456702, 21.99604105954731], [88.749722480808, 21.982003449999212], [88.7568893436684, 21.972656250085947], [88.75167572465503, 21.959071755856883], [88.77567303178515, 21.943414210997105], [88.78098094471497, 21.95125997027145], [88.78974998037737, 21.952130556280252], [88.78902328050012, 21.943269849124334], [88.80028295529425, 21.942213654736406], [88.8086657528224, 21.938974618683773], [88.82474291325494, 21.939665436510722], [88.83233165708046, 21.935407400231412], [88.84127664600058, 21.924383401772616], [88.85531854621402, 21.919084668222922]], [[88.75184595552653, 21.98772382709302], [88.75824487200325, 21.995251774949566], [88.75952613342437, 22.005473017865512], [88.74236357222125, 21.99031293389484], [88.74501597870457, 21.983129262705404], [88.75184595552653, 21.98772382709302]], [[88.791335821491, 22.03142654919597], [88.77919673923819, 22.036710620199045], [88.7798862458537, 22.04570126500147], [88.77144575142037, 22.051308870707913], [88.75510787932527, 22.05360090715618], [88.7515506748239, 22.05006074930418], [88.75920844071712, 22.035364866595387], [88.76110374933873, 22.021896362427242], [88.77790892086003, 22.019884705814576], [88.791335821491, 22.03142654919597]], [[88.76344585374326, 22.053365111210923], [88.77296650410105, 22.0542105440814], [88.78072524047755, 22.04843842988973], [88.78465557099796, 22.058421731078113], [88.78776586100574, 22.06205356132284], [88.79201817489891, 22.056369304599826], [88.79849374329169, 22.0564136501699], [88.8029443028374, 22.064546346236966], [88.81783390041434, 22.063004613272284], [88.82396697999215, 22.069718242103306], [88.83074355147389, 22.07060194022739], [88.83645880243185, 22.06933975252761], [88.83092975610353, 22.08270955070526], [88.82741105517621, 22.0861972573976], [88.81533825385745, 22.080788373984348], [88.80675065551841, 22.08236897025182], [88.80159294645742, 22.08864080892627], [88.79864227801872, 22.097817420937332], [88.80045497401787, 22.10473740101031], [88.79593074290952, 22.10912525622564], [88.78445005432664, 22.106996536660944], [88.7790590521337, 22.10321080723304], [88.77488410511742, 22.091429829623053], [88.77018022543714, 22.08632624176272], [88.75692117247414, 22.07826364065457], [88.74838721779602, 22.059990048002362], [88.74847972386024, 22.056773543564276], [88.76344585374326, 22.053365111210923]], [[88.77574884913017, 22.109605669566037], [88.78571045417422, 22.114088654168086], [88.79502511032072, 22.114192247074584], [88.79818427578383, 22.124305725129176], [88.80338740330606, 22.129822611724194], [88.80994355635008, 22.131108760960643], [88.82106494868853, 22.12668704986754], [88.82876360405717, 22.134075045227206], [88.83946847898724, 22.136657953002157], [88.8464019300051, 22.14114475252839], [88.8454514743062, 22.14797067610587], [88.85118424855435, 22.155794858845695], [88.84323513469386, 22.16722762615413], [88.85099232153854, 22.173480272396745], [88.86337077634042, 22.16963207695889], [88.86781775928225, 22.17601311221543], [88.8643071648439, 22.185449242488573], [88.86406183248769, 22.197183012885773], [88.8596471549923, 22.204119562967463], [88.85136771205029, 22.200942158353996], [88.85123276697865, 22.194024443673186], [88.84761357310808, 22.189475774387518], [88.83931255363157, 22.19247686871256], [88.83601653563474, 22.2058677676834], [88.83075666448863, 22.208894848818318], [88.8260477782824, 22.204650640514643], [88.84044444575463, 22.175064444368672], [88.83907854553851, 22.167737245877248], [88.82976615388506, 22.165210723795923], [88.8126316074628, 22.178796172205637], [88.80666506254263, 22.177999854010153], [88.79050326331506, 22.159842133607697], [88.78175604340677, 22.155218601157543], [88.77841806394267, 22.148437499790816], [88.7685060502142, 22.141248107114507], [88.75044977693577, 22.13557314848208], [88.74672114816255, 22.13274705413332], [88.74078965162116, 22.114600062642836], [88.73546314251016, 22.10502815272713], [88.71933150294652, 22.090415358382188], [88.70395302761025, 22.080166459514544], [88.70218682296363, 22.075357079465675], [88.70514953152573, 22.064269065465112], [88.71232545415651, 22.059183478434875], [88.72462463372003, 22.05639112035402], [88.73874366249007, 22.056717156971274], [88.74427914616567, 22.073186755464434], [88.75339615380952, 22.084979415267867], [88.76921343804977, 22.092011451767092], [88.77155160881975, 22.105322122218297], [88.77574884913017, 22.109605669566037]], [[88.722936272591, 22.101207614140122], [88.71434140233387, 22.097894549493958], [88.69082403190365, 22.084154725260476], [88.69377803772633, 22.078005075673758], [88.70397961156996, 22.088251471728142], [88.71907866035193, 22.095736860967435], [88.722936272591, 22.101207614140122]], [[88.85290706181152, 22.170137524727068], [88.84954583667113, 22.162247776913404], [88.8557350636224, 22.157546877586356], [88.86013066739653, 22.148437499790816], [88.85795974714469, 22.13999354836369], [88.84774994810178, 22.138016939230425], [88.84164381041361, 22.132841944300424], [88.83224415754191, 22.13049924364526], [88.83216345328086, 22.126050710272125], [88.84159112003422, 22.124296069108397], [88.84874367737896, 22.11731207349348], [88.8528449537317, 22.10214865213868], [88.87183940426522, 22.08801460289169], [88.88476085622867, 22.08625853090652], [88.89523851834295, 22.091339111410917], [88.90794074526931, 22.087153554193208], [88.91740357911195, 22.091264248246546], [88.922681808119, 22.099876165152978], [88.92360901814178, 22.10642802753148], [88.91663825515141, 22.118487954155853], [88.9071178440133, 22.127929568494807], [88.90159594999321, 22.138836621812686], [88.89956104770422, 22.148437499790816], [88.88678157351094, 22.16421067678138], [88.8811639547528, 22.167274952077463], [88.8648591039645, 22.167161941470482], [88.85290706181152, 22.170137524727068]], [[88.90886032544361, 22.14182102651924], [88.90862274164621, 22.13518404960425], [88.92317855314784, 22.122028827868206], [88.9314347504135, 22.10556125644689], [88.93062472385193, 22.097709656075864], [88.92037594279569, 22.085647225738967], [88.90832138062731, 22.07823812958611], [88.90125584618036, 22.064117669994545], [88.90645205971484, 22.059239267877985], [88.91080236463753, 22.042275547678486], [88.90776765365442, 22.03497874717155], [88.91400134578552, 22.022421359658097], [88.9157830475497, 22.006972551042423], [88.9129619597268, 21.99400746846993], [88.91588354139233, 21.984098077164532], [88.9214272502675, 21.981361508526874], [88.93104267118238, 21.98694205273364], [88.93507194511429, 21.99314057867477], [88.92882966985351, 22.005469441261795], [88.92401945613304, 22.02428042919854], [88.92446124539029, 22.032297730555825], [88.92160904372255, 22.05195713081696], [88.92505157027384, 22.064709306089696], [88.93692207359484, 22.07249641427819], [88.95710146456108, 22.07368934158987], [88.96678602715357, 22.078519940243126], [88.9738456008939, 22.098357677864612], [88.98179447643409, 22.113609075398585], [88.98591494521858, 22.131906747398546], [88.98507785805677, 22.148437499790816], [88.97432994876814, 22.15855944136524], [88.9658700226835, 22.172067642507784], [88.95898067981469, 22.190213561106958], [88.94913041623582, 22.18920373936109], [88.94531250007194, 22.18191957432896], [88.93676161745483, 22.17939150361505], [88.93403637397958, 22.175040125801246], [88.92544555696699, 22.175247431224022], [88.9248956440189, 22.164943337365145], [88.91892993456892, 22.16102361704634], [88.91170394398196, 22.162170529646346], [88.89575827162699, 22.17153882945354], [88.89536011207954, 22.16192686553248], [88.90650892294852, 22.149969577633982], [88.90886032544361, 22.14182102651924]], [[88.94184505960189, 22.192344546064078], [88.96025824502212, 22.192647218294553], [88.96073734805029, 22.200701355882984], [88.95558691000801, 22.21330881135262], [88.95443201052902, 22.221111774588792], [88.92829644652394, 22.22593784335689], [88.91984283907593, 22.230720043195504], [88.91646516353657, 22.21894335715021], [88.91695034508237, 22.208644747357255], [88.90816283194928, 22.195453047320314], [88.92315971864613, 22.17940235123757], [88.93215584751445, 22.177008151804813], [88.93644535556874, 22.18216896082896], [88.9444650410289, 22.18393480754537], [88.94184505960189, 22.192344546064078]], [[88.88653087579931, 22.057785869022666], [88.8919793365773, 22.049657225300706], [88.89042723173142, 22.04570174254141], [88.87883555871414, 22.04360652002495], [88.85396230201869, 22.043495773910905], [88.85381591307399, 22.038141250918073], [88.86347174682376, 22.02892231950952], [88.87270760527187, 22.025526523530345], [88.8753465417096, 22.015973329405682], [88.89244067709572, 22.01481735703541], [88.90160167237943, 22.018447041497836], [88.90024137493967, 22.036947250715116], [88.90308785422118, 22.049888372650315], [88.88653087579931, 22.057785869022666]], [[88.85972976671545, 22.045835733432426], [88.87803995637901, 22.04520094426826], [88.88869810073678, 22.046813130121876], [88.88871824734932, 22.052250861987744], [88.88285684576684, 22.057169318109572], [88.87029826665176, 22.06287646257877], [88.86828947078257, 22.06985175635353], [88.87058854082866, 22.079112171689417], [88.85337746120095, 22.078933358587676], [88.8413186074678, 22.07145810111055], [88.83312165753856, 22.063978433358017], [88.82812762239197, 22.069977640755553], [88.81954503057884, 22.062459349819164], [88.8340766431227, 22.050042033513108], [88.83162522342533, 22.04314804114921], [88.83520460161108, 22.026403069346202], [88.84312427076853, 22.02207195775469], [88.859160542625, 22.025182246863267], [88.85324084788695, 22.034505724459706], [88.85062551505555, 22.043080210683257], [88.85972976671545, 22.045835733432426]], [[88.82339417929805, 22.02731430561076], [88.8319877383436, 22.027064562079943], [88.83106064793068, 22.05071985703586], [88.8173016312654, 22.061312913859922], [88.80575740378131, 22.064126014803747], [88.80123961002002, 22.05666100959803], [88.79463076569735, 22.054205656266078], [88.78794276754482, 22.05951297294547], [88.78577744917001, 22.04926764978228], [88.77999365368427, 22.03797841067521], [88.78806054635723, 22.03604054433572], [88.79445314419738, 22.03104734375995], [88.80485105533197, 22.033753156483073], [88.81354832689394, 22.025223374659106], [88.82339417929805, 22.02731430561076]], [[88.85075175738783, 22.079106450202573], [88.86263215505008, 22.08038663873242], [88.86703765406449, 22.08883297426243], [88.84961056717404, 22.103134870278097], [88.84713614012091, 22.116933941848032], [88.84041225901868, 22.122280955501736], [88.83051156955335, 22.124647974724326], [88.81800580042741, 22.122839808610337], [88.80632984654525, 22.12515890565905], [88.79892897649123, 22.111458063438903], [88.80172812895003, 22.10697972743253], [88.79972064519168, 22.098903178738794], [88.80649316342883, 22.084245443472525], [88.81518244721227, 22.082205176727655], [88.82511794583664, 22.08718252225563], [88.82520317998288, 22.089216351653334], [88.82074534851907, 22.092902779739518], [88.82093834842615, 22.100005149518125], [88.82217371474528, 22.099996924318674], [88.82208991052099, 22.09278750463963], [88.8321155311069, 22.083549857440033], [88.83712065219649, 22.0734168290235], [88.84309232235287, 22.073531150842], [88.85075175738783, 22.079106450202573]], [[88.87213790454066, 22.079337358332452], [88.87099885921006, 22.06396853901694], [88.88189685365703, 22.05951225798441], [88.89102351642228, 22.06031990044309], [88.89338970197323, 22.073802828837557], [88.90412330664535, 22.084249973357714], [88.89567577861439, 22.08931410346318], [88.8813395500803, 22.084056853840792], [88.87049794222636, 22.086916447036458], [88.87213790454066, 22.079337358332452]], [[88.13005530800618, 21.899088859463376], [88.13736248039416, 21.904839873761233], [88.14466810235106, 21.915490031239983], [88.13304555380941, 21.927557706423045], [88.12422442401808, 21.925358057328538], [88.11608326443118, 21.917551637098455], [88.11693346460785, 21.9130768776958], [88.12563550437508, 21.90101754642268], [88.13005530800618, 21.899088859463376]], [[88.0818599461796, 21.931724548748974], [88.08859741693735, 21.935318469871532], [88.09180462328484, 21.94538962852863], [88.11149835606435, 21.972051739296433], [88.1220585111914, 21.987892150502347], [88.13054990725246, 22.005041956621028], [88.14342927903814, 22.02064144574618], [88.14112901649102, 22.0260583160385], [88.12129926664798, 22.017911076135334], [88.11352527147417, 22.016947865351767], [88.09398531916722, 22.01122724993769], [88.07668554750009, 21.998995303690407], [88.06468820559635, 21.979835153069928], [88.05201554298301, 21.94740498045556], [88.04747593436699, 21.930943131420435], [88.04606556897087, 21.913018464930246], [88.05681121376662, 21.913261652403435], [88.0704636571721, 21.92045414414349], [88.0818599461796, 21.931724548748974]], [[88.16083335857266, 21.93027782466197], [88.16499984296846, 21.916388749840962], [88.16972208050973, 21.921388745694117], [88.17138874549434, 21.932222247059087], [88.16333317798379, 21.937222242012894], [88.16083335857266, 21.93027782466197]], [[87.89457094639218, 22.497001051557362], [87.88809132565424, 22.497431754871627], [87.88700675945447, 22.491210937434914], [87.89992904688816, 22.483049154594937], [87.90147173403332, 22.48753595322168], [87.89457094639218, 22.497001051557362]], [[87.30513703824383, 21.58677446846704], [87.30273997806754, 21.577697754048188], [87.3081691268039, 21.571738004405432], [87.31689417392707, 21.576252817813355], [87.30513703824383, 21.58677446846704]], [[86.71685516793181, 20.68446910406601], [86.71189486995243, 20.67943787565747], [86.730389953034, 20.676408052489734], [86.7281546593102, 20.681583046520444], [86.71685516793181, 20.68446910406601]], [[86.59630465483602, 20.716446280071807], [86.58226060884019, 20.70622646797716], [86.57716071629406, 20.69826316821073], [86.58375144017688, 20.691377044015496], [86.58852064571127, 20.692631006515825], [86.59526431549583, 20.702098012313513], [86.60559141671055, 20.697632551001504], [86.60619604621061, 20.707341313450968], [86.59630465483602, 20.716446280071807]], [[85.29459345352515, 20.86913132624983], [85.2874715324854, 20.85637915097709], [85.29366910424582, 20.85663294775233], [85.29459345352515, 20.86913132624983]], [[86.5388013125307, 20.41371214380044], [86.52837741368685, 20.412475227949443], [86.51699602644558, 20.41704344759708], [86.50149154619797, 20.404854774028678], [86.49482130965586, 20.391833662793402], [86.49908244589832, 20.389861345225], [86.50775432600139, 20.392690062896122], [86.51427364371378, 20.400600433063573], [86.52656936628333, 20.391489744056514], [86.56340634822456, 20.39388895001514], [86.57247173748081, 20.406039714461286], [86.56814634827552, 20.409889459431042], [86.55778384165112, 20.40990567240894], [86.54927170272705, 20.413434505098365], [86.5388013125307, 20.41371214380044]], [[86.41324234006206, 20.454170942035404], [86.40317594961053, 20.45219814782635], [86.3904695507293, 20.45883023782531], [86.3813927176, 20.46044635731357], [86.36886274771771, 20.465853452874654], [86.35530316830668, 20.4622433187742], [86.34518182298288, 20.469319105492417], [86.33419442153544, 20.4698660371879], [86.32371830985224, 20.467524647744426], [86.31697654752972, 20.4691685436934], [86.30802071098711, 20.463728427724845], [86.32922482456613, 20.45519614218827], [86.33892500388592, 20.45544934271308], [86.34153342272933, 20.463374614646824], [86.34506964694677, 20.46317851567605], [86.35215520839623, 20.456419229164226], [86.36077725886352, 20.462423443986808], [86.37461173494373, 20.455885172163022], [86.38326442261516, 20.455949426025256], [86.38462841536918, 20.445253252935345], [86.39076042205593, 20.44450771765713], [86.39631283277109, 20.450860619422116], [86.408291816814, 20.448573827819928], [86.41324234006206, 20.454170942035404]], [[86.48994374300938, 20.170179009054095], [86.49124681928541, 20.16505610915212], [86.49996721781295, 20.167637347785444], [86.50711715183516, 20.173568129365776], [86.4985653159367, 20.17666983624406], [86.48994374300938, 20.170179009054095]], [[86.33145880707835, 19.99052667616526], [86.33689534644319, 19.99928522123598], [86.33383715146343, 20.006350040721856], [86.32640945912934, 20.003455043015933], [86.33145880707835, 19.99052667616526]], [[86.3213896754933, 20.010130762724515], [86.32513451544568, 20.01662015909315], [86.31777262650562, 20.024618625948932], [86.31489551091911, 20.03175151332175], [86.30290245968084, 20.02533054366978], [86.31607353646464, 20.021334529365078], [86.3213896754933, 20.010130762724515]], [[86.27954363792864, 20.02685904490906], [86.30775582826888, 20.0342619420351], [86.29031085925888, 20.042813062972584], [86.27459967163762, 20.052474260278927], [86.26182723014259, 20.054787755450633], [86.2576458457792, 20.052404045710205], [86.24559330978357, 20.037047266518158], [86.24485075485856, 20.02959287151387], [86.25352442281397, 20.030176162799734], [86.26677286647461, 20.035366773557826], [86.27954363792864, 20.02685904490906]], [[86.14706504331716, 20.2148437503389], [86.1440733666926, 20.21817231210261], [86.12331485729496, 20.218113541406836], [86.12049651150497, 20.198506832424414], [86.12291657903691, 20.19102442263906], [86.12160742244473, 20.183527231596486], [86.13281250029681, 20.173828125167915], [86.14647114272915, 20.177594900484365], [86.14329230819348, 20.196843743144257], [86.1476024386017, 20.21044504660165], [86.14706504331716, 20.2148437503389]], [[86.11945080770877, 20.2148437503389], [86.11809861675792, 20.222897410387276], [86.10085725785629, 20.232419371956524], [86.06950056549877, 20.24348497395249], [86.06795835499415, 20.251509547227954], [86.06194353086934, 20.2641048429642], [86.05241060296706, 20.271934866800706], [86.04133033752518, 20.276315450997345], [86.0365358592426, 20.284016847499544], [86.02981305103154, 20.288195967370058], [86.02530837028516, 20.27510440324565], [86.01702404042723, 20.263263821268367], [86.01421534975864, 20.254214048739414], [86.02281260501783, 20.247084379140887], [86.02877664532602, 20.223597049664164], [86.03643655790083, 20.21663534644415], [86.03668713600266, 20.20847284774382], [86.05359101261516, 20.205688834472255], [86.05964744117657, 20.197303176200677], [86.07566893087656, 20.190788030443287], [86.09708535640422, 20.180313348682205], [86.1065105203443, 20.17968034737021], [86.12315523662502, 20.170995115931902], [86.11774682985245, 20.198805213090196], [86.11945080770877, 20.2148437503389]], [[81.74133574924551, 17.02141273051319], [81.74634170490592, 17.026118636366107], [81.73466634727427, 17.028660535955055], [81.73412930991978, 17.020739674296564], [81.74133574924551, 17.02141273051319]], [[81.76228892769203, 17.028140902280924], [81.76345205326973, 17.034019708442884], [81.75130355331643, 17.039642453336654], [81.74425256270567, 17.055996656220756], [81.73863434769706, 17.06198275060352], [81.73469710318889, 17.05907034831796], [81.737262368064, 17.043454170473694], [81.76228892769203, 17.028140902280924]], [[81.72778105764976, 17.07649421653491], [81.73312485262997, 17.083699465158247], [81.73434245554003, 17.09249424931022], [81.73166143892436, 17.10757064776726], [81.72257280309245, 17.112661361832394], [81.71603047892356, 17.09756231305036], [81.72778105764976, 17.07649421653491]], [[81.6579810376949, 17.250857949434874], [81.6433035137463, 17.23014366599746], [81.64163935157498, 17.22442865335975], [81.64382922683743, 17.207719326186023], [81.6516704562267, 17.196267008515747], [81.65880942301649, 17.198301315453406], [81.66001594088308, 17.20760464643739], [81.66536784145282, 17.226562499959513], [81.6579810376949, 17.250857949434874]], [[81.66409933601571, 17.309917211510196], [81.65783286089791, 17.305571556082512], [81.65842902687817, 17.2876069542975], [81.66332840927876, 17.285351872790727], [81.67443454282002, 17.289650201395773], [81.67790305618118, 17.296258569077736], [81.67655468015451, 17.302996278155774], [81.66409933601571, 17.309917211510196]], [[81.54140067080439, 16.355044245895257], [81.52542436124534, 16.350754857450738], [81.52097785494416, 16.35429155830886], [81.51532065882142, 16.349601149573502], [81.54381334770792, 16.34830474896512], [81.54140067080439, 16.355044245895257]], [[81.50642645371798, 16.35315167930665], [81.51910257332517, 16.358185768458497], [81.52846813199878, 16.354134202131803], [81.5408715007193, 16.35873675339849], [81.55526339998605, 16.351913810174295], [81.5522911550128, 16.36980044883171], [81.54572904126238, 16.37977683513286], [81.5324033494351, 16.379464149850662], [81.52291345589143, 16.38190460231567], [81.51213943928374, 16.37054884395411], [81.49473082986404, 16.370455145388675], [81.49030017861051, 16.37223923215491], [81.48457431835018, 16.379069923937948], [81.48393237597841, 16.386779904469023], [81.47755920889054, 16.391014933392483], [81.485472679021, 16.364262342733014], [81.49179005666585, 16.352101922265987], [81.50642645371798, 16.35315167930665]], [[80.90229165543562, 15.935664058049923], [80.89566576446347, 15.922160863433149], [80.9016941782439, 15.917637944435597], [80.90229165543562, 15.935664058049923]], [[80.9043045045494, 15.96217727705978], [80.9082250594391, 15.964614749171403], [80.90114474283578, 15.975792527203453], [80.89246380296228, 15.984256625243148], [80.88983952997037, 15.98177623748343], [80.89645850695459, 15.966671705534864], [80.89726340738045, 15.948947549190123], [80.90432834647615, 15.947707056735325], [80.9043045045494, 15.96217727705978]], [[80.89634954959214, 15.98402261715016], [80.89850354190494, 15.992601275328653], [80.8961445095616, 16.000527858473973], [80.88992810240003, 16.00099480176877], [80.89634954959214, 15.98402261715016]], [[80.90002191048282, 15.981800079410178], [80.9070091247714, 15.977709650679955], [80.90805304071532, 15.987907647919698], [80.89878213388843, 15.988489508384134], [80.90002191048282, 15.981800079410178]], [[80.8864957094095, 16.04515147196294], [80.88634324104774, 16.03420054881633], [80.88287794546082, 16.030573129746244], [80.88292050317878, 16.022181868698354], [80.89127814756856, 16.019980430852215], [80.89233982602227, 16.04148566712992], [80.8864957094095, 16.04515147196294]], [[80.88630175622123, 16.088085413111457], [80.88217675665211, 16.08365941045348], [80.8843721150811, 16.07017993905299], [80.89050412176798, 16.06092894051821], [80.8888442520607, 16.04723882631089], [80.8938908579768, 16.047510504306445], [80.89703917491815, 16.06024670582086], [80.89409673257816, 16.067978977847602], [80.88746535754026, 16.07352244840237], [80.88630175622123, 16.088085413111457]], [[80.88572275649997, 16.090793371616883], [80.87651312318215, 16.114137053282434], [80.870098352557, 16.114539742715067], [80.86958253380689, 16.106142401350766], [80.8742717500414, 16.10316085828704], [80.87664461125993, 16.080537914892872], [80.88572275649997, 16.090793371616883]], [[80.58060872541247, 16.514832734742996], [80.58978188042957, 16.51821005325141], [80.5718920230984, 16.52613890178897], [80.56656610933854, 16.530964135986153], [80.56306207185727, 16.52343750024056], [80.58060872541247, 16.514832734742996]], [[80.5557476284504, 16.5394486189587], [80.55170595646487, 16.54168725006656], [80.53927302343138, 16.542199253892477], [80.54986965685927, 16.533228636092772], [80.56085944151002, 16.51738882023791], [80.5557476284504, 16.5394486189587]], [[80.50067615548025, 16.57139325119769], [80.5199735165647, 16.57112014328007], [80.5095498560411, 16.578258871749583], [80.50283360478718, 16.579726457410132], [80.49509990193903, 16.573679924089262], [80.48435413843279, 16.570390343439684], [80.48489284492902, 16.56423366025527], [80.50007915492913, 16.568675041320148], [80.50067615548025, 16.57139325119769]], [[80.41713952996534, 16.58459341565367], [80.39611268085562, 16.584345221654715], [80.38790965061, 16.585966944818736], [80.3778070210773, 16.582898617177534], [80.36437654474182, 16.582711458367214], [80.37171673753753, 16.575387954290704], [80.37757515876663, 16.576644062573436], [80.38770866382393, 16.57335305200182], [80.39279460878433, 16.567806244062993], [80.39982724153404, 16.565336346894952], [80.40507984166143, 16.567512631602682], [80.41060960295093, 16.57870411890002], [80.41713952996534, 16.58459341565367]], [[80.10000824958118, 14.243088007205856], [80.0931351187908, 14.235564947164619], [80.10040545494789, 14.234235525249389], [80.10000824958118, 14.243088007205856]], [[80.15050995337165, 13.611292242742906], [80.1458227633099, 13.61172234980664], [80.13831186300214, 13.60664153098196], [80.12073671802526, 13.605031251690974], [80.12675297297133, 13.588596821186414], [80.12933385367452, 13.598206877645381], [80.13311636442873, 13.59985804551252], [80.14566576506311, 13.593636751435028], [80.12757992747183, 13.586590647740294], [80.12822914086226, 13.578518510221087], [80.13616073143274, 13.573242068166962], [80.14027082923545, 13.565673947594675], [80.13765537769362, 13.553412080003525], [80.14111602288622, 13.54529952964964], [80.14654600619335, 13.546301603736097], [80.15625000043732, 13.559430837763003], [80.16018974775866, 13.57127785708748], [80.16038405887733, 13.580683231446017], [80.16765630249645, 13.590140342902544], [80.16171002379863, 13.596423148809365], [80.16278612647861, 13.604038954134495], [80.15050995337165, 13.611292242742906]], [[79.71449255948406, 10.3105858561524], [79.71641945859128, 10.315091013539458], [79.70269823053903, 10.315600514552216], [79.69566631275026, 10.321187257785752], [79.69083154214204, 10.315109252689908], [79.69768142725619, 10.311948061054252], [79.71156871332553, 10.314256430090268], [79.71449255948406, 10.3105858561524]], [[76.31072330433707, 9.887241840738398], [76.3177309035585, 9.886757850794282], [76.31547820525512, 9.896920919265071], [76.31688606783783, 9.902855157839383], [76.31145715742204, 9.908372164044238], [76.31272661703989, 9.91542971161202], [76.30795776853634, 9.921387552893322], [76.30455124364508, 9.902766943339856], [76.31072330433707, 9.887241840738398]], [[76.34726095233125, 9.869282007158958], [76.34838092304128, 9.860821247402697], [76.35301244237033, 9.854408621660639], [76.35193824805177, 9.842821836458668], [76.34908914544778, 9.838705777949357], [76.36081850556971, 9.830667376698145], [76.37222707302115, 9.832417845906932], [76.36625444868392, 9.855315208430198], [76.35680151008174, 9.859899043905841], [76.34726095233125, 9.869282007158958]], [[76.32473230375294, 9.807268261720964], [76.32914841206966, 9.81734025494886], [76.3228200671924, 9.82339847046309], [76.32473230375294, 9.807268261720964]], [[76.38331365620039, 9.534954905944176], [76.42572283753898, 9.549726248067941], [76.42295134103168, 9.55566251281482], [76.41596412674309, 9.558085441989633], [76.41348505019496, 9.563124537667335], [76.40396535401803, 9.558995246533513], [76.40428733829006, 9.55332195794206], [76.38226735615368, 9.543203115431496], [76.38331365620039, 9.534954905944176]], [[76.43553745738782, 9.528593301439741], [76.46391594406558, 9.529870032975708], [76.46452355391901, 9.54153144392103], [76.43632304667133, 9.551376343043898], [76.43553745738782, 9.528593301439741]], [[76.4679783580149, 9.529494047112635], [76.47898542853474, 9.529854774178546], [76.47910201574555, 9.536925554370924], [76.46660065689494, 9.541044950264293], [76.4679783580149, 9.529494047112635]], [[76.43458044563116, 9.551339149781995], [76.40602314495229, 9.542270540952785], [76.4065370562403, 9.5278046130925], [76.43415617966409, 9.528599262146258], [76.43458044563116, 9.551339149781995]], [[76.4036076073053, 9.541702628073935], [76.38246405137497, 9.533906102184957], [76.38332200011033, 9.527323723111408], [76.4048830267304, 9.527622818738166], [76.4036076073053, 9.541702628073935]], [[74.7107938530539, 13.642387509376135], [74.69612884497027, 13.651536226215967], [74.68980860748135, 13.648094653845234], [74.7007553577736, 13.640247941289516], [74.7107938530539, 13.642387509376135]], [[74.38341355329291, 14.496724724766324], [74.38488972208305, 14.482963442708794], [74.39624261880195, 14.477427959033179], [74.41125106808246, 14.481413245325086], [74.39800405524309, 14.491291165754703], [74.39274215702497, 14.4982258083744], [74.38341355329291, 14.496724724766324]], [[74.3727297782568, 14.552157640662656], [74.36390244943865, 14.55185067686729], [74.36339521381822, 14.544494747734461], [74.36704182621932, 14.541148662680712], [74.37482214002986, 14.541635751688688], [74.37820875662894, 14.54539024856119], [74.3727297782568, 14.552157640662656]], [[73.88055717977014, 15.5044826272715], [73.8947402240822, 15.504772543518158], [73.91009354628025, 15.507099747955039], [73.91699576384352, 15.51213717449103], [73.91532313815233, 15.51655805101332], [73.91793835137392, 15.521895050716111], [73.92115902866627, 15.521287918402805], [73.93110334874066, 15.527721166498736], [73.93148231495698, 15.529956817253392], [73.92361915110305, 15.539731144776567], [73.92008435770711, 15.540567636587227], [73.91630506472697, 15.545479774072362], [73.89262163627959, 15.530133605081858], [73.88948726692396, 15.522111057979032], [73.88131976169771, 15.511651158374349], [73.88055717977014, 15.5044826272715]], [[73.91367006282317, 15.546567201914968], [73.90940952283134, 15.548856258009963], [73.90587615935735, 15.545230626792033], [73.89854490762153, 15.54244244066615], [73.90181660615158, 15.537506579964827], [73.91367006282317, 15.546567201914968]], [[72.92584145072252, 18.958050608648733], [72.93516945820406, 18.952126145705122], [72.94201421718245, 18.965027212735706], [72.9377795461892, 18.97238385682961], [72.92775845548849, 18.967332243488286], [72.92584145072252, 18.958050608648733]], [[73.0591913463036, 18.996277451443305], [73.06566393344391, 19.00181126597721], [73.06073296055777, 19.014179945148385], [73.05014061959409, 19.01413083047349], [73.04698562608584, 19.00613403275952], [73.05402815317686, 18.998325944286933], [73.0591913463036, 18.996277451443305]], [[72.87385880903688, 19.52682435545971], [72.8680142166829, 19.532716751277107], [72.8501839637191, 19.537426114124003], [72.84509027019996, 19.532922267948436], [72.84330987964736, 19.52558851249991], [72.86623907097638, 19.524146556618376], [72.87385880903688, 19.52682435545971]], [[72.89218485374815, 20.739772439346694], [72.89987051481242, 20.744690656248878], [72.89183771633768, 20.74993777231043], [72.8885499235403, 20.745938658942066], [72.89218485374815, 20.739772439346694]], [[72.84497296802815, 20.763169765572314], [72.84727895296137, 20.75365674506284], [72.85622334473172, 20.75199055671885], [72.85354995706493, 20.76112604183345], [72.84497296802815, 20.763169765572314]], [[71.51637875997196, 20.904519438321472], [71.51633286486995, 20.913976311457702], [71.50660312213645, 20.904101252670728], [71.51637875997196, 20.904519438321472]], [[72.64722692937934, 21.07613956898598], [72.6456785198479, 21.07161700701937], [72.65241301025233, 21.065340757170304], [72.65439963333651, 21.073767543237636], [72.64722692937934, 21.07613956898598]], [[72.69177413017204, 21.09726345494454], [72.69903063745411, 21.108379244506608], [72.69691574586514, 21.11841964724897], [72.70202386361055, 21.123483657744714], [72.70452475591279, 21.133353948326118], [72.71061432359224, 21.140424013557407], [72.70253145716114, 21.14635336431641], [72.67908692372262, 21.15494334675813], [72.66962182538694, 21.15342712396273], [72.66508758032765, 21.148474812862418], [72.66604435466334, 21.139617801020762], [72.67381072088816, 21.118932009005107], [72.67601215873421, 21.10470461822362], [72.69000875919701, 21.090456008837833], [72.69177413017204, 21.09726345494454]], [[72.36154353620523, 21.602600335836854], [72.35657024392165, 21.605431675931158], [72.35317504419308, 21.613116979964758], [72.34727179985376, 21.610150456478436], [72.35234427476863, 21.585485458487113], [72.35869133453755, 21.57976293561103], [72.36541092407501, 21.589928507794525], [72.36154353620523, 21.602600335836854]], [[72.60283446323999, 21.620348930358944], [72.60175657270779, 21.626491308027482], [72.59629797926848, 21.630170225875275], [72.58797717110971, 21.630123972843194], [72.59066092975812, 21.62061846257211], [72.59885084608979, 21.617288351276414], [72.60283446323999, 21.620348930358944]], [[72.72310197317765, 21.6432279350212], [72.73573434346523, 21.646989941232818], [72.7453986407348, 21.64641034616062], [72.75071036858864, 21.655686259513345], [72.72997176658387, 21.661160468780736], [72.72094965000647, 21.66607046138276], [72.71033930821253, 21.659464359093022], [72.71642625346888, 21.65072035785829], [72.7156633136112, 21.645903348860486], [72.72310197317765, 21.6432279350212]], [[72.8676742315806, 21.66918635326769], [72.87424445182009, 21.66589295859322], [72.8960820433517, 21.66532135040009], [72.91290414371142, 21.676780700768774], [72.90436923485245, 21.681114674003027], [72.89312350764382, 21.681437253626484], [72.88931930074526, 21.68494451068068], [72.87665414837036, 21.683958053321504], [72.86275422592686, 21.685267806164404], [72.845752001254, 21.67972791221345], [72.84934365788362, 21.67480027671141], [72.8676742315806, 21.66918635326769]], [[73.09425747410327, 21.729453921061605], [73.0827461483162, 21.73099636988664], [73.07291114353453, 21.734933019043694], [73.05598580819859, 21.726099849128786], [73.06129705941183, 21.721191049027823], [73.08015000791667, 21.71666061889252], [73.09660756628628, 21.724300861495635], [73.09425747410327, 21.729453921061605]], [[73.16590666745887, 21.778852940011234], [73.1630872487776, 21.789490580725754], [73.15146350863412, 21.79832005532637], [73.14121210605393, 21.773856044121203], [73.1415281296195, 21.75495755664599], [73.14844465269866, 21.757851004820026], [73.15961587467294, 21.767050742897595], [73.16590666745887, 21.778852940011234]], [[72.28200924363173, 21.722480177718097], [72.28276121625723, 21.73360455040975], [72.27629804591814, 21.74479413024497], [72.26806831390164, 21.740404009637416], [72.26909410940576, 21.73323571685495], [72.28740453738962, 21.707440376272444], [72.28200924363173, 21.722480177718097]], [[72.57898366466455, 21.84238874934141], [72.55832815192284, 21.83464252972908], [72.57494592631352, 21.833991527587017], [72.57898366466455, 21.84238874934141]], [[72.35702645740517, 21.931488275263746], [72.35693943540676, 21.939034819301526], [72.35163474115055, 21.940133333086976], [72.34783315667497, 21.92816865455984], [72.35702645740517, 21.931488275263746]], [[72.37099504488557, 22.21414625644465], [72.3705309632335, 22.229518652363964], [72.36382114842726, 22.22396671739017], [72.36568737027605, 22.208400607502085], [72.37099504488557, 22.21414625644465]], [[69.73675477511293, 21.595550536827943], [69.73509073255141, 21.608962774012895], [69.72934615649993, 21.604731560013562], [69.73675477511293, 21.595550536827943]], [[69.0940157173516, 22.451562762011946], [69.09614372285469, 22.441859960269085], [69.08524835083082, 22.432076215944676], [69.09045124093214, 22.427603721934247], [69.10386264354631, 22.432830929703726], [69.1083655355412, 22.43725454825892], [69.10713505703731, 22.444055676628295], [69.11108636874101, 22.46389234045921], [69.12318635027, 22.46844017517398], [69.1444698568985, 22.462173819666077], [69.15054595453225, 22.469059109290555], [69.1430380345777, 22.477301955221094], [69.12580072892067, 22.475651025674324], [69.10992145531102, 22.466734528176033], [69.09353744979356, 22.46107816662419], [69.0940157173516, 22.451562762011946]], [[69.29312253008075, 22.458888650191142], [69.3015880580426, 22.452966809670613], [69.32149064577683, 22.451456546682323], [69.32809674716728, 22.463244676600567], [69.3247187136977, 22.469413638228872], [69.3185670379386, 22.472347736658776], [69.29874420208333, 22.47083842785125], [69.29312253008075, 22.458888650191142]], [[69.61271154879901, 22.4507185216425], [69.60801804099995, 22.451142430578813], [69.59420382934334, 22.445562005082536], [69.5884572271195, 22.438726544194736], [69.5922284127112, 22.428554415953585], [69.60279917714033, 22.42298245397714], [69.60814762071627, 22.41746580570242], [69.6332564350366, 22.406916857027397], [69.63846790826742, 22.40822255572641], [69.64265060384238, 22.415507912360397], [69.65724277493419, 22.426627158916347], [69.64860355820767, 22.437814712579012], [69.64303565037508, 22.45053565529625], [69.62878656344915, 22.458955645186904], [69.61900603779853, 22.45672202150419], [69.61271154879901, 22.4507185216425]], [[69.33514881156842, 22.388979077522436], [69.3300918337712, 22.38330614596191], [69.32821214187689, 22.375026345089793], [69.34040987521573, 22.381607651272134], [69.33514881156842, 22.388979077522436]], [[70.36347925626276, 22.9354158635513], [70.3811832668944, 22.943109631104676], [70.39327633353608, 22.96267926733441], [70.3948643204321, 22.987568021147325], [70.39390981238805, 23.00158214579946], [70.39664864551864, 23.024339914655428], [70.39481544497696, 23.029755354126337], [70.36704444854249, 23.035744547572847], [70.36500883129261, 23.04068946804452], [70.36832070343783, 23.049713969624065], [70.3765773773442, 23.058511614519404], [70.3710341451098, 23.068477154097394], [70.38005185141193, 23.083006977889795], [70.37937712695296, 23.087198377103448], [70.37051892261027, 23.094969868564675], [70.36323416222686, 23.104881048621593], [70.35081803842186, 23.106567502288442], [70.34196865552914, 23.100508212983726], [70.32700705553131, 23.102089762532586], [70.31249999987526, 23.10100436176188], [70.30559265617629, 23.098269820196094], [70.29322230786332, 23.101591825902148], [70.28925514201123, 23.105947256061086], [70.2793925999886, 23.098288774307605], [70.27193903955512, 23.097116828179196], [70.24933385867072, 23.086246013942514], [70.23048365129952, 23.078874230661285], [70.22522306429315, 23.07070863289718], [70.22478234792717, 23.049566746108553], [70.23048853911493, 23.03555631677071], [70.2342801096394, 23.01137697696595], [70.23228824170914, 22.990181803547443], [70.23653245001262, 22.97954630861534], [70.25186944052237, 22.972610354784138], [70.26901674292847, 22.955539465074338], [70.27994215500652, 22.948676943586094], [70.29067814378132, 22.944827318226203], [70.30656194727621, 22.951127410002016], [70.3101077079045, 22.941548109457756], [70.34024155160645, 22.931298017189818], [70.35050392141895, 22.93083310096688], [70.36347925626276, 22.9354158635513]], [[70.2727849481669, 23.102591157056338], [70.27823173980309, 23.11544263367071], [70.2692507501221, 23.116145849551344], [70.26631450680915, 23.107879876655034], [70.24839985337067, 23.096745252591376], [70.23931777449579, 23.095952629710183], [70.21800160449058, 23.086089849367085], [70.2149430515806, 23.076259970721196], [70.22012877452349, 23.071155071649287], [70.2305097577192, 23.083666921091663], [70.24385225787549, 23.089534402091033], [70.25052773926379, 23.09045803551004], [70.2727849481669, 23.102591157056338]], [[70.30040967436705, 23.101679920791753], [70.3050562141731, 23.099512457533905], [70.31204533592361, 23.10295760650837], [70.32598674319374, 23.10541975511771], [70.34599614160865, 23.104905605509316], [70.34943401776573, 23.115162014615322], [70.34557592888612, 23.117922901820492], [70.33659040932005, 23.11474907381077], [70.33099305588499, 23.116564154811982], [70.31396222107972, 23.11516630618013], [70.30628705060704, 23.11052024391418], [70.29800367313103, 23.10837554969197], [70.30040967436705, 23.101679920791753]], [[70.3648041482929, 23.105439305479592], [70.37168574350241, 23.09634912011586], [70.38003492347306, 23.089668750912182], [70.38154375563991, 23.080430627071877], [70.37578237036021, 23.073514342313103], [70.37344777619407, 23.064593553250006], [70.37996792757784, 23.059230447127504], [70.38778614961117, 23.05949425695448], [70.39449596441736, 23.064158320050467], [70.4024802444678, 23.060946345497484], [70.40516042741191, 23.05279982055538], [70.40248012575731, 23.042524933978626], [70.39789354824879, 23.036358356453036], [70.40224504477314, 23.0291643142817], [70.41905415082854, 23.0473644736916], [70.43742585142198, 23.062075733908102], [70.44595932945961, 23.06486427796412], [70.47109365484837, 23.068388819988115], [70.48119604606077, 23.07209277136431], [70.48488748067282, 23.07738232643328], [70.4900201562053, 23.09398305417463], [70.5034831763077, 23.11531674836931], [70.52311015151244, 23.13049054160527], [70.5338571075196, 23.14414083922844], [70.54434943218061, 23.150809049597996], [70.55253231491449, 23.16113281252936], [70.5469653603632, 23.16810464841086], [70.52298295499938, 23.166044950913857], [70.50643897088187, 23.169031858433584], [70.49911475184447, 23.161659240581542], [70.49640631669828, 23.150442600145965], [70.4905339478835, 23.14934694800337], [70.46267735937275, 23.157139420647837], [70.44515252157166, 23.169324636322983], [70.43674445129554, 23.16740560538446], [70.42232942596232, 23.157931208958217], [70.40973293772495, 23.156601429112698], [70.4008836744421, 23.157734752057166], [70.38717484444354, 23.151815056419764], [70.37389552615767, 23.154127478700246], [70.36004364459862, 23.130468010890013], [70.3536546233623, 23.122939229362032], [70.35193383717686, 23.116760850033245], [70.3537564275172, 23.107995629294976], [70.3648041482929, 23.105439305479592]], [[70.46973812561404, 23.05808615695068], [70.46310305616115, 23.05473685232397], [70.45336902186298, 23.042819619330032], [70.44676053547047, 23.027343750114028], [70.45221567191581, 23.027343750114028], [70.46008312733451, 23.042748928120602], [70.47943270215754, 23.058150052882695], [70.46973812561404, 23.05808615695068]], [[70.43998301070738, 23.027343750114028], [70.44895064815395, 23.050622820886588], [70.44497537581302, 23.0500273707666], [70.42968714204804, 23.033325314611602], [70.42090594755152, 23.027343750114028], [70.41468250769171, 23.019189834543283], [70.4106782672882, 22.99877512427267], [70.4136581421096, 22.990154147595888], [70.42025864162312, 22.99459207076748], [70.42942154436892, 23.00548672693094], [70.43998301070738, 23.027343750114028]], [[70.43576025932859, 22.983319759599283], [70.43849754292731, 22.978039503520307], [70.45097994766658, 22.98579144461948], [70.45507752870512, 22.995169520057402], [70.43576025932859, 22.983319759599283]], [[70.44143307217863, 23.049324751136396], [70.42932975326565, 23.04624104508821], [70.42011094056747, 23.037180542747905], [70.42184805844127, 23.029289126691907], [70.42977714529903, 23.034804105824918], [70.44143307217863, 23.049324751136396]], [[70.39490592486854, 23.041970014504585], [70.39266562461896, 23.050490141207064], [70.39763093002355, 23.055488705339542], [70.38973116915818, 23.05878782240015], [70.37928914987438, 23.057087540757465], [70.36831021284607, 23.045025944991494], [70.3676303622515, 23.037752151840408], [70.38844585449274, 23.032736301838924], [70.39361810649055, 23.033862233255462], [70.39490592486854, 23.041970014504585]], [[70.3976099488402, 23.041028856896304], [70.40197384341823, 23.0442365407838], [70.40395593661734, 23.052418708556615], [70.39532971419501, 23.05288910884539], [70.39423155744058, 23.04590344408868], [70.3976099488402, 23.041028856896304]], [[70.43093073356661, 22.9276467561929], [70.43622922879595, 22.926353335038442], [70.4422193764232, 22.930742144434532], [70.44781064954199, 22.929981469968965], [70.45685374730274, 22.919195056206974], [70.44592392404999, 22.890368819565452], [70.45675373099996, 22.8866441253262], [70.4695625302866, 22.89350581134417], [70.47510230552709, 22.908496141084072], [70.48043894729969, 22.916113734261558], [70.47299897652161, 22.921763062215604], [70.47090172783263, 22.932769179454084], [70.4711960552539, 22.940945625740085], [70.45786905311436, 22.945173621065834], [70.44954133006846, 22.95469486677476], [70.43722903749025, 22.960904836589037], [70.43086004235718, 22.958192467808175], [70.42613184410939, 22.94257307039095], [70.43093073356661, 22.9276467561929]], [[70.4777381420017, 22.921061038835916], [70.48108541955648, 22.93336355668285], [70.47400414967186, 22.938661455661673], [70.4716433285769, 22.934727072796306], [70.4777381420017, 22.921061038835916]], [[68.59874081573608, 23.79651594205714], [68.60801255713383, 23.805903077265327], [68.60500180678807, 23.809360743003936], [68.59386980514742, 23.803207755133883], [68.59874081573608, 23.79651594205714]], [[68.52272665491134, 23.85979795461199], [68.53273475130786, 23.876015662892655], [68.53750515024265, 23.867280721428187], [68.54687011266569, 23.872802972479207], [68.56481456783811, 23.894087314577973], [68.56727194824194, 23.903313159974402], [68.5789271592611, 23.912897110013688], [68.58840155568734, 23.916447043496333], [68.58765947830236, 23.92124950865795], [68.57946050130121, 23.92324054201748], [68.55931830449626, 23.92286086084013], [68.55705964548642, 23.93155443708764], [68.54257225980197, 23.933712006004328], [68.53530740771086, 23.945788740957653], [68.5256525281417, 23.94058811624862], [68.5314613580554, 23.932902455184262], [68.53174471824431, 23.919039845612446], [68.5133067367166, 23.903210639959184], [68.4865969420953, 23.890319228050004], [68.49111306671475, 23.86610043049049], [68.49697387204671, 23.867087721521216], [68.50971734547923, 23.86310744265444], [68.51487112000635, 23.857172727439547], [68.52272665491134, 23.85979795461199]]], [[[68.75850570187669, 24.058594345653532], [68.76689875167662, 24.045586347432078], [68.78250265107673, 24.032115220840808], [68.79393684830737, 24.026004553267796], [68.80233764666568, 24.024274468092386], [68.80928504436966, 24.02610373499951], [68.8107621673407, 24.035009145655692], [68.82037711161487, 24.039892434688227], [68.8288879393277, 24.041294574884887], [68.84964013098786, 24.04076611976069], [68.86442601694759, 24.049546241366187], [68.87585031983687, 24.052565455231758], [68.87804460537475, 24.049694419062433], [68.86460256555674, 24.044312238319463], [68.86003994958477, 24.04023015529748], [68.84735095528308, 24.035794019978027], [68.82918751249414, 24.036296725713385], [68.81609094184395, 24.021584749636702], [68.79922544919563, 24.019321918671864], [68.7922114135263, 24.021821856793537], [68.76844310796335, 24.03715717816135], [68.75805473323936, 24.05036497156733], [68.75850570187669, 24.058594345653532]]]]}}]}