{"type": "FeatureCollection", "name": "India 12 NM Territorial Sea", "features": [{"type": "Feature", "properties": {"name": "Indian 12 NM (Andaman and Nicobar Islands)", "sovereign": "India", "zone": "12 NM Territorial Sea"}, "geometry": {"type": "MultiPolygon", "coordinates": [[[[94.08188622773687, 12.296925480868296], [94.08217453797388, 12.292549144493051], [94.08236568745698, 12.28816766327273], [94.08245959002929, 12.283783122746343], [94.08248223284036, 12.281609422227916], [94.0824802925545, 12.279090303630824], [94.08245427718808, 12.276897568541855], [94.08235361431733, 12.272513169564462], [94.08215572476476, 12.268131971975919], [94.08186070751967, 12.263756060764578], [94.08146870777037, 12.259387518291746], [94.0809799168288, 12.255028423314684], [94.08039457202719, 12.25068084998756], [94.0797129566021, 12.24634686690652], [94.07935476947503, 12.244220484909988], [94.07916804925085, 12.243211307594947], [94.07879819697084, 12.241268649072808], [94.07860842080194, 12.240298226345658], [94.07693582892537, 12.231966122486526], [94.07653384892515, 12.230060797939856], [94.07569247799526, 12.22625813167052], [94.07477645038423, 12.222472194358602], [94.07378611238713, 12.218704404157606], [94.07272183808627, 12.21495617235631], [94.07158402920342, 12.211228902853676], [94.07037311494858, 12.207523991641892], [94.06908955186245, 12.203842826303827], [94.06844212211203, 12.202041946364972], [94.06764294816927, 12.199956551640327], [94.0660242248077, 12.195870313624823], [94.06431532219185, 12.191819773555594], [94.0625170570282, 12.187806857627152], [94.0606302883941, 12.183833474038607], [94.05865591733144, 12.179901512113574], [94.05659488640791, 12.176012841393657], [94.05444817927835, 12.17216931078147], [94.05337029073141, 12.170287569034699], [94.05221682018939, 12.168372747619316], [94.04990187349486, 12.164624956843724], [94.04750444314934, 12.160927720135561], [94.04502567218574, 12.15728279508329], [94.04246674214701, 12.15369191432255], [94.03982887253895, 12.150156784741839], [94.03711332023502, 12.146679086656064], [94.03432137888697, 12.143260473029656], [94.03292551163506, 12.141588430584804], [94.03159477284478, 12.140060235508543], [94.02894145394444, 12.137074167317252], [94.026228834666, 12.134140162130535], [94.02345797135851, 12.131259360478197], [94.02205812305411, 12.129832401494681], [94.01983579185301, 12.127611260654007], [94.01810202896533, 12.125919320869286], [94.01459395884578, 12.122576660175454], [94.01100578323715, 12.119317414320207], [94.00733955180388, 12.116143442553195], [94.00550619975647, 12.114593681276375], [94.00376385883024, 12.113187643316536], [94.00028683364931, 12.110444225241153], [93.99674988865226, 12.10777605462151], [93.99421487375318, 12.105948641157582], [93.9931547059625, 12.105184399142487], [93.98950299521661, 12.102670490096045], [93.98579649277227, 12.100235521812678], [93.98203696085855, 12.097880651078626], [93.97822618676778, 12.095606996608154], [93.97632492620201, 12.094500088749982], [93.97436598198087, 12.093415638496296], [93.97045818134532, 12.091307617730877], [93.96650464216972, 12.089283935679617], [93.96250724336025, 12.087345553623862], [93.95846788453409, 12.085493392310298], [93.95438848513137, 12.083728331516596], [93.95027098347217, 12.08205120962208], [93.94611733588957, 12.080462823232551], [93.94404411953045, 12.079695339258578], [93.9413564669401, 12.078774499079529], [93.93598120620752, 12.077014979866178], [93.93328121498595, 12.076171867168483], [93.9263066916026, 12.074098142308031], [93.92338326410155, 12.073275395277165], [93.91751284991292, 12.071715813097327], [93.90977280219906, 12.069973928509555], [93.90365592828144, 12.06884142564536], [93.90313667484904, 12.06874664965332], [93.90093658702713, 12.068350858262733], [93.90025863574695, 12.068231224868427], [93.89789575333927, 12.067823285747451], [93.89569845655004, 12.06746818664702], [93.8933463056321, 12.067113913717009], [93.89239140769902, 12.066974626562043], [93.89033620353953, 12.066684593041288], [93.88812748783525, 12.06639703996376], [93.88635583628107, 12.066185700099396], [93.88443694182874, 12.065974877061961], [93.88177954402917, 12.065707900063146], [93.88022009967986, 12.06568635867518], [93.8795483009101, 12.065617465467241], [93.87836490254946, 12.065502592850848], [93.87637550327199, 12.06531725276028], [93.87318778652062, 12.065099090168289], [93.87237997792849, 12.065048125548387], [93.87090300914238, 12.0649830119402], [93.87030869030602, 12.064960091703824], [93.86844854662931, 12.064906061896167], [93.8663618855526, 12.064865229812682], [93.86458946817183, 12.064866401894491], [93.86250167480571, 12.064878298531056], [93.86190599919459, 12.06488755591596], [93.86051570515477, 12.064938859544498], [93.8571072662696, 12.064882409068034], [93.85552473883766, 12.064924838464648], [93.85447075822773, 12.064961139657015], [93.85215547220398, 12.06506676926891], [93.84981298176197, 12.065199852765488], [93.84811574591137, 12.065310228786345], [93.84601207712197, 12.065464348333691], [93.8437922877574, 12.06565093938812], [93.84250673399023, 12.065772906734125], [93.84080138749837, 12.06594892528932], [93.83753950344263, 12.06631284422076], [93.83447336301057, 12.066701232220737], [93.83018099287622, 12.067310018211955], [93.82787721131783, 12.067663198245086], [93.82651307270427, 12.067888035650498], [93.8253639177913, 12.068012029772134], [93.82205551235953, 12.06842286200667], [93.81876248567042, 12.068939735864703], [93.81657909343656, 12.069342634084734], [93.81220858306128, 12.07019758804374], [93.80785803294751, 12.07114610516956], [93.80352950939326, 12.072187734986443], [93.79922506830061, 12.073321982792521], [93.79494675423271, 12.074548309886083], [93.79069659939452, 12.075866133834012], [93.78647662272098, 12.077274828732868], [93.78436203399642, 12.078006240738858], [93.78228882889496, 12.07877372551468], [93.77813520741486, 12.080362112256097], [93.77401773164618, 12.082039234519215], [93.76993835790213, 12.083804295700332], [93.76589902449828, 12.085656457417755], [93.76190165085731, 12.087594839894948], [93.75794813657788, 12.08961852239031], [93.7540403605743, 12.091726543610292], [93.7519005281728, 12.092914219262866], [93.75077477269357, 12.093559672361835], [93.74525210656853, 12.096756483680082], [93.7434367527267, 12.0978325422752], [93.739829060966, 12.100021465276185], [93.73626823318605, 12.1022835272517], [93.73275580051538, 12.104617756245077], [93.73084001168158, 12.105948641157582], [93.72929327340157, 12.10702314926833], [93.72588214098388, 12.109498672717677], [93.72334407914016, 12.111401465635566], [93.7208348418375, 12.11340838086673], [93.71414583727383, 12.118937978008859], [93.70924979612855, 12.123257130732156], [93.70602867637771, 12.126288154867481], [93.70287544713304, 12.129387563773008], [93.69979160911211, 12.132553884610886], [93.69677863021425, 12.135785612696196], [93.69383794484165, 12.139081212185857], [93.69236681739378, 12.140767072711526], [93.69110878693104, 12.142270712964546], [93.6885853730316, 12.14534697051937], [93.68733901901979, 12.14689729356904], [93.68536204573408, 12.149406696138698], [93.6843157922385, 12.150758129199616], [93.68224661044397, 12.153478195121451], [93.68022440499405, 12.156232263332626], [93.6782497541956, 12.159019548180183], [93.67632322284285, 12.161839254511719], [93.67444536205917, 12.164690577894447], [93.6726167091268, 12.167572704864597], [93.67083778735426, 12.170484813123494], [93.66994406593622, 12.171976773000821], [93.6688661727791, 12.173858510367722], [93.66671945171393, 12.177702040311644], [93.66465840738672, 12.181590710356815], [93.66268402345216, 12.185522671614024], [93.66079724248496, 12.189496054542744], [93.65899896553972, 12.193508969806743], [93.65729005169808, 12.197559509209299], [93.65567131766906, 12.201645746565248], [93.65487213668135, 12.2037311457306], [93.65444842351448, 12.204897322515066], [93.65359157623513, 12.207302214211879], [93.65317089583644, 12.208507326520845], [93.65237880386726, 12.210824081316488], [93.65178824051102, 12.212606189855805], [93.6506409730936, 12.21618093199713], [93.64956164032466, 12.219776090391676], [93.64855062003042, 12.223390415680157], [93.6476082663419, 12.227022651793277], [93.64673490956923, 12.23067153639424], [93.64593085608286, 12.23433580130947], [93.64519638820886, 12.238014172946265], [93.64483993789062, 12.23989366641699], [93.64448175476943, 12.242020062611218], [93.6438001516457, 12.246354047238043], [93.64321481758847, 12.25070162208911], [93.64272603582745, 12.255060718569595], [93.64233404368846, 12.259429262527732], [93.64203903247895, 12.263805175196921], [93.64184114738228, 12.268186374213656], [93.64174048738292, 12.27257077459987], [93.64171447305526, 12.274763510668151], [93.64171267431018, 12.277100114385775], [93.64173531736785, 12.279273822974275], [93.64182921962183, 12.283658364915084], [93.64202036712746, 12.288039847513687], [93.64230867372757, 12.292416185247305], [93.64269400700468, 12.296785294946048], [93.64317618833181, 12.30114509676126], [93.64375499295213, 12.305493515195309], [93.64443015007382, 12.309828480054733], [93.64479839843992, 12.312029352027409], [93.64516891600064, 12.31398630938321], [93.64596403752145, 12.317966357273406], [93.64684069160737, 12.321929816954395], [93.64779852484978, 12.325875074036318], [93.64829769170305, 12.327842941977266], [93.64967759206016, 12.333058120921166], [93.65030845483463, 12.335332523899567], [93.65162429524318, 12.339866168025452], [93.65304796212675, 12.344368216416612], [93.65457867735981, 12.348836190978759], [93.65538317349697, 12.351095091051889], [93.65615762537587, 12.353121118399017], [93.65777717760082, 12.357223220253658], [93.65860980585225, 12.359265548212505], [93.65999127893858, 12.36254949986747], [93.66064249300959, 12.364062369619248], [93.66197001066271, 12.367077449209248], [93.66334750436013, 12.370070790562607], [93.66477460753569, 12.373041593420197], [93.66625094032318, 12.375989063523917], [93.66777610965019, 12.378912412815794], [93.66934970935031, 12.381810859670324], [93.67097132027018, 12.384683629099158], [93.67181091034783, 12.386142185369224], [93.67292921966285, 12.388001240340884], [93.67524117135488, 12.391751921242388], [93.67763587608593, 12.395452111092013], [93.6801121962076, 12.399100046680289], [93.68266895503822, 12.40269398963224], [93.68530493740926, 12.406232227225289], [93.6880188902501, 12.4097130732209], [93.69080952317236, 12.413134868660606], [93.69224301470453, 12.4148532571284], [93.69357929634683, 12.416387868459026], [93.69632224051773, 12.419474512701626], [93.69912870000556, 12.422505525370923], [93.70199750873658, 12.425479644744811], [93.70492747456208, 12.428395632744326], [93.70791737975273, 12.431252275450703], [93.71096598150743, 12.434048383614197], [93.71407201244554, 12.4367827931315], [93.71563921978012, 12.438134413239254], [93.72448824950928, 12.445610200753435], [93.72493138066548, 12.445982392761323], [93.72581982518673, 12.446724309198231], [93.72628431338077, 12.4471098575941], [93.72843634733411, 12.448836959552978], [93.7328266701928, 12.452263643046464], [93.73731102309719, 12.455570710948393], [93.74188603415385, 12.45875567405426], [93.74419578587938, 12.460317309887884], [93.74818556493122, 12.462936294722397], [93.74957240634902, 12.463830727464313], [93.7523607079963, 12.465597359505153], [93.75517783477383, 12.467319292871707], [93.75802304482326, 12.46899607377837], [93.75946947090634, 12.469832704687278], [93.7613967611716, 12.470899489000871], [93.76530859914718, 12.473010258387703], [93.76926642592124, 12.475036610115978], [93.77326835499017, 12.476977577808157], [93.77731247869676, 12.478832235791259], [93.78139686913923, 12.480599699536754], [93.78551957908715, 12.48227912608374], [93.78967864289038, 12.483869714431705], [93.79177956385931, 12.484647181606249], [93.79350209518967, 12.485246417296295], [93.79698303836531, 12.486423056664108], [93.80048499418959, 12.487537915590877], [93.80400682656315, 12.488590632322627], [93.80754739291089, 12.48958086527044], [93.81110554452451, 12.490508293112256], [93.8146801269551, 12.49137261490435], [93.81826998039512, 12.492173550179245], [93.82006858068152, 12.492558131139035], [93.82100277660336, 12.4927492448209], [93.82253621541903, 12.49305094345604], [93.82560762087994, 12.49363124570229], [93.82715226101047, 12.49391100616917], [93.82934743752386, 12.494267333892239], [93.83375857068134, 12.494934968058857], [93.83818349675144, 12.49550781850256], [93.8426201049788, 12.495985611962993], [93.84706627900474, 12.49636812052276], [93.85151989785223, 12.496655161714813], [93.85597883699032, 12.496846598613772], [93.86044096932685, 12.496942339898894], [93.86702619068129, 12.496875164482645], [93.87572552924385, 12.496510772630572], [93.88007123196954, 12.496237486032598], [93.88458957341985, 12.495858236223], [93.88686454871501, 12.495642076012558], [93.89140901796534, 12.495159810189008], [93.89594136810783, 12.494577827203656], [93.90045933150262, 12.493896418238577], [93.90270775516453, 12.49353204460536], [93.90490781135216, 12.493126272945176], [93.90928504756246, 12.492270071802835], [93.91364220242363, 12.491320177351554], [93.9179771977197, 12.490277042695396], [93.92228796590265, 12.489141165403083], [93.9265724510361, 12.487913087280148], [93.93082860982238, 12.486593394098577], [93.9350544125605, 12.48518271532167], [93.93714692486796, 12.484459190905199], [93.93924784413034, 12.483681723797616], [93.94340690493888, 12.482091135445032], [93.94752961191298, 12.480411708895915], [93.9516139994171, 12.478644245145091], [93.95565812021786, 12.476789587155778], [93.9596600464105, 12.47484861945756], [93.96361787034354, 12.472822267721739], [93.96752970551123, 12.470711498327532], [93.96945699465775, 12.469644713860106], [93.97139368749546, 12.468517317879261], [93.97520797483125, 12.46624077273735], [93.97897074990036, 12.463882948507631], [93.98268021977927, 12.461444969535506], [93.98633461713192, 12.458927998343142], [93.98993220101542, 12.456333235098882], [93.99347125774344, 12.453661917018891], [93.99695010169128, 12.450915317783029], [93.99865505992963, 12.449539192551299], [94.00090883297301, 12.447624012692685], [94.00532114401355, 12.443762639231181], [94.00749886187995, 12.44180061938583], [94.01558959146578, 12.434296618814244], [94.01772993410847, 12.432252533388692], [94.02194894784347, 12.428103781193926], [94.0260428656475, 12.423835742215246], [94.03000820214649, 12.419452056492204], [94.03193911629327, 12.417254223697157], [94.03337262461005, 12.41553583085394], [94.03616328269024, 12.412114035691701], [94.03887725996665, 12.40863318998474], [94.04151326603599, 12.405094952696686], [94.0440700478189, 12.401501010062972], [94.04654639013498, 12.39785307480875], [94.04894111629315, 12.394152885307548], [94.05125308863492, 12.390402204770112], [94.05237140453985, 12.388543155752984], [94.05348120908198, 12.386602820384695], [94.05562441964818, 12.382756542470744], [94.05768170294246, 12.378865203608228], [94.05965208263919, 12.374930657777583], [94.06153462395199, 12.370954779444531], [94.06332843405565, 12.366939462698767], [94.06473659800892, 12.363590682573914], [94.06505384336751, 12.362909182807073], [94.06721011441678, 12.357926470885616], [94.06922889896052, 12.35288872011867], [94.07019128288275, 12.350390211562882], [94.07094220290597, 12.348287262806238], [94.0723729805188, 12.34413349208073], [94.07371120858656, 12.339950015424705], [94.07495625418792, 12.335738825273978], [94.07610752887328, 12.331501927150256], [94.0771644889227, 12.327241338742837], [94.07812663560779, 12.32295908891166], [94.07899351541519, 12.318657216734422], [94.07939646373168, 12.316538655890156], [94.0797647202559, 12.31433777053158], [94.08043988764669, 12.310002806910973], [94.08101870088049, 12.305654389747389], [94.08150088916355, 12.301294589231574], [94.08188622773687, 12.296925480868296]], [[93.8542391060503, 12.266921878242258], [93.86249995191164, 12.265833258797983], [93.86718749990345, 12.266535758818364], [93.87416660770313, 12.268610954332274], [93.87638890712245, 12.270833253751789], [93.87805545339657, 12.279166579574252], [93.87805545339657, 12.281666636406385], [93.8777778146945, 12.282222152130828], [93.87527775786256, 12.28361105880343], [93.87527775786256, 12.28805553893207], [93.86718749990345, 12.295555472007635], [93.86267256778504, 12.295934439123101], [93.86173903912587, 12.295743465388853], [93.85775065466922, 12.293126106384832], [93.8489029409184, 12.285654545121275], [93.84751951651279, 12.282371521428644], [93.846135974296, 12.277157307064186], [93.846135974296, 12.27483975864817], [93.84692657010535, 12.272522449451728], [93.8489029409184, 12.270011902027903], [93.8542391060503, 12.266921878242258]]], [[[94.48308111480284, 13.468154079943872], [94.48317511946246, 13.463769926497363], [94.48319771495122, 13.461619283480985], [94.48317138105116, 13.459384807792944], [94.48306990668485, 13.455000810891448], [94.48287074998794, 13.450620022193604], [94.48257401105619, 13.446244526460575], [94.48217983639856, 13.441876405820267], [94.48182100562369, 13.438693727658901], [94.48176213903875, 13.437826253351759], [94.48148440342291, 13.4345463684662], [94.48115185260971, 13.431271372898578], [94.48076457795221, 13.428002144380628], [94.48055727578301, 13.426369097918837], [94.47908497754432, 13.41549828871456], [94.47876703087329, 13.41333189489636], [94.47808303836186, 13.409006362426993], [94.47772433041902, 13.406887816664351], [94.47730221250995, 13.404692465502876], [94.47642475202, 13.400392283364852], [94.47545171132984, 13.39611185854298], [94.47438355834575, 13.391853227190353], [94.47322080613415, 13.387618414978334], [94.47196401267118, 13.383409436148426], [94.47061378056557, 13.379228292545264], [94.4691707567741, 13.375076972697556], [94.46843988494632, 13.373045929721442], [94.46749193007619, 13.370598511214482], [94.46556073226552, 13.365801745233966], [94.46350458986493, 13.361055038857387], [94.46132486177393, 13.356361512474024], [94.4602042884056, 13.354028431465451], [94.4595081249374, 13.352625960022564], [94.45868640231785, 13.351007686795228], [94.45701340505312, 13.347785856070885], [94.45528156229656, 13.344593988908485], [94.45349143563809, 13.341433116139896], [94.45260037204079, 13.339891881829317], [94.4512922234268, 13.337737450153242], [94.44866008661066, 13.333522897078794], [94.44592306506675, 13.329372931615339], [94.44308281524414, 13.32529005737345], [94.44163711249215, 13.323265707312714], [94.43767196500826, 13.317856068100042], [94.43651630931313, 13.316310654894991], [94.43417516655214, 13.313241644195017], [94.431774786994, 13.310216861310408], [94.4293160433335, 13.307237403244187], [94.42809319664835, 13.305783622909843], [94.42661336185577, 13.304095795550367], [94.42365904595792, 13.300800647164394], [94.42063211697578, 13.297569365285], [94.4175340159779, 13.294403485298389], [94.41436621767193, 13.291304511453205], [94.4111302297226, 13.288273916165593], [94.40782759200587, 13.285313139298893], [94.40445987589524, 13.282423587498386], [94.40278093709614, 13.281014015039815], [94.4010286835086, 13.279606633521823], [94.39753564695624, 13.276863615599154], [94.39398242754632, 13.27419583678298], [94.39037071502545, 13.271604564355954], [94.38670222674395, 13.269091029207573], [94.38297870687134, 13.266656425274192], [94.37920207193943, 13.264301995888871], [94.37876448458294, 13.2640421454295], [94.37529366766367, 13.261772722958398], [94.37151696213871, 13.259418205118138], [94.3676887914381, 13.257144893279104], [94.36578050516599, 13.2560390848993], [94.36381097509488, 13.254953867171977], [94.35988535608297, 13.252846167425957], [94.35591379992675, 13.25082279506465], [94.35189819382535, 13.24888471103867], [94.34784044575483, 13.247032835769545], [94.34374248359373, 13.245268048726459], [94.33960625416623, 13.24359118799282], [94.33543372235417, 13.242003049883621], [94.33335230744203, 13.24123612177975], [94.33122687015523, 13.240504388564304], [94.32698769576675, 13.239095915702592], [94.32271821260966, 13.237778300121505], [94.31842044841235, 13.236552167493358], [94.31061330425152, 13.234646515126428], [94.30666832995396, 13.233842990103739], [94.30531747758434, 13.233555629186625], [94.30354458291825, 13.233194495660882], [94.30096411615958, 13.232692070312623], [94.29861345876552, 13.232262324882626], [94.29663297628358, 13.231926361982104], [94.29442935725191, 13.231576951534322], [94.29061937119255, 13.231014384539918], [94.28777594068006, 13.230634261320262], [94.28715494761192, 13.230559891096505], [94.284946668951, 13.230319161185648], [94.28049354655766, 13.229881426660754], [94.27834472335635, 13.229836838568076], [94.27765605340417, 13.229727851324668], [94.27622962140944, 13.229637844222097], [94.27442631519742, 13.229479161906625], [94.27357185495336, 13.229421038964787], [94.27156143070548, 13.22928907544717], [94.27049462140306, 13.229225026132426], [94.26922933670429, 13.229173179969422], [94.26799980739364, 13.229129661737915], [94.26651243169309, 13.22908928882525], [94.26454653795233, 13.229054624858975], [94.26326811534605, 13.229056262326566], [94.26130123993684, 13.229068030910184], [94.26007043749385, 13.229088345041006], [94.25886841987588, 13.229133763816236], [94.25438696113801, 13.229135391624695], [94.25223713887263, 13.229207486226983], [94.25148814233663, 13.22924030435449], [94.25010872212479, 13.229309857552806], [94.24638926192088, 13.229521965925272], [94.2445006058658, 13.229649867602959], [94.24335796072282, 13.229693049375427], [94.23735279822037, 13.23009298434981], [94.23419741933, 13.230394389378574], [94.23104716198392, 13.230743481577278], [94.22790277644006, 13.231140177805315], [94.22476501158982, 13.231584383580952], [94.22163461477285, 13.23207599310399], [94.2200640764253, 13.232334885716057], [94.21787142085466, 13.232737607542958], [94.21348105896018, 13.23359242461484], [94.20911074354902, 13.234540790184923], [94.20476254988782, 13.235582253943534], [94.2004385428028, 13.236716321371404], [94.19614077572422, 13.237942453970945], [94.19187128970182, 13.239260069522729], [94.18763211246912, 13.240668542352111], [94.18550667358286, 13.241400275612406], [94.18342525744762, 13.242167203636967], [94.1792527228337, 13.243755341710283], [94.17511649062496, 13.24543220240733], [94.17101852571025, 13.24719698941071], [94.16696077491869, 13.24904886463517], [94.16294516611626, 13.250986948617708], [94.15897360728397, 13.253010320935402], [94.15504798562884, 13.255118020634796], [94.15307845399522, 13.256203238471457], [94.15117016666866, 13.257309046696179], [94.14734199338764, 13.259582358486199], [94.14356528531968, 13.261936876272273], [94.1398418377145, 13.26437148171965], [94.13617342068008, 13.266885018421974], [94.1325617783522, 13.26947629244107], [94.12900862805131, 13.272144072884117], [94.12551565948687, 13.274887092469811], [94.1237634476831, 13.276294468547349], [94.12232287969803, 13.2775001707505], [94.11942339832117, 13.279972596858428], [94.11657164970731, 13.28249775385109], [94.11376863419062, 13.285074757232891], [94.11101533513627, 13.287702704314086], [94.10831271860715, 13.290380674513457], [94.10566173298119, 13.293107729719992], [94.1030633086518, 13.29588291458964], [94.10177734928257, 13.297282410435159], [94.0986973465651, 13.300698055290908], [94.09786483599757, 13.30163282779938], [94.09621162857471, 13.303512366006402], [94.09536994053295, 13.304481608718717], [94.09396948471905, 13.306151233186114], [94.09116459540624, 13.309569388065427], [94.08843643332378, 13.313046623833912], [94.08578629825737, 13.316581287960986], [94.0832154530656, 13.320171700570882], [94.0807251230888, 13.323816155219703], [94.07831649556161, 13.327512919704276], [94.07599071905494, 13.331260236866441], [94.07483019265462, 13.333177620595393], [94.07374890290194, 13.33505632545996], [94.07159211668815, 13.338899380960456], [94.06952138972107, 13.342787576444877], [94.06753771054773, 13.34671906343577], [94.06564202646982, 13.350691972793982], [94.06383524309146, 13.354704415595819], [94.06240123885371, 13.358084954346083], [94.06058698993976, 13.362112920407043], [94.05886991651337, 13.366162985737432], [94.05724343088596, 13.370248750915351], [94.05643918140126, 13.372337227940804], [94.05570831104492, 13.374368273084428], [94.05426529165427, 13.378519593225406], [94.05291506368334, 13.382700737115186], [94.05165827408402, 13.386909716234385], [94.05049552546345, 13.391144528738252], [94.04942737579765, 13.395403160375622], [94.04845433815163, 13.399683585475415], [94.04757688042756, 13.403983767892584], [94.04715476425568, 13.406179116977327], [94.04682336577704, 13.408125944478144], [94.04618664779267, 13.412106993555199], [94.04563155905052, 13.416099734821529], [94.0451583265955, 13.420102564219064], [94.04476714461944, 13.424113873571486], [94.0444581743786, 13.428132051201928], [94.04423154411799, 13.432155482609886], [94.04408734901838, 13.436182551093367], [94.0440358698747, 13.438196785219873], [94.04396556438107, 13.44278782390208], [94.04395724366569, 13.443499114877], [94.04394574529098, 13.4449217505762], [94.04394254102019, 13.445674972910837], [94.04396513724524, 13.447825670150507], [94.04405914027566, 13.452209829050602], [94.04425084049669, 13.456590935901772], [94.04454015198692, 13.46096690532913], [94.04492694234668, 13.465335654308063], [94.04541103275037, 13.469695103136303], [94.04599219802199, 13.474043176431664], [94.04667016673008, 13.478377804099495], [94.04704061706983, 13.480582152443532], [94.04744462130995, 13.482696922355245], [94.04831519820388, 13.48699847468167], [94.04928148802608, 13.491280412826], [94.05034303574124, 13.495540697745156], [94.05149934088232, 13.499777300625226], [94.05274985777041, 13.503988203807808], [94.05409399577101, 13.508171401778412], [94.05553111956468, 13.512324902112653], [94.05628660621542, 13.514431022852065], [94.05706054944031, 13.516446726430246], [94.05868156160963, 13.520534911330898], [94.06039338854865, 13.52458750935287], [94.06219521934347, 13.52860258986911], [94.06408620008645, 13.532578240051151], [94.06606543425752, 13.536512565745895], [94.06813198315857, 13.540403692408901], [94.07028486634303, 13.544249765977867], [94.07140133288036, 13.546192793730242], [94.07252306208474, 13.548048953778306], [94.07484550785111, 13.551799445383239], [94.07725110081023, 13.555499453493084], [94.07973869834504, 13.559147214779713], [94.0823165178389, 13.562753549262851], [94.08583842317304, 13.568002199731765], [94.08751866682891, 13.570428930588022], [94.09095088799936, 13.575233410929599], [94.09452499832682, 13.57993789049462], [94.09823796197028, 13.584538362423174], [94.10014993427521, 13.586836769335704], [94.10135046412435, 13.588211907205675], [94.10270655106333, 13.589737184563603], [94.10427150883098, 13.591653343469645], [94.10581550032057, 13.593498460196074], [94.10725276827262, 13.595138891406847], [94.11020646804067, 13.598437587055045], [94.11323311369947, 13.601672433382731], [94.11633126523597, 13.604841888197868], [94.11949944838344, 13.607944440437251], [94.1227361553043, 13.610978610871626], [94.12603984531475, 13.613942952821134], [94.12940894560322, 13.616836052837044], [94.13113083519553, 13.618282004754889], [94.13284185200538, 13.619656531400992], [94.1363369297446, 13.622403043565086], [94.13989251422814, 13.625074279612292], [94.14350691183407, 13.62766896567723], [94.14717840072475, 13.63018586436145], [94.15090523165182, 13.632623775314471], [94.15468562882054, 13.634981535830363], [94.15851779071815, 13.637258021391318], [94.16046522839022, 13.638386328562746], [94.16239989098855, 13.63945214621394], [94.16633007928212, 13.641562863759574], [94.17030648218034, 13.643589167255953], [94.17432720405074, 13.645530090159411], [94.17839032799068, 13.64738470663687], [94.18249391672501, 13.649152131999912], [94.18663601354504, 13.650831523134514], [94.19081464322917, 13.652422078898951], [94.1929266865441, 13.653199969809918], [94.19502781301983, 13.653923040520425], [94.19927351354815, 13.65533369194739], [94.20354971982309, 13.656653360203308], [94.20785439219046, 13.657881415704509], [94.21218547731937, 13.65901727256498], [94.21654090917102, 13.660060388874939], [94.22091861001834, 13.661010266966144], [94.22531649142022, 13.661866453646098], [94.22752758350256, 13.662272331152991], [94.22973245524727, 13.66262854042165], [94.2341643946535, 13.663296163686582], [94.2384474117114, 13.663851426903506], [94.24054740766073, 13.664079831273938], [94.24288125713193, 13.664433161500881], [94.24740366853072, 13.665017568217678], [94.2518612304938, 13.665495354068213], [94.25632840558816, 13.665877856595372], [94.26080306235295, 13.666164893296], [94.26528306574565, 13.666356327216278], [94.26976627813755, 13.66645206701672], [94.27425056036921, 13.66645206701672], [94.27873377276094, 13.666356327216278], [94.28321377615381, 13.666164893296], [94.28768843291832, 13.665877856595372], [94.29215560801279, 13.665495354068213], [94.29661316997587, 13.665017568217678], [94.30105899198455, 13.664444727008103], [94.30549095284428, 13.663777103755862], [94.30769583460804, 13.663420894606048], [94.30990693804048, 13.663015016996127], [94.31430484072357, 13.66215883033287], [94.31868256274836, 13.66120895226156], [94.32303801566641, 13.660165835973459], [94.32736912174224, 13.65902997913554], [94.33167381491981, 13.657801923660799], [94.33595004186, 13.656482255434014], [94.34019576290027, 13.655071604038852], [94.34229689830377, 13.65434853377883], [94.34440895303996, 13.6535706424513], [94.34858760289782, 13.651980086724535], [94.35272971970497, 13.65030069563123], [94.35683332823456, 13.648533270311802], [94.36089647176917, 13.646678653879633], [94.36491721301749, 13.644737731026623], [94.36889363506847, 13.642711427585311], [94.3728238422847, 13.640600710097772], [94.37475851254905, 13.639534893404914], [94.37670596123516, 13.638406585337492], [94.38053814156248, 13.636130099842973], [94.38431855689996, 13.63377233939832], [94.38804540572815, 13.631334428520347], [94.38915251167535, 13.63057547726099], [94.39012106151372, 13.62997140960492], [94.39384785110823, 13.627533498478257], [94.39751929930597, 13.625016599610532], [94.4011336568802, 13.622421913350024], [94.40468920201138, 13.619750677096135], [94.40818424109753, 13.617004164713109], [94.4098952433122, 13.615629634410908], [94.41161710956604, 13.614183685915748], [94.41498617265464, 13.611290585655226], [94.41828982621817, 13.608326243447976], [94.4215264974633, 13.605292072742174], [94.42469464572437, 13.602189520216001], [94.42779276317825, 13.599020065100746], [94.43081937557034, 13.595785218462368], [94.43377304291286, 13.592486522484307], [94.43521029941476, 13.59084608607165], [94.43665236017463, 13.589125549717366], [94.43945595793045, 13.585703902350062], [94.4421825030374, 13.582223211409172], [94.44483069924709, 13.578685136002832], [94.44739928782954, 13.575091362512296], [94.44988704815901, 13.571443603799253], [94.4522927983061, 13.567743598365837], [94.45461539557832, 13.563993109546601], [94.45573717508617, 13.562136989558752], [94.45685373707678, 13.560193924640188], [94.4590067602035, 13.556347854074346], [94.46107344317082, 13.552456730522266], [94.46305280546844, 13.548522408053202], [94.46494390834309, 13.544546761211251], [94.46674585522263, 13.540531684146828], [94.46845779214632, 13.536479089694808], [94.47007890815567, 13.532390908475293], [94.47085288396178, 13.530375252245108], [94.47160843568216, 13.528269087953248], [94.4730456508938, 13.524115591530887], [94.47438987404499, 13.519932397582494], [94.47564046977757, 13.515721498542376], [94.47679684742755, 13.511484899919878], [94.47785846128679, 13.507224619373048], [94.47882481086216, 13.502942685721038], [94.47969544109904, 13.498641137994042], [94.48009946097474, 13.496526420344523], [94.4804699425915, 13.494322024446348], [94.48114795176448, 13.489987401601155], [94.48172915104155, 13.485639333239618], [94.48221326898212, 13.481279889451258], [94.48260008040378, 13.47691114561745], [94.48288940647709, 13.472535181440918], [94.48308111480284, 13.468154079943872]], [[94.27200841925324, 13.465462207814753], [94.26781320601478, 13.462679744075075], [94.26321482670332, 13.46431362607322], [94.2610137458881, 13.460133433311498], [94.25754487549582, 13.457651853949855], [94.25367212317016, 13.451884865893959], [94.25212514356068, 13.447071433499957], [94.24931395097823, 13.44571685754704], [94.24938034972357, 13.441125750153404], [94.25198352372072, 13.437090754734726], [94.25262284277042, 13.433717251150242], [94.25570237596432, 13.430299759026909], [94.26129984810964, 13.430020451183026], [94.26315665225778, 13.430135607572339], [94.2660788301744, 13.433525562455017], [94.27083945257894, 13.435019254534993], [94.27480280440622, 13.440431475332474], [94.27549815211833, 13.441834450099947], [94.27696144621402, 13.452706455938312], [94.27525544128574, 13.454278349466364], [94.27503633495897, 13.456889152412643], [94.27516484268361, 13.457890748958874], [94.27781271928197, 13.461661219589786], [94.27423584480871, 13.462212562459996], [94.27360236685595, 13.462950944530675], [94.27200841925324, 13.465462207814753]]], [[[93.27047929671605, 13.680194795751987], [93.27106090542489, 13.675846786686833], [93.27154535498155, 13.671487403487703], [93.2719324201278, 13.667118721511699], [93.27222192199454, 13.662742820442915], [93.27241372818068, 13.658361783274401], [93.27250775280359, 13.653977695353262], [93.27253033962162, 13.651827699948626], [93.27250480618395, 13.649629600526325], [93.27240652991938, 13.645319532613087], [93.27221376003783, 13.641012515731447], [93.27192659034321, 13.63671053101615], [93.27154515803883, 13.632415557176813], [93.27106964365541, 13.628129569606799], [93.27050027095797, 13.62385453944573], [93.26983730683551, 13.619592432704152], [93.26948128115308, 13.61745819976639], [93.26889107758004, 13.614145658578195], [93.26846186764354, 13.611902821641223], [93.26755741635262, 13.607456975159423], [93.26656820642515, 13.603101704461295], [93.26549907635265, 13.59884315678147], [93.26433526646181, 13.59460842894427], [93.26307733531021, 13.59039953513195], [93.26172314548089, 13.586210600027385], [93.26192024210113, 13.584155042652228], [93.262176411267, 13.581008505331937], [93.26238203346148, 13.577858419999444], [93.26247220015844, 13.576282593709536], [93.26267876515456, 13.57208150379084], [93.26276877079093, 13.569625598255286], [93.2628873736289, 13.56471235423281], [93.26291599902348, 13.56229728345815], [93.26289388513729, 13.560422474759292], [93.2634062785672, 13.559800939553583], [93.26577132863204, 13.556819150488238], [93.26807867735286, 13.55379442163516], [93.27032751223933, 13.55072782097811], [93.27251704155017, 13.547620431248134], [93.27464649457991, 13.544473349526157], [93.27599382926692, 13.542219866269008], [93.27664591010344, 13.541240455608971], [93.2776903165329, 13.539655450500831], [93.27829426733373, 13.538728009268922], [93.27881927772293, 13.537883455285197], [93.28010266024737, 13.53578733062345], [93.28072466294427, 13.534770278970768], [93.28182835808664, 13.532820161256083], [93.2828891631564, 13.53093071086198], [93.28393952180213, 13.528953849058482], [93.28493408616342, 13.527030917266558], [93.2860602971684, 13.525090073233685], [93.28803943965252, 13.521155745231454], [93.2899303329987, 13.517180092659146], [93.29173208072447, 13.513165009672889], [93.29344382895474, 13.50911240910851], [93.29506476681749, 13.505024221574317], [93.29583868674209, 13.50300848407332], [93.29646066357205, 13.501285590751621], [93.29764636855512, 13.497903502727041], [93.29877037694646, 13.494501304893546], [93.29983233544911, 13.491080074592887], [93.30034775386011, 13.489364842328754], [93.30159347650974, 13.485078678050499], [93.30228650492981, 13.482571423534665], [93.3036060897181, 13.477540206404825], [93.30451647631318, 13.47376848000198], [93.30527758232759, 13.469965205071247], [93.30555805962135, 13.468325286335514], [93.30640641827043, 13.463099784778365], [93.3064963104421, 13.462535745768378], [93.30717423900072, 13.458201113314871], [93.30775537053145, 13.453853035133804], [93.30823943361494, 13.449493581303528], [93.30862620308082, 13.44512482720691], [93.30891550010446, 13.440748852567637], [93.30910719228794, 13.436367740407377], [93.3092011937064, 13.431983576094908], [93.30922379066405, 13.429832824988452], [93.30919746494314, 13.427598446334088], [93.30909601309568, 13.423214438182555], [93.30889689176277, 13.41883363804071], [93.30860020101099, 13.414458130696715], [93.30820608731418, 13.41008999828857], [93.3077147434739, 13.405731319330727], [93.3071264085182, 13.401384167732033], [93.30644136758323, 13.397050611831943], [93.30608204034931, 13.39492802944281], [93.30565995175871, 13.392732713365973], [93.30478253792549, 13.388432526515984], [93.30380954856591, 13.38415209693045], [93.30274145155934, 13.379893460774198], [93.3015787599401, 13.375658643718594], [93.300322031651, 13.371449660007528], [93.29897186926601, 13.367268511490337], [93.2975289197029, 13.363117186697792], [93.29679807270665, 13.361086107179347], [93.29599387389564, 13.358997659854765], [93.29466238467549, 13.355652767027863], [93.2950464139486, 13.35131355394195], [93.29533562578538, 13.346937548564696], [93.29552727068088, 13.342556405064443], [93.29562126269295, 13.338172208823721], [93.29564386401844, 13.336021138932267], [93.29562089605875, 13.333936078874146], [93.2955325901668, 13.329849898579582], [93.29535946801954, 13.32576631974716], [93.29510160545001, 13.321687030499433], [93.29475911330283, 13.317613717078743], [93.29433213738511, 13.313548063188307], [93.2938208583968, 13.309491749275011], [93.29322549185147, 13.3054464518506], [93.29290681884956, 13.303426767198005], [93.292791585863, 13.302742597448713], [93.29269071147772, 13.3021545435125], [93.29248540340566, 13.300979029795371], [93.29238824106315, 13.300431814455223], [93.29196638334335, 13.29823677549885], [93.29108933664125, 13.293936551539531], [93.29011675119173, 13.28965608447588], [93.28904909464146, 13.28539741048678], [93.28788687977888, 13.281162555269972], [93.28663066428814, 13.276953533109037], [93.28528105046391, 13.272772345879872], [93.2838386849281, 13.268620982134308], [93.28310803296702, 13.266589614061445], [93.28230425830614, 13.264501416134962], [93.28067850489131, 13.260415606923203], [93.27939524598852, 13.257321788607086], [93.27796735045794, 13.251440776384726], [93.2763953613443, 13.245733834985273], [93.27556655957281, 13.242891685007507], [93.27502549744216, 13.24113447763554], [93.27414298962069, 13.238409124862216], [93.27229925902944, 13.232984095930533], [93.27135162669836, 13.230320930258188], [93.2705480141399, 13.228232828022087], [93.2689225104352, 13.224147003767428], [93.26720647071002, 13.220096879138154], [93.26638928526077, 13.218281042927686], [93.26629638520663, 13.214260686312599], [93.2660974945442, 13.209879811616972], [93.26580111788215, 13.205504228550694], [93.26540740145495, 13.201136019291411], [93.26491653778763, 13.19677726240434], [93.26432876559218, 13.19243003184907], [93.26364436964755, 13.18809639599695], [93.26328526056554, 13.18597312007742], [93.26294942922388, 13.184203831102536], [93.26209929681212, 13.179937706802306], [93.26092019498722, 13.17475295597346], [93.25982136497046, 13.170458827187929], [93.2587795774003, 13.166698068954574], [93.25752389191555, 13.162489470020688], [93.2561748781084, 13.15830872630093], [93.25473317080181, 13.154157789995324], [93.2540042072782, 13.152130262270234], [93.25319947230301, 13.150038668872554], [93.25157450391995, 13.14595328748132], [93.24985905567624, 13.141903620107968], [93.24805393431708, 13.137891560518], [93.24616001567094, 13.133919045296864], [93.24417819077323, 13.129987934296594], [93.24210941913353, 13.126100122323962], [93.23995467481856, 13.12225743217202], [93.23887530449193, 13.120380420500155], [93.23771499870182, 13.118461712954058], [93.23539144649774, 13.114714747242132], [93.2329851379632, 13.111018334735746], [93.23138628114069, 13.108676456699897], [93.23179485168626, 13.106654772403118], [93.2321984963888, 13.104538772520613], [93.2324809024876, 13.102884437941952], [93.2330046781689, 13.09965054340499], [93.23347463147914, 13.096408713488742], [93.23389063979474, 13.093159808678678], [93.23425259482408, 13.08990469129131], [93.23456040263338, 13.08664422527049], [93.234813983669, 13.083379275941283], [93.23501327277759, 13.080110709778396], [93.23509933653477, 13.078475633808495], [93.23518816538555, 13.076470827596253], [93.23526148748638, 13.074249946285391], [93.23535802975832, 13.069807130129533], [93.2353812758648, 13.067625864473797], [93.2353550425174, 13.065392590496316], [93.23525384449684, 13.061008455868361], [93.23505512102795, 13.05662752715736], [93.2347589718324, 13.052251889224124], [93.23436554297135, 13.047883624275343], [93.23387502676664, 13.043524810902795], [93.23328766170133, 13.039177523097493], [93.23260373229684, 13.034843829275388], [93.23224478006605, 13.032720045728666], [93.23182356896595, 13.030525791260231], [93.2309475478477, 13.026225463330746], [93.22997609061784, 13.02194489123059], [93.2289096642842, 13.017686111215909], [93.22774878094603, 13.013451149058412], [93.22649399755417, 13.009242019115874], [93.22514591562427, 13.00506072334349], [93.2237051809561, 13.000909250379522], [93.22297507038425, 12.998877066477291], [93.22217248330693, 12.996789574567387], [93.22054855606038, 12.992703655036934], [93.21883417586835, 12.988653434767897], [93.21703016228284, 12.984640839691252], [93.21513737734418, 12.980667777735377], [93.21315672517815, 12.976736137956479], [93.21108915154807, 12.97284778962107], [93.21060374435629, 12.971981518949349], [93.21017671235799, 12.968819893953054], [93.20949299530074, 12.964486173706916], [93.20913411418817, 12.96236215739387], [93.20871307120697, 12.960168108948537], [93.20783731607483, 12.955867753980598], [93.2068661514256, 12.95158715456327], [93.20580004409916, 12.947328346968149], [93.20463950601746, 12.943093356986694], [93.2033850939404, 12.938884198999915], [93.20203740918319, 12.934702874986485], [93.20059709732922, 12.930551373597424], [93.19986712630887, 12.928518975686131], [93.19906484790968, 12.926431669197768], [93.19744139407558, 12.92234572095029], [93.19572751223237, 12.918295471858443], [93.19392402166889, 12.914282847863944], [93.19203178415742, 12.910309756925116], [93.19005170354515, 12.906378088124185], [93.18965721197631, 12.905635968935513], [93.18901806677778, 12.904333341661555], [93.18665829704562, 12.899819011772976], [93.18413493942526, 12.895280110117298], [93.18284864610129, 12.891353729113504], [93.18218139491384, 12.888411879739891], [93.18111557250538, 12.884153047480766], [93.17995534277887, 12.879918032621433], [93.17870126232233, 12.875708849553561], [93.17735393227079, 12.87152750027785], [93.17591399801736, 12.8673759734654], [93.17518415133614, 12.865343383535077], [93.17438214889185, 12.863256243500231], [93.17275911783386, 12.859170269564856], [93.17104568102704, 12.85511999468315], [93.16924265753082, 12.851107344819923], [93.1673509088765, 12.84713422795312], [93.165371338661, 12.843202533188432], [93.16330489209756, 12.839314129835259], [93.16115255557546, 12.835470866555724], [93.16007278328195, 12.83359085215983], [93.15891535616973, 12.831674570453274], [93.15739208216146, 12.829215062261937], [93.15768149009241, 12.826360433162435], [93.15798867562197, 12.822624423253089], [93.15822481475564, 12.818883441073055], [93.15838134222903, 12.815331366945514], [93.15869350149521, 12.814590284699634], [93.16031005388723, 12.810501942320684], [93.16108261608039, 12.808484150777588], [93.16183529019602, 12.806379955476913], [93.16326848839108, 12.802226287565077], [93.1638906686965, 12.800284589873911], [93.16441921713627, 12.799136630954521], [93.16600763570247, 12.795497254351233], [93.1675226671695, 12.791827871617755], [93.16826175104839, 12.789985867752222], [93.17151105391437, 12.781647401188067], [93.1718176492856, 12.780850470588149], [93.17242395162404, 12.779254061017568], [93.17271071481858, 12.778489546198472], [93.1734632723824, 12.776385432584107], [93.17489630904632, 12.772231757797144], [93.1762366406252, 12.768048380098406], [93.17748363334877, 12.763837291919799], [93.17863669799297, 12.759600498784806], [93.17969529014542, 12.755340018368699], [93.18065891046379, 12.75105787951479], [93.18152710489667, 12.746756121296443], [93.18193042198882, 12.744638949031383], [93.18229946489814, 12.742436792011091], [93.18297562760856, 12.73810194822805], [93.18355527602088, 12.7337536537934], [93.18403813911917, 12.729393978864948], [93.18442399200197, 12.725024998899585], [93.18471265597728, 12.720648793694437], [93.18490399863944, 12.716267446365947], [93.18499793392229, 12.711883042385452], [93.1850205656838, 12.709729852702182], [93.18499442213019, 12.70749766856261], [93.18489346994792, 12.7031134120748], [93.18469513042763, 12.698732359448883], [93.18439950295456, 12.694356595599487], [93.18400673318942, 12.689988202804074], [93.18351701299096, 12.68562925973589], [93.18293058031256, 12.681281840462788], [93.18224771908453, 12.676948013473947], [93.1818891228074, 12.67482304775163], [93.18146066903799, 12.672590107690155], [93.1805680285789, 12.668210546404268], [93.17957654429617, 12.663851534907437], [93.17848671043825, 12.6595152241225], [93.17791727677022, 12.65735301405924], [93.17740896122436, 12.655507671760546], [93.17681403123598, 12.653436115796268], [93.17557916472552, 12.649305977013995], [93.174254564841, 12.64520274229453], [93.17284084279916, 12.641128291816457], [93.17212471751421, 12.639133325852384], [93.17132369378223, 12.637046781500686], [93.16970215866965, 12.632960716349572], [93.16799029653194, 12.62891034988192], [93.16618892561249, 12.624897608142504], [93.1649050594439, 12.622198657230143], [93.16621432917495, 12.618678917355112], [93.16694687104635, 12.61663681449781], [93.16835593045622, 12.612569241822683], [93.16966244776089, 12.608518736497047], [93.17086716380166, 12.604489842282533], [93.17198589787611, 12.600437106240491], [93.17301816560635, 12.596362297824996], [93.17396352043366, 12.592267196034527], [93.1748215537983, 12.588153588658642], [93.17522868627694, 12.586092393598946], [93.1766593730641, 12.578419379976864], [93.17685686048324, 12.577338232319505], [93.17725534122425, 12.57497208460886], [93.17793110977064, 12.570637193430045], [93.17851042736461, 12.566288850463636], [93.17899302307816, 12.561929125885214], [93.17937867206726, 12.557560095172263], [93.1796671956678, 12.553183838128945], [93.17985846146897, 12.548802437892718], [93.17995238336997, 12.544417979968358], [93.17997502364685, 12.542264225914764], [93.17994959527417, 12.540062031907254], [93.17985140381441, 12.535736638416594], [93.1796584863445, 12.531414321323368], [93.17937093695, 12.52709708264642], [93.1792035219365, 12.52493999977365], [93.17821913718322, 12.513833794427597], [93.17799800980194, 12.51162202702379], [93.17750604822484, 12.507203800605737], [93.17691480693159, 12.50279733827773], [93.17622457990583, 12.498404793579454], [93.1758615577065, 12.49625000565571], [93.17535993328212, 12.493659632584738], [93.1752060214121, 12.492917929340763], [93.17677541612531, 12.492004429290134], [93.1805900455063, 12.489727885189609], [93.18435315778143, 12.48737006207864], [93.18806295986147, 12.484932084306351], [93.19171768424806, 12.482415114399188], [93.19531558984178, 12.479820352527426], [93.1988549628019, 12.477149035909378], [93.2023341173439, 12.474402438233867], [93.20403919001271, 12.473026344895032], [93.2057513965594, 12.471581869038232], [93.20910517319706, 12.468688673087328], [93.21239385044774, 12.465724229722682], [93.21561586268487, 12.462689952217076], [93.2187696762422, 12.459587287072537], [93.22185379011384, 12.456417713351357], [93.22486673669087, 12.453182741949135], [93.22780708244213, 12.449883914885362], [93.22923970339716, 12.448241253891283], [93.23067342861034, 12.446522804552188], [93.23346441186109, 12.443101012976598], [93.23617870494704, 12.439620171034093], [93.23881501731765, 12.436081937693103], [93.24137209575119, 12.432487999193057], [93.24384872493229, 12.428840068261337], [93.24624372803933, 12.425139883273062], [93.24855596728386, 12.421389207448385], [93.24967436843954, 12.419530235267388], [93.2500601209031, 12.41886722120259], [93.25079316133875, 12.417596110965434], [93.25115732701184, 12.416959249483838], [93.25248552934912, 12.414616535333877], [93.25346313103776, 12.41285089452218], [93.2553821811803, 12.409300732605033], [93.2572285677696, 12.405713546527068], [93.25900155460457, 12.402090772419612], [93.26070043496273, 12.3984338605907], [93.26232453186796, 12.394744274968616], [93.26387319837002, 12.391023492485246], [93.26534581778745, 12.387273002511549], [93.26602801669523, 12.385483406949675], [93.26657416110012, 12.384813676971362], [93.2692878608548, 12.38133282796251], [93.27192359775856, 12.377794587212165], [93.27448011885721, 12.374200640952097], [93.27695620908915, 12.370552701905268], [93.27935069188041, 12.366852508439862], [93.28166242968152, 12.363101823766613], [93.28278067075459, 12.361242707079086], [93.28355453727627, 12.359900270967032], [93.28504849976892, 12.357261617866214], [93.28650194589042, 12.35460119120556], [93.28791454853072, 12.351919591995497], [93.28861059474801, 12.350573574620157], [93.28889033050231, 12.350022406841447], [93.29015871250644, 12.347431125172918], [93.29261948696822, 12.342213930020051], [93.29492735895943, 12.336929639068927], [93.29708044707186, 12.331582581348243], [93.2981056113654, 12.32892758178511], [93.29885645056308, 12.326824691379656], [93.30028711719595, 12.322670915952216], [93.30162524193238, 12.31848743444344], [93.3028701918939, 12.314276239290493], [93.30402137866534, 12.310039336022442], [93.30507825856554, 12.305778742312782], [93.30604033289652, 12.301496487017715], [93.30690714816566, 12.297194609240066], [93.30731007858927, 12.295075978953662], [93.30767829630801, 12.29287515729878], [93.30835341486105, 12.288540187784946], [93.30893218713172, 12.284191764578722], [93.30941434233537, 12.279831957882436], [93.30956143760378, 12.278164021068704], [93.30990513378649, 12.275581704902024], [93.31038727574006, 12.271221895729411], [93.31077257903698, 12.266852778514362], [93.31106086505523, 12.262476433091251], [93.3112520013756, 12.258094942636532], [93.31134590183527, 12.25371039268569], [93.31136855727519, 12.251555661321149], [93.31133881075314, 12.249168398946523], [93.31122354819817, 12.244471293625836], [93.31099670803891, 12.23977811906397], [93.31065842008766, 12.235091438866789], [93.31046143800333, 12.232750060474288], [93.30964716497422, 12.224276944634582], [93.31072783455969, 12.221705515460812], [93.31155627792347, 12.219671702616097], [93.31178644567999, 12.219088301366469], [93.31256410715386, 12.217052103360885], [93.31387444972714, 12.213503057012176], [93.31435482387562, 12.212156324233362], [93.3154733158701, 12.209099250517596], [93.31744844099629, 12.203119994816902], [93.31869288008957, 12.198908772955718], [93.31965341207669, 12.195372086711757], [93.32005347048451, 12.194018252500626], [93.32120420097797, 12.189781208583838], [93.32226063473954, 12.185520585362497], [93.32322230632454, 12.18123829972636], [93.32408876238921, 12.176936390772141], [93.32449159361377, 12.1748173716541], [93.32485959499061, 12.172616906827926], [93.32553444176844, 12.1682819044958], [93.3261129861103, 12.163933447665357], [93.32659495729106, 12.159573606543631], [93.32698013059789, 12.155204456642295], [93.32726832742279, 12.150828077820208], [93.32745941534225, 12.146446553262635], [93.32755330816988, 12.14206196851545], [93.3275759695621, 12.139906862610871], [93.32754996598877, 12.137676410468245], [93.3274493951603, 12.133291966390047], [93.32725164831405, 12.128910722904521], [93.32695682431151, 12.124534765018879], [93.32656506819089, 12.120166175119806], [93.32607657109068, 12.115807031998315], [93.32549157014645, 12.111459409838787], [93.324810348373, 12.107125377258669], [93.32461224151663, 12.105948641157582], [93.3244522890827, 12.104998538738968], [93.32403323451669, 12.102806996296692], [93.32316060289659, 12.098506321466388], [93.32219287321058, 12.094225398743589], [93.32113051033329, 12.089966264625488], [93.31997402408322, 12.085730945142103], [93.31872396897401, 12.081521454905712], [93.31738094393913, 12.077339796141743], [93.31594559205021, 12.07318795777158], [93.3152172307305, 12.07115296521826], [93.31441860018961, 12.069067914420117], [93.31280069872437, 12.06498162551091], [93.31109266114933, 12.060931034326131], [93.30929530371739, 12.056918067094372], [93.3074094850351, 12.052944632056494], [93.30543610566284, 12.049012618592513], [93.30337610766534, 12.045123896292608], [93.30123047416336, 12.04128031408365], [93.30015293977735, 12.03939823296426], [93.29900022886139, 12.037483699354567], [93.29668643556889, 12.033735857110372], [93.29429019766442, 12.030038569073753], [93.29181265758226, 12.026393592869155], [93.28925499625856, 12.022802661182396], [93.28661843258342, 12.019267480957922], [93.28390422278963, 12.01578973255684], [93.28207452257786, 12.013548202928092], [93.28155224657806, 12.012814907067792], [93.27891578193962, 12.009279722993426], [93.2762016739562, 12.005801970767493], [93.2734112155745, 12.002383303402652], [93.27201586370953, 12.000710970228837], [93.27054573587813, 11.999025345766256], [93.26760659945475, 11.995729693812251], [93.26459520573823, 11.992497913820898], [93.26376640613105, 11.991646485232991], [93.26347696924157, 11.991127900941223], [93.2623995690345, 11.989245689919684], [93.26124714735212, 11.987331266563132], [93.2589337925215, 11.983583404696773], [93.25653800790886, 11.97988609708328], [93.25406093573062, 11.976241101375876], [93.25150375669395, 11.972650150278511], [93.24886768944324, 11.96911495074309], [93.2475380777137, 11.967118675331989], [93.24880424140875, 11.963239769607725], [93.24992824826629, 11.959541258862942], [93.25097988538423, 11.955822173268615], [93.25195876768461, 11.952083885173622], [93.25286453698007, 11.948327773956635], [93.2536968621018, 11.944555225519522], [93.25409462116195, 11.942665016126512], [93.2542078284512, 11.942099767920851], [93.25440874472949, 11.941068216610972], [93.25479961565318, 11.939003100771032], [93.25498317052867, 11.938005389589279], [93.25533604214647, 11.935899888569878], [93.25598503845887, 11.931753921213243], [93.2565460207795, 11.927595519208282], [93.25702541437292, 11.92335402514422], [93.25776959291491, 11.921725854865798], [93.25923768895032, 11.91848056639904], [93.2606472832833, 11.915210228454953], [93.2619979374098, 11.911915863284776], [93.26328923129611, 11.908598500612754], [93.26390799529801, 11.90696668611642], [93.26465726993538, 11.904864942043247], [93.26608579859911, 11.900711076287436], [93.26742193287484, 11.896527501520026], [93.26866504068701, 11.892316210166342], [93.26981453434789, 11.888079207753236], [93.27086987082245, 11.88381851197731], [93.2718305519895, 11.879536151704343], [93.27269612486137, 11.875234166038155], [93.27309871505943, 11.8731141736058], [93.27339337304173, 11.871375616534777], [93.2739402177975, 11.867965178873078], [93.2740271377514, 11.867355276944835], [93.275608320641, 11.863588232755717], [93.27721928694618, 11.859499695462986], [93.27799017752207, 11.857479116827022], [93.27873927170938, 11.855377507093323], [93.2801675550941, 11.851223631007201], [93.28150346103453, 11.847040045563972], [93.28274635754471, 11.84282874319652], [93.28389565702028, 11.838591729430547], [93.28495081650195, 11.834331021956956], [93.28591133793455, 11.830048649644013], [93.28677676838569, 11.825746651600795], [93.28717932011799, 11.823626499812889], [93.2875467002651, 11.821427076166387], [93.28822077149974, 11.817091979973881], [93.28879866570529, 11.812743426937459], [93.28928011232475, 11.808383487281048], [93.28966488674936, 11.80401423655023], [93.2899528104139, 11.799637754648018], [93.2901437508792, 11.79525612479982], [93.29023762188157, 11.790871432588105], [93.2902603024643, 11.78871515142275], [93.29024377902809, 11.786942325543947], [93.29018033693765, 11.783470352786466], [93.29005603832135, 11.779999976752464], [93.28987092255235, 11.776532232824806], [93.28976316769584, 11.77479915438343], [93.28947299848656, 11.77071096751581], [93.28925006028763, 11.768070479068541], [93.2887336423735, 11.762796194341007], [93.28807634347217, 11.757537149695906], [93.28727862814637, 11.752296998125644], [93.28685109373245, 11.74971752397883], [93.28643283086731, 11.747527017731144], [93.28556143036789, 11.743226215597872], [93.28459505408429, 11.73894516413273], [93.28353416611091, 11.734685899919938], [93.28237927543083, 11.730450449082056], [93.28113093567137, 11.726240826335669], [93.27978974482446, 11.72205903400797], [93.27835634496378, 11.717907061114119], [93.27762860173536, 11.715871000353417], [93.27698098016864, 11.7141674156085], [93.27567958785173, 11.710836076850399], [93.27431841187277, 11.707528028658231], [93.27289788317213, 11.704244313218396], [93.27141845134034, 11.700985965013814], [93.26988058447822, 11.697754010510593], [93.26828476904254, 11.694549467819215], [93.26663150968503, 11.69137334637088], [93.26579059178871, 11.689792521966524], [93.26338398112873, 11.68536432177919], [93.2625899644406, 11.683931366217777], [93.2609784389305, 11.681078334310257], [93.26017696468992, 11.679685601834237], [93.25902630587618, 11.677771858660705], [93.25671561478359, 11.674023876898246], [93.2543225839618, 11.670326449683543], [93.25184835426327, 11.666681334783135], [93.24929410499064, 11.663090265010567], [93.24666105335328, 11.659554947435524], [93.24395045387163, 11.656077062556946], [93.24116359778262, 11.652658263512635], [93.23976948780367, 11.650985210596431], [93.23830181241871, 11.649300175293135], [93.23536646059719, 11.6460043939978], [93.23235893993419, 11.64277248603699], [93.22928068219866, 11.639605987414924], [93.22613315262967, 11.636506403001789], [93.2229178492423, 11.633475205824965], [93.21963630209726, 11.630513836353543], [93.21629007260563, 11.627623701849743], [93.21461918731782, 11.62621165166398], [93.21226997240242, 11.62432714922349], [93.20755315733348, 11.620656690073531], [93.20272880210112, 11.617124762837875], [93.19780109323395, 11.613734429727089], [93.1953119458125, 11.612075026896832], [93.19413182586996, 11.611313018124662], [93.19169362239305, 11.609786836503233], [93.18677442380422, 11.606803100614997], [93.18430941778573, 11.605354641591518], [93.18235466002446, 11.604270514768004], [93.1784538389646, 11.602162363900447], [93.17450735691077, 11.600138556313865], [93.17051708954384, 11.598200053436358], [93.16648493321063, 11.596347776145336], [93.16241280404282, 11.594582604340971], [93.15934362271312, 11.593310678257495], [93.15623398343061, 11.592138195360405], [93.15508502976942, 11.591733703657695], [93.15108123037314, 11.590350683624806], [93.15018944364218, 11.590038515747125], [93.14909537450004, 11.589662422424595], [93.14599040686866, 11.588614513264346], [93.14227266082494, 11.58743766081055], [93.1411541955139, 11.587106754894009], [93.14036047628295, 11.58687538270469], [93.137218832267, 11.585973212264292], [93.13506916485429, 11.585380969980463], [93.13392943312263, 11.585080183162958], [93.13178228322735, 11.584538104731223], [93.12861179821644, 11.583773746467784], [93.12644001715702, 11.583274892034908], [93.12528106149037, 11.583021816772472], [93.12310999360099, 11.582572092806402], [93.11991475596218, 11.581945895614169], [93.11777473056574, 11.581549849633632], [93.11658086118317, 11.581341889267364], [93.11441005500959, 11.580987944521496], [93.11139343257597, 11.580528982114402], [93.10929026297057, 11.580231065994539], [93.10790606720323, 11.58004947898226], [93.10569957599793, 11.579784107483448], [93.1028679202864, 11.579474373307363], [93.10164492814604, 11.579347947282685], [93.10025433189847, 11.579212543520356], [93.09714164309693, 11.578956839164888], [93.09260327973865, 11.578652898889445], [93.08796503625237, 11.578446676930113], [93.08341727456659, 11.578346638802643], [93.08114171062155, 11.578321604852974], [93.0790947595872, 11.578341860955192], [93.0754167116194, 11.578414638741307], [93.07366621936987, 11.578464091891504], [93.07289755058204, 11.57849232060687], [93.07060312441163, 11.578602103483519], [93.06769890378658, 11.57877339304899], [93.06586356881715, 11.578898020042956], [93.06432964926765, 11.579015890106447], [93.06211441231139, 11.579210089350951], [93.05998503937437, 11.57941984955545], [93.05815622172932, 11.579616436498611], [93.05586415719372, 11.579883456105392], [93.05365846207857, 11.5801644808232], [93.05230121141372, 11.580352259699211], [93.05137345752766, 11.580484904076826], [93.04845017669496, 11.580916375203557], [93.04571791738985, 11.581357183030065], [93.04268206191156, 11.581892421192833], [93.04075581638463, 11.582250991170639], [93.03917107008832, 11.582561566862736], [93.0368095847725, 11.583053067088855], [93.03405229902299, 11.583660618485425], [93.03315696008562, 11.583867292560967], [93.02341803102925, 11.586159368935881], [93.0191472918178, 11.587385774506942], [93.01490466454814, 11.588703682533378], [93.01069216473783, 11.590112467019253], [93.00858183076971, 11.590843743844388], [93.00651179367233, 11.59161145879618], [93.00236553747945, 11.593199945832836], [92.99825536617269, 11.59487717357824], [92.99418323272286, 11.59664234531617], [92.99015107213629, 11.598494622543598], [92.98616080056937, 11.60043312534934], [92.98221431436778, 11.602456932857052], [92.97831348919718, 11.604565083646989], [92.97635872895907, 11.605649210667139], [92.97527229455503, 11.606276199601695], [92.9730756028122, 11.607561920705322], [92.97198133458446, 11.608211557486669], [92.97152505938405, 11.60848628737493], [92.96990854572843, 11.609480163549534], [92.96669459974058, 11.611497491920815], [92.96351939909258, 11.613573632598772], [92.96039768017417, 11.61570315877212], [92.95912457995891, 11.611969808088588], [92.95839701551128, 11.609933429585965], [92.95795889160681, 11.608770302798376], [92.95709252129816, 11.606513026720492], [92.95671358760094, 11.605385555188533], [92.95672349971849, 11.60314408853003], [92.95652628397616, 11.598762674624126], [92.95623217783893, 11.594386543371115], [92.95584132578219, 11.590017777249088], [92.95535391829512, 11.585658455161422], [92.95477019177784, 11.581310651400315], [92.95409042842229, 11.576976434686259], [92.95373283612261, 11.574847863850579], [92.95331495606902, 11.5726578671823], [92.95244414804634, 11.568357003526145], [92.95147842297834, 11.564075889821183], [92.950418244585, 11.559816562704754], [92.94926412144687, 11.5555810483433], [92.94801660676129, 11.551371361494589], [92.94667629806614, 11.547189504536263], [92.94524383695605, 11.543037466537697], [92.94451638747958, 11.5410008814723], [92.94371990876166, 11.538917222283999], [92.94210524222271, 11.534830731362533], [92.94060413196908, 11.531263577439177], [92.94014539641003, 11.529450310210365], [92.93889800392955, 11.525240613846421], [92.93755782589076, 11.521058747298966], [92.936125503814, 11.516906699634532], [92.93539809763988, 11.514870036301971], [92.93512599779623, 11.514142260644448], [92.93482383040131, 11.513343564941096], [92.93406385472557, 11.509598183734497], [92.93307396406166, 11.505227870437295], [92.93198565039543, 11.500880381358328], [92.93141695761219, 11.498712613115373], [92.93128014181357, 11.49821405283663], [92.93068905428035, 11.496147846173798], [92.93050313500234, 11.495523520201544], [92.93013068426026, 11.492191055098033], [92.92954717671532, 11.48784322003307], [92.92886766385104, 11.483508971573741], [92.92851015064079, 11.48138009631242], [92.92809247335256, 11.479190371902618], [92.92722197837529, 11.47488947567075], [92.92625659735839, 11.470608329004776], [92.92519679382386, 11.466348968572419], [92.92404307613955, 11.462113420561522], [92.92279599727502, 11.457903699753928], [92.92145615452918, 11.453721808557049], [92.92002418924133, 11.449569736060027], [92.91929689394723, 11.447532871143025], [92.91850078647545, 11.445449457077672], [92.91688667469228, 11.441362931229023], [92.91518262538946, 11.437312101986933], [92.91338945273847, 11.433298895782954], [92.91150801317568, 11.429325221055919], [92.9095392050132, 11.425392967400427], [92.907483967981, 11.421504004616082], [92.90703315905321, 11.420590432677812], [92.90773138630905, 11.418837316557443], [92.90960758617021, 11.41486127129268], [92.9113953707488, 11.41084578119829], [92.91309389221121, 11.406792758996616], [92.9147023453427, 11.402704135210328], [92.9154725094401, 11.400682227934496], [92.91621996793103, 11.3985818572326], [92.91764604111117, 11.394427888424474], [92.91897988971849, 11.390244207132753], [92.92022088259236, 11.386032805774263], [92.9213684328702, 11.381795689881457], [92.9224219982606, 11.377534877146815], [92.92338108129636, 11.37325239644467], [92.92424522955523, 11.368950286906909], [92.92464744041914, 11.366828668054751], [92.92491666644062, 11.365245006039444], [92.92541838766331, 11.362141987804108], [92.92587088761817, 11.35903160949293], [92.92627405733205, 11.355914631184575], [92.9266277998976, 11.352791814539302], [92.92693203049262, 11.349663922619612], [92.9271866764008, 11.346531719704885], [92.92739167702618, 11.343395971106233], [92.9274817586556, 11.341827309256047], [92.92758671527653, 11.339706272434483], [92.9276784957639, 11.33722049479654], [92.92779970009465, 11.332247451746468], [92.92782914349377, 11.32979529876961], [92.92780333275417, 11.327567303012572], [92.92770328318804, 11.323182605957797], [92.92764729822417, 11.32193707085554], [92.92768968382026, 11.32012102614786], [92.92771668650735, 11.317771172796313], [92.92769087857627, 11.315543213452372], [92.92759083656446, 11.311158512765218], [92.92739390506827, 11.306777007960193], [92.92710018221752, 11.30240078419034], [92.92670981218541, 11.298031923988376], [92.92622298511023, 11.293672506299316], [92.92563993699721, 11.289324605474519], [92.92496094959822, 11.28499029030641], [92.92460360115288, 11.282860769428027], [92.92418635026942, 11.280671623020055], [92.92331651180737, 11.276370658313269], [92.92235185226295, 11.272089442362628], [92.92129283473915, 11.267830011878488], [92.92013996715545, 11.263594393101698], [92.91889380200703, 11.259384600870803], [92.91755493608642, 11.255202637643706], [92.91612401020294, 11.251050492570783], [92.91539703586196, 11.24901303417235], [92.91460170885867, 11.246930140523318], [92.91305833780896, 11.243019825076061], [92.91445867578423, 11.240496475756345], [92.91650770939785, 11.236604954805884], [92.91847020703531, 11.232670219403843], [92.92034523736808, 11.228694143929829], [92.92213191083184, 11.224678622404937], [92.92382938006833, 11.220625567540225], [92.92543684031128, 11.21653690984391], [92.9262067224827, 11.214514462905626], [92.92695352976139, 11.212414596704704], [92.92837872993996, 11.208260591473717], [92.92971176603649, 11.204076872490731], [92.93095200720992, 11.199865432178328], [92.93209886689286, 11.195628276062763], [92.9331518030535, 11.19136742184007], [92.93411031845514, 11.18708489839149], [92.93497396087744, 11.182782744844133], [92.9353760401506, 11.180660530063506], [92.93574232333091, 11.178463009567452], [92.93641504423792, 11.17412774922171], [92.9369918075997, 11.169779027762331], [92.93747234313693, 11.165418915466773], [92.93785642641151, 11.161049487936666], [92.93814387892408, 11.156672825131068], [92.93833456819235, 11.152291010344683], [92.93842840780363, 11.14790612924655], [92.93845112537102, 11.145747707421364], [92.93842535745026, 11.14352026886057], [92.93832542293856, 11.139135516596099], [92.93812865617835, 11.134753959231347], [92.9378351551504, 11.130377681946783], [92.93744506385045, 11.126008767301443], [92.93695857221476, 11.121649294279933], [92.9363759160191, 11.117301337266298], [92.93569737675912, 11.112966965082293], [92.93534016755851, 11.110836885806663], [92.93492328150953, 11.108648239993812], [92.93405400276063, 11.104347216737153], [92.9330899582296, 11.100065941528484], [92.93203161066313, 11.09580645112321], [92.93087946759871, 11.091570771804896], [92.9296340811243, 11.087360918457904], [92.92829604760325, 11.083178893590343], [92.92686600738742, 11.0790266863945], [92.92613930400259, 11.076988714699809], [92.92534464450196, 11.074906271792983], [92.92373268632028, 11.070819609518082], [92.92203090320052, 11.066768643153779], [92.92024010812801, 11.062755299250611], [92.91836115630704, 11.058781486371942], [92.91639494475962, 11.05484909421942], [92.91434241188713, 11.050959992716443], [92.91220453702456, 11.047116031137975], [92.91112950519383, 11.045231387937719], [92.91000976062733, 11.043363643188997], [92.9077610742622, 11.039703446388415], [92.90543405000679, 11.036091367315947], [92.90302974498584, 11.03252904251724], [92.90054925121129, 11.029018085926538], [92.89799369510527, 11.025560088171204], [92.8953642369631, 11.022156615814993], [92.892662070434, 11.018809210669744], [92.89128738641378, 11.017143091708007], [92.88787350865098, 11.013095096318096], [92.88635860869832, 11.011346254443055], [92.88329394916897, 11.007889715416496], [92.8802201750286, 11.0045753235065], [92.87714882419047, 11.001408599987627], [92.87400834895507, 10.998308793511768], [92.87295851955494, 10.997316784256753], [92.87305638380897, 10.994434723061545], [92.87311357094674, 10.990996016346614], [92.8731272969255, 10.98931044940602], [92.87310030414736, 10.987028766832381], [92.87299549897571, 10.982534615211136], [92.87291767010376, 10.980288123019221], [92.8727602412354, 10.97686406802643], [92.87267194718245, 10.97523525538736], [92.87246862627578, 10.97197924899396], [92.8722118700808, 10.968726930064236], [92.87190174793702, 10.9654791547607], [92.8715383432233, 10.962236778017342], [92.87112175333644, 10.959000653335153], [92.87065208966058, 10.955771632529306], [92.87012947753689, 10.952550565516276], [92.86986085117357, 10.950975087442231], [92.86944430030209, 10.948786906620896], [92.86857553407762, 10.944485829610173], [92.86761205264449, 10.940204499989918], [92.86655431842073, 10.935944954551957], [92.8654028385944, 10.931709219624878], [92.86415816487815, 10.927499310128496], [92.86282089324001, 10.92331722861114], [92.8613916636186, 10.919164964323713], [92.86066520608668, 10.917126516435005], [92.85962737609842, 10.914432034323085], [92.85749784332731, 10.909132873684257], [92.85639508332739, 10.906498212277171], [92.85613585791523, 10.905902919468872], [92.8549112967473, 10.903201045573411], [92.85238227008827, 10.897834089574502], [92.84969452742891, 10.892543040597957], [92.84685040612013, 10.887332483673092], [92.8454044417725, 10.884773336665361], [92.84425813486078, 10.882861337803462], [92.84195395026725, 10.879113057803835], [92.83956764539985, 10.875415332997122], [92.83710035776798, 10.871769921427628], [92.83455326324716, 10.868178556195843], [92.83192757552692, 10.864642944654179], [92.82922454552303, 10.861164767586928], [92.8264454607909, 10.857745678427221], [92.8250539755023, 10.85607099992113], [92.82359164489415, 10.854387302455592], [92.82066445679371, 10.851091236050976], [92.81766529017725, 10.84785904591277], [92.81459557281798, 10.8446922683422], [92.81145676587269, 10.841592408491351], [92.80825036320621, 10.838560939673513], [92.8049778906649, 10.835599302646685], [92.80164090535729, 10.832708904942223], [92.79981402692565, 10.831164106591643], [92.79889870371571, 10.830411381392139], [92.79708355334114, 10.828929969148959], [92.79679845662193, 10.828429784017416], [92.79565244870324, 10.826517908684707], [92.7933487071871, 10.822769608074893], [92.79096286030997, 10.819071862694074], [92.78899889674167, 10.8161695388728], [92.78947700981402, 10.812921776060335], [92.79016284188052, 10.807060488614184], [92.79067436883182, 10.801181823940723], [92.79088649063274, 10.79823879100364], [92.79132352476714, 10.790594235879695], [92.79144598129002, 10.787725578873363], [92.7916079802383, 10.781985952171269], [92.7916475403645, 10.779148356626422], [92.79163373390364, 10.777524749448204], [92.7915807146351, 10.774344674138007], [92.79147682592432, 10.771165825360384], [92.79132209536814, 10.76798899859402], [92.79123262436738, 10.766607307596232], [92.79174670411246, 10.765005784263792], [92.79292853706184, 10.761043295093756], [92.79349885322344, 10.75905604968517], [92.79435661344272, 10.755945834762414], [92.794947836391, 10.753700245359624], [92.79607768567874, 10.749196157587718], [92.79710206964094, 10.74466747779779], [92.7980204469799, 10.740116619941375], [92.7984473500654, 10.737868101512149], [92.79875277504564, 10.736054982654963], [92.79931978906032, 10.732488013970098], [92.79982192056534, 10.72891154892686], [92.80025900984529, 10.725326741446494], [92.80063091818639, 10.721734748082412], [92.80093752791404, 10.718136727685234], [92.80117874243157, 10.714533841000588], [92.80135448624767, 10.710927250293082], [92.80142598188527, 10.70912318081119], [92.80155816599941, 10.70479473914051], [92.80159341018779, 10.703244448033104], [92.80163971463074, 10.700143498909583], [92.80165079146653, 10.698625955038125], [92.8016251260681, 10.696399868927301], [92.80152546594033, 10.692014986052016], [92.80132911796775, 10.68763329552516], [92.80103617974723, 10.683256882598798], [92.80064255975756, 10.678829597066212], [92.80054040287357, 10.674381770688967], [92.80034407114002, 10.67000007501423], [92.80005115471008, 10.66562365684112], [92.79966179711064, 10.661254598810203], [92.79917618773962, 10.656894979986745], [92.7985945617639, 10.652546874843253], [92.79791720000529, 10.648212352301115], [92.79756035066723, 10.64608076922103], [92.79701573143618, 10.643266028097031], [92.79585890980863, 10.63771671848609], [92.79524098492507, 10.63495012874958], [92.794655841163, 10.632495025242605], [92.7939238970861, 10.629615064478514], [92.79237437974385, 10.623877771090847], [92.79065429890946, 10.618188245179553], [92.78876516407618, 10.612551448715294], [92.78778927083263, 10.609775972434136], [92.78746912113743, 10.608918740578332], [92.78683183670157, 10.607235902919598], [92.78589205354447, 10.604847374723562], [92.7842891725941, 10.600922221221964], [92.78265541602585, 10.59714543617352], [92.78099068098308, 10.593504464796325], [92.77925316926056, 10.58989693790187], [92.77744356927363, 10.586324279598983], [92.77556259781718, 10.582787900176797], [92.77361099977801, 10.57928919555114], [92.77252497857037, 10.57739531704388], [92.77233651406655, 10.573634064725212], [92.77214027471493, 10.569252339785521], [92.7718474821967, 10.564875891784197], [92.77145827993846, 10.560506803375262], [92.77097285722382, 10.556147153658117], [92.7703914490925, 10.551799017123386], [92.76971433621944, 10.547464462697775], [92.76935756175382, 10.545332554539229], [92.7689109847349, 10.542993159274076], [92.76797482738974, 10.5383886186643], [92.76747958162596, 10.536091762953703], [92.76666201241656, 10.532505745489573], [92.7662922005438, 10.530941945193916], [92.76552738687266, 10.527820377623968], [92.76471229250038, 10.52471129657252], [92.76384712686516, 10.521615495192108], [92.76293211216026, 10.518533763231119], [92.76196748327797, 10.515466886838894], [92.76095348774172, 10.512415648340493], [92.75989038564026, 10.50938082603895], [92.75935721576357, 10.507896455041987], [92.75864858541317, 10.506029299255204], [92.75721644144815, 10.502366505777786], [92.75567314032693, 10.498642597031264], [92.75401155676937, 10.494851191942004], [92.7522463291547, 10.491042639928693], [92.75002278653872, 10.486497524279685], [92.74773645925691, 10.482102790755931], [92.74538940267715, 10.477851370232926], [92.74420430869296, 10.475764121032427], [92.74328650419054, 10.474223555566823], [92.7414528205089, 10.471207251375517], [92.73956609635113, 10.468223173678936], [92.73762691103374, 10.465272236379263], [92.73664429658729, 10.463805187339148], [92.7265791916997, 10.44905891425421], [92.72506494481698, 10.446901569148281], [92.72198005200883, 10.442626710621738], [92.71878345445649, 10.438433064601242], [92.71774658644122, 10.437117360195913], [92.71682937887763, 10.435512111361433], [92.71642480931862, 10.434831427752925], [92.71559566196342, 10.433162672324869], [92.71392690898884, 10.429953141076894], [92.71307799612183, 10.42835579475404], [92.71017104791773, 10.423003007792985], [92.70941730374372, 10.421640396988352], [92.70788864527404, 10.418926846051335], [92.7071279420999, 10.41760024913492], [92.70598407672387, 10.415689274119629], [92.70368349397538, 10.411940825355003], [92.701300912076, 10.408242932083496], [92.69883746668037, 10.40459735250812], [92.69629433176246, 10.401005819893527], [92.69367271906415, 10.397470041759249], [92.69097387750557, 10.39399169905684], [92.68819909259466, 10.39057244537949], [92.68680902229241, 10.388896818032308], [92.68534968580687, 10.387213906172747], [92.68242701397728, 10.38391767799115], [92.67943246862043, 10.380685327698743], [92.6763674752876, 10.377518391756894], [92.67323349288202, 10.374418375486897], [92.67003201297311, 10.371386752366092], [92.66676455906796, 10.368424963312165], [92.66343268591353, 10.365534416027444], [92.66176697156075, 10.364120508651013], [92.66003797873194, 10.362716484306048], [92.65658205247567, 10.359972507395298], [92.65306655106284, 10.357303789362248], [92.64949314661024, 10.354711598487143], [92.64586353860815, 10.352197166638632], [92.64217945314002, 10.349761688711212], [92.64020984675395, 10.348323487936199], [92.64234068878173, 10.33942126794588], [92.64443047300065, 10.330690603528325], [92.6465205204261, 10.321958856058004], [92.64861019568914, 10.313228682814668], [92.65070032438948, 10.304496636433939], [92.65279023585569, 10.295765517919719], [92.6548800409046, 10.287034863397537], [92.6569700226697, 10.278303491809652], [92.65905976282463, 10.269573153662847], [92.66114991600799, 10.260841106546707], [92.66323990693107, 10.252109756706062], [92.66532971851868, 10.243379177270839], [92.66741959658046, 10.234648340418772], [92.66950961392232, 10.225916941087036], [92.67159958799621, 10.217185747461698], [92.67368959970943, 10.208454413119938], [92.67577954107205, 10.199723392059127], [92.67786946253071, 10.190992475327846], [92.67995947429571, 10.182261201606934], [92.68204940627723, 10.173530281464508], [92.68413932151381, 10.164799454399812], [92.6862294896977, 10.15606758803527], [92.68831936486518, 10.147336966037741], [92.69040945602515, 10.138605461076551], [92.69249938520156, 10.129874653969495], [92.6945894213201, 10.12114342036351], [92.69667939221566, 10.112412479481236], [92.6987695005831, 10.103680987411423], [92.6994208303137, 10.10059462341789], [92.70085946189957, 10.094950127041812], [92.70214751060078, 10.089194468389195], [92.70294957295997, 10.086218661361556], [92.70503954454162, 10.077487797694843], [92.70712969476503, 10.068756208891926], [92.70921962847459, 10.060025544810458], [92.71130960206025, 10.051294738134956], [92.71339965038177, 10.042563634825456], [92.71548987997838, 10.033831795376813], [92.71757982146224, 10.02510117972949], [92.71967002952258, 10.01636946979555], [92.7217601736265, 10.00763804815908], [92.72385019764968, 9.998907152122626], [92.7259402529252, 9.990176141087758], [92.7280301986709, 9.981445608713372], [92.73012033848565, 9.972714285842798], [92.73221048403232, 9.963982959236006], [92.73430059253886, 9.95525180666013], [92.73639079492798, 9.946520283003494], [92.73848081918041, 9.93778952744178], [92.74057105711117, 9.929057894809034], [92.74266123255606, 9.920326544293715], [92.74475130601755, 9.911595639986103], [92.7468413393253, 9.902864923597846], [92.74893142858625, 9.894133992755542], [92.75102182193925, 9.885401816472864], [92.75311178543316, 9.87667145225376], [92.75520199853239, 9.867940064637452], [92.75729199373578, 9.859209608302692], [92.75938229340815, 9.85047790029175], [92.76147261078896, 9.841746138477887], [92.76356265653672, 9.8330155343601], [92.76565289066755, 9.824284160627798], [92.76774307868206, 9.815552999691334], [92.76983332938099, 9.806821596165264], [92.77192337364673, 9.798091076004226], [92.77401358196877, 9.789359890698279], [92.7761039385654, 9.780628106171918], [92.77819416475407, 9.771896889383854], [92.78028434372416, 9.76316588712126], [92.7823745696858, 9.754434708706682], [92.78446468892119, 9.745703995337792], [92.78655494960074, 9.736972712173312], [92.78864522532925, 9.728241386277602], [92.79073533299814, 9.719510785370218], [92.79282564933115, 9.710779330119578], [92.79491609726912, 9.702047345269634], [92.79700614291411, 9.6933170609515], [92.79909646932074, 9.68458562308615], [92.8011867200814, 9.675854522215047], [92.80327698911347, 9.66712336889222], [92.8053674427101, 9.658391460088922], [92.80745755605048, 9.649660993556537], [92.80954794528176, 9.640929394723145], [92.81163814235614, 9.632198618635456], [92.81372853306803, 9.62346705291877], [92.81581880068151, 9.614736022382885], [92.8179091779622, 9.60600455762038], [92.81999957932729, 9.597273007690362], [92.82208983894148, 9.588542070838201], [92.82418004878767, 9.57981136195177], [92.82627056801917, 9.57107938085953], [92.82836085342856, 9.562348395610087], [92.8304511600567, 9.553617346466496], [92.83254136291382, 9.544886747081193], [92.83463174541717, 9.536155416500861], [92.83672211345655, 9.527424167306194], [92.83881252327504, 9.518692763674082], [92.84090293595958, 9.509961367232933], [92.84299321014552, 9.501230574000544], [92.84508360826598, 9.492499279415966], [92.8471740528706, 9.483767810728338], [92.84926453829829, 9.47503619068587], [92.85135492442888, 9.466305006342168], [92.85344527944775, 9.45757397199634], [92.85553564722429, 9.448842903507881], [92.85751536426065, 9.441342322518153], [92.8617624554752, 9.43949084390826], [92.86576566096844, 9.43763613951215], [92.86972712192724, 9.435695119794033], [92.87364495072674, 9.433668709980665], [92.87751728061576, 9.431557875995992], [92.87942931754233, 9.43048864942827], [92.88134226665389, 9.429363623977778], [92.88511808656645, 9.427086999806733], [92.88884294162133, 9.424729088604266], [92.8925150574747, 9.422291014220988], [92.89613268504687, 9.419773938680635], [92.89969410132582, 9.417179061645172], [92.90319761021911, 9.414507619818309], [92.90664154333294, 9.411760886377166], [92.90833418088604, 9.410380710615755], [92.91002426079623, 9.40894017034229], [92.91334415202587, 9.406046815961759], [92.91659963649997, 9.403082202064283], [92.91978916450105, 9.400047741409978], [92.92291121787039, 9.396944879997903], [92.92596431072118, 9.39377509638382], [92.92894699014838, 9.390539900969856], [92.931857836908, 9.387240835295174], [92.93328091179367, 9.385592353552056], [92.93441854222343, 9.384214798111316], [92.93677037728943, 9.381847756888916], [92.93937989040407, 9.379121112637193], [92.94193754086538, 9.376346443785366], [92.9431570689143, 9.375004379025768], [92.94401632113372, 9.37429605846215], [92.94570617208481, 9.372855564537915], [92.94902572417473, 9.369962209167952], [92.9522808764954, 9.366997594161319], [92.95547007948866, 9.36396313227138], [92.95859181515274, 9.360860269489194], [92.9616445977488, 9.357690484367708], [92.96462697452083, 9.354455287300752], [92.96753752636712, 9.351156219821902], [92.9689605133797, 9.3495076706498], [92.9708181177264, 9.347241866628153], [92.97443887390253, 9.342691877701014], [92.97621616867335, 9.340390943788094], [92.98149032013791, 9.333354794875163], [92.98322079264895, 9.330974328273015], [92.98661095936572, 9.326164172294952], [92.98985817026235, 9.321257705888456], [92.99295965921576, 9.316259117751983], [92.99446120478015, 9.313758704418888], [92.99532875353432, 9.31223478576878], [92.99701289522747, 9.309215353226918], [92.99864457531922, 9.306167639060902], [93.00022331387831, 9.303092542266626], [93.0017486466335, 9.299990969881037], [93.00322012510216, 9.296863836726487], [93.00463731671735, 9.293712065144632], [93.00599980495966, 9.290536584717756], [93.00666731670722, 9.288943039519381], [93.00833432004882, 9.284865001485898], [93.00902596061073, 9.28312681293174], [93.01037657885436, 9.279637946878609], [93.0110263535125, 9.27791241896766], [93.0118060949284, 9.27570267307685], [93.01329631361861, 9.271316418197543], [93.01468444654742, 9.266897235900473], [93.01596976129983, 9.262447470126844], [93.01658661365533, 9.260215267633953], [93.02225161077453, 9.238748914301638], [93.02275953868983, 9.236739952750654], [93.02373362712748, 9.23271199095295], [93.0246239613007, 9.228664942396051], [93.02521576067457, 9.225681433038446], [93.02626433690673, 9.221972761087386], [93.02881248437754, 9.21198301396916], [93.02995759459495, 9.206955672828798], [93.03016613242167, 9.205917131659291], [93.03038674730678, 9.204784615738248], [93.03081488147055, 9.202517139606854], [93.03101753979453, 9.201409638347172], [93.03138076721618, 9.199217957114058], [93.03204988789301, 9.194882254846618], [93.03262364589173, 9.190533078627013], [93.03310177157923, 9.186172498858184], [93.03348404087356, 9.181802591276707], [93.03377027533966, 9.177425436010111], [93.03396034227197, 9.173043116540313], [93.03405415474745, 9.168657718734352], [93.03407700145803, 9.166492791875584], [93.03405059118566, 9.164223861462432], [93.03394755028941, 9.159743702797584], [93.03374406027345, 9.155266937800121], [93.03344022598301, 9.15079579021355], [93.03326324150552, 9.148561911414092], [93.03293005827547, 9.144881092398109], [93.03299449698503, 9.141868820104023], [93.03301734560446, 9.139703806032273], [93.03300250080147, 9.138009515902922], [93.03294505503706, 9.134677802045402], [93.03283206150022, 9.131347491158436], [93.0326635527683, 9.12801949786602], [93.03243957666066, 9.124694736114861], [93.03216019622377, 9.121374118949802], [93.0318254897119, 9.118058558246133], [93.03143555056445, 9.114748964470024], [93.03122678673893, 9.113095774465933], [93.03108686215901, 9.112057421285428], [93.03078317132875, 9.109970372898076], [93.03013182422708, 9.10580306094593], [93.02978902623201, 9.103750113220073], [93.02937608293567, 9.101567293634986], [93.02851271341117, 9.097265641729734], [93.02755515652396, 9.092983729465857], [93.02650387118572, 9.088723594048801], [93.02535936084783, 9.08448726225447], [93.02412217325778, 9.080276749477363], [93.0227929001858, 9.076094058743863], [93.02137217714463, 9.071941179788652], [93.02064814774909, 9.06989728351411], [93.01986068307454, 9.067820088085654], [93.01825914002782, 9.063732743945167], [93.0165683128063, 9.059681091544036], [93.0147890085947, 9.055667058013938], [93.0129220765779, 9.05169255253756], [93.01096840753704, 9.047759465451051], [93.00892893340338, 9.043869667310133], [93.00680462683138, 9.040025008042377], [93.00573364889627, 9.038135271581552], [93.00459650071227, 9.03622731603511], [93.00230560771129, 9.032478397303223], [92.99993303974227, 9.028780034600558], [92.99747992745475, 9.025133986587889], [92.99494743969277, 9.021541987000347], [92.9927410708955, 9.018553368681836], [92.99604380311271, 9.010491329276519], [92.99942954577264, 9.002226670446689], [93.00281522491983, 8.99396217568028], [93.0062005061072, 8.985698660068579], [93.00958640429107, 8.977433651381887], [93.01297209370992, 8.969169161315548], [93.01364521541896, 8.967526068347723], [93.015398839977, 8.965534490083286], [93.01679179503319, 8.963918288623333], [93.01820405997657, 8.962206171346494], [93.0209639326134, 8.958784087269677], [93.02364801676114, 8.955302934893183], [93.02625503587868, 8.951764372669501], [93.02878375025008, 8.94817008635043], [93.03123295755321, 8.944521788208618], [93.03360149346352, 8.940821216171912], [93.03588823218698, 8.937070133017954], [93.03699911797256, 8.935202679156006], [93.03846957248228, 8.932578958877102], [93.04130841046978, 8.927330651270992], [93.04398949932002, 8.922000966339027], [93.04651048881308, 8.916594589825621], [93.04773066445912, 8.913872818032075], [93.04810664843953, 8.912999548389877], [93.04918362373931, 8.910398109019638], [93.05126391524928, 8.905166271221447], [93.05225842022773, 8.902559978518283], [93.0528999066876, 8.900752416931027], [93.05413139333663, 8.897173979311034], [93.0552949550079, 8.893573134784305], [93.05639018179247, 8.889951158081203], [93.05692065791558, 8.888135050821788], [93.05779403023067, 8.885036484113058], [93.05844125747367, 8.88262546067341], [93.05967532081095, 8.87778816772196], [93.06078825451917, 8.87292189985206], [93.06177937750951, 8.86802965614325], [93.06223972706746, 8.865603852400483], [93.0626024831711, 8.863413159816872], [93.06327107527207, 8.859077392202607], [93.06384439370683, 8.854728148506041], [93.06432216892259, 8.8503674991384], [93.06470417687106, 8.84599751986093], [93.06494564774388, 8.842302613024444], [93.06714200664592, 8.836941388595946], [93.07052769683216, 8.828677065164129], [93.07391325274787, 8.820413079380273], [93.07729924552015, 8.812148035857803], [93.08068472982498, 8.803884244671877], [93.08407034586699, 8.795620141819171], [93.0874563829959, 8.787355018819113], [93.09084202135844, 8.779090882175126], [93.09422758728934, 8.770826931326525], [93.09761335234262, 8.762562502131217], [93.10099909739816, 8.754298134734924], [93.10438464794791, 8.746034251103566], [93.10777058774082, 8.737769427247699], [93.11115619608577, 8.729505421024356], [93.11454203610819, 8.721240860476797], [93.1179275240037, 8.712977169327473], [93.12131357133202, 8.704712120339238], [93.12469927298432, 8.696447928096262], [93.12808512729296, 8.688183372214468], [93.13147056303004, 8.679919845711225], [93.13485639452884, 8.671655366167656], [93.13824194920349, 8.663391571302185], [93.14162816668662, 8.655126166271742], [93.14477662675492, 8.64744111444945], [93.14636856286106, 8.646502856014052], [93.15013629780671, 8.64422622990189], [93.15385318411077, 8.641868315385636], [93.15751745135222, 8.639430236183102], [93.1611273543048, 8.63691315418339], [93.16468117374777, 8.63431826890465], [93.1681772172939, 8.631646816914895], [93.17161382018614, 8.62890007124966], [93.17330407157377, 8.627518875237342], [93.17520742016691, 8.625888328337538], [93.17894735539554, 8.62260293725852], [93.18079690055461, 8.620937268196641], [93.19304126873041, 8.609632843418169], [93.1941910576189, 8.60855449299072], [93.19647356772967, 8.60637998287848], [93.19872160344804, 8.60417019879894], [93.20093461491777, 8.601925681843085], [93.20311206089079, 8.599646981595924], [93.20525340885277, 8.597334656005017], [93.20735813516191, 8.594989271235235], [93.20942572516319, 8.59261140154564], [93.21043722220381, 8.591429782739823], [93.21184753354012, 8.589718341196487], [93.21460471849772, 8.586296239404334], [93.2172861937195, 8.582815067637483], [93.21989068385531, 8.579276484304643], [93.22241695034998, 8.57568217509855], [93.22486379200282, 8.57203385222337], [93.22723004555755, 8.56833325355231], [93.22951458623433, 8.564582141824587], [93.23062491286888, 8.56271379884933], [93.23171632827868, 8.560782303779135], [93.23383422547121, 8.556935549305237], [93.23586727161725, 8.553043710586834], [93.23781450101708, 8.549108641242057], [93.23967498893992, 8.54513221539871], [93.24144785204257, 8.541116326838704], [93.24313224879725, 8.537062888067666], [93.24472737987949, 8.532973829421934], [93.24549409967133, 8.530943713814494], [93.24599330137974, 8.529545308760248], [93.2469547307089, 8.526787703873055], [93.24742538405346, 8.525405434497301], [93.2490625685488, 8.520479766093828], [93.24962365980244, 8.518738693695227], [93.24980777262866, 8.518148999460806], [93.25262165401514, 8.516363351002553], [93.25628472927994, 8.513925271799309], [93.25989345914635, 8.511408189560314], [93.26344612496635, 8.508813303782773], [93.26694103491687, 8.506141851012842], [93.27037652479592, 8.503395104260662], [93.272066423253, 8.502013745515768], [93.27375095883079, 8.500574372380953], [93.27706273043415, 8.497680999465473], [93.28031026300064, 8.494716364176028], [93.28349201062852, 8.49168187910854], [93.28660645887962, 8.48857899009775], [93.28965212548067, 8.485409175543793], [93.29262756104467, 8.482173945689652], [93.29553134974756, 8.478874841911932], [93.29695238480573, 8.47722467033637], [93.29731485683251, 8.476791964997432], [93.2980440285913, 8.475916528000226], [93.29951287363443, 8.474110969968962], [93.30225466567546, 8.470659814484904], [93.30484593945849, 8.467251566431514], [93.30729741259941, 8.463880533784092], [93.30967824042514, 8.46045969085526], [93.31198740392264, 8.456990504504091], [93.31422391488886, 8.45347446227747], [93.31638681634732, 8.449913071781097], [93.31676741187849, 8.449271639679438], [93.3184323562875, 8.448541811669855], [93.32242480041364, 8.446687112114859], [93.32637561966087, 8.444746096354294], [93.33028293170739, 8.442719689465065], [93.33414487505499, 8.440608857204268], [93.33605313608322, 8.439538855468513], [93.3379596099198, 8.43841460554762], [93.34172531908624, 8.436137980222213], [93.34544020882313, 8.433780066178642], [93.34910250970515, 8.431341987092111], [93.35271047746934, 8.428824904817233], [93.35626239384229, 8.426230018836563], [93.3597565673713, 8.42355856567734], [93.36319133420491, 8.420811818341804], [93.3648810048779, 8.419430352643175], [93.36659170856265, 8.417967789993867], [93.36995504119355, 8.415026668206337], [93.37446039561812, 8.410837403571406], [93.3769753916848, 8.40835140890458], [93.37768496100844, 8.407673435517637], [93.38021330266574, 8.405204870085214], [93.38098331470385, 8.4044449366326], [93.3815932553081, 8.403836477851016], [93.38313201931331, 8.402267585005333], [93.38552936345482, 8.399769327537328], [93.38700828150158, 8.398194671796418], [93.38763892098294, 8.397508602738228], [93.38910958639693, 8.395873163872125], [93.39010401908209, 8.39474270318226], [93.39204745253048, 8.395917766859199], [93.39395366226873, 8.39704198347394], [93.39579549717652, 8.398075756337875], [93.39952293457819, 8.400116913169697], [93.40329276322566, 8.402079388849074], [93.40710330832255, 8.403962311204538], [93.4090185517376, 8.404883771552917], [93.41042655776474, 8.405543056474855], [93.41249904644374, 8.40648518252128], [93.41627786693678, 8.408151902087909], [93.41601211899072, 8.410154016128956], [93.41553028939157, 8.41451426293132], [93.41514408748779, 8.41888393721294], [93.41485370027803, 8.423260959545246], [93.41465926918264, 8.427643246944882], [93.41456088997253, 8.432028713828558], [93.41453571225466, 8.434247969885348], [93.4145586127145, 8.436415273056411], [93.41457833629354, 8.437337152094415], [93.41408316379588, 8.439347667265821], [93.41312745029873, 8.443629765176041], [93.4122657619902, 8.447931599915577], [93.41185398046818, 8.450112526117252], [93.41149851197744, 8.452251124682604], [93.41082606847905, 8.456586284171678], [93.41024875463503, 8.460935015592156], [93.40976684835428, 8.465295249622528], [93.40938058217293, 8.469664911407648], [93.4090901431417, 8.47404192150752], [93.40889567272521, 8.478424196944715], [93.40879726673225, 8.482809652164846], [93.40877207863664, 8.485029061152815], [93.40879497526319, 8.487196200026148], [93.40888880267997, 8.491581752787795], [93.40907870759807, 8.4959642231306], [93.40936460289831, 8.500341525112546], [93.40974635576461, 8.504711575198797], [93.41022378773917, 8.509072293229906], [93.4107235657689, 8.512866565817404], [93.41027296092764, 8.515771035624297], [93.40969554271786, 8.520119751773606], [93.40921354656055, 8.52447997083435], [93.408827205059, 8.528849617958755], [93.40853670532229, 8.533226613718725], [93.40847384102781, 8.534642880959979], [93.40825376102472, 8.537131996312752], [93.40796325276582, 8.541508990058503], [93.40776872985, 8.545891249526875], [93.40773258557275, 8.547501426178798], [93.4075832613905, 8.548399549650043], [93.40691062453973, 8.552734683814577], [93.40633314081785, 8.557083390388797], [93.40585108825323, 8.561443600054645], [93.4054646994883, 8.565813237974055], [93.40517416166998, 8.570190224732158], [93.40497961634756, 8.574572477362977], [93.40488115940443, 8.578957910317541], [93.40485595159126, 8.581177608875123], [93.40487884100341, 8.583344436468025], [93.40497266555738, 8.587729968086236], [93.40516259172179, 8.592112417859624], [93.40544853240598, 8.596489699858012], [93.40583035481015, 8.600859730552301], [93.40630788048125, 8.605220429787778], [93.40688088539312, 8.609569721791132], [93.40754910004304, 8.613905536129536], [93.40791151465854, 8.61609549438188], [93.40831220957986, 8.618225808737378], [93.40916985394162, 8.622528482864226], [93.41012162802642, 8.626811510081026], [93.41116708187283, 8.631072851230485], [93.4123057208761, 8.635310477425861], [93.41353700601039, 8.639522370993106], [93.41486035408533, 8.643706526454679], [93.41627513801276, 8.647860951463755], [93.41701386254843, 8.649953888105614], [93.41778068710553, 8.651983667773692], [93.4193762873874, 8.6560727121702], [93.42106118193331, 8.66012613741934], [93.42283457120973, 8.664142013161594], [93.42469561347153, 8.668118426884163], [93.42664342514527, 8.672053484800742], [93.42867708124905, 8.675945312762423], [93.43079561582445, 8.679792057146784], [93.43188752219575, 8.681723826508502], [93.43299802240156, 8.683591885758545], [93.43528325445956, 8.68734298867767], [93.43765022594201, 8.691043579157494], [93.44009781174637, 8.694691894441505], [93.44262484827962, 8.698286196636843], [93.44523013399478, 8.701824773526752], [93.44791242996715, 8.705305939393256], [93.45067046047441, 8.708728035816463], [93.4520813890085, 8.710439693258564], [93.45350291361515, 8.712089432481662], [93.45640844191107, 8.715388527934394], [93.45938566297153, 8.718623750373581], [93.46243316013138, 8.721793558382018], [93.46554948313886, 8.724896441676492], [93.46873314882399, 8.727930921811307], [93.47198264182995, 8.73089555290828], [93.47529641532279, 8.733788922336231], [93.47698233094056, 8.735228595215105], [93.47867289172981, 8.73660965138923], [93.482110463471, 8.739356395928255], [93.48560749376284, 8.742027847056647], [93.48916231737505, 8.744622731725741], [93.49277324142972, 8.747139813347275], [93.49643854619771, 8.749577892378568], [93.50015648594595, 8.75193580691419], [93.5039252897341, 8.75421243321749], [93.50583376099266, 8.755336930504598], [93.50742846206427, 8.756234093253312], [93.51065734947807, 8.758012366512261], [93.51391836743667, 8.759731660553356], [93.51721042747423, 8.761391401285763], [93.52053243071882, 8.762991034499834], [93.5238832682355, 8.764530026039992], [93.52726182143297, 8.766007862000706], [93.53066696243522, 8.767424048896459], [93.53237603822348, 8.768116664552664], [93.53447129265246, 8.768943660253385], [93.53581089455591, 8.769461455868665], [93.53849738179863, 8.770478032353694], [93.53985285749619, 8.77097992484606], [93.54192408231316, 8.771704833036253], [93.54609921252725, 8.773115532258572], [93.55030431403034, 8.774435242509526], [93.55453738265797, 8.775663334725706], [93.55879640087946, 8.776799223517088], [93.56307933872543, 8.777842367435355], [93.56738415477352, 8.778792269237726], [93.57170879711649, 8.779648476123029], [93.57388039408895, 8.780053898506168], [93.57605120435667, 8.780410579950896], [93.58040930658237, 8.781078217435038], [93.58478102637369, 8.78165107032008], [93.58916427976666, 8.782128865528904], [93.59355697729617, 8.782511375299606], [93.59795702495282, 8.782798417290849], [93.60236232521649, 8.78298985467039], [93.6067707780575, 8.783085596180229], [93.61118028193661, 8.783085596180229], [93.6155887347775, 8.78298985467039], [93.61999403504112, 8.782798417290849], [93.62439408269782, 8.782511375299606], [93.62878678022739, 8.782128865528904], [93.63317003361996, 8.78165107032008], [93.6375417534114, 8.781078217435038], [93.64189985563732, 8.780410579950896], [93.64407066590505, 8.780053898506168], [93.64624226287779, 8.779648476123029], [93.6505669052207, 8.778792269237556], [93.65487172126834, 8.777842367435355], [93.65915465911414, 8.776799223517088], [93.66341367733665, 8.775663334725536], [93.66764674596394, 8.774435242509341], [93.67185184746606, 8.773115532258572], [93.67602697768032, 8.771704833036424], [93.67809820249775, 8.77097992484606], [93.68017014682081, 8.770203817262527], [93.6842793804021, 8.768613200399244], [93.68835272018865, 8.766933740608096], [93.69238822512241, 8.765166238390265], [93.6963839722753, 8.76331153619364], [93.70033805773616, 8.761370518022375], [93.70424859755346, 8.759344109002598], [93.70811372861667, 8.757233274943232], [93.7100231329853, 8.756163519808794], [93.71193160955713, 8.75503902187208], [93.71570042160144, 8.752762395567444], [93.71941836947909, 8.750404481037236], [93.72308368226143, 8.747966402008089], [93.72669461420688, 8.745449320387976], [93.73024944557588, 8.742854435724027], [93.73374648349105, 8.740182984601844], [93.73718406271641, 8.737436240072071], [93.73887462590201, 8.736055184972628], [93.74056054646323, 8.734615511032572], [93.74387432715238, 8.731722141618818], [93.74712382720779, 8.728757510537037], [93.75030749978865, 8.725723030420966], [93.75342382953616, 8.722620147148163], [93.75647133327735, 8.71945033916495], [93.75944856075611, 8.71621511675498], [93.76235409530656, 8.712916021333598], [93.76377562169083, 8.711266283643852], [93.76663305123245, 8.707716711008217], [93.76825199187832, 8.705938548924678], [93.7711574487146, 8.702639453114983], [93.77257895302753, 8.700989696351428], [93.77398983231498, 8.699278056051625], [93.77674779522974, 8.695855959192144], [93.77943002558905, 8.692374792850103], [93.78203524770541, 8.6888362154384], [93.78456222268258, 8.685241912672751], [93.78700974899729, 8.681593596775187], [93.78937666308573, 8.677893005633763], [93.79166183987124, 8.674141902004266], [93.79277232611932, 8.67227382021457], [93.79386419331965, 8.670342072634895], [93.79598267693714, 8.666495327437843], [93.79801628427575, 8.6626034986094], [93.79996404939587, 8.658668439774175], [93.80182504733725, 8.654692025075676], [93.80359839454346, 8.65067614830376], [93.80528324928602, 8.646622721971923], [93.80687881205122, 8.642533676431896], [93.80764562817038, 8.640503870073346], [93.80844191693879, 8.638241347735331], [93.80944224816173, 8.635286565502753], [93.80978356284314, 8.634378782317953], [93.8101061932908, 8.633508474848483], [93.81067006351483, 8.631924428250144], [93.81175482359848, 8.628794163999231], [93.81278762411497, 8.625646543997789], [93.8137681861547, 8.622482422221282], [93.8146962449973, 8.619302657112115], [93.81557155018172, 8.61610811134588], [93.81639386558217, 8.612899651569805], [93.81649388295355, 8.612521422280494], [93.81790612862986, 8.6096698652253], [93.81925560419918, 8.606833508010595], [93.82056041725687, 8.603976530074235], [93.82182025076517, 8.601099627804757], [93.82303479866633, 8.598203502443809], [93.82420376596431, 8.595288859895078], [93.82532686879497, 8.592356410549414], [93.8258684274115, 8.590909065521316], [93.82660698498623, 8.588816288121592], [93.82802156398, 8.584661855273893], [93.82934472161483, 8.580477691600578], [93.83057583087108, 8.5762657894537], [93.83171430862322, 8.572028154307986], [93.8327596159028, 8.567766803830963], [93.8337112581527, 8.563483766911347], [93.83456878545385, 8.55918108270535], [93.8349694578508, 8.557050584148314], [93.83533179273743, 8.554860799642682], [93.83599991996786, 8.550524974476218], [93.83657285231291, 8.546175671276501], [93.83705032028277, 8.541814960470532], [93.83733873677559, 8.538697508133197], [93.83793240230548, 8.534166719897755], [93.83839653145722, 8.529866549573399], [93.83876763236483, 8.525557435424432], [93.83904553644359, 8.521241371381109], [93.83923011824632, 8.516920354508088], [93.83930095541072, 8.513560988592161], [93.83978396600324, 8.511353284565814], [93.8401981650018, 8.50936355371293], [93.84098607803921, 8.505376136876663], [93.84135531192712, 8.503403801647124], [93.8417949613112, 8.500703157490108], [93.84259269776035, 8.495341836918072], [93.84324497242088, 8.489961055663912], [93.84375131734944, 8.484564724213598], [93.84396795425252, 8.48186316197426], [93.84404022835886, 8.480777609111016], [93.84413759517284, 8.479103784099806], [93.84430427771227, 8.475754746536978], [93.84441484084036, 8.472403406751909], [93.84446925526672, 8.469050696783597], [93.84448243286786, 8.46740020799902], [93.84446151464633, 8.465556812404628], [93.8460166167558, 8.46156966321675], [93.84678327526004, 8.4595393462279], [93.84752146439874, 8.457446923096427], [93.84893559299698, 8.453292473106359], [93.8502583321152, 8.449108291482077], [93.85148905489658, 8.444896370550666], [93.85262717835249, 8.440658715786952], [93.85367216363508, 8.436397344864332], [93.85462351629545, 8.432114286666263], [93.85548078650405, 8.427811580347566], [93.8558814102893, 8.42568067230306], [93.85624356926698, 8.423491274333287], [93.85691150460494, 8.41915542538976], [93.85748427772668, 8.414806097590073], [93.8579616191686, 8.410445361358583], [93.85834330491659, 8.406075292483905], [93.85862915650725, 8.401697971137978], [93.85881904110809, 8.397315480864535], [93.85891287157281, 8.39292990760373], [93.85893577532752, 8.390762463793962], [93.85889741322106, 8.388016861745228], [93.85874665774853, 8.382572623636449], [93.8585573851058, 8.378596259720709], [93.85833734424969, 8.375338570778283], [93.85807432293828, 8.372186022639482], [93.85777047083783, 8.369127894248422], [93.85741972979966, 8.366074746715057], [93.8570221828252, 8.363027293046613], [93.85657792383907, 8.359986244900341], [93.8560870576654, 8.35695231241776], [93.85583443142175, 8.35546225707047], [93.85542281324959, 8.35328160494565], [93.85456135862515, 8.348979744630569], [93.85360590124154, 8.344697620730742], [93.85255689874211, 8.340437270620711], [93.85141485322643, 8.33620072124495], [93.85018031100739, 8.331989988165944], [93.84885386234416, 8.327807074593977], [93.8474361411613, 8.323653970455695], [93.84671288090684, 8.321607893988684], [93.84592782473325, 8.319532651419962], [93.84432963336903, 8.315445077992408], [93.84264233005436, 8.311393194554483], [93.84086672008837, 8.307378928456998], [93.83900365069397, 8.303404189095176], [93.8370540106221, 8.299470867025875], [93.83501872970666, 8.295580833033], [93.83289877843126, 8.291735937268385], [93.83182897413943, 8.289844327221473], [93.8306951674571, 8.287938008355866], [93.82840894714909, 8.284188852545697], [93.82604120705864, 8.280490252828542], [93.82359307541552, 8.276843968115088], [93.82106571857688, 8.27325173238168], [93.81846034048485, 8.269715253867204], [93.81577818207373, 8.266236214242639], [93.8130205206945, 8.262816267832747], [93.81163571437324, 8.261136376618794], [93.81018866949117, 8.25945704081309], [93.80728397678925, 8.256160130458056], [93.80430782543695, 8.25292710436446], [93.80126163216173, 8.249759499724718], [93.7981468468827, 8.246658822584251], [93.79496495203367, 8.243626547142668], [93.79171746184002, 8.240664115035926], [93.78840592162439, 8.237772934678588], [93.78674705986859, 8.236355955230053], [93.78516756725483, 8.235062967859278], [93.78200850661128, 8.232529846769154], [93.77879903816941, 8.230060439716794], [93.77554045689092, 8.227655742391889], [93.77389906168244, 8.226469694504871], [93.77021376066344, 8.223862582782985], [93.76826051609922, 8.222514934340367], [93.76432275197013, 8.219865782798237], [93.76032353267928, 8.21730967748158], [93.75964801346416, 8.216899943719284], [93.76574926352035, 8.205781184841243], [93.76665097111666, 8.204100192598418], [93.76822282736751, 8.200852615486468], [93.770081277414, 8.197284080627924], [93.77084989011414, 8.195771398669564], [93.77175205211498, 8.193858062078718], [93.7733376547018, 8.190389262093149], [93.77371658411695, 8.189526800876749], [93.77480869043595, 8.186871993918487], [93.77550903138817, 8.185122400202005], [93.77618318866095, 8.183320679485206], [93.7776719502148, 8.179802224285481], [93.77833433190759, 8.178039200898468], [93.7791883271017, 8.175602764022742], [93.78082164054015, 8.17074337184556], [93.78249452427409, 8.165250034733788], [93.78441308595339, 8.15823484796826], [93.78530781963858, 8.154713620044078], [93.78705736240684, 8.147265094183624], [93.78766116015314, 8.144522350321196], [93.78879163667577, 8.139021104484556], [93.78931403625498, 8.136286839700901], [93.78963707747081, 8.134347817946718], [93.79023744294327, 8.130512449528212], [93.79076338691013, 8.126666245664637], [93.79121471545844, 8.122810640036448], [93.79159126250104, 8.118947069787652], [93.79187144804044, 8.115352088587628], [93.79291233048176, 8.112291683143724], [93.7942340166849, 8.108107456830908], [93.7954637673653, 8.103895489098008], [93.79660099988482, 8.09965778540365], [93.7976451757061, 8.0953963633971], [93.79859580064229, 8.09111325195913], [93.79945242508595, 8.086810490251139], [93.79985293234992, 8.084678521503108], [93.80014484455276, 8.08293685021485], [93.80069027153937, 8.079496938081931], [93.80118862957428, 8.075943704841137], [93.80163766979254, 8.072264334975642], [93.80205693911651, 8.06811123404492], [93.80249643686486, 8.062614223584944], [93.8027815574512, 8.057223741269851], [93.80291860230673, 8.051934914147296], [93.80295222376614, 8.049314388575823], [93.8029365616031, 8.04756734208648], [93.80287565917254, 8.044123342784019], [93.80283041024697, 8.042401611167278], [93.80264141305989, 8.036983416900611], [93.80256446462764, 8.035222201961034], [93.80237960034643, 8.031701370444736], [93.80213283510867, 8.028184310029218], [93.80182424636442, 8.024672101865264], [93.80145393055992, 8.021165825573206], [93.80102200310657, 8.017666558925555], [93.80052859834294, 8.014175377515102], [93.79997386949182, 8.010693354420354], [93.79968544929991, 8.008978761075724], [93.79927441863973, 8.006799112101874], [93.7984137984918, 8.002497160112569], [93.79745925543236, 7.9982149430297795], [93.7964112465452, 7.993954498301036], [93.79527027333293, 7.989717852942761], [93.79403688148179, 7.985507022602889], [93.79271166058592, 7.98132401057137], [93.7912952438725, 7.977170806857458], [93.79057229818252, 7.975123725830187], [93.78978830788728, 7.973049387221124], [93.78819157217552, 7.9689617122539005], [93.7865057989259, 7.964909726427038], [93.78473179261792, 7.960895357197828], [93.78416297419923, 7.959541753367205], [93.7838662532391, 7.955011168895709], [93.78349699480131, 7.95082689441476], [93.7834987012902, 7.949505553869244], [93.78347472823211, 7.947256450222994], [93.78337664279277, 7.942776749482945], [93.78318151550812, 7.938346311683119], [93.78289161090211, 7.933969175890979], [93.78277347607869, 7.932630429738111], [93.78275035791503, 7.931673414861876], [93.78252361879876, 7.9269350294967325], [93.78218483050054, 7.922203292773403], [93.7819874456653, 7.91983941701578], [93.78193820277662, 7.919323384728656], [93.78172664777642, 7.9173195765578015], [93.78126331259463, 7.91331658672965], [93.78071962564817, 7.909323656315081], [93.7800958075459, 7.905342388545392], [93.77976809280241, 7.903378545800621], [93.77935723794675, 7.901199202520559], [93.7784968655964, 7.896897223200753], [93.77754259396599, 7.8926149783294335], [93.77649487997061, 7.888354505368426], [93.77535422493779, 7.884117831364279], [93.77412117436253, 7.8799069719807875], [93.77279631764227, 7.875723930532715], [93.77138028779851, 7.87157069706295], [93.77065743276196, 7.8695233104755715], [93.7698737878491, 7.867449315700185], [93.76934609989266, 7.866098048870384], [93.76881638814805, 7.864597699429254], [93.76803278153628, 7.862523777697305], [93.76784180975929, 7.86203474409578], [93.76767267781022, 7.861538664791212], [93.76694987136719, 7.859491366833197], [93.76616622988908, 7.857417329879638], [93.76456996647997, 7.85332962167962], [93.76288468962272, 7.849277602337338], [93.76111120352411, 7.845263199333544], [93.75925035427449, 7.841288322196419], [93.75730302944615, 7.837354861607352], [93.75527015766014, 7.833464688489855], [93.75315270814994, 7.829619653135211], [93.75208353780468, 7.8277268924748284], [93.75095169028728, 7.82582158430688], [93.74866815311222, 7.822072288399539], [93.74630318481499, 7.818373548549673], [93.74385791222713, 7.814727123810627], [93.74133350027458, 7.811134748305818], [93.73873115143843, 7.807598130429227], [93.73605210515566, 7.804118951999598], [93.73329763724794, 7.800698867491732], [93.73191372057724, 7.799018062056277], [93.7304690593007, 7.7973395032342125], [93.72756771804919, 7.794042456651965], [93.72459499472373, 7.790809295494498], [93.72155230440447, 7.787641557106369], [93.71844109533382, 7.784540747682655], [93.71526284824725, 7.781508341577407], [93.71201907564196, 7.778545780576096], [93.7087113210853, 7.7756544732394275], [93.7070536420708, 7.774236835775298], [93.70534115845865, 7.772835794216263], [93.70191019121805, 7.770091083598544], [93.69842005162948, 7.76742164628682], [93.69487240000947, 7.764828751379852], [93.69126892390281, 7.762313631552431], [93.68761133732332, 7.759877482498652], [93.68390137990153, 7.757521462338886], [93.68014081607888, 7.755246691086185], [93.67825864789037, 7.754135816951461], [93.67633143426517, 7.753054250111731], [93.67247504600275, 7.750945181638713], [93.66857348508236, 7.74892048823591], [93.66462860669859, 7.7469811323557565], [93.66064228655037, 7.7451280358684755], [93.6566164199671, 7.743362079633357], [93.65255292099786, 7.74168410307513], [93.64845372151595, 7.740094903790961], [93.64640326016158, 7.739325427359944], [93.64432077028599, 7.738595237168781], [93.64015603207329, 7.73718581603805], [93.63596148666701, 7.735867310317801], [93.63173912798973, 7.734640346714897], [93.62749096311464, 7.733505508415121], [93.62321901133609, 7.732463334813843], [93.61892530320742, 7.731514321258459], [93.61461187958238, 7.73065891881447], [93.6124546545872, 7.730255399460532], [93.61028079063996, 7.7298975340508775], [93.60593409493535, 7.729230528851005], [93.60358779691413, 7.728922562400257], [93.60228952597797, 7.727683699225196], [93.59904617219766, 7.724721123465187], [93.59573884411273, 7.721829801584079], [93.59408129581882, 7.720412087681353], [93.59332004892886, 7.719813925003834], [93.59762178479062, 7.718754783368553], [93.6018436477224, 7.717526703929167], [93.60603762295207, 7.716207006871571], [93.61020171196967, 7.714796321133221], [93.61226852435917, 7.714071034393754], [93.61433393057493, 7.713295319005113], [93.61843230981137, 7.711704715815159], [93.6224948969249, 7.710025269580271], [93.62651975626787, 7.708257780653852], [93.63050497026492, 7.7064030913283545], [93.63444864029074, 7.704462085447005], [93.63834888760422, 7.702435687969455], [93.64220385423741, 7.700324864533769], [93.64410967212794, 7.699254290092753], [93.64601170388224, 7.698130620993481], [93.64977062275264, 7.695854002946064], [93.6534788204888, 7.693496095211046], [93.6571345309612, 7.691058021340524], [93.66073601315773, 7.688540943055429], [93.66428155200126, 7.685946059697557], [93.66776945915686, 7.683274607662142], [93.67119807383332, 7.680527859812884], [93.67288586002704, 7.679145439648764], [93.67481172582623, 7.677491101688815], [93.67647282229657, 7.676027388763188], [93.67911520205601, 7.675406893873941], [93.68234499941249, 7.674905457415193], [93.68394588694437, 7.674610465859118], [93.68713475447876, 7.673996232488193], [93.69031327799328, 7.6733307990506034], [93.69348063120552, 7.672614338538523], [93.69604350572186, 7.671992076593796], [93.69903608810395, 7.671242617403806], [93.70474341129508, 7.66972037060701], [93.71040351721805, 7.668031828151555], [93.71601153683028, 7.666178442742677], [93.7187944544826, 7.6652134300395005], [93.72085957630193, 7.66443773285053], [93.72495748864216, 7.662847130533294], [93.72901961325138, 7.661167685180018], [93.73304401471935, 7.659400197135923], [93.73702877569937, 7.657545508686695], [93.74097199779524, 7.655604503667945], [93.74487180249363, 7.65357810702919], [93.74872633204117, 7.6514672844047595], [93.75063199998638, 7.650396672354901], [93.75253375034961, 7.649273041639503], [93.75629224385253, 7.646996424319951], [93.76000002239451, 7.644638517260475], [93.76365532006278, 7.6422004439995135], [93.76725639605095, 7.639683366247056], [93.77083786201777, 7.637060657047726], [93.77369590260375, 7.636144771371988], [93.77785921492378, 7.634734087014209], [93.77992572224221, 7.634008771863336], [93.78112481484752, 7.633564614146337], [93.78350246407754, 7.63266672313857], [93.78468844369675, 7.632210293420016], [93.78681840760592, 7.631375121860373], [93.78856228455268, 7.630672514695036], [93.7920365822051, 7.629234930695986], [93.795483362113, 7.627732882791804], [93.79890142258827, 7.6261668947798285], [93.80228957201481, 7.624537512741284], [93.80564662924061, 7.622845304860093], [93.80897142399894, 7.621090861220296], [93.81226279731285, 7.619274793602415], [93.81388998263677, 7.618357190340589], [93.81579154925984, 7.617233584800076], [93.81954976534493, 7.614956967974351], [93.82325727050116, 7.612599061372464], [93.82691229894792, 7.610160988528946], [93.83051311000995, 7.607643911150063], [93.83405798893446, 7.6050490285658725], [93.83754524771487, 7.6023775771543285], [93.84097322587346, 7.599630829764962], [93.84266082325493, 7.598248305761771], [93.8443402912898, 7.59681009508607], [93.84764484095555, 7.593916717032741], [93.85088530174502, 7.590952074099903], [93.85406013114962, 7.587917578719598], [93.85716781804066, 7.584814676557187], [93.8586562755165, 7.5832621734949015], [93.86218586267913, 7.581427843637115], [93.86603975203539, 7.579317022263339], [93.86794520110638, 7.5782463547139685], [93.86927946378253, 7.577463785359754], [93.8719160657242, 7.575890040332396], [93.87462570069002, 7.574214035482385], [93.877421616134, 7.572422926320243], [93.88087565544029, 7.57010830674885], [93.88576197431277, 7.566685645183483], [93.89044232219678, 7.563200844198022], [93.89492550613161, 7.559656380070393], [93.89713056384599, 7.5578618441381025], [93.89871086491465, 7.556510217175031], [93.90182092826464, 7.553794045163102], [93.90487447371888, 7.551014772461883], [93.90787021652145, 7.548173569423881], [93.91080689633932, 7.5452716324480065], [93.91368327777698, 7.542310183493498], [93.9164981509106, 7.539290469545094], [93.91925033178748, 7.536213762098242], [93.92061059089852, 7.534661326680151], [93.92527163386174, 7.529230254297573], [93.92561255650352, 7.528830898018327], [93.92645610043385, 7.527836540084564], [93.92802496267737, 7.525933170636378], [93.93077513530088, 7.522511033065811], [93.93344980476436, 7.519029821033129], [93.9360476988492, 7.515491192768053], [93.93856758200857, 7.511896833792974], [93.94100825593617, 7.508248456143733], [93.94336856014709, 7.504547797534855], [93.94564737251531, 7.500796620547334], [93.94675635884201, 7.498925755403988], [93.94784360981666, 7.496996711769654], [93.949956228236, 7.49314988095567], [93.9519842238652, 7.489257960152344], [93.95392663316446, 7.485322802849936], [93.95578253343874, 7.4813462830589685], [93.9575510432567, 7.477330294449047], [93.95923132287632, 7.473276749422652], [93.96082257463033, 7.469187578228997], [93.96158850307134, 7.467154475680985], [93.96232404331366, 7.465064728013985], [93.96373501653139, 7.460910161911642], [93.96505482503645, 7.456725858098338], [93.96606775731638, 7.4532515436923035], [93.96928575886213, 7.450895117254589], [93.97277180190198, 7.448223667309421], [93.976198586582, 7.445476921080555], [93.9778858334927, 7.444094199451101], [93.97956448136418, 7.442656187224642], [93.98286788380145, 7.439762809633265], [93.98610722132182, 7.436798166773173], [93.98928095196331, 7.433763671039898], [93.99238756512185, 7.430660768070851], [93.99542558224735, 7.4274909360764525], [93.99839355757402, 7.424255685106388], [94.00129007879698, 7.420956556341636], [94.00270918806629, 7.419304436039653], [94.00411376774107, 7.417595121357053], [94.00686328100952, 7.41417298138343], [94.00953731064297, 7.410691766514702], [94.0121345847177, 7.407153134958932], [94.01465386796772, 7.403558772223306], [94.01709396235898, 7.399910390323782], [94.01945370766632, 7.396209726956656], [94.02173198200856, 7.392458544691223], [94.02284085309518, 7.390587424061138], [94.02392770240206, 7.3886586300930475], [94.02603982525156, 7.384811792910028], [94.02806734685899, 7.380919865178996], [94.03000930389513, 7.376984700359841], [94.03186477385177, 7.3730081724540355], [94.03363287546958, 7.3689921751285965], [94.03531276917309, 7.364938620775263], [94.03690365745163, 7.360849439623166], [94.03766951991682, 7.358816034434582], [94.03840478524214, 7.356726578808818], [94.03981544027485, 7.352572001468715], [94.04113495342116, 7.348387685768827], [94.042362698998, 7.344175623987425], [94.04349809506672, 7.33993782155099], [94.04454060369883, 7.335676296097844], [94.0454897312355, 7.331393076488368], [94.04634502851044, 7.327090201866781], [94.04674532626123, 7.3249558811466216], [94.04710609106476, 7.3227697206599345], [94.04777605849537, 7.318407061280851], [94.04869919128967, 7.317068107576318], [94.05113882943138, 7.313419722460694], [94.05349813474456, 7.309719055482148], [94.05577598554967, 7.305967869185281], [94.05688476745277, 7.304096544764079], [94.05797129904519, 7.302167950129771], [94.06008303181235, 7.298321108050047], [94.06211018032505, 7.294429174963042], [94.06405178140275, 7.290494004334846], [94.06590691268687, 7.286517470156454], [94.06767469306479, 7.282501466069846], [94.06935428308944, 7.278447904459199], [94.07094488536555, 7.274358715557398], [94.0717106970931, 7.272325068966012], [94.07244574494067, 7.270235846494899], [94.07385614965236, 7.266081260387395], [94.07517543046256, 7.26189693539601], [94.07640296176751, 7.257684863806361], [94.07753816170228, 7.253447051038819], [94.07858049240448, 7.249185514720054], [94.07952946026992, 7.244902283707162], [94.08038461617448, 7.240599397152806], [94.08078489445043, 7.238464809628653], [94.08114555569594, 7.236278903485001], [94.08181191929091, 7.23194285946623], [94.08238339246626, 7.227593329202534], [94.0828597059216, 7.223232383157196], [94.08324063567292, 7.218862097165612], [94.08352600315172, 7.2144845514727365], [94.08371567529005, 7.210101829694537], [94.08373108582592, 7.209381963614007], [94.08383607134701, 7.208420732075382], [94.08421699270761, 7.204050443608352], [94.08450235492111, 7.199672895346254], [94.08469202491548, 7.195290170911321], [94.08475536393306, 7.192331470024371], [94.08507167618822, 7.190868560774092], [94.08581795580514, 7.187062710355278], [94.0861689538738, 7.1851775445276616], [94.08652955174855, 7.182991795086224], [94.08719585162507, 7.178655743152007], [94.08776727229721, 7.174306204634917], [94.08824354446742, 7.169945250018998], [94.0886244441514, 7.165574955142262], [94.08890979277632, 7.161197400232055], [94.08899043775111, 7.159333871292887], [94.08916596802382, 7.1584505168133745], [94.08956622863096, 7.1563156760489335], [94.08992679232088, 7.154130011475701], [94.090593057929, 7.149793955284622], [94.09081415454315, 7.148509663014579], [94.09165738354775, 7.147595093563297], [94.09410040124388, 7.144981869187376], [94.09649648825021, 7.142325660900809], [94.09884488724228, 7.13962730915361], [94.09999639676582, 7.138280410488832], [94.10139969506926, 7.136571606010648], [94.10414754496045, 7.1331494608810715], [94.10681996056977, 7.129668239748554], [94.1094156707135, 7.126129600772572], [94.11193344083867, 7.122535229409365], [94.11437207358793, 7.118886837636495], [94.11673040939039, 7.115186163105051], [94.11900732699198, 7.111434968334606], [94.12011591742655, 7.109563186132661], [94.12145073501162, 7.107178486317622], [94.1240371230763, 7.102406660677929], [94.12529806487234, 7.1000033120227215], [94.12581633201339, 7.098982211252562], [94.12649203595143, 7.097625671314944], [94.12782289324176, 7.094902568079235], [94.12911250558923, 7.092159736970686], [94.13036058071523, 7.089397801195489], [94.1315668357997, 7.086617388279407], [94.13273099753596, 7.083819129938192], [94.13385280219754, 7.081003661928264], [94.13493199569157, 7.0781716239122545], [94.13545396304127, 7.0767706188212856], [94.13618915210068, 7.0746800776132375], [94.13760017471279, 7.070521754124485], [94.13891995051475, 7.066333640373486], [94.14014785249626, 7.062117733964357], [94.14073875456265, 7.060003091359064], [94.14224945696495, 7.054359483475196], [94.14279303778582, 7.052236318520599], [94.14383374167645, 7.047978637813401], [94.14478129589386, 7.043699306015327], [94.14563525274619, 7.039400356624455], [94.14603509362561, 7.0372671403665095], [94.14636961631757, 7.035249480704223], [94.14699099160399, 7.031249728493989], [94.1475316490835, 7.027238289916681], [94.14799137174023, 7.023216790594688], [94.14836997537205, 7.019186860170834], [94.14853110449783, 7.015132108943249], [94.14870324032236, 7.013136138347335], [94.14883241493524, 7.011104492194335], [94.14894006666643, 7.009090583619852], [94.14900750816432, 7.007062485608728], [94.14905785556985, 7.0050393370961785], [94.14907761224899, 7.003703942346917], [94.14906376168179, 7.000611154582359], [94.149059577168, 6.999932877181706], [94.14905471783496, 6.999318584246083], [94.14903305004091, 6.998581158581544], [94.1490312292797, 6.99792750738456], [94.14911480881179, 6.995702304254706], [94.14901715135525, 6.991316535065295], [94.14882376445215, 6.986933937246235], [94.14853474280946, 6.982556596536867], [94.14815022663348, 6.978186596115165], [94.14767040156144, 6.973826015614918], [94.14709549856443, 6.969476930120251], [94.14655965495021, 6.965864893681143], [94.14675585150977, 6.961381485117101], [94.14684975792201, 6.956995627932116], [94.14687277708353, 6.954823569380778], [94.14684789092266, 6.952608766675809], [94.14675025406555, 6.948222989244101], [94.14655689647972, 6.943840382939925], [94.1462679128409, 6.939463033506328], [94.14588344332131, 6.935093024121656], [94.14540367351921, 6.930732434436237], [94.14482883436338, 6.926383339539399], [94.14415920200011, 6.922047809004283], [94.14380438754907, 6.919904402502397], [94.14339509765446, 6.917727905885329], [94.14253688747883, 6.913425685766853], [94.14158498236648, 6.909143195745941], [94.14053983775412, 6.904882473481166], [94.13940195340152, 6.900645546217376], [94.1381718731532, 6.8964344298459395], [94.13685018466654, 6.8922511279049985], [94.13543751913406, 6.888097630653974], [94.13471539159426, 6.886047411526619], [94.13393455097437, 6.883975914117627], [94.13234199751938, 6.879887939171169], [94.13066061865126, 6.875835650567296], [94.12889121645193, 6.87182097604736], [94.12703463480855, 6.867845825403862], [94.12509175901621, 6.863912089590684], [94.12306351534542, 6.860021639807201], [94.12095087060911, 6.856176326631939], [94.11988280972494, 6.854281157618217], [94.119089843681, 6.85293333603606], [94.11750200832697, 6.850281832046889], [94.11669790867333, 6.8489621805242535], [94.11437393590498, 6.845213280567208], [94.11340775867157, 6.843685519854773], [94.11137347574234, 6.840536345724246], [94.1113525070156, 6.837919529618304], [94.11137553632844, 6.835747090843924], [94.11135067274498, 6.83353264652969], [94.1112530924917, 6.829146846574744], [94.11105981531122, 6.824764217070992], [94.11077093579516, 6.820386843782444], [94.11038659401916, 6.816016809900475], [94.10990697547507, 6.8116561950853765], [94.10933231097331, 6.807307074443884], [94.1086628765328, 6.802971517572331], [94.10830810245497, 6.800827739485541], [94.10812083301423, 6.799798706505655], [94.10774320964234, 6.797783267323084], [94.1075492614141, 6.796776520814973], [94.10611949259558, 6.789553269881054], [94.10572502488233, 6.787656519991629], [94.10489960899557, 6.783870945595282], [94.10400139559343, 6.780101968090875], [94.10303071971552, 6.776350986268568], [94.10198794326189, 6.772619392182577], [94.10087345486514, 6.768908570670817], [94.09900105585453, 6.763282401130695], [94.09610485250639, 6.755399537353583], [94.09373828019224, 6.749535206154633], [94.09196936933844, 6.745520498089263], [94.09026370766495, 6.741863938463155], [94.08866481173507, 6.73775776276787], [94.0869839602054, 6.7337054367891795], [94.08521511031253, 6.729690724546799], [94.08335910564452, 6.725715535874343], [94.08141683118575, 6.721781761762372], [94.07938921288465, 6.717891273447407], [94.07727721722816, 6.714045921554316], [94.07620929277229, 6.712150402593323], [94.0752928648462, 6.710596503344945], [94.0734509232457, 6.707536341582724], [94.07155493355035, 6.704509359766774], [94.0696054944282, 6.701516512125949], [94.06861749777303, 6.700028748701669], [94.06448768367355, 6.6939280654664515], [94.06324729201546, 6.692137766451637], [94.06072803073872, 6.688584419113141], [94.05944916995966, 6.686821383149251], [94.05788555010187, 6.684714157722212], [94.05697495136761, 6.683506069533436], [94.05513568730325, 6.6811037147528225], [94.05326050089107, 6.67872928967067], [94.05134981675289, 6.67638333132264], [94.05039590981224, 6.675229746386179], [94.04895662845857, 6.673553078843952], [94.04606262628218, 6.670255718877101], [94.0430974084043, 6.667022246834364], [94.0400623862881, 6.663854200412899], [94.03695900450967, 6.6607530861707005], [94.03378874008271, 6.657720378821452], [94.03055310172553, 6.654757520507559], [94.02725362917002, 6.651865920140764], [94.02559837592949, 6.65044669535223], [94.02387039961653, 6.649029714064369], [94.02163342155578, 6.6469837376662895], [94.01833400175715, 6.644092135350647], [94.0166787630832, 6.642672899644978], [94.0149723186698, 6.64127316601251], [94.01154997179216, 6.638528170094659], [94.01062162754411, 6.637806630700467], [94.00701899427898, 6.634913729688662], [94.00353763761686, 6.632244011577541], [93.99999890207349, 6.629650841586454], [93.9964044710915, 6.627135452729959], [93.99275605452706, 6.6246990410282365], [93.9892084423212, 6.622440217276363], [93.98723846554597, 6.6201954286694615], [93.98427355477398, 6.6169619433522655], [93.98123884638122, 6.613793883778484], [93.97813578479301, 6.610692756519313], [93.97496584686164, 6.607660036296281], [93.97173054115225, 6.604697165268107], [93.9684314072471, 6.601805552369115], [93.96677624727002, 6.600386257285351], [93.96507001498415, 6.5989865726121195], [93.96164796372474, 6.596241566450544], [93.95816688159212, 6.593571839142157], [93.95462842471395, 6.5909786601413884], [93.9510342764012, 6.588463262471322], [93.94738614638013, 6.586026842162255], [93.94368576995927, 6.583670557671539], [93.93993490721854, 6.581395529340838], [93.93805601094405, 6.580283617726849], [93.93613534216323, 6.579202838860269], [93.93228888189455, 6.577093528764266], [93.92839735572105, 6.575068601921529], [93.92446261433801, 6.573129021083716], [93.92048652889954, 6.5712757084031495], [93.91647099015339, 6.5695095450086], [93.91241790754518, 6.5678313705878395], [93.90832920832494, 6.566241982993148], [93.9062828241795, 6.565471989151661], [93.90420683659883, 6.564742137850487], [93.9000527524473, 6.5633325482164935], [93.89586893096319, 6.562013884227824], [93.89165736133097, 6.5607867727906495], [93.88742004587832, 6.559651797280807], [93.88315899914826, 6.558609497273878], [93.87887624690396, 6.557660368277055], [93.87457382520975, 6.556804861506919], [93.8724214772221, 6.556401183708886], [93.870253779438, 6.556043383666847], [93.86591816330966, 6.555376296758297], [93.861569037919, 6.554803917908643], [93.85720847077837, 6.554326519222997], [93.8528385347989, 6.553944327649674], [93.84846130734158, 6.553657524878801], [93.84517564140324, 6.553496153317184], [93.84188645641265, 6.553442343606179], [93.8396744847565, 6.553470740445377], [93.83783360663838, 6.553415768337089], [93.83677467533673, 6.553358823154824], [93.83315267308828, 6.553216888890489], [93.8305493747026, 6.553161835622234], [93.8294860864369, 6.553144971332529], [93.82735938320818, 6.553122483767126], [93.82629597218138, 6.553116860574903], [93.82410266911236, 6.553140783671822], [93.81971710560569, 6.553236445225352], [93.81533466948301, 6.553427722856412], [93.81095744402998, 6.553714525634035], [93.80658751005083, 6.554096717215884], [93.80222694490729, 6.554574115912985], [93.79787782151405, 6.555146494774988], [93.79354220737221, 6.555813581698814], [93.79137451069798, 6.556171381728603], [93.78921666519196, 6.556576153058302], [93.78490329904398, 6.557434086399553], [93.78060971086396, 6.558386119431702], [93.77633795230852, 6.55943179724288], [93.77420779283884, 6.559977980687492], [93.77053569457107, 6.56096241392855], [93.76952263592065, 6.56112344327272], [93.76737027015238, 6.561527120441653], [93.7630678079037, 6.5623826268068655], [93.75878501527407, 6.56333175535525], [93.75452392834333, 6.56437405487172], [93.7502865728969, 6.56550902984786], [93.74607496348827, 6.566736140711271], [93.74189110246371, 6.568054804086387], [93.7377369790295, 6.569464393066852], [93.73566096710366, 6.570194245739373], [93.73361456829443, 6.570964237516733], [93.72952583035462, 6.572553624380987], [93.72547270933413, 6.574231798034191], [93.72145713249873, 6.5759979606256564], [93.71748100931072, 6.577851272468848], [93.71354623053739, 6.579790852434812], [93.70965466735069, 6.5818157783714355], [93.7058081704566, 6.5839250875312985], [93.70388747703319, 6.585005869577742], [93.70200856918532, 6.586117777044464], [93.69825767065007, 6.5883928043795095], [93.69455725886988, 6.5907490878499], [93.6909090939503, 6.593185507109396], [93.68731491121193, 6.595700903703431], [93.6837764203946, 6.59829408160536], [93.68029530482866, 6.600963807789839], [93.67687322065123, 6.6037088128086765], [93.67516696472231, 6.605108502951495], [93.67351179599936, 6.606527791407856], [93.67021263025876, 6.609419403126637], [93.66697729328033, 6.612382272955401], [93.66380732465646, 6.615414991965906], [93.66070423296966, 6.618516117997075], [93.65766949508415, 6.621684176332025], [93.65470455543797, 6.624917660402218], [93.65181082537734, 6.628215032479019], [93.65037174879475, 6.629891623644923], [93.64907493718553, 6.6314687240463], [93.64649371749695, 6.63467358213029], [93.64397858944713, 6.6379305686672865], [93.64153060675991, 6.641238320781639], [93.63915079511028, 6.644595454347439], [93.63684015171529, 6.648000564540013], [93.6345996449048, 6.651452226434628], [93.63243021372537, 6.654948995591255], [93.63136338568862, 6.656708462338571], [93.62681218985128, 6.664390568986448], [93.6222601572612, 6.672074083288237], [93.61770812425956, 6.679757592936312], [93.61315608453245, 6.68744110797013], [93.60860403724783, 6.6951246310307795], [93.60405199482855, 6.702808141429017], [93.59949994568339, 6.710491655414074], [93.59494788371975, 6.718175187203201], [93.59039582481037, 6.72585870938579], [93.58584376632527, 6.733542224601862], [93.5812916984818, 6.74122574964376], [93.57673962570826, 6.748909278274795], [93.57218755253982, 6.75659280222024], [93.56763547264225, 6.764276331551059], [93.56308338518434, 6.771959868908979], [93.55853130258876, 6.779643393605028], [93.553979213264, 6.7873269218877965], [93.54942711111934, 6.795010467972688], [93.5448750164638, 6.8026939969593485], [93.54032291244991, 6.810377533970879], [93.53577080087385, 6.818061080805748], [93.53121869678719, 6.825744608744088], [93.52666657808086, 6.833428154483656], [93.52211445444007, 6.841111705610729], [93.51756233121992, 6.848795249771115], [93.51301020841706, 6.856478788765855], [93.50845807888132, 6.864162331350258], [93.50390593652341, 6.8718458917348215], [93.49935380165127, 6.879529435022135], [93.49480165741878, 6.887212986332358], [93.4902495056397, 6.894896547433859], [93.48569822118353, 6.902578638326688], [93.48542752738265, 6.903038308324227], [93.48488856821885, 6.903959099778859], [93.4846110073158, 6.904436301042253], [93.48344027830498, 6.906518577903057], [93.48113078501498, 6.910742932368848], [93.47892310067348, 6.915021311376279], [93.47681849246047, 6.919351264469242], [93.47579211308377, 6.921528812772692], [93.47207819109772, 6.929659054114012], [93.46836366814532, 6.937790605664517], [93.46464914159665, 6.945922153972816], [93.46093460977184, 6.954053707549434], [93.45722007087218, 6.962185266394371], [93.45350553018417, 6.970316823769906], [93.44979098591128, 6.978448377874628], [93.44607643636024, 6.986579937248834], [93.44236187973323, 6.9947115018911745], [93.4386473174948, 7.002843073429602], [93.4349327602117, 7.010974624966792], [93.43121819028565, 7.019106193956503], [93.42750361856886, 7.027237761476101], [93.42378904326338, 7.035369325727373], [93.42007446267874, 7.0435008952452876], [93.41635987501516, 7.051632470031166], [93.41264528555823, 7.059764043349944], [93.40893069251192, 7.067895613398804], [93.40521609418434, 7.076027188715898], [93.4015014887776, 7.084158769299364], [93.3977868815762, 7.092290348413769], [93.39407227078303, 7.100421924260928], [93.39035765088644, 7.1085535137398494], [93.38664303245022, 7.116685091755855], [93.3829284065989, 7.124816676667848], [93.37921377895267, 7.132948258311885], [93.3754991442245, 7.1410798452226345], [93.37178450421132, 7.149211437401263], [93.36806986060353, 7.1573430281103185], [93.36435521519874, 7.165474615551574], [93.36064056096617, 7.173606212078198], [93.35692590493485, 7.1817378071367415], [93.35321124530847, 7.189869398925907], [93.34949658039474, 7.198000995983477], [93.34578190839656, 7.20613259830705], [93.3420672345986, 7.21426419916132], [93.33835255720234, 7.222395796749396], [93.33463787069692, 7.230527407969859], [93.33092318564658, 7.238659007727492], [93.32720849317681, 7.246790614377744], [93.3234937989047, 7.254922217763053], [93.31977909754468, 7.26305382641668], [93.3160643908951, 7.271185440336055], [93.31234968064504, 7.279317052785402], [93.30863496859152, 7.287448661969364], [93.30492024770533, 7.29558028023699], [93.30120552501555, 7.303711897034503], [93.29749079872354, 7.311843510565822], [93.29377606713925, 7.319975129364579], [93.29006132846436, 7.328106753429353], [93.28634658416306, 7.3362383843899295], [93.28263184479849, 7.344369995356203], [93.27891709452265, 7.352501619950317], [93.27520233895106, 7.360633249814356], [93.27148757977514, 7.368764878209532], [93.26777281879268, 7.376896503334962], [93.26405805071616, 7.385028133729236], [93.26034327734422, 7.393159769390238], [93.25662850036551, 7.401291403581837], [93.25291372157764, 7.409423034507967], [93.24919893569543, 7.4175546707002695], [93.24548414451633, 7.425686312158504], [93.24176934972829, 7.4338179521487575], [93.23805454931059, 7.441949597234213], [93.23433974859219, 7.450081234678322], [93.2306249404439, 7.458212879016656], [93.22691013048356, 7.466344520089237], [93.22319531342603, 7.47447616642836], [93.21948049106928, 7.482607818032349], [93.21576566510109, 7.4907394681685275], [93.21205083731971, 7.498871115038696], [93.20833600243904, 7.507002767175408], [93.20462116225715, 7.515134424578832], [93.20090631846281, 7.523266080513039], [93.19719147285329, 7.531397733181947], [93.1934766201442, 7.539529391115622], [93.18976176213161, 7.547661054316023], [93.18604690050395, 7.5557927160500356], [93.18233203324107, 7.563924382877929], [93.17861716567083, 7.572056042066066], [93.17490229066541, 7.580187708147534], [93.1711874138422, 7.588319370962992], [93.16747252991567, 7.596451039044368], [93.16375764068371, 7.604582712392471], [93.1600427478343, 7.612714384272323], [93.15632785316623, 7.62084605288554], [93.15261295139257, 7.628977726765839], [93.1488980443124, 7.637109405911346], [93.14518313361324, 7.645241083588687], [93.14146822109208, 7.653372758003229], [93.13775330146566, 7.661504437681728], [93.13403837271218, 7.669636130983463], [93.1303234488743, 7.677767806100547], [93.12660851759657, 7.685899486312223], [93.12289357926576, 7.694031175605176], [93.1191786373133, 7.7021628634304875], [93.11546369353758, 7.710294547989264], [93.11174874265245, 7.718426237814228], [93.1080337864552, 7.726557932906275], [93.10431882663428, 7.734689626530866], [93.10060386498859, 7.742821316889533], [93.09688889623251, 7.75095301251244], [93.09317392216272, 7.759084713402331], [93.0894589444679, 7.767216412825391], [93.08574396112724, 7.775348117341451], [93.08202897921117, 7.783479810405069], [93.07831398636361, 7.791611517092093], [93.07459899168632, 7.799743222314348], [93.07088399338309, 7.807874924269868], [93.06716898976342, 7.816006631491945], [93.06345397903036, 7.824138343978063], [93.05973896646603, 7.832270054997451], [93.05602395027339, 7.840401762753146], [93.05230892702062, 7.848533479586905], [93.04859390013681, 7.856665194956946], [93.0448788714215, 7.864796907061503], [93.04116383559037, 7.872928624429775], [93.03744879444017, 7.88106034706351], [93.0337337496571, 7.8891920682322905], [93.03001869922306, 7.897323794493531], [93.0263036502067, 7.9054555093029535], [93.02258859025326, 7.913587237735086], [93.01887352846413, 7.921718964701711], [93.0151584630419, 7.929850688403576], [93.0114433922972, 7.937982417371984], [93.00772831443354, 7.946114151602501], [93.00401323473207, 7.954245884367509], [93.00029815139536, 7.962377613869535], [92.99658306099266, 7.970509352450165], [92.99286796695324, 7.97864108956513], [92.98915287107573, 7.9867728234157624], [92.98543776807574, 7.994904562530095], [92.98172265593249, 8.003036315267053], [92.97800754868578, 8.01116804982459], [92.97429243398429, 8.01929978947281], [92.9705773139548, 8.027431534387745], [92.96686218680205, 8.035563284564972], [92.96314705780642, 8.043695033277942], [92.95943192517066, 8.051826778728099], [92.95571678720708, 8.059958529442312], [92.95200164211846, 8.068090285418265], [92.94828649518499, 8.076222039930514], [92.94457134461052, 8.0843537911787], [92.94085618870591, 8.092485547690941], [92.9371410256733, 8.100617309468305], [92.93342585697869, 8.108749078134025], [92.92971069317346, 8.11688082682727], [92.92599551667965, 8.1250125929528], [92.9222803383391, 8.13314435761373], [92.91856515635394, 8.141276119010598], [92.91484996903554, 8.149407885671877], [92.91113477458683, 8.157539657597738], [92.9074195782899, 8.165671428056697], [92.90370437834613, 8.17380319525266], [92.89998917308449, 8.181934967677236], [92.89627467947551, 8.19006517210471], [92.89548007537886, 8.191850101713086], [92.89392577609377, 8.195435018850105], [92.89316609196501, 8.197234981580252], [92.88977182584918, 8.205500709571567], [92.88637694969512, 8.213767911137381], [92.88298206327906, 8.222035127887494], [92.87958717524836, 8.230302340054777], [92.87619228380404, 8.238569549437102], [92.87279738356656, 8.2468367704232], [92.8694024817128, 8.25510398682755], [92.86600757644354, 8.263371200447722], [92.86261266237963, 8.271638425671938], [92.85921774669842, 8.279905646313523], [92.85582282760024, 8.288172864170662], [92.85242789825023, 8.296440097177808], [92.84903297019244, 8.30470731941243], [92.84563803871711, 8.312974537063155], [92.8422430976253, 8.32124176921188], [92.83884815128457, 8.329509004323398], [92.83545320332288, 8.337776234852797], [92.83205825194037, 8.346043462599184], [92.8286632917602, 8.354310701947753], [92.8252683299572, 8.362577936714558], [92.82187336473234, 8.370845168697997], [92.81847838925242, 8.379112415827905], [92.8150834150583, 8.387379652188812], [92.81168843744237, 8.395646883967089], [92.80829344665963, 8.4039141388769], [92.80489845861578, 8.412181379474688], [92.80150346714854, 8.420448615491168], [92.79810846251289, 8.428715874638925], [92.79471346061561, 8.436983119473595], [92.7913184552933, 8.445250359726856], [92.78792343680155, 8.45351762311114], [92.78452841959054, 8.461784875728029], [92.78113340186243, 8.470052117576458], [92.77773837096586, 8.478319380754144], [92.77434333843766, 8.48658664115139], [92.77094830684663, 8.49485388723626], [92.76755326208459, 8.503121154651893], [92.76415821569051, 8.511388419285481], [92.76076317023066, 8.519655669608738], [92.7573681115991, 8.527922941262489], [92.75397305133444, 8.536190210132858], [92.75057799200246, 8.544457464693977], [92.74718291949799, 8.552724740583628], [92.7437878453583, 8.560992013691234], [92.74039277069468, 8.569259276032696], [92.73699768576674, 8.577526553516279], [92.7336025992025, 8.58579382642067], [92.73020750920475, 8.594061096539733], [92.72681241394051, 8.6023283696247], [92.72341730904773, 8.610595655401909], [92.72002220251628, 8.618862938395736], [92.71662709691233, 8.62713020708297], [92.71323197813243, 8.635397497095013], [92.7098368577119, 8.643664784326887], [92.70644173676263, 8.651932060793499], [92.70304660554521, 8.660199352398578], [92.69965147268547, 8.668466639426697], [92.6962563363862, 8.676733923673837], [92.69286119127199, 8.685001219517034], [92.68946604451534, 8.693268510780882], [92.6887745533003, 8.695259045391353], [92.68739629179007, 8.698385105996124], [92.68607089431723, 8.701535799263297], [92.68463076219851, 8.705141541537657], [92.6826757353015, 8.709803099344626], [92.6800762258429, 8.716132965590802], [92.67826977402231, 8.719091825749999], [92.67713406768453, 8.720999087599964], [92.6760636094115, 8.722889619716952], [92.67394119479198, 8.726734380791527], [92.67190354209029, 8.73062428048118], [92.66995162301797, 8.734557468765757], [92.66808636859824, 8.73853207498945], [92.6663086687312, 8.742546208723667], [92.66461937175129, 8.746597960695112], [92.6630192840287, 8.750685403675277], [92.66223285798648, 8.752761771320394], [92.66150916957682, 8.754806593401298], [92.6600897496937, 8.7589595694797], [92.65876170259756, 8.763142356356212], [92.65752566311622, 8.767352964207575], [92.65638222236569, 8.771589389928735], [92.65533192747225, 8.775849618058643], [92.65506931631134, 8.777025080833411], [92.65211911561798, 8.784208818635534], [92.64872391468, 8.79247612420589], [92.64532871029499, 8.80074342519751], [92.64193349272497, 8.809010749307248], [92.63853827641296, 8.817278062655916], [92.63514305956076, 8.825545365242348], [92.63174782952265, 8.8338126891487], [92.6283525978321, 8.842080010275765], [92.62495736705424, 8.85034731709996], [92.62156212663425, 8.858614636610625], [92.61816687657179, 8.866881970604638], [92.61477162921724, 8.875149290298722], [92.61137637841054, 8.883416605415036], [92.60798111441514, 8.8916839436462], [92.60458585167228, 8.89995127111716], [92.60119058838362, 8.908218587828557], [92.59779531190534, 8.916485925856591], [92.59440003376912, 8.924753261105693], [92.59100475653977, 8.93302058205441], [92.58760946611986, 8.94128792431853], [92.58421417404125, 8.949555263802992], [92.58081888286645, 8.957822588989572], [92.57742357849983, 8.966089935490828], [92.5740282724731, 8.974357279212256], [92.57063296589544, 8.982624612175016], [92.56723764903168, 8.990891960271796], [92.56384233050701, 8.99915930379143], [92.56044700852149, 9.00742664453108], [92.55705167770267, 9.015693996863575], [92.5536563452205, 9.02396134462036], [92.551118955926, 9.030139664818122], [92.55032303643853, 9.031544096322108], [92.54819878134722, 9.035388758342762], [92.54615935677711, 9.039278559223007], [92.54420573534938, 9.043211649046256], [92.54233884897579, 9.04718615724508], [92.54055958841096, 9.051200193486068], [92.53886880281252, 9.055251848593045], [92.53724315756918, 9.059402474585553], [92.5354806516589, 9.06304610836034], [92.53370130943804, 9.067060139530184], [92.53201044596304, 9.071111789589551], [92.53040886844187, 9.075199131401234], [92.52962137928674, 9.077276346091622], [92.5290160392075, 9.078975314888027], [92.5278187582534, 9.082433800592781], [92.52668494460428, 9.08591335640088], [92.52561497507477, 9.089412831521585], [92.52460920539275, 9.092931068556624], [92.52366797008395, 9.096466903872098], [92.5227915823605, 9.100019167975148], [92.52198033401501, 9.103586685899685], [92.52144744080564, 9.106076225153458], [92.52039077609717, 9.111339009507361], [92.52026374092102, 9.111886950020775], [92.52010991249043, 9.112572977724398], [92.51846174819659, 9.11925660595277], [92.5183259584646, 9.119814120497082], [92.5162254021557, 9.128547052918378], [92.51412470594235, 9.137280543373024], [92.51202400276819, 9.146014046626505], [92.50992329738156, 9.154747540098384], [92.5078225875051, 9.16348103145711], [92.50572187149803, 9.172214528417925], [92.50362115327616, 9.180948015598489], [92.50152042738628, 9.18968151013263], [92.49941969453309, 9.198415017464], [92.49731895837047, 9.207148518660276], [92.49521821771347, 9.215882019541425], [92.49311747256277, 9.22461551830881], [92.49101672127748, 9.233349022677743], [92.48891596777239, 9.242082517269793], [92.4868152065952, 9.25081601921481], [92.48471443790541, 9.259549536223147], [92.48261366699344, 9.268283043453806], [92.4805128915838, 9.277016548573613], [92.47841211058247, 9.285750057022312], [92.47631132626591, 9.294483559335646], [92.47421053427311, 9.303217070798823], [92.4721097364027, 9.311950589614966], [92.47000893466853, 9.320684104566283], [92.4679081284319, 9.3294176192055], [92.46580731769339, 9.338151131731735], [92.46370650363556, 9.346884638123683], [92.46160568080589, 9.355618157307532], [92.459504852094, 9.364351685640585], [92.45740402115368, 9.373085202400688], [92.45530318406983, 9.381818724758432], [92.45320234247893, 9.390552246801946], [92.45110149638211, 9.3992857667332], [92.44900064695995, 9.408019280534063], [92.4468997887632, 9.41675280712451], [92.44479892468078, 9.425486342859742], [92.44269805836458, 9.434219867024495], [92.44059718590032, 9.442953396788056], [92.43849630892518, 9.451686926236306], [92.43639542971457, 9.460420444114263], [92.43429454117924, 9.46915397704987], [92.43219364675409, 9.477887519132636], [92.4300927500922, 9.486621049643517], [92.42799184782459, 9.49535458348133], [92.42589093995034, 9.50408812064768], [92.42379002983566, 9.512821648043172], [92.42168911203183, 9.521555182783729], [92.41958818669733, 9.530288732579805], [92.41748725912035, 9.539022272606445], [92.41538632702637, 9.547755810521082], [92.41328538932245, 9.556489351762124], [92.41118444600787, 9.565222896330738], [92.4090835004483, 9.573956431129204], [92.40698254719487, 9.58268997327184], [92.40488158640713, 9.591423530470337], [92.40278062337231, 9.600157077898345], [92.40067965581628, 9.608890623213739], [92.39857868264565, 9.617624171857301], [92.39647770613485, 9.62635771437067], [92.39437672192545, 9.635091266027914], [92.39227573181691, 9.643824825029157], [92.39017473782044, 9.65255838016779], [92.3880737392964, 9.661291934997877], [92.38597273624745, 9.67002548771606], [92.38387172930825, 9.678759036572785], [92.38177071466706, 9.687492594571893], [92.37966969412267, 9.696226159914644], [92.37756867023225, 9.704959719130017], [92.3754676407203, 9.713693281670743], [92.3733666066777, 9.722426843898106], [92.37126556810463, 9.731160404014275], [92.36916452563682, 9.739893960272383], [92.36706347546297, 9.748627525670543], [92.36496241938133, 9.757361098411636], [92.36286135994939, 9.766094665025008], [92.3607602948916, 9.774828234963636], [92.35865922529862, 9.783561804589084], [92.35655815344401, 9.79229536265268], [92.35445707224378, 9.80102893576094], [92.35235598513114, 9.809762518008569], [92.3502548957554, 9.818496088694857], [92.34815380075068, 9.827229662704184], [92.34605270011534, 9.835963240039732], [92.34395159721382, 9.844696807613317], [92.3418504866003, 9.853430382524934], [92.33974936843472, 9.862163972478754], [92.33764824800053, 9.87089755267202], [92.33554712302484, 9.879631130755683], [92.33344599241596, 9.888364712161135], [92.33134485617214, 9.897098296890505], [92.32924371765651, 9.905831871861807], [92.32714257142513, 9.914565454169832], [92.32504141763744, 9.923299051517546], [92.32294026157629, 9.932032639107035], [92.32083910096921, 9.940766224584067], [92.31873793417859, 9.949499815651663], [92.31663676511212, 9.958233396960836], [92.31453558832536, 9.966966985608138], [92.31243440452462, 9.975700587026026], [92.31033321735643, 9.984434182318495], [92.30823202563661, 9.993167777300641], [92.30613082936597, 10.001901370172305], [92.30402962917984, 10.010634959188195], [92.30192842126891, 10.019368557337586], [92.29982720743149, 10.02810216282333], [92.29772599022183, 10.036835762188105], [92.29562476736712, 10.045569364873955], [92.29352353995691, 10.054302967247708], [92.29142230799087, 10.0630365675122], [92.28932107210417, 10.071770163921471], [92.2872198284887, 10.080503769462993], [92.28511857894287, 10.089237382339093], [92.28301732601912, 10.097970989094762], [92.28091606744576, 10.10670459917256], [92.2788148043123, 10.115438208937547], [92.27671353889039, 10.124171807149821], [92.27461226409989, 10.132905420394522], [92.27251098337453, 10.141639042771018], [92.27040970035878, 10.150372653593735], [92.26830841114398, 10.159106270005495], [92.26620711736447, 10.167839886105682], [92.26410582129282, 10.17657349065405], [92.26200451639411, 10.185307107965713], [92.25990320446672, 10.194040738040584], [92.25780189024314, 10.202774358364508], [92.25570057145322, 10.211507976577138], [92.25359924645912, 10.220241600377207], [92.25149791689623, 10.228975223866769], [92.24939658503573, 10.237708835805137], [92.24729524434386, 10.246442460505904], [92.24519389661882, 10.255176097968032], [92.24309254659309, 10.263909725678843], [92.24099119199602, 10.272643351279697], [92.23888983119056, 10.281376982466128], [92.23678846808187, 10.290110603904793], [92.23468709722883, 10.298844232673076], [92.2325857193396, 10.30757787419985], [92.23048433805516, 10.31631150960797], [92.2283829521941, 10.325045144705228], [92.22628156175679, 10.333778777693155], [92.22418016737672, 10.342512406829584], [92.22207876524831, 10.35124604509177], [92.21997735716937, 10.359979690683744], [92.2178759451464, 10.36871333242351], [92.21577452854294, 10.377446973850823], [92.21367310735857, 10.38618061316923], [92.21157168050215, 10.394914255808814], [92.20947025024398, 10.40364789233115], [92.20736881223209, 10.412381537979087], [92.20526736826562, 10.421115190954481], [92.20316592035047, 10.429848840077497], [92.20106446784914, 10.438582488890276], [92.19896301076281, 10.447316135593098], [92.19776036312803, 10.45231432244097], [92.19568003203219, 10.456859354576508], [92.1936826140051, 10.461533518829839], [92.19180497550727, 10.466256084689462], [92.1908856692136, 10.468657822705751], [92.19015987087599, 10.470697602402183], [92.18873285148837, 10.474850023554538], [92.18739765750135, 10.479032260653568], [92.18615492771133, 10.483242324334626], [92.18500525700401, 10.487478211930068], [92.18394919607559, 10.49173790839211], [92.18298725115258, 10.496019387282473], [92.1821198837529, 10.500320611708162], [92.18184543504842, 10.501764648932891], [92.18065635243775, 10.504725370084515], [92.17732776308819, 10.513013280187266], [92.17399916638962, 10.521301200355467], [92.17067056840361, 10.52958911325588], [92.16734196564883, 10.537877027554742], [92.16401335812529, 10.546164943252478], [92.16068474583156, 10.554452860349272], [92.15735612876719, 10.562740778844585], [92.15402750832729, 10.571028695264772], [92.15069888172101, 10.579316615658485], [92.14737025242582, 10.587604533160999], [92.14404161537422, 10.595892457252546], [92.14071297096885, 10.604180391406459], [92.13738432526819, 10.612468318295953], [92.13405567479347, 10.620756246583795], [92.1307270195438, 10.62904417626963], [92.12739835951763, 10.63733210735505], [92.12406969471508, 10.645620039839542], [92.120741025135, 10.65390797372308], [92.11741235077753, 10.662195909005774], [92.1140836716427, 10.670483845684146], [92.11075499120741, 10.67877177509989], [92.1074263016134, 10.68705971457922], [92.10409760465907, 10.695347664119751], [92.100768906404, 10.703635606394982], [92.09744020476299, 10.711923546594548], [92.09411149694463, 10.72021149076852], [92.09078278294774, 10.728499440714415], [92.08745406556281, 10.736787388585526], [92.08412534339416, 10.745075337855525], [92.0807966164414, 10.753363288523332], [92.07746788470334, 10.761651240589487], [92.07413915165839, 10.769939185393], [92.07081040944863, 10.778227140257897], [92.06748165987281, 10.78651510518283], [92.06415290898784, 10.794803062844863], [92.06082415331505, 10.80309102190543], [92.0574953928539, 10.811378982363266], [92.0541666276022, 10.81966694422195], [92.05083785756133, 10.827954907478258], [92.04750908272948, 10.836242872133283], [92.04418030310686, 10.844530838186287], [92.04085152356461, 10.852818793506913], [92.03752273345876, 10.861106761458672], [92.03419393458549, 10.869394743840303], [92.03086513579083, 10.877682715489911], [92.02753633220223, 10.885970688536077], [92.02420752384128, 10.894258662925182], [92.02087948514625, 10.902544710482957], [92.02035977844608, 10.903865694621388], [92.01933923740935, 10.906514795589757], [92.01882735943539, 10.907872857298628], [92.0181009159588, 10.909911332730104], [92.01667173289226, 10.914063600303606], [92.01533450501424, 10.918245685075249], [92.0140898722365, 10.922455597802838], [92.0129384305043, 10.92669133593374], [92.01188073151181, 10.930950884537978], [92.01091728242537, 10.935232217288785], [92.01004854564425, 10.93953329739189], [92.00963201406117, 10.941721451302755], [92.00931559005275, 10.943594444708992], [92.00870807523316, 10.947412065333054], [92.0081749160615, 10.951240518088056], [92.00771631234969, 10.955078388741157], [92.0073324363905, 10.95892425953383], [92.00702343289188, 10.962776709690758], [92.00678941891684, 10.966634315962864], [92.0066304838385, 10.970495653125937], [92.00656979543024, 10.972427062367899], [92.00637576485624, 10.981373111705665], [92.00618172764027, 10.99031926351418], [92.00598768422148, 10.999265416320199], [92.00579363639852, 11.00821156833095], [92.00559958258745, 11.017157711363538], [92.00540552303843, 11.026103873552728], [92.00521145929875, 11.035050026767038], [92.00501738957368, 11.043996168996017], [92.00482331409941, 11.052942331696784], [92.00462923443578, 11.061888485214325], [92.00443514856457, 11.070834637933046], [92.00424105828145, 11.079780791652112], [92.00404696200516, 11.08872693459847], [92.00385285998377, 11.097673098494198], [92.00365875376625, 11.106619251617388], [92.00346464133523, 11.115565405739957], [92.0032705244898, 11.124511559067429], [92.0030764016465, 11.13345770341914], [92.00288227305472, 11.142403866919636], [92.00268814026165, 11.151350021449431], [92.0024940012527, 11.160296175178445], [92.00229985782417, 11.169242329910134], [92.00210570839457, 11.178188473870165], [92.00191155321161, 11.187134638773259], [92.00171739382458, 11.196080792908887], [92.00152322843272, 11.205026938073374], [92.0013290572866, 11.213973102379441], [92.00113488193259, 11.222919257718374], [92.0009407003561, 11.231865412255985], [92.00074651435378, 11.24081156779502], [92.00055232234402, 11.249757712567032], [92.00035812457426, 11.258703878276776], [92.0001639225986, 11.267650033011648], [91.99996971438688, 11.27659618826452], [91.99977550174995, 11.285542344309462], [91.99958128310132, 11.294488489587636], [91.99938705868877, 11.303434655799464], [91.99919283006156, 11.312380811249952], [91.99899859541941, 11.32132695773285], [91.99880435501225, 11.330273123346942], [91.99861011038664, 11.339219279996996], [91.99841585952802, 11.348165435849566], [91.99822160423335, 11.35711159270275], [91.99802734292027, 11.366057738790857], [91.99783307583712, 11.375003905809862], [91.99763880453284, 11.383950062066276], [91.99744452699034, 11.392896219321457], [91.99725024500881, 11.401842375781001], [91.99705595700348, 11.410788523275272], [91.9968616632257, 11.419734689895932], [91.99666736522082, 11.428680847557175], [91.99647306097498, 11.437627004418005], [91.99627875228461, 11.446573162279975], [91.99608443756827, 11.455519309382211], [91.99589011707329, 11.464465477405298], [91.99569579234881, 11.473411634670782], [91.99550146159473, 11.482357782975953], [91.99530712506058, 11.491303950401658], [91.99511278429347, 11.50025010886911], [91.99491843728359, 11.509196266328303], [91.99472408581383, 11.518142424307072], [91.99452972831457, 11.527088573116828], [91.99433536503145, 11.536034741045768], [91.99414099751121, 11.544980900017265], [91.9939466237391, 11.553927058189217], [91.99375224551173, 11.562873217362764], [91.99355786124724, 11.571819365778879], [91.99336347401211, 11.580765405405828], [91.99334632724313, 11.58180602391613], [91.99332296112973, 11.583887407334188], [91.99331672263557, 11.58496407935506], [91.99333941467822, 11.587121040402081], [91.99343327453383, 11.59150579357383], [91.99362413277524, 11.595887483135229], [91.99391190309197, 11.600264023461648], [91.99429645303186, 11.604633331305536], [91.99477760405469, 11.608993326759446], [91.99535513160893, 11.61334193426039], [91.99602876522741, 11.617677083551314], [91.99639579212251, 11.619875903689987], [91.99679818865255, 11.621996710708615], [91.99766303997413, 11.626298759097423], [91.99862291179696, 11.630581180362853], [91.99967735142192, 11.63484193539351], [92.00082586105916, 11.639078995314293], [92.00206789805188, 11.643290342433417], [92.00340287513288, 11.647473971226233], [92.00483016068634, 11.651627889257298], [92.00557851862195, 11.65372894611805], [92.00653951709253, 11.656230138434069], [92.00855387232573, 11.66126931056698], [92.01070530043731, 11.666253144321999], [92.01299224563647, 11.671178018755512], [92.01416940124406, 11.673625251288215], [92.01817068172912, 11.681661807594693], [92.0221709439912, 11.689696324823998], [92.02617118219248, 11.697730803360173], [92.03017186695385, 11.705766186642478], [92.03417206277092, 11.713800595708534], [92.03817222147305, 11.721834938059942], [92.04217245478813, 11.72986943810406], [92.04617266591723, 11.737903901420765], [92.05017273845638, 11.745938094212349], [92.05417312526086, 11.753972924239264], [92.05817313255685, 11.76200700166109], [92.06217353486127, 11.770041880302273], [92.06617367022253, 11.778076231523215], [92.07017420529107, 11.78611139250512], [92.07417401761526, 11.794145109680898], [92.07817469497027, 11.802180572135256], [92.0821749578163, 11.810215209883708], [92.08617483254491, 11.81824907593284], [92.09017536101791, 11.826284261087238], [92.09417559545184, 11.834318865310593], [92.09817546339545, 11.842352741275079], [92.10217550578469, 11.850386975469462], [92.1061757131512, 11.85842154887925], [92.11017612511975, 11.86645654109411], [92.11417637182527, 11.874491209226534], [92.11817641673522, 11.882525479899286], [92.12217666814436, 11.89056017138617], [92.12617667350312, 11.898594378334082], [92.1301769807304, 11.906629199459132], [92.13417713107324, 11.914663713334676], [92.13817700518936, 11.922697680256803], [92.13983843652889, 11.925871047790537], [92.1421774978941, 11.930732898411833], [92.14371909904767, 11.933764334664431], [92.14531078149238, 11.936766615708379], [92.146177067519, 11.938766269472112], [92.15017717923908, 11.946800737227562], [92.15417786659381, 11.95483636904973], [92.15817811499781, 11.962871125274177], [92.1621778184095, 11.970904796522234], [92.16617840568054, 11.978940250932098], [92.17017794929322, 11.986973616954003], [92.17417876853656, 11.995009553046202], [92.17817816556018, 12.00304264037895], [92.18217833051048, 12.01107727802625], [92.18617867782964, 12.01911228985351], [92.19017861894994, 12.02714649187061], [92.1941785182394, 12.035180619553557], [92.19817852679714, 12.04321497459101], [92.20217892530823, 12.05125012076698], [92.20617918146505, 12.059284988895683], [92.21017882344196, 12.06731863127493], [92.21417906580731, 12.075353487475226], [92.21817947427391, 12.083388686094764], [92.22217930863374, 12.091422738554513], [92.2261791019441, 12.099456714645484], [92.22941116693866, 12.105948641157582], [92.23017904399447, 12.107490999193175], [92.23417920121014, 12.115525723814628], [92.23817924737537, 12.123560233274858], [92.24217925054356, 12.131594664265776], [92.24617915739427, 12.139628909689918], [92.25017900811176, 12.14766305026221], [92.2541795552302, 12.155698597532009], [92.25817941463364, 12.163732769545021], [92.26217902141977, 12.171766443853215], [92.2661790493776, 12.179800972037668], [92.2701794837283, 12.187836324414917], [92.27417953878322, 12.195870922838125], [92.27817931615184, 12.203904971401784], [92.28217912625124, 12.211939093616053], [92.28617909274962, 12.219973537887185], [92.29017886898757, 12.228007607906576], [92.29417917369531, 12.236042746433824], [92.29817886482286, 12.244076661323533], [92.30217921617302, 12.25211191027401], [92.30617893442135, 12.260145895469336], [92.31017886166521, 12.268180308378803], [92.31417883758527, 12.276214826979725], [92.31817861382322, 12.284248952411502], [92.32217846365583, 12.292283233588918], [92.32617867669487, 12.300318250437144], [92.33017848165863, 12.308352457336113], [92.33417835766156, 12.31638681485326], [92.33817817069044, 12.324421053803746], [92.34217829261942, 12.332455921156537], [92.34617787388507, 12.340489710431257], [92.35017831316961, 12.34852523110446], [92.35417807217593, 12.356559393262245], [92.35817785316547, 12.364593607510443], [92.36217765777192, 12.372627875324142], [92.36617731274973, 12.380661852325858], [92.3701776274057, 12.388697163241076], [92.37417715655036, 12.39673090336072], [92.37817713175778, 12.404765547414797], [92.38217732290704, 12.412800633167109], [92.38617695193588, 12.42083459774426], [92.39017669242875, 12.428868794160323], [92.39417635519115, 12.436902840579222], [92.39817653047444, 12.444937926242716], [92.40217604544014, 12.452971693484741], [92.40617614395879, 12.461006640851664], [92.41017555722593, 12.469040219710962], [92.41417547164994, 12.47707481319172], [92.41817550782648, 12.485109659189419], [92.4221757500737, 12.49314492707461], [92.4261753739348, 12.501178960768215], [92.4301750745415, 12.509213154770393], [92.4341745305309, 12.517246867173796], [92.43817440624937, 12.52528143064771], [92.4421742533834, 12.53331594466519], [92.4461741297363, 12.54135052623893], [92.45017426258775, 12.549385630107594], [92.45417402473029, 12.557419997294971], [92.45817333105711, 12.565453456845702], [92.46217310603768, 12.57348786394924], [92.46247322204297, 12.574292249034357], [92.46192011292871, 12.583241107383898], [92.4613725372665, 12.592100336268885], [92.46082495649111, 12.60095957691992], [92.46027737162646, 12.609818797320756], [92.4597297798866, 12.618678027976586], [92.45918218372279, 12.627537258316323], [92.4586345812613, 12.63639648865498], [92.45808697368253, 12.645255730756148], [92.45753936200921, 12.6541149526104], [92.45699174349457, 12.662974184112585], [92.45644411986066, 12.671833425577276], [92.45589649205445, 12.680692648911233], [92.45534885740332, 12.689551881891163], [92.45480121766772, 12.698411125126981], [92.45425357383291, 12.70727034811783], [92.45370592307617, 12.716129581068628], [92.45315826719374, 12.724988825781935], [92.45260022278748, 12.734020966202763], [92.4524085923002, 12.737302958865115], [92.45181506908116, 12.740538667450807], [92.45125898719843, 12.743931336480074], [92.45083999623719, 12.747174830817187], [92.4503501406871, 12.751533751803834], [92.44995725881867, 12.755902122839927], [92.44966154257045, 12.760277865257578], [92.44946313767039, 12.764658896789442], [92.4493621435615, 12.76904313254309], [92.44933598467045, 12.77127550398545], [92.44935861334253, 12.773428486000611], [92.44945255373258, 12.777812869985368], [92.44966220286486, 12.781541393350537], [92.44932452805656, 12.787003462045476], [92.44877682925167, 12.79586270786153], [92.44822912626259, 12.80472193375931], [92.44768141634088, 12.813581171411414], [92.44713371362198, 12.822440220356157], [92.44702958749107, 12.824594147475665], [92.44662478671134, 12.826709438087136], [92.44626604113878, 12.828833902673068], [92.44558273023475, 12.833167673527072], [92.44499590500342, 12.837515037387448], [92.44450584962439, 12.84187392579473], [92.44411280227459, 12.846242264716963], [92.44381695500826, 12.850617975508982], [92.44361845365515, 12.854998975922442], [92.44351739774234, 12.85938318107354], [92.44349121625967, 12.861615827528098], [92.44351384043571, 12.863768504457965], [92.44360778850708, 12.868152858926067], [92.44379920231981, 12.87253415768933], [92.44408799583849, 12.87691031529566], [92.4444740366603, 12.88127924864773], [92.44495714606788, 12.885638877965903], [92.44553709910556, 12.889987127809121], [92.44621362467635, 12.894321928032511], [92.44658295227416, 12.89652453674384], [92.4469864056629, 12.898641214807071], [92.4478550790644, 12.902942931563388], [92.44881923616734, 12.907225030011475], [92.44987842272573, 12.91148547109674], [92.45103213917164, 12.915722225976111], [92.45168320042572, 12.91802803668648], [92.45309849888591, 12.926924317999692], [92.45448018685866, 12.93559815710249], [92.45586192660207, 12.944272353238702], [92.45724364139906, 12.952946424803187], [92.45862535528309, 12.961620516129727], [92.46000705395286, 12.970294550539222], [92.46138872395048, 12.97896843700164], [92.46277037660386, 12.987642246639297], [92.46415210708497, 12.996316576025094], [92.46553383949586, 13.004990944857752], [92.46691548593074, 13.013664811663716], [92.46829719897622, 13.02233912872427], [92.46967889329457, 13.031013359402536], [92.47106047900192, 13.039686935570415], [92.47244212008948, 13.048360897157977], [92.47382378419397, 13.057035035349173], [92.47520541692947, 13.06570900780946], [92.47658708886561, 13.074383253745225], [92.47796869838086, 13.083057145563359], [92.47935030749429, 13.091731066983058], [92.48073190438654, 13.10040494380874], [92.48211361102668, 13.109079540881567], [92.48349537460055, 13.117754522799089], [92.48364903822326, 13.118690247081062], [92.48396536885028, 13.120560259829887], [92.48413512083883, 13.121534066973794], [92.48452254553624, 13.123569504525989], [92.48535595791517, 13.127710863598551], [92.48627794450161, 13.131834152956145], [92.48728810293264, 13.135937553361202], [92.48838599188068, 13.14001925426345], [92.48957113123933, 13.144077454594523], [92.49084300233059, 13.148110363575242], [92.49220104812164, 13.152116201489775], [92.49290154379892, 13.154112117038878], [92.49596450264173, 13.162549867570405], [92.49902652024238, 13.170985036383968], [92.50208852363616, 13.179420177925493], [92.50515080281278, 13.187856091958324], [92.50821270389773, 13.196290978101828], [92.51127476601314, 13.20472631972055], [92.51433667406965, 13.213161252192862], [92.51739906332315, 13.221597521466776], [92.5204609745438, 13.230032485735336], [92.5235228871122, 13.238467466498264], [92.52658480499977, 13.246902475599242], [92.5296469109841, 13.255338014756916], [92.53270900170739, 13.263773528042492], [92.53577077050741, 13.272208163898569], [92.53883299299471, 13.280644062378059], [92.54189505597415, 13.289079535138896], [92.54495708949744, 13.297514938650778], [92.54801910324827, 13.305950300494118], [92.55108106996309, 13.314385548940692], [92.55414302590711, 13.322820777143562], [92.55720514325131, 13.33125646278664], [92.56026679957748, 13.339690892103306], [92.56332901106319, 13.348126862716384], [92.56639088947932, 13.356561928583687], [92.5694529825594, 13.364997602018931], [92.5725148481524, 13.373432658195583], [92.57557669834179, 13.381867684757424], [92.57863874883165, 13.390303276849835], [92.58170055030754, 13.398738194861536], [92.58476269929704, 13.407174085540689], [92.58782461599813, 13.415609347546564], [92.59088637818164, 13.424044195802509], [92.59394834335419, 13.432479616108765], [92.5970102678514, 13.440914938096881], [92.60007206253195, 13.449349914390936], [92.60313422838581, 13.457785928555765], [92.6061958036569, 13.466220326982551], [92.60925773744722, 13.474655725046077], [92.612319708336, 13.483091238162814], [92.61544243166523, 13.491693220500622], [92.61581134603344, 13.492698205776946], [92.61664874282312, 13.494886683870988], [92.6182611639529, 13.498954859071247], [92.61996350282092, 13.502987812019555], [92.62175496095446, 13.50698364038712], [92.62267286950961, 13.508972023116343], [92.62636142745995, 13.51673611053306], [92.63004881933367, 13.524497753376167], [92.63373608027612, 13.532259127650292], [92.63742337570127, 13.540020581629364], [92.64111087311235, 13.547782468798275], [92.6447980620093, 13.55554371738964], [92.64848533213845, 13.563305142201813], [92.65217247665427, 13.571066310636056], [92.65585978080608, 13.57882782402281], [92.65954735232586, 13.58658990733295], [92.66323463611863, 13.594351394923805], [92.6669222685164, 13.602113623348984], [92.6706091274161, 13.609874230744012], [92.6742964988886, 13.61763592511106], [92.67798386579082, 13.625397620690649], [92.68167076898627, 13.63315834543971], [92.68391471703589, 13.63788173531023], [92.68476955689911, 13.640758674982322], [92.68611442903287, 13.644941838226032], [92.68755234099925, 13.649095304823703], [92.68830838806119, 13.651201799278041], [92.68908261276127, 13.653217096398606], [92.69070452017266, 13.657305249544208], [92.69241729532806, 13.661357816795586], [92.69422012690657, 13.66537286752606], [92.6961341503791, 13.66939214972983], [92.69643794664793, 13.66999495818196], [92.6972029738449, 13.671798758616404], [92.69900588228799, 13.675813807057324], [92.70089799681111, 13.679789426213517], [92.70287842039798, 13.683723721928146], [92.70494621382463, 13.68761481964951], [92.70710039608528, 13.691460865298765], [92.70821774779839, 13.693404236302797], [92.70933891003617, 13.695258356003407], [92.7116606184338, 13.69900552627881], [92.71406538013147, 13.702702306286795], [92.71655205496128, 13.7063469373401], [92.71911946363528, 13.709937685497408], [92.72176638828026, 13.713472842362066], [92.7244915730287, 13.71695072591939], [92.72729372460012, 13.72036968132582], [92.72871388996887, 13.722064219559826], [92.73201180050208, 13.725912812613487], [92.7334626093847, 13.727568227331858], [92.73642262447251, 13.730872375466603], [92.73945334839604, 13.734109894046227], [92.74255321111687, 13.737279333737817], [92.74572314583409, 13.7403818715769], [92.74896164388176, 13.743416028319288], [92.75226716371802, 13.746380357262836], [92.7556381316567, 13.749273444939462], [92.75736119208827, 13.750719567834324], [92.7582161067293, 13.751413518310244], [92.75997676849457, 13.752827015143964], [92.7608611046235, 13.75352898514467], [92.76614473508883, 13.757675616614947], [92.76768320219625, 13.758859596921013], [92.7707829853899, 13.761198689065338], [92.77392783659221, 13.763479618145624], [92.77711661424988, 13.765701555284437], [92.78034816075936, 13.767863693028659], [92.78343785819007, 13.769847463195816], [92.78567524932518, 13.77152981419583], [92.79229613720153, 13.776513370127404], [92.79893752570504, 13.781512357728246], [92.80557788900231, 13.786510573559426], [92.81221984453421, 13.791509989574735], [92.81885895244491, 13.796507262983681], [92.82550175901125, 13.801507320285381], [92.83214223187136, 13.806505622706226], [92.83878351978282, 13.811504538524588], [92.84542554955263, 13.816504015124224], [92.85206811384066, 13.821503894186463], [92.85862039635927, 13.826048314866057], [92.8609862811534, 13.827567107658211], [92.86362236822256, 13.829368292190225], [92.8667922317035, 13.831682003792622], [92.87002133253068, 13.83385495869166], [92.87333289794512, 13.835906030664361], [92.87716830989669, 13.83818250440686], [92.87911768797724, 13.839310968338935], [92.88105370444677, 13.840376618148397], [92.88498722963956, 13.842487325323305], [92.88896701042066, 13.844513619130538], [92.89299114949577, 13.846454532996162], [92.89705772828407, 13.848309141060525], [92.90116480781094, 13.850076558609203], [92.90427482092073, 13.851355749426645], [92.90742613461143, 13.852534538891092], [92.9119148957133, 13.854001233695541], [92.91318693763733, 13.85447192554895], [92.91427963273745, 13.854853883420944], [92.91491981009577, 13.8550736861105], [92.91599301239515, 13.855435672724525], [92.91807225563352, 13.856124452134026], [92.91913818764365, 13.856471219534953], [92.92067481741552, 13.856962012192497], [92.92281122094002, 13.857619283844528], [92.92396414393673, 13.857960540324854], [92.92456804865648, 13.858137316758516], [92.92610563776637, 13.858582383180106], [92.92809220686209, 13.859245333645475], [92.93149191577052, 13.860315777203354], [92.93607848325419, 13.861674377845745], [92.93709027146858, 13.8620394033004], [92.94068988163761, 13.863397576101121], [92.94329744130394, 13.864325686638523], [92.94557616973432, 13.86510330907447], [92.94810700000912, 13.866033618248707], [92.94913204488714, 13.866404339250693], [92.95230723838407, 13.867476908464226], [92.95551661430378, 13.86844756013349], [92.95982515656985, 13.869675610642773], [92.96416013641354, 13.870811462975936], [92.96851948586331, 13.871854575204082], [92.97290112524959, 13.872804449642217], [92.97730296416498, 13.873660633080675], [92.97951616620085, 13.874066529587651], [92.98172290251071, 13.874422717011214], [92.9861588314707, 13.875090337816602], [92.99060863454898, 13.87566317695007], [92.99507018857653, 13.876140961085696], [92.99954136473562, 13.87652346225137], [93.00402002957046, 13.87681049793673], [93.00850404604157, 13.87700193118323], [93.01299127451622, 13.877097670647231], [93.01747957383535, 13.877097670647231], [93.02196680230983, 13.87700193118323], [93.02645081878066, 13.87681049793673], [93.030929483616, 13.87652346225137], [93.03540065977475, 13.876140961085696], [93.03986221380231, 13.87566317695007], [93.04431201688058, 13.875090337816602], [93.04697259590026, 13.874689912579015], [93.13472222185365, 13.819722221903334], [93.22709508753829, 13.777934497001368], [93.22875499877821, 13.775910278055562], [93.23148369920844, 13.772429614529628], [93.23413398609537, 13.768891567734357], [93.23670459973866, 13.765297824074011], [93.239194318578, 13.761650096430785], [93.24160195978405, 13.757950123326083], [93.24392637979909, 13.754199668114808], [93.2450487663476, 13.752344026606792], [93.24616647489589, 13.75040051811088], [93.24832118168186, 13.746554483760946], [93.25038947761286, 13.742663397752878], [93.25237038146074, 13.738729114165608], [93.25426295378801, 13.734753507556178], [93.2560662973768, 13.730738472085335], [93.25777955765798, 13.72668592059361], [93.25940192310142, 13.7225977837102], [93.26017629231993, 13.720582693022635], [93.26093262560394, 13.718476008906066], [93.26237094084169, 13.714322559579188], [93.26371618861052, 13.7101394141026], [93.2649677331294, 13.705928564919134], [93.2661249833532, 13.701692017535294], [93.26718739323363, 13.697431789591718], [93.26815446197142, 13.693149909900725], [93.26902573424249, 13.688848417492949], [93.26942994308709, 13.686734324072802], [93.26980080041196, 13.684529360610313], [93.27047929671605, 13.680194795751987]], [[93.01523542417581, 13.676111220956074], [93.01469060028288, 13.674987692629259], [93.01444444435586, 13.675000000649632], [93.01098527855103, 13.673952730422826], [93.00942850082484, 13.673977851896353], [93.00878341824657, 13.673286112053432], [92.98416666595895, 13.665833333341752], [92.98356406352698, 13.665506923529776], [92.98195457474421, 13.66524124129046], [92.98015415628961, 13.663652658143832], [92.98118603210989, 13.661252021363708], [92.98052215617307, 13.658934950487833], [92.97704505878269, 13.657032966198386], [92.97672641279408, 13.655317545368561], [92.98351573936, 13.648576974647682], [92.98462724655056, 13.646370648986405], [92.98395943607946, 13.644065737843476], [92.98603355870202, 13.64304184890247], [92.99218213539726, 13.645018219715254], [92.99470770329802, 13.64443933960385], [93.00093674683367, 13.649566650680626], [93.00276303248828, 13.647617340467917], [93.01006984694621, 13.644561052051174], [93.01474142117999, 13.643970966387016], [93.01519131692615, 13.637881159488174], [93.01709377785565, 13.635877609364314], [93.01771795771802, 13.632669568446076], [93.0241663459004, 13.62724435334438], [93.02799236765375, 13.627014040565754], [93.0317704681328, 13.629350901023429], [93.03225684128043, 13.633726954435502], [93.03006863605904, 13.63618552644104], [93.02859675883352, 13.642415404547407], [93.02535426578694, 13.64800655805621], [93.02605104432055, 13.653949141439895], [93.02445852753928, 13.657300352629335], [93.02529823802362, 13.660601138831481], [93.02242135985816, 13.666356801724973], [93.02241206176748, 13.669685363488881], [93.01890628759722, 13.67378751569764], [93.0200000000003, 13.674722222552674], [93.0174095477187, 13.6748517454497], [93.01523542417581, 13.676111220956074]], [[93.0226986406299, 13.674301266990085], [93.02360987689465, 13.670864104894605], [93.0242408511348, 13.672513961550166], [93.02318942585154, 13.673888921536658], [93.0226986406299, 13.674301266990085]], [[93.04531407378559, 13.629109144371483], [93.04684364791606, 13.620929956052763], [93.04702734973276, 13.620902061780711], [93.04923856230997, 13.621827721372355], [93.04847955698622, 13.623439550195215], [93.04859971990132, 13.623752713017467], [93.05342865031216, 13.632479548892206], [93.05499911301897, 13.636060714930224], [93.05501544470732, 13.637797236553169], [93.05503737917186, 13.640110254185089], [93.05580806758869, 13.643021345258973], [93.05649435553053, 13.644132375808582], [93.05885624861733, 13.646419048700153], [93.05915093396882, 13.646543503180297], [93.06489372216768, 13.647306680458911], [93.06644225130904, 13.648824810716505], [93.06698191198589, 13.651870250611708], [93.06347262875906, 13.654575943724907], [93.06294882313003, 13.654575943724907], [93.05641853818534, 13.654176830896162], [93.05341565600818, 13.650632858119948], [93.05176520310212, 13.64632964169968], [93.0423495773712, 13.636746764551788], [93.04531407378559, 13.629109144371483]], [[92.88513326648732, 13.574382543419816], [92.88550055051027, 13.574254870266074], [92.88866543746045, 13.57681202865227], [92.89259934458451, 13.586047053428814], [92.90030550929194, 13.592270374578248], [92.90256094962857, 13.59498155085791], [92.90325427026849, 13.59613525873523], [92.90371227250355, 13.598064422335469], [92.9036984445278, 13.598348021743874], [92.90252864328252, 13.600333452327106], [92.90222144116686, 13.60064160862349], [92.89820325407723, 13.601166844174458], [92.89667260615593, 13.601832628473176], [92.89480125907099, 13.60089695493079], [92.88951885720999, 13.59675300125015], [92.88624024379251, 13.592929840239975], [92.88633680310116, 13.589687347193461], [92.8837294580484, 13.583256006559722], [92.88144624215082, 13.58248877513698], [92.88337075715506, 13.57663917535784], [92.88513326648732, 13.574382543419816]], [[93.02702677276758, 13.57870066160639], [93.02366364016521, 13.572864651482604], [93.01927614198044, 13.573630571693684], [93.0159415008001, 13.570454358681701], [93.01639163486621, 13.56799054183027], [93.01457095108904, 13.562299251509302], [93.01503574860126, 13.558349728557147], [93.0163029428268, 13.56306445586003], [93.01704394821994, 13.56259310228998], [93.0163511042206, 13.5578166248374], [93.01428532640702, 13.556686758886912], [93.01532757320902, 13.550248146335079], [93.01375544046167, 13.547076940748155], [93.01451134672155, 13.543381571602453], [93.011820316155, 13.54391515286207], [93.01058423487464, 13.543639659942485], [93.0101711753596, 13.543478608451053], [93.01015412781126, 13.541979551015714], [93.00980675208032, 13.54185271243287], [93.00868141691402, 13.54227936250281], [93.00824713699595, 13.543168544692648], [93.0095961092733, 13.544260263200599], [93.00945878009887, 13.54465365454277], [93.0086710450328, 13.545078754181276], [93.00741803671323, 13.544325947884246], [93.00618731988922, 13.554540157202595], [93.00561332669409, 13.55589115655161], [93.00258493434742, 13.560817122012836], [93.00220251113709, 13.561211466636095], [92.99948215457798, 13.56114554363215], [92.99702453585397, 13.564002036864593], [92.99357116257951, 13.565491556989883], [92.99350631246685, 13.570451855868725], [92.98996424715247, 13.574007510838115], [92.98923361274117, 13.57432997265039], [92.98788130307994, 13.572983146155437], [92.98703145993423, 13.570382475870801], [92.98702847958086, 13.569663762872523], [92.98724925504942, 13.569278359309067], [92.98849535028043, 13.569679141279522], [92.98839473682781, 13.566845178762236], [92.98444747926808, 13.561350345342234], [92.98508763288825, 13.55685472526541], [92.98494625046922, 13.556465148847707], [92.98062324536662, 13.552546858450853], [92.98185431922192, 13.548107147426876], [92.98509740851867, 13.544911980303908], [92.98657405394968, 13.544770240854035], [92.98699426667216, 13.5414788723522], [92.98740553833503, 13.540632128270246], [92.98957514737518, 13.536713957483315], [92.99191844428086, 13.536276578501301], [92.9921047685207, 13.535895944042863], [92.99186861554452, 13.535156249861046], [92.99172234531036, 13.535156249861046], [92.98950207206306, 13.530826449481296], [92.98986327666901, 13.529154658360738], [92.98936855781292, 13.528285146142863], [92.98848664754118, 13.527827740158315], [92.98351705057186, 13.526582479497861], [92.97610950485014, 13.52800071216312], [92.97576510947252, 13.528262257497403], [92.97394335280379, 13.535156249861046], [92.97378814240895, 13.535156249861046], [92.9716695546065, 13.539012550888614], [92.9693042036262, 13.53912281946262], [92.96854794033553, 13.542189836791707], [92.9650025367379, 13.544078826776584], [92.96300280063886, 13.54386806525919], [92.96073007623241, 13.541573643808846], [92.95900833586623, 13.541573643808846], [92.95551514600734, 13.544000625328778], [92.95124244718167, 13.542768716903012], [92.94905507563138, 13.538622975370103], [92.94791054713451, 13.53742015371725], [92.94610476512312, 13.537026643664703], [92.94262182753553, 13.536629557907986], [92.94065141653007, 13.536864161352213], [92.93929874893863, 13.537222742635635], [92.93703484508242, 13.539534210735312], [92.93211376653758, 13.539549469532474], [92.9276877638795, 13.539268255126046], [92.92456936828185, 13.536830306373659], [92.92025053513422, 13.537602543422892], [92.91987597919311, 13.537522435412185], [92.9176445003936, 13.536441326206472], [92.9169641731585, 13.535156249861046], [92.91659235925013, 13.535156249861046], [92.91392922385481, 13.53133976451862], [92.91381442539571, 13.530785679615505], [92.9144215586085, 13.525676607689533], [92.91463971165345, 13.525072455729259], [92.91759586325864, 13.522054314754868], [92.92175996265249, 13.52073442925051], [92.92648541886743, 13.521484256093615], [92.92780566230167, 13.520064354286461], [92.9267256259873, 13.515795349875603], [92.92297363282742, 13.51269352428686], [92.92959690137624, 13.501795172809238], [92.92418014979447, 13.495712041577605], [92.92135584329779, 13.495854616497482], [92.92053472989429, 13.49953234184423], [92.91808366812714, 13.500493406845322], [92.91560101497501, 13.499981760949623], [92.91361927970607, 13.497560143885778], [92.9067448377044, 13.498597741193052], [92.90387260903393, 13.497195243965365], [92.90473628015539, 13.490410447284347], [92.90365874755341, 13.48451542814449], [92.89897906773027, 13.476312875439078], [92.89484703546273, 13.475137948957453], [92.89188337361898, 13.477604150810947], [92.88721573391925, 13.477884173615806], [92.88443994494767, 13.47641694588529], [92.87974691378932, 13.47641813748713], [92.87727701662155, 13.475315570457369], [92.87617182716818, 13.470980643941843], [92.87189853209199, 13.471680164508115], [92.87095165209749, 13.464974760876657], [92.87618994670916, 13.460107445602276], [92.87308645287763, 13.447671771435225], [92.87629795079013, 13.44383954975568], [92.87949705154793, 13.444683909734778], [92.88046634174876, 13.443928480115204], [92.88260126123973, 13.439861178350924], [92.88197064403042, 13.437844515212404], [92.88428223173995, 13.431735277561174], [92.88411784196526, 13.429395675969687], [92.87751495834894, 13.426898956521882], [92.87510037398343, 13.423008680006731], [92.87262332450715, 13.425750255170243], [92.8703209161778, 13.424572229624772], [92.86864447556232, 13.418404817528454], [92.86921322301217, 13.4164284467155], [92.87307512771523, 13.41447711033058], [92.87439143661587, 13.408283830134692], [92.87343776224341, 13.408329248595948], [92.87251126808079, 13.41152346153845], [92.87127530551098, 13.411326646707352], [92.86958265281768, 13.409101843575499], [92.8692553040892, 13.40427207949287], [92.86772704117041, 13.402276754568831], [92.86548364185697, 13.401577115291829], [92.86454975616678, 13.401984453320026], [92.8608108760213, 13.404153704430144], [92.86057198011301, 13.404349446370134], [92.85977292078397, 13.407997250372986], [92.85873484593665, 13.408808827365618], [92.85628867108571, 13.409355878671036], [92.85347700096312, 13.408719539974896], [92.8516342640103, 13.411649942191161], [92.851120114402, 13.411775946203178], [92.84705340888823, 13.410406946923203], [92.84522032705675, 13.40864312637936], [92.84409916384541, 13.405840277706915], [92.84496617325075, 13.404731869580118], [92.84298622583415, 13.402223706259264], [92.84270834881144, 13.394430041113566], [92.84319913403331, 13.393334507681502], [92.84653472939456, 13.390433668878913], [92.85341310503091, 13.386703729793496], [92.85957777509432, 13.385409951608025], [92.85995805252244, 13.385497451146577], [92.86476314100653, 13.389574647252289], [92.8669240473071, 13.385685205308036], [92.86553454438379, 13.38155567675328], [92.85526704753639, 13.378589511197262], [92.85238981234025, 13.37571954701967], [92.8510503764742, 13.370982050681334], [92.8488253359208, 13.371346235640232], [92.84508097170985, 13.376864552157485], [92.84236347679328, 13.377770304356062], [92.84035456221343, 13.375982165244963], [92.83827757794816, 13.368701934746696], [92.83628165677342, 13.366601467383987], [92.83599483959043, 13.359375000156078], [92.83596372574587, 13.357303261636318], [92.83377003645822, 13.35189354455163], [92.83545172191978, 13.346505522711908], [92.83393073091864, 13.34066820137646], [92.83435821555949, 13.337569117820635], [92.82740700203183, 13.329884528748181], [92.82632887407871, 13.32694256304903], [92.82685542084127, 13.319906353695387], [92.83124542273836, 13.315081477428507], [92.82886040178644, 13.311923265246605], [92.82325923432646, 13.311174154263938], [92.8216884136896, 13.30956530579438], [92.82615184792976, 13.306846380056399], [92.83466672888673, 13.304613471334747], [92.83703577518114, 13.306447148517279], [92.83938181411989, 13.306347131315292], [92.84140741831814, 13.304271459160518], [92.84209477915093, 13.301375150243103], [92.83602666839616, 13.295590758506847], [92.83551454585987, 13.293865680756682], [92.83845114710303, 13.288059234945678], [92.83823144452575, 13.286685109530353], [92.83296215567933, 13.285620570333293], [92.82868850267246, 13.288504362486464], [92.82481336624429, 13.288508057800911], [92.82531404490751, 13.280445337082824], [92.82312214347249, 13.27914977104517], [92.82247960574946, 13.277342558212453], [92.82449901092073, 13.275309324166173], [92.82524740694251, 13.27139234498081], [92.82740187679534, 13.26832771265397], [92.8268728254209, 13.266039371519966], [92.83089244333203, 13.269083022663352], [92.83325254946604, 13.269054532141226], [92.83539247548268, 13.267409563300973], [92.83876264078347, 13.258971452970329], [92.84696674302106, 13.262516140707447], [92.854362368229, 13.257661819737365], [92.85239517679642, 13.248500704843835], [92.84994924026543, 13.242782950173122], [92.84984195204461, 13.23911392666642], [92.84392750305202, 13.2368562218372], [92.8393898009987, 13.24257814846304], [92.8361438509584, 13.243344903244846], [92.83131241773432, 13.242180704775748], [92.82782101662681, 13.236516714275226], [92.82762742046921, 13.22829842523224], [92.82574892017684, 13.224819540889243], [92.82685422923967, 13.223549246700642], [92.82935082907775, 13.223734736368982], [92.82460415335939, 13.217206358886557], [92.83174633972217, 13.213832140341097], [92.82880890390803, 13.208296656665397], [92.82560586951539, 13.207852840336372], [92.82219088110466, 13.203201651934918], [92.81829941298784, 13.201466918163803], [92.81811475788996, 13.19990372647598], [92.82020998040642, 13.197600245255188], [92.81854724905648, 13.194656252484023], [92.82248055903065, 13.194401025786917], [92.82429575964207, 13.1926959750393], [92.82201993437278, 13.186489224797981], [92.81880342993477, 13.183593749552102], [92.81908464434113, 13.183593749552102], [92.82386255261477, 13.178966521787501], [92.8260740044121, 13.180956363545448], [92.82645070523623, 13.180956840186212], [92.8272699120769, 13.18049216228357], [92.83451974369152, 13.175310730905665], [92.83496117591775, 13.174761652528318], [92.83520400546061, 13.17313897608311], [92.83468902128166, 13.171419024468463], [92.83443021798055, 13.171133875528184], [92.8326755759172, 13.170698046977506], [92.82812726456191, 13.173667431207122], [92.82337987388249, 13.173851251733922], [92.82225430039617, 13.17245984044942], [92.81739187203746, 13.172537923186766], [92.8152985569831, 13.174128055865182], [92.81425213822584, 13.172827124472263], [92.81615793743904, 13.170135736874855], [92.81396710889513, 13.1674449446285], [92.81249999987543, 13.16238844437133], [92.81249999987543, 13.161551356310241], [92.81264722339077, 13.16163802127788], [92.81249999987543, 13.157645106036952], [92.81249999987543, 13.157086968788619], [92.80971527074345, 13.15349364301737], [92.81095194827404, 13.152044415217745], [92.81249999987543, 13.15206456183003], [92.81249999987543, 13.152343750064077], [92.81416571157868, 13.152225375001166], [92.82012856028504, 13.148529172183572], [92.82202744461134, 13.14502906833691], [92.82865917668008, 13.148652553772521], [92.83147394676544, 13.149024963031863], [92.8331328631912, 13.147734045589942], [92.83380615682918, 13.145225405628224], [92.84245395668486, 13.14601027995056], [92.84475803415617, 13.14203226557683], [92.8471783400087, 13.14011955237558], [92.8471837044647, 13.13922834401292], [92.84663975222296, 13.138603210869618], [92.84588491885407, 13.138423562297689], [92.84271681323057, 13.139037609498331], [92.84184336647846, 13.138639569560524], [92.83992004397524, 13.136301755821577], [92.84006464506777, 13.134442448860028], [92.84302377702582, 13.131896734346881], [92.843273520557, 13.128698348550046], [92.84232342278793, 13.12764573076582], [92.83955812440823, 13.127418517950417], [92.835694431853, 13.130286812986213], [92.83435356606438, 13.125642418962443], [92.83210420604453, 13.124888658484764], [92.82957887646424, 13.131884574613565], [92.82652175437559, 13.130501747358025], [92.82506585090849, 13.132942557752799], [92.82322442516752, 13.133496641756636], [92.82019150293584, 13.132045745714748], [92.8187637329601, 13.127870440768248], [92.81249999987543, 13.12723207500045], [92.81014740487902, 13.126825213612847], [92.81219887717648, 13.12134754645227], [92.81249999987543, 13.121372819200346], [92.81264305143608, 13.121372819200346], [92.81390106718098, 13.120117067948385], [92.81660270704961, 13.114772558007203], [92.81693065202833, 13.114580512280767], [92.82408654675683, 13.115543246423925], [92.82542467141175, 13.114270448522547], [92.82244622741169, 13.11170864064134], [92.82056975329161, 13.1071331499749], [92.8213479519467, 13.104489445331609], [92.82002854308294, 13.101497649996674], [92.82218277461575, 13.096462607563552], [92.82184565025702, 13.095742106712834], [92.82092535512137, 13.095620155046376], [92.82044494178089, 13.096042275231056], [92.81450271632767, 13.103048205310685], [92.81313824693288, 13.103707552261852], [92.81249999987543, 13.103515625245976], [92.81178414851982, 13.103515625245976], [92.8076441284741, 13.099226951762518], [92.80746090419782, 13.094017625213283], [92.80538606661403, 13.086761117032097], [92.80852615835587, 13.083320855872941], [92.80714595352313, 13.080080747828504], [92.81066393859012, 13.079344868571056], [92.81127965493229, 13.078619956545808], [92.81156885621797, 13.077107548674604], [92.81028926393881, 13.075403928748585], [92.80594074686829, 13.075206041026192], [92.80482172943962, 13.075650453605647], [92.80336880722498, 13.077058315289236], [92.80055975952556, 13.082681655534245], [92.80211913628946, 13.087507009341252], [92.80045604700948, 13.091388225186591], [92.79694724042295, 13.089537024713948], [92.79596006900235, 13.084756612727688], [92.7972971198665, 13.081568956742117], [92.79597890350377, 13.075866341258731], [92.79696774496554, 13.073637962422168], [92.79682016351981, 13.067859530493124], [92.79360485068358, 13.062918543655854], [92.79252684144072, 13.055461048688699], [92.79586267512272, 13.049826144960718], [92.79350495309123, 13.047814130418004], [92.79557871778391, 13.04115784146137], [92.79283225570455, 13.035373926365878], [92.79459881738185, 13.030881643672927], [92.7930358649136, 13.026757359064874], [92.79042541989756, 13.024509071936137], [92.78854334390044, 13.017745256438673], [92.79093694708277, 13.012025355985656], [92.79628515233824, 13.011252641396453], [92.7995333668716, 13.009530663609425], [92.80404102797152, 13.012239217466004], [92.80534505842812, 13.011164545607386], [92.80554556857331, 13.010567545955539], [92.80505645249352, 13.007812499847049], [92.80506253280967, 13.007812499847049], [92.80635845677753, 13.006731628961631], [92.8079229596772, 13.007812499847049], [92.80820572361543, 13.007812499847049], [92.81092524560384, 13.009207606445997], [92.81249999987543, 13.008928536922596], [92.81292927236828, 13.008928536922596], [92.81393134555563, 13.007812499847049], [92.81509995429954, 13.00730431094533], [92.81564915138736, 13.007812499847049], [92.81677973229918, 13.010573268341929], [92.82482290265514, 13.013056755165138], [92.82519054370883, 13.012443542535578], [92.82531106455431, 13.011935234023937], [92.82365620137298, 13.007812499847049], [92.82321000094092, 13.00617384874424], [92.82019412535911, 13.004817366228593], [92.81987464390014, 13.004365324700117], [92.81860578053286, 13.000299573366732], [92.81618595132093, 12.9986411335815], [92.81249999987543, 12.998604774890595], [92.80881202225723, 12.997585057904274], [92.80827415033198, 12.993986845217009], [92.81189501244515, 12.993452548996231], [92.81249999987543, 12.993024468104963], [92.81249999987543, 12.99218749965344], [92.81349694692702, 12.990766524955262], [92.81659925005565, 12.990827203113142], [92.81878304500165, 12.988860964961646], [92.81900072140664, 12.988139152899791], [92.81855714339784, 12.987172007582089], [92.81814515587453, 12.98681163754712], [92.8157428499529, 12.986445546025308], [92.81439876549067, 12.983341455044169], [92.81378376500928, 12.982996106385343], [92.81249999987543, 12.982979774696986], [92.81085515064493, 12.9839403630574], [92.80674421827158, 12.983042955668111], [92.80608284514747, 12.983180403552737], [92.80459725865686, 12.984024405601787], [92.8038274048113, 12.984840631190238], [92.80216264728861, 12.989054679829792], [92.8016299005998, 12.989815830936024], [92.79967677636253, 12.991296052970569], [92.79932236703391, 12.991325855603819], [92.79509425119912, 12.987122177946205], [92.79323375263564, 12.981719971099992], [92.79313361672328, 12.9809906479002], [92.79415214030954, 12.97605752923171], [92.79443311729486, 12.975419163463727], [92.79733896262306, 12.97167956835753], [92.79720544837326, 12.96499443094828], [92.7928481098526, 12.967679977449109], [92.79166114324758, 12.962139725568022], [92.79270887411533, 12.961132049604458], [92.79168605806527, 12.956491112574852], [92.79168820384777, 12.95611810706508], [92.79262423532035, 12.955053209937802], [92.79264473896367, 12.951354265087389], [92.79980945604169, 12.948010444526673], [92.79999840270463, 12.947712421790854], [92.80041301265075, 12.945478915919225], [92.79928815322583, 12.942013024981335], [92.80155587200616, 12.938808917697486], [92.79857826257708, 12.9305341242505], [92.79378700296812, 12.930124520830077], [92.79554080956106, 12.924336910420308], [92.79534935918585, 12.916923642312483], [92.79432690106572, 12.914471268434468], [92.79439234742907, 12.914177655973987], [92.79730105440026, 12.91136896620496], [92.80255043495495, 12.898869037276398], [92.80637073522158, 12.90010440359542], [92.80974161638298, 12.90003192453382], [92.81162142788676, 12.899792551984845], [92.81249999987543, 12.899553537365904], [92.82435941725353, 12.896834373307897], [92.82518744464525, 12.896369457084774], [92.82604384384845, 12.895472645946], [92.82769107808102, 12.887914776745745], [92.82907295205555, 12.886431336037518], [92.82954275609362, 12.886307835738279], [92.83267414599524, 12.886969327572572], [92.83776640869306, 12.891399741405081], [92.84305465255036, 12.891733646190943], [92.84393584696184, 12.885493874642606], [92.84142184254424, 12.879271745994558], [92.8413921595209, 12.876758575248203], [92.842713952487, 12.87617063536662], [92.85072791556095, 12.878597736496388], [92.85818052271341, 12.878835558614298], [92.86242914219125, 12.880793571566159], [92.87300312529422, 12.882893323967892], [92.86978876573917, 12.890547275836283], [92.87264502065139, 12.900749445031067], [92.87618291401074, 12.905100106984435], [92.87638676154009, 12.907854914772628], [92.87360835104508, 12.909809231510934], [92.87068760394996, 12.909010172181922], [92.8657494787557, 12.904320478407357], [92.86526620377273, 12.90214514698117], [92.8589550260539, 12.903269768085323], [92.85724127256677, 12.908807873285], [92.8595050577126, 12.91257345699971], [92.85603940509466, 12.913005948166145], [92.8541606664817, 12.916361450920377], [92.85458040256404, 12.927548051301684], [92.85733103749757, 12.930668949712498], [92.85768711596782, 12.93485355364875], [92.8600205185326, 12.933927059486294], [92.869332552256, 12.934463023949505], [92.8719694616216, 12.937059164349051], [92.87488925453582, 12.942660808449531], [92.87708902324007, 12.944053411336142], [92.87714362108161, 12.946309447023381], [92.87295055362543, 12.94969952061652], [92.87440454963044, 12.954472541974312], [92.87727367833796, 12.95755195645772], [92.87743103541439, 12.960554480705], [92.87527954591476, 12.962361931857657], [92.87504744528351, 12.964148641046876], [92.8817793132649, 12.968972921063681], [92.87948954130937, 12.972947716763812], [92.88352000684304, 12.977950930391302], [92.88232374214724, 12.982531070552653], [92.88507986024754, 12.98333334945464], [92.88808846481098, 12.982719660184301], [92.89120388005543, 12.988731146025685], [92.89759230594044, 12.994858861147492], [92.89923620188958, 12.99374866516888], [92.89863383778183, 12.986232280795306], [92.90472924745714, 12.985982656874214], [92.9069192405307, 12.984732508398722], [92.90741646309968, 12.983265518988773], [92.90616810337545, 12.980645179631537], [92.90702283343748, 12.977118253504656], [92.90589511416832, 12.975294828593505], [92.90711784321414, 12.972034812256894], [92.9065084455087, 12.96738481545701], [92.90971255279246, 12.962392449452153], [92.9081169369475, 12.957236647853165], [92.90790045304371, 12.951601504905696], [92.91004514726583, 12.947756647751262], [92.91270816305152, 12.94639992691532], [92.91612005239872, 12.952697276658142], [92.91676163684022, 12.956864833944877], [92.91890144324739, 12.957702755677857], [92.91915917365722, 12.960039138595477], [92.92277932170876, 12.960504770678853], [92.92604732492444, 12.95795404874039], [92.92821860310622, 12.957944154399314], [92.93149924269633, 12.961634874050276], [92.93155014522316, 12.965929508240237], [92.93578243211405, 12.96704745277789], [92.93858373125445, 12.971118211536321], [92.93720722173626, 12.980788707832602], [92.93564724962121, 12.981517672202799], [92.93167090438877, 12.980248928445548], [92.93089616272815, 12.980880737256328], [92.93152987990041, 12.984572649408491], [92.93321537938644, 12.986188650186136], [92.93323826803217, 12.988903403069784], [92.92973494551146, 12.989529132463502], [92.92214834656923, 12.986522316651616], [92.91937887713394, 12.986519575518074], [92.91879582416803, 12.98684883080901], [92.9172455071745, 12.988557815191115], [92.91852664988508, 12.990406632460349], [92.91599130635396, 12.993466138651499], [92.91593885429509, 13.000445962311431], [92.91371905768884, 13.001406431062009], [92.91314423082193, 12.99915444861908], [92.9115357402824, 12.998077869298456], [92.90830540696939, 12.999752164131195], [92.90797293210565, 13.006685257218919], [92.9074703450805, 13.007812499847049], [92.90726160973568, 13.007812499847049], [92.90504562895282, 13.014916062126602], [92.90536451326207, 13.017689466096016], [92.90184915061789, 13.021982312433977], [92.90378677863717, 13.022194862702918], [92.90578174563134, 13.027771830305753], [92.90977680665478, 13.033320545706772], [92.90984713993387, 13.036648750439468], [92.9152182338349, 13.04800868075607], [92.91635274928004, 13.053741455004186], [92.9161704782853, 13.054213523535381], [92.91494572126842, 13.055021524823744], [92.90513336681167, 13.057827353849405], [92.89799022716741, 13.057818054859553], [92.89134085219874, 13.051239132779912], [92.89005374878164, 13.046621680646197], [92.88811373665996, 13.045693278122357], [92.89003145728643, 13.051226616015754], [92.89562225376429, 13.057683109787732], [92.89901685724251, 13.059376954982682], [92.90578734840781, 13.059625029371801], [92.9100699424744, 13.06100225475052], [92.91295552247973, 13.066290617318288], [92.91098904600793, 13.075405239959991], [92.90284121075379, 13.07925796528285], [92.90037906214437, 13.082222700017809], [92.90007317034085, 13.091649651810144], [92.89892673528081, 13.093694210119821], [92.8929208513164, 13.093824147766412], [92.89245593509358, 13.094765305374622], [92.89266681712016, 13.095055937481533], [92.89769303810365, 13.096187472573916], [92.90036070338417, 13.094336271202167], [92.90260565312875, 13.081040978258784], [92.90499031525135, 13.079592346709575], [92.9082504511978, 13.079695344264863], [92.91321814070503, 13.076080441059645], [92.914056658688, 13.07152962689085], [92.91811120536798, 13.065428734048993], [92.92074835305417, 13.05746984455763], [92.92282271399736, 13.056424617402314], [92.92527496826554, 13.057074546653268], [92.92725276989975, 13.061368226662495], [92.9288674594658, 13.062293648832764], [92.9336286781215, 13.060483813577235], [92.93514955041181, 13.061230302137005], [92.93674933911095, 13.073242068267021], [92.93594634524814, 13.083583116168029], [92.93704020953831, 13.084433555564175], [92.93867957560238, 13.077607512376773], [92.93823027610645, 13.070816159638198], [92.94200587287324, 13.063553572039865], [92.94082963428068, 13.059162258931252], [92.94300115078275, 13.054791927006008], [92.94005167484514, 13.051920652516202], [92.93550741673417, 13.05093550726798], [92.93365716954307, 13.047189235594743], [92.93505167989159, 13.042319059576897], [92.94194567225523, 13.03414464036311], [92.95086216885434, 13.029277205478806], [92.95438122771182, 13.023439169182367], [92.95524132222957, 13.018474936669222], [92.95955884416563, 13.0150730612729], [92.95981574090425, 13.014948725503316], [92.96305060410228, 13.016655445392644], [92.96351134747115, 13.016558170223476], [92.96652543520113, 13.013649940792249], [92.96716976167536, 13.013323426635026], [92.97060680416101, 13.012629270524656], [92.97492444480761, 13.01274645308635], [92.97584235673949, 13.015273571418192], [92.97551512762121, 13.015602707998582], [92.97034561675704, 13.015934824932444], [92.96864545382508, 13.018069744423414], [92.96892082713484, 13.021332741113241], [92.96569752651979, 13.02784967382334], [92.96613395222053, 13.035300254802891], [92.96976494789428, 13.032034159049488], [92.97040212116147, 13.030106663691853], [92.98040056243613, 13.027446270329179], [92.98301243737458, 13.023846865140783], [92.98505401623007, 13.02583444150632], [92.99020683747577, 13.026085614959285], [92.99013137806114, 13.031524061786214], [92.99189496028467, 13.034015416778203], [92.99500656150386, 13.035422801821028], [92.9976345298102, 13.032432675627533], [93.00255727749666, 13.031432628613004], [93.00281894244043, 13.028894900978926], [93.004217505134, 13.028705358066006], [93.00793015924958, 13.03293144682894], [93.01073324714187, 13.039134740975655], [93.00970244421265, 13.043469309561132], [93.01398551492, 13.043872952275052], [93.01247835189477, 13.045583367478656], [93.0127903222158, 13.048293948407263], [93.01598453515831, 13.050348043127798], [93.02080976935585, 13.049962043313911], [93.02376484896902, 13.056992173250407], [93.03032684310963, 13.067666530586052], [93.03023636321805, 13.069671273210844], [93.02604484529357, 13.071563839799538], [93.02735555141774, 13.077503919470516], [93.03019905124543, 13.080446839350401], [93.03484320604926, 13.080656767196174], [93.034967065178, 13.081110954506954], [93.03602957730348, 13.090873360617124], [93.0341633554547, 13.093405247154621], [93.03555881998378, 13.09652399978286], [93.03538095926402, 13.099574565813754], [93.03368830657038, 13.10221385928233], [93.03245854392694, 13.108964204734534], [93.03159475319555, 13.115185141781097], [93.03234040718431, 13.123184442308315], [93.03105497380821, 13.127631426149577], [93.03165864912754, 13.13006997115221], [93.03754961502298, 13.13872182335355], [93.03606033321827, 13.1530423164497], [93.03417372733591, 13.157065153034438], [93.03428971739666, 13.16471111802376], [93.03716111149632, 13.170469879981098], [93.03663086852012, 13.173095465083861], [93.032053113361, 13.1779569383622], [93.0332285164832, 13.183593749552102], [93.03340852298518, 13.183593749552102], [93.03687703634651, 13.19523286810265], [93.04089546175626, 13.200522780202306], [93.04193520574566, 13.206331014764771], [93.04260742649174, 13.20772802792628], [93.0459681749916, 13.210247874340027], [93.04432642482485, 13.214469671538353], [93.04325973984541, 13.222677112059074], [93.05106854417832, 13.22718834886328], [93.05584681038218, 13.232583641721718], [93.05682826031605, 13.237598776762212], [93.05526280413554, 13.244039178065677], [93.0571595426791, 13.246239304700154], [93.0579953195286, 13.25002074256335], [93.05755031069864, 13.256224751671041], [93.06011641014473, 13.26133012738363], [93.06477725546617, 13.264103650962966], [93.06638145444097, 13.272593140461197], [93.05390214876539, 13.263431072286295], [93.04549074200432, 13.259467363428186], [93.04032862176896, 13.270070076273129], [93.04664421066198, 13.276925206233429], [93.04716146023341, 13.280831456506547], [93.04592061074803, 13.282120704806843], [93.04336237947055, 13.27968573550838], [93.03771150108506, 13.28039824947976], [93.03304433802592, 13.276250958415147], [93.02902543507619, 13.281783103807328], [93.02630257570357, 13.282265305899358], [93.02574920666089, 13.283434629604514], [93.02239513382861, 13.27876746654556], [93.01229584257945, 13.276976465791364], [93.01089346406232, 13.281879544405683], [93.01372325462475, 13.284054517901922], [93.01646220646606, 13.289997100385975], [93.01261806517189, 13.294807553326137], [93.0138657090354, 13.29528045642806], [93.01754915676847, 13.293232202804106], [93.020012378269, 13.293225645846903], [93.02191591298916, 13.294944644180177], [93.02118384865574, 13.297536135084712], [93.0181638002197, 13.296372652476151], [93.01364624477858, 13.29912817522515], [93.01403975483115, 13.30441522568205], [93.01177597058475, 13.308314561967649], [93.00956094308324, 13.310024261310815], [93.00692975520448, 13.308894753290275], [93.00930583509651, 13.320046424902642], [93.00604736829169, 13.319724202310212], [93.00335252280084, 13.317102432131833], [92.99860191344774, 13.309194206847422], [92.99584364866567, 13.300336718365017], [92.99429821948743, 13.298828125417657], [92.98769485923052, 13.29941201205483], [92.98903417548709, 13.29676711580997], [92.99388623196413, 13.292932867957504], [92.99126374682479, 13.29271364202117], [92.98702311512503, 13.296176672215864], [92.98632574124034, 13.298493266451231], [92.98910880123063, 13.301022053025505], [92.99450790901327, 13.300586461895676], [92.99823951724014, 13.312668442594699], [92.99804806686504, 13.315185546975357], [92.98635375512222, 13.3173805474745], [92.9849249122552, 13.319703102416469], [92.98025524638254, 13.321379780452702], [92.9783016446053, 13.324044227958879], [92.96968662773608, 13.323689937340887], [92.96357667422458, 13.3249851463476], [92.96194136140494, 13.327484249898276], [92.95910131947042, 13.327870607642566], [92.9536335466511, 13.33289444452302], [92.95337116674628, 13.333273768669514], [92.95343863928193, 13.339123368448654], [92.95091402556207, 13.34286975883235], [92.95067250723079, 13.343605041839368], [92.95127952083354, 13.345057010772535], [92.95160782374231, 13.345171570911518], [92.95522284475882, 13.344524860334161], [92.96406996225917, 13.359375000156078], [92.96448051896098, 13.359375000156078], [92.96634435670691, 13.360491037231725], [92.96933734454322, 13.360408902149345], [92.97050225707383, 13.359375000156078], [92.97094655004335, 13.359375000156078], [92.96988511080943, 13.356174826507157], [92.97202694428827, 13.35307323923881], [92.97089326341384, 13.349502205862251], [92.9721169475396, 13.347958445825824], [92.97448527797351, 13.349769711902852], [92.97639131550719, 13.349072456728635], [92.97677254711587, 13.348538517538799], [92.97746527150528, 13.346805452909479], [92.97746181451137, 13.346288442557707], [92.97668635878873, 13.342776178977644], [92.97941434339751, 13.339174270975917], [92.97962772823726, 13.338671445630993], [92.97973263235545, 13.335183501517548], [92.9800443652554, 13.334383010467576], [92.98132324257384, 13.3321926594638], [92.98397970230158, 13.329552173494108], [92.98449027530617, 13.329297542148055], [92.9875328544579, 13.329154133556557], [92.98818385570061, 13.32929170105129], [92.98921096331557, 13.330427050168495], [92.98880016829347, 13.339033841838443], [92.98960125469424, 13.341885447255663], [93.0033551452241, 13.353257656016126], [93.00392246275172, 13.35357546833339], [93.0102871654208, 13.353209018881273], [93.01593351392094, 13.349782943628085], [93.01878011191295, 13.350365519952774], [93.02381730102783, 13.348839521526926], [93.0271462198223, 13.34528863386356], [93.0294152498142, 13.346200346768725], [93.03194415599822, 13.345246910716398], [93.0326391457804, 13.34538960434682], [93.03373944741784, 13.348430514356934], [93.03520691436793, 13.349579811059542], [93.039860606482, 13.350659847374317], [93.04092717185179, 13.3516788485002], [93.04109740272341, 13.352058053036771], [93.04164254656646, 13.354163169894576], [93.04137694798786, 13.35517835609653], [93.04032075449956, 13.35726726087546], [93.03856575450621, 13.359375000156078], [93.03817665562829, 13.359375000156078], [93.03705906902113, 13.361292004922205], [93.03476834288497, 13.360631346759277], [93.03787255257649, 13.365304469625727], [93.0410131218583, 13.367238044400239], [93.0413874385799, 13.367172479326513], [93.03910923010736, 13.361487031001758], [93.03911137588958, 13.361157416881497], [93.0398973231033, 13.359375000156078], [93.04028487244923, 13.359375000156078], [93.04340064562356, 13.355055451148175], [93.04575920132655, 13.346257448322618], [93.04150736317459, 13.338420748818535], [93.03985404952496, 13.325419426265583], [93.040396452235, 13.322103739196322], [93.04290461555595, 13.320671201015259], [93.04587364185525, 13.320622444270668], [93.04949092826396, 13.323071956505672], [93.05330061922862, 13.327794432367142], [93.05703914144354, 13.32933354380802], [93.06009364110892, 13.329077959180594], [93.06170022508562, 13.323912143630693], [93.06094574964678, 13.316602945069988], [93.06344902515278, 13.309323549142704], [93.06268894693747, 13.307065367672791], [93.06544351550636, 13.302972554839798], [93.06703472107588, 13.305412173633002], [93.07070636790488, 13.306724667609615], [93.07097315808485, 13.31347775419519], [93.07230126878883, 13.317330241197837], [93.07187640657108, 13.322332263223572], [93.07297873528066, 13.324916243889547], [93.07706654068832, 13.329862952213574], [93.0805484053848, 13.331442952230617], [93.0842673781373, 13.33150255659784], [93.08664584123287, 13.3325388435929], [93.09025073048716, 13.335378407987363], [93.09036541023588, 13.336062669756558], [93.08759856232419, 13.343469620126854], [93.08593845339706, 13.343386054223146], [93.08428490142725, 13.341550349968855], [93.07913696799696, 13.341514229598161], [93.07758545850245, 13.343627452944872], [93.07839727381557, 13.348298072997721], [93.07506430177634, 13.346765160583828], [93.0715769530141, 13.347615838300541], [93.06521224944609, 13.359375000156078], [93.06484484671253, 13.359375000156078], [93.06286907215028, 13.360744357366372], [93.05946540800258, 13.373978853441585], [93.05932784050768, 13.374363422434243], [93.05529475255102, 13.382147550269352], [93.05498814578633, 13.382229924571305], [93.05324530642602, 13.380682944962004], [93.04872405567099, 13.373564123885203], [93.04582190475745, 13.37492525589613], [93.04400801625698, 13.373589753664305], [93.03862714762525, 13.373610376917455], [93.0362018343474, 13.3746552470421], [93.02878761295838, 13.373209357526065], [93.03296875990057, 13.37522614027425], [93.03982460482203, 13.37481164903852], [93.04551994838724, 13.37686562504868], [93.04851281661345, 13.37460601365673], [93.0527149438399, 13.391121744672859], [93.05472731631292, 13.390136122783957], [93.05715942396873, 13.392986416989501], [93.05875575567379, 13.391816139103796], [93.06260144739937, 13.391403674939724], [93.06463134316223, 13.394423127125876], [93.0689475538866, 13.397228002870165], [93.0687893631389, 13.40192914051751], [93.07080113846203, 13.406610250263029], [93.07013845412646, 13.407409429202048], [93.065848707752, 13.405412912675814], [93.0614656207421, 13.399240255733346], [93.05980873138813, 13.399045348364169], [93.05891275392062, 13.401675462452815], [93.06057667777159, 13.404033064874199], [93.06004536190429, 13.406716227272241], [93.06276822127691, 13.418488741362566], [93.06155133242831, 13.420926451794386], [93.05725896363074, 13.413002252751937], [93.05394232238066, 13.410227060030977], [93.05222773522192, 13.40694737462168], [93.04858255364232, 13.40464472797197], [93.04547822434088, 13.404202937815512], [93.0442236664895, 13.406150579785432], [93.04505884618894, 13.41057467498149], [93.0364221331752, 13.416888475123045], [93.04070150856799, 13.426095247697589], [93.03781044449667, 13.42684757735394], [93.03456854859976, 13.424818754482104], [93.03280937665167, 13.424911856796939], [93.02999031500113, 13.427704930738045], [93.02660334137133, 13.428359270264167], [93.02090573331307, 13.431437611856467], [93.02219164332976, 13.432727336797356], [93.02725732296713, 13.433799862873485], [93.03255927519061, 13.432620048576467], [93.03471863285884, 13.435144305265567], [93.03580796726399, 13.44402384782245], [93.03352594386743, 13.451701640718213], [93.03416204424346, 13.452841162689666], [93.03571891819402, 13.451241254380449], [93.03587436690898, 13.452965855490106], [93.03367805519818, 13.456938147477715], [93.02947151679737, 13.460532426530321], [93.02747666851374, 13.461696505389668], [93.02398204783336, 13.461804031930768], [93.01869273198449, 13.464528441734302], [93.01992857494409, 13.46631705748625], [93.02398157119276, 13.467557430331311], [93.03091764463377, 13.464606642282916], [93.03184974157253, 13.464508771762425], [93.03404223925841, 13.466359853524523], [93.03422510650367, 13.46688652079645], [93.03551936132956, 13.471469640411826], [93.03490555244949, 13.476356625657985], [93.03778755675083, 13.480295658018278], [93.03505754506992, 13.483042239707743], [93.03943264520066, 13.486392378905265], [93.03969037561038, 13.486992240199768], [93.04118657140341, 13.492604255282274], [93.0399277210876, 13.495117068098324], [93.0399043558019, 13.498699903278066], [93.04347085929302, 13.505384445336077], [93.0435948371323, 13.514892220100009], [93.04257774346851, 13.5188739297882], [93.04498493630584, 13.525324821683256], [93.04476404212724, 13.529392242158437], [93.04161775135853, 13.535156249861046], [93.04151785376646, 13.535156249861046], [93.04123091697355, 13.53585374335556], [93.03945505630614, 13.548020004919266], [93.03584694837818, 13.55489504317174], [93.03345274894568, 13.563747048487514], [93.02947652332315, 13.572504639377769], [93.02937042670399, 13.573056459787935], [93.02912366352646, 13.57635474227773], [93.0270673034137, 13.578687071950853], [93.02702677276758, 13.57870066160639]], [[93.05213642075935, 13.562918543556094], [93.05396425684549, 13.559763907978095], [93.0546059608968, 13.559905648327145], [93.0574448112292, 13.562339544734414], [93.05723464506323, 13.566540479459832], [93.05690824961621, 13.566846728294124], [93.0539145468189, 13.566059351158188], [93.05213642075935, 13.5645924804587], [93.05213642075935, 13.562918543556094]], [[93.09658515478114, 13.434044241948328], [93.09804320313154, 13.431700945042834], [93.09909427138362, 13.430331826153107], [93.09969055697397, 13.429977536434293], [93.10219526330118, 13.429878115482822], [93.1036622527113, 13.429740309667622], [93.1040694711294, 13.430009007309977], [93.10282051605432, 13.43429422379954], [93.10235810264479, 13.435035944153569], [93.09933137854037, 13.435732961007403], [93.09804666012545, 13.438143252908759], [93.09645140131116, 13.434617400572705], [93.09658515478114, 13.434044241948328]], [[93.07104384929463, 13.422213912242327], [93.07268547985146, 13.431102752889956], [93.06946074931446, 13.427321553347142], [93.06735753991902, 13.422303319242971], [93.06911015491019, 13.416597366375626], [93.06819879993489, 13.414878845582308], [93.06828474994145, 13.414601564810454], [93.0699516532467, 13.412366747727333], [93.0707494022636, 13.412638307012429], [93.0719144344038, 13.413641453090548], [93.07198917885788, 13.414221764023452], [93.07114613098949, 13.419822573553034], [93.07104384929463, 13.422213912242327]], [[93.08705711379517, 13.41577255765759], [93.0873373749204, 13.412197709356832], [93.08859932429962, 13.410204052674956], [93.08902001366314, 13.409997939753382], [93.09228455988503, 13.41030371194681], [93.09526765337992, 13.415599465143401], [93.09547913075775, 13.416192054519897], [93.09502935372197, 13.418273806990754], [93.09473645712208, 13.41877365108327], [93.09294593300868, 13.420034647181382], [93.09266543356321, 13.420172214676114], [93.090141654414, 13.419141053816745], [93.08705711379517, 13.41577255765759]], [[93.06170964278627, 13.384967923131185], [93.06169593352072, 13.383237362214572], [93.06260824177716, 13.383453011547275], [93.0633368491165, 13.384008049731932], [93.06372153771898, 13.385923147035783], [93.06364083255866, 13.387026310316145], [93.06170964278627, 13.384967923131185]], [[93.08097350592269, 13.368055462489636], [93.08222222357702, 13.366872907059161], [93.08256995633863, 13.366872907059161], [93.08353555212429, 13.367986678742312], [93.08346831790882, 13.368820071489125], [93.08283984648202, 13.369438767285232], [93.08194434655482, 13.370000004496873], [93.08104360088194, 13.368610978214164], [93.08097350592269, 13.368055462489636]], [[93.07449197772283, 13.364380240855581], [93.07778704153921, 13.363142848364006], [93.07813763594348, 13.363555312527808], [93.0791211129492, 13.363741875087698], [93.07617461646558, 13.36678624119233], [93.07386124090388, 13.365755199942527], [93.07414162163869, 13.364655256235295], [93.07449197772283, 13.364380240855581]], [[93.07366335408105, 13.303330540772066], [93.07098877391306, 13.300173401481445], [93.0709582563189, 13.29955554025615], [93.07209670539888, 13.298005461582918], [93.07500445818951, 13.297903179887982], [93.07852292079647, 13.29910981646512], [93.07906270018381, 13.300867437982077], [93.07861173154643, 13.3014302256247], [93.07416486731509, 13.303230166538967], [93.07366335408105, 13.303330540772066]], [[93.0223093034318, 13.30266451815315], [93.02394843117546, 13.308287620977055], [93.02090895198702, 13.316765070351806], [93.02290725726428, 13.324980378141944], [93.02590823197957, 13.32731187324461], [93.0225441451964, 13.329197764165556], [93.01874422986262, 13.329278231005588], [93.01829326122552, 13.329738139803482], [93.01630270450633, 13.331282854020643], [93.01516735538931, 13.330229639986072], [93.01511335379863, 13.329813838438042], [93.01704442486053, 13.327787041738858], [93.01588404221528, 13.316630005670504], [93.01061713657182, 13.31664156915312], [93.00943827645548, 13.310742021027451], [93.0181545021288, 13.308047652177464], [93.0223093034318, 13.30266451815315]], [[93.01568102835702, 13.34003376924305], [93.01535701791241, 13.340195536594834], [93.01465797398666, 13.339637279736849], [93.01436853438068, 13.33778381387188], [93.0149172548278, 13.337398648628977], [93.01590204214588, 13.337418913951907], [93.01646041861389, 13.337840676206369], [93.01640605909247, 13.338608026339486], [93.01568102835702, 13.34003376924305]], [[93.03838980214786, 13.343306660274223], [93.03800547147549, 13.344017148073121], [93.03674864733242, 13.343065739092637], [93.03662097417876, 13.342628955462132], [93.0371401312124, 13.340701341393853], [93.03760290165295, 13.340840339710084], [93.03838980214786, 13.343306660274223]], [[92.96972215185625, 13.33805561057818], [92.9694442748337, 13.338333249280254], [92.96694445632195, 13.33722221873056], [92.96638894059734, 13.336388945593484], [92.9661109448646, 13.335555553746048], [92.9674998524363, 13.33249986157955], [92.96805560558212, 13.33249986157955], [92.9683332442842, 13.333055377303992], [92.96777772945885, 13.335277676723408], [92.96972215185625, 13.33805561057818]], [[93.01430416090844, 13.284364342440568], [93.01583325839866, 13.283333301191036], [93.01666665114547, 13.284444451350382], [93.01611113542086, 13.284999847465173], [93.0143742558677, 13.284639358719474], [93.01430416090844, 13.284364342440568]], [[93.05959105498349, 13.221419215024895], [93.06107306487038, 13.220745921387433], [93.06141138083106, 13.221093415828562], [93.06041181045694, 13.224704742430148], [93.06028211113065, 13.225053548982231], [93.05893015850009, 13.226734638193093], [93.05830204500367, 13.226913332584289], [93.05750465391716, 13.226159930036829], [93.05932736386708, 13.2218252418416], [93.05959105498349, 13.221419215024895]], [[92.93952667671519, 13.011590242395783], [92.94255304378831, 13.017993330827522], [92.94255876527532, 13.018409251985574], [92.942349672, 13.019324779814937], [92.93818342682388, 13.020881414545656], [92.93825352178285, 13.023024916267019], [92.94022023657513, 13.023851155806469], [92.93984675442451, 13.025128721912978], [92.93720185728026, 13.02608430374788], [92.93195402625773, 13.023929357254104], [92.92779195303629, 13.023308753995806], [92.9265990257247, 13.023487448387272], [92.92569386977644, 13.027477860814784], [92.9250626563169, 13.02813255827094], [92.92354285691741, 13.028637528499331], [92.9218447210574, 13.027620553545745], [92.92130494077063, 13.025625466942003], [92.92104947575277, 13.02379846542695], [92.92252755200528, 13.021641850690997], [92.91615164288433, 13.015545606444789], [92.91593682722308, 13.012118458300492], [92.91749715816744, 13.008517265259655], [92.91785407030923, 13.007812499847049], [92.9180544617445, 13.007812499847049], [92.92043805097538, 13.004585146886967], [92.92158341404368, 13.000488520029407], [92.92417621615962, 13.00138425827707], [92.92594575908984, 12.999456047958276], [92.93227457970838, 12.999563455789087], [92.93564617672976, 12.997584342943213], [92.9364227053438, 12.995690465143028], [92.94143915159569, 12.995286941139483], [92.94404482840653, 12.997107266986873], [92.94289064388838, 13.00126123461834], [92.94114911573931, 13.002823948766292], [92.9403667451293, 13.007812499847049], [92.94018471245468, 13.007812499847049], [92.93939423535588, 13.009809851843372], [92.93952667671519, 13.011590242395783]], [[92.98695027813304, 12.998102069155337], [92.98837816681927, 12.997900844048885], [92.98872613880044, 12.998126029792715], [92.98919951944234, 13.000446438952025], [92.98889267435763, 13.000595450319807], [92.98660111455027, 12.999846219727303], [92.98695027813304, 12.998102069155337]], [[93.00575756985623, 12.997523427364499], [93.00395035702368, 12.996118068494155], [93.00323653184071, 12.996915221260437], [93.00088334059379, 12.994428515763545], [92.99368882178206, 12.99093115305024], [92.98563790286724, 12.99299645422326], [92.98531532324378, 12.991098403568657], [92.98890650233344, 12.984699845022007], [92.9851163626303, 12.984365105665148], [92.98553371460949, 12.982695222007038], [92.98384463762036, 12.981006979588557], [92.98210966552895, 12.98127424730869], [92.97948932617172, 12.979849338975939], [92.97917461381749, 12.97477006878377], [92.97659254061372, 12.974938153872898], [92.97235405469601, 12.969449162449024], [92.96966934186699, 12.970473528031079], [92.96874022528138, 12.972562551520738], [92.96925127492662, 12.974288225521235], [92.96439242407146, 12.977810144222971], [92.96434903178269, 12.979216814304635], [92.96893060186599, 12.981099366942416], [92.96911454200298, 12.982341050998969], [92.96357715086518, 12.985959053267948], [92.96100640282353, 12.98940825458753], [92.96040701906892, 12.989472628059588], [92.95776271817536, 12.983165860615927], [92.95243954644823, 12.980177879305728], [92.95466732993364, 12.976548075233481], [92.9602282050677, 12.97454607464178], [92.96027982255603, 12.971581936157605], [92.9629460570151, 12.969343543369945], [92.9629317523987, 12.968708157955263], [92.96080577396779, 12.965484022769502], [92.96001434358735, 12.965146541379994], [92.95876026147701, 12.964906930510722], [92.95835232719841, 12.964893102534802], [92.95640671230032, 12.967020511787297], [92.95433211303683, 12.967911362219652], [92.95401036708526, 12.967562436957095], [92.95411825155648, 12.96236634213318], [92.95603966749687, 12.958188533474157], [92.96165704703529, 12.954829812046242], [92.97259891041145, 12.954998135455853], [92.97394645186765, 12.945667147621009], [92.97160196336031, 12.944227337521596], [92.96786534770777, 12.946857929150212], [92.96030092245005, 12.94937717931353], [92.95614337911368, 12.946058868921739], [92.95456576319978, 12.941586374911395], [92.95176982851493, 12.940771460534705], [92.95549750310775, 12.940308570484234], [92.958245277298, 12.94280135629765], [92.96940195543621, 12.944482207188301], [92.97196030632327, 12.943019151412926], [92.97159338023064, 12.941114068059989], [92.97295653841368, 12.940095901504833], [92.97080075734917, 12.938387513373158], [92.97108006519332, 12.938038348890856], [92.97343742839476, 12.9373978373403], [92.97390294086833, 12.935408831052897], [92.97935020914511, 12.93292355547787], [92.97967457752011, 12.932814121474678], [92.98263847858337, 12.934133172408224], [92.98269295681482, 12.937919855117215], [92.97999835054353, 12.94263207870766], [92.97987294188309, 12.947953700902659], [92.98075354094343, 12.949880957939996], [92.98806190493306, 12.953785299851816], [92.98824405631834, 12.956389308420057], [92.98308563229662, 12.95736062569253], [92.97976350788, 12.960126161493164], [92.97958946208453, 12.966958045777332], [92.98885071289024, 12.977305054384928], [92.99245941616928, 12.985394001132377], [92.99662470806416, 12.986238241501724], [93.00034654155988, 12.988588810325396], [93.00069487057206, 12.988862156563215], [93.00545835461972, 12.993724346601454], [93.00676643832091, 12.996576547369997], [93.00727307769083, 12.997308611703232], [93.00575756985623, 12.997523427364499]], [[92.87664663773265, 12.932382821909727], [92.87354934202872, 12.934459209025391], [92.8701199293915, 12.931985258612954], [92.86680996380906, 12.933182716709183], [92.86114561537832, 12.933543562485553], [92.86068630193151, 12.933401942645617], [92.85988092396556, 12.932741642412992], [92.85841190838315, 12.92897784744983], [92.85916340346861, 12.925727844164754], [92.86319184282937, 12.921185851446026], [92.86492264296581, 12.91710007221073], [92.87153232096026, 12.916033745161315], [92.87269938017246, 12.916324853909089], [92.87412297729398, 12.918394327036708], [92.87437665445955, 12.91940510296331], [92.8737914566108, 12.924126029292992], [92.87405240569447, 12.925233125308736], [92.87478685413024, 12.926226258335404], [92.87534296520593, 12.926465272954076], [92.87605857824107, 12.926663875637445], [92.87911772740145, 12.923931121923985], [92.87954795317583, 12.92351365123406], [92.88078653816845, 12.92052125964861], [92.88634085634592, 12.923075318071582], [92.88375294204494, 12.929661750389613], [92.87818026510743, 12.93050944775294], [92.87664663773265, 12.932382821909727]], [[92.89814126470768, 12.92140853437661], [92.89522600167882, 12.917107462839283], [92.89826214348355, 12.909957766237852], [92.89815974217888, 12.904215454679772], [92.89592754841775, 12.89861083022582], [92.89241957640266, 12.895653844049633], [92.88664054912229, 12.893980503397728], [92.87919604755999, 12.895295262766211], [92.87267196164217, 12.892457843255045], [92.8712233300927, 12.888356566002741], [92.87522351725173, 12.88437175725106], [92.87392091761663, 12.881168007897344], [92.84564423599298, 12.875188947112292], [92.84174585298891, 12.87559020482432], [92.84062981591345, 12.876243710678906], [92.84031605684086, 12.878562927337185], [92.84307742158617, 12.884951233612625], [92.84242701569454, 12.89084720603367], [92.84208464648955, 12.891114473754072], [92.83963274925205, 12.89116215670819], [92.83383405200007, 12.885255217954239], [92.82927465470178, 12.884936452355433], [92.82644402956865, 12.887998342649453], [92.82451415100743, 12.895184040011472], [92.81249999987543, 12.896763443778], [92.81249999987543, 12.897042274081826], [92.81018304860922, 12.897532343443089], [92.80344903484527, 12.897033572241682], [92.79687345015012, 12.89175510401509], [92.79634428006469, 12.891416668444677], [92.79220974408489, 12.889879822396026], [92.79154384107588, 12.889123559105016], [92.79124105013457, 12.888391614381518], [92.79154384107588, 12.885249614278493], [92.79395961794242, 12.88213527192542], [92.79283332859566, 12.879645944005262], [92.79384255409084, 12.872234225429324], [92.79254663012333, 12.868381976746875], [92.79332017928326, 12.862980366151177], [92.78889346166412, 12.861400008204086], [92.78518342997168, 12.86167836186705], [92.78244495387176, 12.8596260549986], [92.78155827539436, 12.848533272792395], [92.78079164022247, 12.848394870726764], [92.7810256483153, 12.860285520660327], [92.7801225185398, 12.862370729225788], [92.77831733187955, 12.864083051891583], [92.77517533267573, 12.861648559233714], [92.77115273441146, 12.863193154740415], [92.76960730523322, 12.862294078209146], [92.76937580085277, 12.861340403836692], [92.770079612984, 12.85770404370679], [92.76859021156943, 12.850645303638075], [92.76865601496345, 12.850255846830109], [92.77110803091117, 12.845263600434905], [92.77423214889487, 12.843484521093814], [92.77528953578374, 12.842159747774417], [92.77553164946644, 12.84107804321738], [92.77391266833516, 12.835231065861052], [92.77416837257286, 12.83203125014208], [92.7741996051279, 12.831357478964648], [92.77534425233549, 12.829415440670203], [92.78367233241269, 12.824355960059648], [92.78164601325321, 12.824053168219251], [92.78139376600976, 12.82200884822987], [92.78329205498474, 12.814476251777862], [92.78315317627843, 12.810267805914776], [92.78395664678206, 12.809235573063404], [92.78614234919056, 12.810547352078771], [92.7824381585946, 12.807669043092062], [92.77994811571321, 12.824935674741866], [92.77422165830299, 12.829292417011573], [92.7733104229379, 12.83203125014208], [92.77323400934225, 12.832013010991801], [92.77309811098925, 12.833989143484288], [92.77415347080628, 12.841789245976997], [92.76335132160662, 12.852174759057988], [92.76055395610072, 12.859416246762578], [92.75908374801682, 12.857654332781465], [92.75865936243966, 12.84778404219989], [92.75339663055027, 12.84761464589944], [92.75351357479192, 12.845301151627012], [92.75109243436876, 12.84483253919052], [92.74852824238477, 12.842097759304238], [92.74559283274337, 12.841055631212413], [92.74477446047317, 12.839434862229126], [92.74416291698523, 12.838008046434368], [92.7438466550993, 12.83203125014208], [92.7444187399332, 12.831333756647652], [92.74358177148193, 12.824534058200328], [92.74249291461663, 12.825017451894027], [92.74241626270046, 12.83203125014208], [92.74213016047898, 12.83203125014208], [92.74114263022844, 12.836172818820486], [92.7407559154532, 12.836229443734041], [92.73982667925819, 12.834919810501077], [92.73984181844551, 12.83244967501274], [92.73955583583361, 12.83203125014208], [92.7381550077479, 12.829370855880484], [92.73798644511854, 12.824055433611392], [92.73946654754334, 12.81884884819587], [92.73947513067301, 12.816312313062824], [92.73920011529347, 12.8132070304802], [92.73799455160761, 12.810441255459722], [92.73752260178688, 12.81031644304936], [92.73730480667197, 12.810795426467891], [92.73830211165333, 12.811743259743935], [92.7366000412591, 12.812941073971473], [92.73615694079044, 12.81526172145152], [92.7366342541678, 12.81944084132195], [92.73475945008877, 12.822741747134103], [92.73462426669684, 12.823190927919114], [92.73297655582374, 12.83203125014208], [92.7318898438414, 12.834825157754992], [92.73078203196556, 12.835340619474167], [92.7304443122554, 12.835246801298894], [92.72925782229109, 12.83203125014208], [92.7289717200691, 12.83203125014208], [92.72896480518185, 12.831635832627796], [92.72743844972499, 12.829345345711218], [92.72714841386849, 12.829060078060294], [92.72404396495747, 12.827166318970484], [92.72386992006093, 12.826648474047985], [92.7217272520111, 12.816393851894958], [92.72053551630134, 12.805354952569303], [92.72075140485364, 12.799258947542668], [92.72112953649926, 12.796414971074029], [92.72130763553932, 12.795930027848541], [92.72370183497216, 12.795864701095113], [92.72367727718498, 12.795371413060337], [92.72096204766066, 12.790318131476852], [92.72099244564495, 12.787871718305425], [92.72614145286607, 12.766322613098254], [92.73103404088872, 12.753549933282756], [92.7301455736596, 12.749788045781784], [92.73090004909827, 12.743353843505119], [92.73519647114065, 12.73852133738994], [92.73879373054658, 12.737643838292726], [92.73825037455552, 12.733055233712165], [92.73941457302433, 12.735080242559349], [92.74132204048024, 12.724797010273832], [92.74393486959875, 12.724254846783907], [92.74614000275906, 12.722326755175843], [92.74121344104768, 12.720969199768916], [92.74022424255523, 12.717927456087452], [92.7395749095547, 12.71187674991215], [92.74050223828797, 12.703361868955298], [92.7425103191961, 12.699410558150788], [92.74017810823344, 12.699874043552398], [92.73037600514877, 12.697904825047871], [92.72789883606256, 12.691831350736493], [92.72812724137944, 12.690992355213126], [92.73034584548466, 12.691521048657705], [92.73252785167907, 12.689956545758207], [92.73576843726383, 12.684450149754866], [92.73643934769805, 12.681257844274285], [92.7328751086998, 12.674217819996613], [92.7365880011358, 12.67200374577638], [92.74140894376794, 12.67235445979074], [92.74396741426497, 12.671097516937124], [92.75215065492901, 12.674615502003846], [92.75972271003533, 12.671037912569815], [92.76862382912671, 12.671720027657429], [92.77546584607242, 12.679599404488869], [92.77840244731559, 12.685785174446366], [92.78426814046261, 12.692891120828705], [92.78615260146185, 12.705728769467328], [92.78501737105492, 12.707969904287808], [92.77958714942773, 12.71114802386225], [92.77866995335583, 12.712743043456697], [92.77974665138728, 12.712890624902428], [92.78149652524465, 12.710972070604768], [92.78624510752573, 12.709000349286825], [92.78754484641789, 12.707016944876244], [92.78653871998611, 12.684676051358949], [92.78840124652064, 12.674054622722778], [92.78390955917902, 12.664942264574023], [92.78439664818708, 12.659112573086972], [92.7838944199917, 12.656250000437296], [92.78391754605835, 12.656250000437296], [92.78287720671815, 12.65305495292398], [92.78093707588582, 12.654242039139078], [92.78052485004187, 12.653954148165354], [92.78033566505925, 12.65277683758113], [92.78029000737823, 12.649767756377017], [92.78191685667812, 12.644949674488004], [92.78220272057914, 12.639648437225588], [92.78035616870258, 12.630613327243367], [92.78676724401319, 12.625177144909571], [92.78615367435296, 12.619804739796876], [92.7854528425751, 12.618980407719704], [92.78386497528848, 12.61817491014395], [92.7836601735784, 12.618637442264202], [92.78586065724372, 12.624667406475709], [92.7820508475688, 12.626991153019247], [92.7802325487934, 12.62876760993744], [92.77953815436265, 12.630158067041378], [92.77941811105714, 12.630504846521717], [92.78011512791116, 12.636242031944363], [92.77974450560473, 12.637195825926739], [92.77881300491666, 12.637912869783207], [92.77707791321532, 12.637615442398797], [92.77788627153453, 12.63298106232638], [92.77775096853284, 12.63258326070887], [92.77710390092446, 12.632823466929565], [92.7765680551718, 12.636747241392243], [92.77663445481633, 12.637351870892218], [92.77926766886813, 12.641344666523324], [92.77851557753198, 12.644417643659537], [92.77934455910443, 12.656250000437296], [92.77931737889426, 12.656250000437296], [92.77755486956184, 12.666268467815655], [92.77710425885451, 12.66716480231392], [92.77428746259639, 12.669634222841268], [92.77365386503433, 12.66984534228888], [92.76878571518913, 12.667975902666043], [92.76180946813284, 12.66799807545081], [92.75323414823768, 12.67072427310697], [92.75046932739778, 12.665851950407358], [92.74696147409296, 12.667698740604564], [92.74416601694853, 12.667560219828388], [92.74066960841586, 12.660574555071861], [92.73801350571924, 12.6581350567876], [92.73458504636326, 12.656954526630145], [92.73440682861249, 12.656250000437296], [92.73418450361223, 12.656250000437296], [92.73312556719125, 12.652079344086616], [92.73614025117175, 12.639853358545764], [92.73402535958306, 12.637586355625984], [92.72808241826951, 12.635400653217673], [92.72497773193712, 12.626782417674505], [92.72294926609587, 12.627591847985371], [92.72110474129116, 12.632695555455527], [92.7194683555804, 12.638142823732593], [92.7197208402446, 12.64294505147295], [92.71550452711236, 12.643428206846352], [92.71557557625218, 12.637485742173212], [92.71172392382007, 12.62623286265675], [92.71214485150372, 12.62290644667533], [92.70500850713725, 12.608446001981577], [92.70360970522384, 12.607820152977837], [92.70354664296363, 12.611971855216993], [92.70178651773406, 12.61256873615838], [92.69536566769173, 12.607393502907811], [92.6915984157346, 12.608124970990715], [92.68762385835467, 12.611478925112436], [92.68672835842713, 12.615100979726634], [92.68454027191629, 12.607812524028901], [92.6847858425929, 12.603317141372912], [92.68664324299144, 12.601563573100549], [92.69065666187569, 12.601948857054268], [92.70117795459933, 12.599849342972831], [92.70477390279373, 12.596665143981326], [92.70747315855985, 12.596943378034553], [92.70424914388329, 12.587596654761867], [92.70699965920741, 12.584470510605613], [92.70543766002052, 12.578383803669723], [92.70827352999973, 12.576332211762335], [92.70818567253096, 12.571872234516064], [92.70563280570983, 12.569447040848402], [92.70481777172321, 12.565258741597603], [92.7076109643746, 12.561406850845728], [92.70871365101456, 12.555938959315512], [92.70369791972362, 12.547996044482005], [92.70395135856839, 12.5469658378032], [92.70658147355667, 12.547175526429484], [92.7014230486349, 12.545660614845573], [92.69874227033998, 12.53920185568137], [92.69956970237993, 12.53033924106336], [92.69713830968547, 12.521839380582918], [92.69471764590307, 12.51944041294496], [92.69423007935521, 12.514842628984283], [92.69597065422275, 12.512448907091581], [92.70105564590168, 12.510595441226712], [92.70139086279849, 12.500325441566062], [92.70317256456266, 12.498325943787421], [92.70488762836172, 12.498325943787421], [92.70828735797565, 12.493976950975593], [92.7083969115885, 12.493363142095333], [92.70775854582033, 12.490168809543178], [92.70332360300236, 12.483633279752226], [92.70331537690336, 12.48046874983305], [92.70340406894312, 12.48046874983305], [92.70337402798921, 12.47925686840992], [92.69948196452137, 12.467401265955857], [92.70192015159412, 12.464637518007137], [92.70282173183764, 12.459428429778285], [92.70509374128366, 12.457505345595365], [92.70650374874921, 12.45104885092384], [92.70201504266035, 12.445723533414565], [92.7030642034504, 12.43586564088669], [92.69860684862729, 12.425309419394381], [92.69806253935488, 12.420925855743732], [92.70047354711667, 12.407711148350941], [92.69829463998613, 12.401554465166427], [92.69776535029112, 12.389446854688757], [92.69937574829257, 12.38457894316386], [92.69943487601884, 12.379277825511366], [92.70312476199862, 12.37846064574245], [92.70346164713752, 12.373026252159846], [92.70532703441532, 12.369799256230792], [92.70442044764584, 12.368620038184474], [92.70172405262329, 12.368505358435755], [92.69998574224846, 12.365910768467458], [92.70161473733057, 12.357131838463701], [92.70034277400018, 12.353441358032413], [92.70083391625272, 12.335240006121325], [92.69944643950171, 12.32771360869603], [92.70013511154653, 12.326581120322643], [92.70169055467576, 12.326718449496894], [92.70505702466201, 12.330283403456576], [92.70859074606656, 12.328485965355284], [92.70892715456503, 12.32799494271238], [92.70897877205292, 12.326737046577392], [92.70743274662428, 12.323799967794457], [92.70719861982073, 12.31739532983083], [92.70742762048874, 12.316331148563819], [92.71092891683637, 12.309871077288477], [92.71114552034979, 12.309661745693134], [92.71195614316187, 12.309633135560915], [92.71324610732225, 12.311893105782275], [92.71379184741616, 12.312128305477103], [92.71517312513984, 12.31161534747028], [92.71825492372594, 12.304687500128168], [92.71861684329289, 12.304687500128168], [92.71903467191285, 12.303819179511692], [92.71877324618848, 12.301233529703836], [92.71963357902669, 12.300396442541938], [92.72039747216584, 12.300253272270922], [92.72965633886915, 12.302667617416773], [92.73250603682445, 12.301973462205595], [92.73431146180488, 12.304687500128168], [92.7345335484845, 12.304687500128168], [92.73592102523551, 12.30867803126641], [92.73545300994888, 12.304687500128168], [92.73495483409855, 12.302617549460592], [92.73559045783352, 12.300851106493582], [92.74215996221287, 12.301403641864638], [92.7447533605795, 12.299279451285827], [92.74784696096887, 12.299873471483565], [92.75452101243494, 12.295723080456], [92.75781083140524, 12.298269033289444], [92.75750935077625, 12.302925825366728], [92.75856697598525, 12.304687500128168], [92.75880885134748, 12.304687500128168], [92.76381111169351, 12.31230604658694], [92.76473331429136, 12.311266780138041], [92.76317095717425, 12.305156469595516], [92.76337826259694, 12.304687500128168], [92.76341807828183, 12.304687500128168], [92.76454997040506, 12.301596045521109], [92.76481282695076, 12.301748752203338], [92.76623415957923, 12.304687500128168], [92.76900637194663, 12.314035057971665], [92.77161645903246, 12.316901802576396], [92.77188050717999, 12.3176461462526], [92.77127861971283, 12.319553017457892], [92.77412402610318, 12.3160585163876], [92.77990591502626, 12.312820911156138], [92.78406774992723, 12.313542962437836], [92.7906965016426, 12.31152725258076], [92.79269194617646, 12.310082316345927], [92.79453933262428, 12.306203842533591], [92.79497384996355, 12.306139945702029], [92.79776954632783, 12.307536125192186], [92.80293154695372, 12.312749504985831], [92.80348110197147, 12.312986731752417], [92.80853450316508, 12.314666628462334], [92.80959415454683, 12.314669013464396], [92.81249999987543, 12.313616037750123], [92.82255375395269, 12.308844327603737], [92.82906425021517, 12.304687500128168], [92.82962155379212, 12.304687500128168], [92.83198571227106, 12.302496433264054], [92.83675551405625, 12.304687500128168], [92.83677506441794, 12.304687500128168], [92.8387131690778, 12.306302666335085], [92.84037244343395, 12.306851148461917], [92.84870481507531, 12.30812644917637], [92.85117423560294, 12.311268567990211], [92.85493540724374, 12.31336605589891], [92.86953294279127, 12.313913225914604], [92.87225651712507, 12.317597269898172], [92.8781651259201, 12.313269853621122], [92.88169515111056, 12.31878840935768], [92.88664710517995, 12.323424458572163], [92.88883173469688, 12.321054577706747], [92.89471864734801, 12.320183754277025], [92.89706170593311, 12.326035976479062], [92.8890068533839, 12.325163840938657], [92.88721823673248, 12.327450513830229], [92.88872075116208, 12.329257846272867], [92.88837635488497, 12.331084728177728], [92.88656222806483, 12.332021951252258], [92.88169884642494, 12.331334352098821], [92.88100206879076, 12.331995844832477], [92.88327920437203, 12.333582162586694], [92.87968933559458, 12.333563923436415], [92.88070011152118, 12.336510419920018], [92.88063538101827, 12.3429563043902], [92.881609201104, 12.344084024558299], [92.88752233978457, 12.343895434926566], [92.88873255296542, 12.341623545090656], [92.89242601374994, 12.339456438863749], [92.89419901367378, 12.336121559362667], [92.89605617485287, 12.33570682980654], [92.89614653603397, 12.336026906616581], [92.89177322375579, 12.343161940671095], [92.88998150804062, 12.350330114743102], [92.88980364822024, 12.350631237441789], [92.88644516511252, 12.35132205526864], [92.88502812404894, 12.355329155516259], [92.88150334370462, 12.356119870935444], [92.87971675412516, 12.358022570185511], [92.87694191933431, 12.354545473694685], [92.87289082964847, 12.353780507664254], [92.8700474503299, 12.356992244796416], [92.86993742007601, 12.360301375807936], [92.8684051039128, 12.361963510907358], [92.86235344445632, 12.361116051864414], [92.85978782165083, 12.362280369044058], [92.85795307157744, 12.366473436499888], [92.8600250484175, 12.368773817757727], [92.8597973589614, 12.371314167814703], [92.85194945300512, 12.377921104675508], [92.84971034525657, 12.38408970837358], [92.84677076365986, 12.388532399750403], [92.84005844604079, 12.392928838994976], [92.83852291120391, 12.39504826046894], [92.83794951425878, 12.398049473504457], [92.8412945273208, 12.4029008150207], [92.84171724285662, 12.405045747563392], [92.8415050505179, 12.405858159126836], [92.8391828535064, 12.408273816383641], [92.83406615263132, 12.409083008374381], [92.8346694709198, 12.411031961555892], [92.83300983863344, 12.416921138699621], [92.82955193547375, 12.41993975631486], [92.82868921763381, 12.422480464302154], [92.82879364511078, 12.426026344540205], [92.83031761646507, 12.427284478995759], [92.82994234556296, 12.427798748213633], [92.82177293287467, 12.431611060701997], [92.81249999987543, 12.433035731613899], [92.81101334139308, 12.43337750456837], [92.81063401724614, 12.433540940162501], [92.80462205386496, 12.438644170991878], [92.79756641375903, 12.43646121061657], [92.79435515416745, 12.437882661955342], [92.7942646742757, 12.445734620256673], [92.79778015652917, 12.453389048765743], [92.79647707935376, 12.45910525300529], [92.7984577417316, 12.463704347277911], [92.79141128100585, 12.468638778057354], [92.79105305675338, 12.469670057627098], [92.79150903191677, 12.47014510651151], [92.79179465749766, 12.47014510651151], [92.80027365640464, 12.464396357605978], [92.79773128017465, 12.4605562686571], [92.7995835544377, 12.454748153704386], [92.79596591009894, 12.445071577990959], [92.79629707375116, 12.438308477454385], [92.79681003085844, 12.437844276192592], [92.79835247968364, 12.437930941159976], [92.80470693098053, 12.440235853202097], [92.80926775910032, 12.436115146097308], [92.81249999987543, 12.43498885675055], [92.81827354398891, 12.433654427410005], [92.82055437578416, 12.435188054785144], [92.82077324379046, 12.435740470546463], [92.82059931760475, 12.436077833225497], [92.81823337037397, 12.436308622644987], [92.81956446143127, 12.43714857144954], [92.82005965692795, 12.437043905651734], [92.82442450478746, 12.432824730876845], [92.83389627968964, 12.430392861541335], [92.83727216737682, 12.431164145309296], [92.83876371367458, 12.428325176265986], [92.84627032241772, 12.423352480232907], [92.85230875014898, 12.423971176029013], [92.85831034164929, 12.422420859035384], [92.86100482920963, 12.42518985272963], [92.86559355250077, 12.425487756754634], [92.87320470833097, 12.418979048344625], [92.87470126115468, 12.41445195649274], [92.87580680853759, 12.413790464658277], [92.87898385522126, 12.418829560336164], [92.88570225225729, 12.422946572126847], [92.88776111608277, 12.420794009735843], [92.89318323122123, 12.418450832439916], [92.89637255634878, 12.415142059358615], [92.89880704900648, 12.415600180304153], [92.89919734038543, 12.41607403758698], [92.89914202668345, 12.417231440778409], [92.89587020854347, 12.424326538638837], [92.8869581222198, 12.43519783041559], [92.87922394273087, 12.439766765024373], [92.87717854985047, 12.442073703238876], [92.87342894079345, 12.44063937630618], [92.86802923676012, 12.443016052448826], [92.86122572428823, 12.44967305636662], [92.85259425612028, 12.454857945637798], [92.8490655421414, 12.458363056010413], [92.84163033956875, 12.470563650092458], [92.84327924294294, 12.47848522671201], [92.84222555136833, 12.48046874983305], [92.83658754857677, 12.484811306196974], [92.83729481680271, 12.490129351788426], [92.83703327146853, 12.490951657692946], [92.8362457756223, 12.492263555418958], [92.82918250566857, 12.496424317428378], [92.83495891052533, 12.494493008046092], [92.83762145056986, 12.491577148766552], [92.83863174895649, 12.492120623467969], [92.83822941745407, 12.484790444623258], [92.84269094423198, 12.483038425882768], [92.84318733222986, 12.482710719224514], [92.84448206459606, 12.480883717709375], [92.84448623655103, 12.48046874983305], [92.84362924109669, 12.476143955978813], [92.84398067007194, 12.47101402247931], [92.84423875841233, 12.46997475603041], [92.84737241280689, 12.464983224596352], [92.85290205448646, 12.458789706080083], [92.86033654209794, 12.4545201063179], [92.86769604693532, 12.447076320615665], [92.86915624106794, 12.44637465516628], [92.87019717665865, 12.446234345638729], [92.8720233436027, 12.44723320015214], [92.87701284886438, 12.446859955422795], [92.87947952735854, 12.447891474212199], [92.88121354616842, 12.448754310762851], [92.8827842471957, 12.451589942421933], [92.88587451020058, 12.453719616167376], [92.8825614455545, 12.44812381226437], [92.87808597119093, 12.44480121120715], [92.88508427142224, 12.441709876209927], [92.89319801337788, 12.435162544615793], [92.89715325871626, 12.429227948111532], [92.9028197529295, 12.426387071606285], [92.90555393656498, 12.423127055269589], [92.9078216553452, 12.422175050038675], [92.90952646777262, 12.418864607815564], [92.90666544465475, 12.407789349798747], [92.9094678166866, 12.405721068272697], [92.91309714321861, 12.405727863550197], [92.91526067284198, 12.406481742738421], [92.91532003888906, 12.411938548325551], [92.91995787595536, 12.423553943659826], [92.92040765299109, 12.426206350143076], [92.91942894419068, 12.429057955560296], [92.92207717871932, 12.433574438110028], [92.92388963729721, 12.434726833876397], [92.91965711118681, 12.43781530813007], [92.91931414573159, 12.441011666855061], [92.91490292523, 12.441359043485278], [92.9154303074628, 12.443584203648157], [92.9231921438026, 12.442574500612665], [92.9280291798033, 12.44483411290416], [92.9311602117746, 12.448236107910219], [92.93350315075023, 12.447250723442068], [92.93807041621713, 12.447347045330048], [92.94115865215034, 12.448969245134748], [92.9463809730037, 12.457255840384917], [92.94423532460101, 12.460579514333247], [92.94645786324, 12.460648179370011], [92.95030868020174, 12.464833974908103], [92.95365405119398, 12.464799046139163], [92.95802021026489, 12.467487930923326], [92.95807206607324, 12.4742486473573], [92.95430481411628, 12.476201176243336], [92.95089197148778, 12.476254105842443], [92.94568014122584, 12.473402142495004], [92.94403862937949, 12.468782305359227], [92.93930506667581, 12.468676447959666], [92.93371737016062, 12.465989947278288], [92.93081152483208, 12.465930104590683], [92.93367314330104, 12.467383146415315], [92.93522512943647, 12.469577312343205], [92.93417417989465, 12.47318804269409], [92.93134117155805, 12.475870848061376], [92.9323854445328, 12.478171109709024], [92.93187701731077, 12.48046874983305], [92.93225991716164, 12.48046874983305], [92.93346607709802, 12.481682538718445], [92.93404650674111, 12.481804012845032], [92.93792855715733, 12.481659054721746], [92.93992745868573, 12.483386158644379], [92.9452179670358, 12.494293809112122], [92.94510650596058, 12.497282743703863], [92.94674825702671, 12.498882651113618], [92.94881105448692, 12.498410462972586], [92.95087194448504, 12.494868159338338], [92.95629596708571, 12.490880608553397], [92.95697367189771, 12.488027572314763], [92.9576095339531, 12.487187146869346], [92.95869851132741, 12.48663914228284], [92.96155691112293, 12.486636400249921], [92.96390605002446, 12.487850308744896], [92.96446383024178, 12.49323415773037], [92.96820855148374, 12.496176243039258], [92.96544563810576, 12.504632354199885], [92.96595144290487, 12.513483167014627], [92.96957862365477, 12.516975044762646], [92.97205507777991, 12.523228526475549], [92.97436904869292, 12.531196236517161], [92.97534477714001, 12.542303204629334], [92.97394227991268, 12.549791932152232], [92.97061836764388, 12.558709144611512], [92.9696378709913, 12.560993552110943], [92.96605181713815, 12.566298246367069], [92.96436846253462, 12.573514104292641], [92.96173024195733, 12.576590418812927], [92.962199806776, 12.583879232440694], [92.95746183379688, 12.593126654371744], [92.95733404193268, 12.59350216359421], [92.95790767629856, 12.597448945412737], [92.95783686637859, 12.59823381883561], [92.95595014088676, 12.601845741687882], [92.95605695246687, 12.608108878522117], [92.95687091356203, 12.613368868378771], [92.95848154988383, 12.61809027224841], [92.95700764648595, 12.622689723551971], [92.95784223083459, 12.624219536902189], [92.95805764184698, 12.642480850211257], [92.96169972436283, 12.656250000437296], [92.96182096016938, 12.656250000437296], [92.96264851092033, 12.658637523303284], [92.96185135815395, 12.668893456667803], [92.96444284905866, 12.674726248117992], [92.96518564230362, 12.67966103592829], [92.96331846717399, 12.684527158701641], [92.96547234077624, 12.692946553241057], [92.96542215321014, 12.69328916076634], [92.96314430266753, 12.69424056974674], [92.96297681292972, 12.69457435582187], [92.96281981468306, 12.695758700004063], [92.96317422401151, 12.69846105573339], [92.96516275365823, 12.70462191087259], [92.96538734405092, 12.705051660905482], [92.97032535053464, 12.710537314045752], [92.97226512433613, 12.711713552638415], [92.97256565078422, 12.711708306892973], [92.97770071041995, 12.707882046819037], [92.97873544698339, 12.707643866771178], [92.97975015654484, 12.707923650356449], [92.98025715384463, 12.709769368561751], [92.97700250106507, 12.718105554228131], [92.97369325134284, 12.719835758113888], [92.96765601611233, 12.71996164341519], [92.96559882142893, 12.723436952053916], [92.96436524386112, 12.729217052225394], [92.96860635310091, 12.739764213947524], [92.96244835870507, 12.747034430494708], [92.96271216853214, 12.752203941359056], [92.96045494124289, 12.754619717326236], [92.95221066449065, 12.757420659436136], [92.94882154507835, 12.762738943347614], [92.94952774041317, 12.769927621062934], [92.94596660137805, 12.770338654405492], [92.93878793761374, 12.768013000399947], [92.93527066750747, 12.771882414441833], [92.93428385221833, 12.773596644569551], [92.93353164217163, 12.775848746622486], [92.93428361389786, 12.781157612833837], [92.93455922642764, 12.781514644585371], [92.93889725200691, 12.78389191607917], [92.94298374620328, 12.78971445525815], [92.94883525344451, 12.792513966546537], [92.94913077336665, 12.792866348802974], [92.95003020782806, 12.79501295048729], [92.94982123416267, 12.799657822050932], [92.95292484760401, 12.802095412873186], [92.95377957856479, 12.804152130916265], [92.95367372026638, 12.808247327851959], [92.95002913493695, 12.81501471995351], [92.9468857049117, 12.818211436608806], [92.94646573050923, 12.82282233268478], [92.94442260302097, 12.825639605583476], [92.94416105768678, 12.826565861425635], [92.94551575145115, 12.83203125014208], [92.94580185457235, 12.83203125014208], [92.94831085246429, 12.836079359475065], [92.94819283443198, 12.836372256075023], [92.94527375737837, 12.837818145590958], [92.94488704170405, 12.837826132470298], [92.94125735724154, 12.836337804845954], [92.94109106090397, 12.836598157678935], [92.93927645654358, 12.842873454246643], [92.93896675071531, 12.848912953969915], [92.94088304052028, 12.852928519535666], [92.94106090034066, 12.85596716415337], [92.93578100219193, 12.854532956830596], [92.93359422689232, 12.856555104034769], [92.93052351514851, 12.857441663801964], [92.9295619726071, 12.859039068398474], [92.92923975001477, 12.859817027833842], [92.92930376555651, 12.865193844120625], [92.92728245292315, 12.873497247699916], [92.92856705172827, 12.8795241119482], [92.92738985985451, 12.88465440247873], [92.92000102992378, 12.887508749928955], [92.91732895346891, 12.885631560847884], [92.90959632441096, 12.883122562955947], [92.90647304099835, 12.883103251813836], [92.9050852063173, 12.884660959435934], [92.90521776638732, 12.887071132626915], [92.91030025525302, 12.896932840078634], [92.90954756766635, 12.901521325049188], [92.91023385560803, 12.903969049432106], [92.91804921599888, 12.907573342436066], [92.92186832466385, 12.912325143390916], [92.92049133760534, 12.912785768948353], [92.9166915418813, 12.910217047079186], [92.91027891613933, 12.908959507975041], [92.90815997130588, 12.910552739717318], [92.90779745548869, 12.913155555784527], [92.9061840771337, 12.91487002333308], [92.90247666876351, 12.91621303580311], [92.89977574385588, 12.91532993303025], [92.89936816660784, 12.915549873927745], [92.89898443218627, 12.915917157950673], [92.90139055213265, 12.922625065294568], [92.9002537730934, 12.925963043859582], [92.89871883360766, 12.926951647000891], [92.89795064890373, 12.92696416376532], [92.89663445961301, 12.925356864827549], [92.89826095098252, 12.921957850174792], [92.89814126470768, 12.92140853437661]], [[92.931782722495, 12.918691516100552], [92.9315457340488, 12.917045712689486], [92.93198621299385, 12.916410922626042], [92.93343114832888, 12.915853738659251], [92.9343619349556, 12.913406610526849], [92.93493044408504, 12.913286566322057], [92.93536794177717, 12.91353714442397], [92.93652832532214, 12.915400743849233], [92.93646681349301, 12.916965127139079], [92.93620395694714, 12.917436004068435], [92.9330474139073, 12.919022321822837], [92.93277597423221, 12.919122934376148], [92.931782722495, 12.918691516100552]], [[92.91225576359298, 12.913895368676535], [92.91252875369915, 12.91772270164158], [92.9086935516664, 12.914433121891292], [92.90884685549807, 12.913825512037846], [92.91067337947325, 12.913301944729227], [92.91225576359298, 12.913895368676535]], [[92.94904875789419, 12.428886651797654], [92.94844114804093, 12.420898437213268], [92.94927513613905, 12.414792776165939], [92.94848394407884, 12.414498567455212], [92.94547176381096, 12.419243455321293], [92.94463551032086, 12.419860839905994], [92.94053554517942, 12.4219707249691], [92.93989372241745, 12.42208325893533], [92.93780553349896, 12.421852707836322], [92.93345046037089, 12.419336080995535], [92.93220174271644, 12.418117046364785], [92.93059265592652, 12.415226459833406], [92.9260952470984, 12.403881549993486], [92.92450022660424, 12.391228676062582], [92.92794585221955, 12.386977076231275], [92.91908514506363, 12.375698327715867], [92.91848516505857, 12.37428104833188], [92.91795945196739, 12.368023872203977], [92.91891372169098, 12.364771127785545], [92.92857694606946, 12.361652135937462], [92.93077337738956, 12.3589594362291], [92.93112611757638, 12.35884404151949], [92.93251884007273, 12.359732747068819], [92.93454420595086, 12.363584161180356], [92.93745183913123, 12.376817822684501], [92.93792724594576, 12.377921461706364], [92.94151580351198, 12.380995631343438], [92.94298422374325, 12.384084820558002], [92.9428024293891, 12.400200248043191], [92.94379305870305, 12.403022647077677], [92.9439101216552, 12.403267144863065], [92.94663608099077, 12.406936764620113], [92.95253241044284, 12.408232331557045], [92.95532894137776, 12.41470563455752], [92.95858097083541, 12.416676163374262], [92.96052980440734, 12.419227242343396], [92.96063411227456, 12.41956257795077], [92.96059644237235, 12.422191620047329], [92.95761942829407, 12.424622536101111], [92.95649480808922, 12.427189707539114], [92.9561991694566, 12.428291678318459], [92.95641732250184, 12.435000062303033], [92.9562537672978, 12.435268402015353], [92.95501434773419, 12.434780001795886], [92.9521707291963, 12.430279850934511], [92.94904875789419, 12.428886651797654]], [[92.89043664953195, 12.391755938685833], [92.8937604430902, 12.396727203897314], [92.89406824145638, 12.399564028057426], [92.89383280254188, 12.40026056737139], [92.89354944235308, 12.400546312562454], [92.88967311342392, 12.401136279515967], [92.88926184176071, 12.406447410220082], [92.88801407828728, 12.4078418018578], [92.88648080794317, 12.40688705459415], [92.88434147817694, 12.402791142697211], [92.88409793367273, 12.39978897548096], [92.88246190589237, 12.3986020088756], [92.87716400601428, 12.40016281646109], [92.87373924287223, 12.40527701362356], [92.86879324950908, 12.403825521330972], [92.86528217753087, 12.403726934950313], [92.86464285848118, 12.404245257412953], [92.85756826426424, 12.407971262863626], [92.85214960611964, 12.409021616154902], [92.8447815181527, 12.404432654543484], [92.8437012435177, 12.400440454263702], [92.844389319312, 12.395215153956329], [92.84492886037893, 12.39462041879743], [92.84861242772163, 12.394148468976866], [92.84913134553543, 12.393825531423374], [92.85498297238658, 12.388582229386557], [92.85980725330231, 12.388486504648554], [92.8601782326397, 12.388192534258124], [92.86099517318885, 12.38653075708892], [92.86009204431255, 12.382868647570177], [92.8623719219269, 12.379776001361364], [92.86605882665393, 12.378165125820132], [92.86762595197641, 12.377980232401782], [92.86826205235198, 12.37832903895422], [92.87268650547819, 12.383557439224646], [92.87699115271985, 12.38232064208421], [92.87968254121645, 12.383433818416123], [92.88182234762363, 12.380831361178409], [92.88141322174326, 12.374614954017204], [92.88203942777758, 12.374047756099145], [92.88468050999805, 12.374526858228052], [92.8849625589751, 12.374827742606442], [92.88601541507981, 12.378415942241901], [92.88609695391168, 12.379031658584438], [92.88419830790602, 12.387949943934828], [92.89016735563908, 12.391368151019407], [92.89043664953195, 12.391755938685833]], [[92.89808893225873, 12.408111930321567], [92.89908766716232, 12.407706141825258], [92.89874851663117, 12.41152334212866], [92.89756166963573, 12.41078376755712], [92.89765775230379, 12.40942335140663], [92.89808893225873, 12.408111930321567]], [[92.89594924456244, 12.392099619102225], [92.89696550365525, 12.392079114559621], [92.89773964906604, 12.392732977445064], [92.89779484315764, 12.394109129932403], [92.89720785655763, 12.394928813414111], [92.89636695357225, 12.395126461916831], [92.895578265225, 12.394131302717696], [92.89576947727997, 12.39241480809713], [92.89594924456244, 12.392099619102225]], [[92.86688876150757, 12.412694454585534], [92.86898994473037, 12.414338112214296], [92.86865484744348, 12.41966235593327], [92.86744773422564, 12.420551657732844], [92.86541235439714, 12.421063065308417], [92.86010265361497, 12.417930245484598], [92.85898351657627, 12.416538238848773], [92.85868334805824, 12.415518403151992], [92.86231303252058, 12.412699461111487], [92.8663034440489, 12.412565946860894], [92.86688876150757, 12.412694454585534]], [[92.84215521808895, 12.421057462532048], [92.83779907206977, 12.424892544955227], [92.8370127678252, 12.425357103247777], [92.83344805218636, 12.426588654642956], [92.83092045811284, 12.426618337666284], [92.8296684030748, 12.425354719144906], [92.82913994795061, 12.423429847109901], [92.82968175440968, 12.421734452383248], [92.83010840447972, 12.421064614840304], [92.8337788579083, 12.417716860644845], [92.83664524548206, 12.41606414324582], [92.83836352795473, 12.41537225252759], [92.84552717214157, 12.414687752438084], [92.84632015205378, 12.414906025093146], [92.84668910521808, 12.415388822536244], [92.84685456788421, 12.416455030875099], [92.84583520882794, 12.417872309359723], [92.84215521808895, 12.421057462532048]], [[92.88879013026045, 12.412986754934792], [92.88934981794003, 12.412848949119947], [92.88934981794003, 12.414157747781928], [92.88858020331386, 12.414157747781928], [92.8883001805091, 12.413813233693915], [92.88879013026045, 12.412986754934792]], [[92.90123176603336, 12.425711512576328], [92.90048003172834, 12.425809621416846], [92.899923801043, 12.425296068059225], [92.89938187587339, 12.421968460476151], [92.89950215839829, 12.421691418024594], [92.90326344964868, 12.420248747182072], [92.90355002851109, 12.420366644705013], [92.90465414507301, 12.423095345174232], [92.90123176603336, 12.425711512576328]], [[92.87522232565024, 12.444921255411685], [92.8744943145613, 12.44516873355029], [92.87421095347312, 12.444376230279019], [92.87557744993958, 12.443973422135912], [92.87588048010028, 12.444157362272634], [92.87522232565024, 12.444921255411685]], [[92.90835392449415, 12.341448306794078], [92.9101804493686, 12.338074445279375], [92.91060745736851, 12.337758064683072], [92.91151225538661, 12.337786436494909], [92.91195488011388, 12.338127731909509], [92.91232132956608, 12.340631246634814], [92.91867935656731, 12.350042343379556], [92.9179507492278, 12.353958010453965], [92.91530394552117, 12.355396747661828], [92.912495374462, 12.353884338891334], [92.90950942022383, 12.348875045846796], [92.90938997226979, 12.348322153444713], [92.91011893753947, 12.344303369205278], [92.90835392449415, 12.341448306794078]], [[92.90592765793511, 12.340863943516311], [92.9052854772431, 12.341023922116364], [92.90466487398524, 12.340273738242502], [92.90477466591832, 12.339208126154332], [92.90542495220004, 12.338459968453023], [92.90600442856177, 12.338645219801066], [92.90670943229466, 12.33978557544414], [92.90662264861672, 12.340264558862572], [92.90592765793511, 12.340863943516311]], [[92.91110086411382, 12.333585857901241], [92.91150176569411, 12.332382321287227], [92.91274762170579, 12.33186137640159], [92.91319954362453, 12.332092404141292], [92.91354215114964, 12.332730769909091], [92.91345584411195, 12.33308780166081], [92.9120744467788, 12.334903717232947], [92.91150045358316, 12.33518433538903], [92.91110086411382, 12.333585857901241]], [[93.06853544675383, 12.31905782196111], [93.06300795085676, 12.315923571315778], [93.06955146752651, 12.31647491418616], [93.0729446410825, 12.315392255448387], [93.07388913607505, 12.316701055009645], [93.07255983376982, 12.31904292109408], [93.06853544675383, 12.31905782196111]], [[92.92995166773554, 12.305716275985475], [92.92987775785244, 12.304687500128168], [92.92978262936495, 12.304687500128168], [92.92941474909176, 12.303731441652673], [92.93056452243499, 12.298128962081918], [92.92877805246567, 12.291453242373422], [92.93057942420128, 12.288083672423781], [92.93060815304423, 12.285046458627235], [92.9276347164695, 12.281010031488037], [92.92562675517084, 12.280567526370504], [92.92261481322308, 12.284276843101878], [92.91982626916732, 12.28256583254722], [92.91887152190341, 12.288834810478292], [92.91276335714363, 12.293057560957806], [92.90538275241252, 12.291641712395148], [92.90505027754844, 12.291506647713845], [92.90270447693015, 12.290273070146014], [92.90187013180153, 12.28879725928627], [92.90163922277239, 12.288118958223492], [92.90241885224864, 12.284868359587094], [92.90160250705028, 12.280516624742532], [92.90166580673204, 12.280190705936363], [92.90375304236935, 12.277601957064832], [92.90374290970797, 12.27709114573986], [92.90129625821609, 12.273814201464461], [92.90143454067172, 12.27133393331448], [92.90478873221426, 12.271114349447842], [92.90772485771609, 12.274533152782851], [92.90901112566311, 12.274212479722209], [92.91304123416583, 12.272871374714185], [92.91436445705452, 12.271347880000775], [92.91209125510775, 12.263134956313337], [92.91339850423802, 12.26317834860194], [92.91720664477126, 12.267596959731904], [92.91680574409017, 12.263108849893726], [92.91837775722777, 12.263059854828654], [92.9199774263175, 12.265535473483439], [92.92116606206449, 12.265094042156576], [92.92257463960814, 12.25826931018075], [92.92008042297343, 12.250976443308403], [92.91880238022614, 12.238418221224123], [92.92138457303994, 12.231535554022798], [92.92221045464899, 12.231150507489915], [92.92342591267575, 12.23113203091853], [92.92486977601973, 12.231646775878161], [92.92516386512037, 12.231969952651326], [92.92885637262387, 12.237804055313106], [92.92899906625419, 12.23818755141447], [92.92915272711699, 12.246950268440145], [92.92772471882111, 12.249027729346466], [92.9275540113089, 12.25082004041279], [92.92780530437179, 12.25261843179527], [92.92983114689005, 12.258248925247898], [92.93001341788525, 12.258557319864593], [92.94225180147978, 12.274309277351321], [92.94254922886401, 12.27860963302821], [92.94183170836678, 12.280306935217055], [92.94157135463453, 12.28067374259939], [92.93533885500418, 12.284915208869862], [92.93356645133102, 12.287544250067228], [92.93312764152793, 12.293465137306299], [92.93656456440365, 12.298241138118115], [92.93463373166153, 12.304268956547133], [92.93463373166153, 12.304687500128168], [92.93473291429271, 12.304687500128168], [92.93431889969773, 12.31024456033839], [92.92995166773554, 12.305716275985475]], [[93.02229762033906, 12.274588942226131], [93.02613687471748, 12.273352742235403], [93.02699804302543, 12.273529172133834], [93.03008401356684, 12.277485609073679], [93.03029930586862, 12.277909278790233], [93.02997624870537, 12.279816865855693], [93.02965342986207, 12.280170202293135], [93.02803874029601, 12.280028819874119], [93.02462995091165, 12.27812135241858], [93.02229762033906, 12.275825261826611], [93.02208232893676, 12.27476561044459], [93.02229762033906, 12.274588942226131]], [[93.06250000027515, 12.233888745269368], [93.06333327251295, 12.229166627338117], [93.06555545322172, 12.22722220404161], [93.0753842589767, 12.225536703656118], [93.0827777384022, 12.222222209087718], [93.08638894539402, 12.224166631485033], [93.09112775294395, 12.223470449202011], [93.09308695749738, 12.224434733776064], [93.0935262439414, 12.221110940217812], [93.09333491317594, 12.220143914510217], [93.09111094461466, 12.216944455822187], [93.09111094461466, 12.215833306561848], [93.09138894124683, 12.215000033424957], [93.09416663678113, 12.209722161448695], [93.0970648531609, 12.208717942479296], [93.09893071617986, 12.204150080761707], [93.099420547221, 12.203737020347475], [93.10074985042539, 12.203943609909828], [93.10166656985635, 12.204722046885152], [93.10361111186367, 12.208333253876717], [93.10361111186367, 12.22166657465263], [93.10055553930718, 12.231388926757802], [93.10472214241318, 12.236666560413582], [93.10583317296269, 12.239722251680718], [93.10696494547628, 12.251593709182458], [93.10591542765499, 12.254279851933802], [93.10598540300398, 12.26020383823672], [93.10570538019923, 12.260754824075903], [93.10416662668891, 12.261111139967184], [93.10166656985635, 12.260833263844091], [93.10086655634669, 12.260311126457253], [93.10009694082143, 12.259346723172825], [93.0986111160104, 12.253888845593963], [93.09944427043709, 12.249722242487692], [93.09916663173502, 12.249166608052604], [93.09638893620073, 12.246944427343564], [93.09611105917818, 12.243888854786988], [93.09583330176557, 12.243333339961822], [93.09277772920908, 12.238611102420379], [93.0922222134848, 12.23805546798556], [93.0886111261029, 12.237222075238662], [93.0866667028063, 12.237222075238662], [93.08500003782152, 12.238611102420379], [93.0861109496611, 12.246111154206673], [93.08361113114901, 12.2586109635253], [93.08139061958175, 12.260312557278851], [93.08034110086138, 12.259348153994239], [93.07777774344831, 12.26194441310416], [93.07249987147239, 12.259722232395205], [93.07055544817561, 12.25777780999816], [93.07135987286009, 12.252822160614329], [93.06749987561912, 12.249166608052604], [93.06475114814745, 12.235795736084498], [93.06250000027515, 12.233888745269368]], [[93.07213830983531, 12.210782169861389], [93.06860482675168, 12.211574434812448], [93.06832492355673, 12.211574434812448], [93.06629991560911, 12.210146069485546], [93.06409180119593, 12.203894138204163], [93.05803954638847, 12.194939613772348], [93.05580043774037, 12.190255642384173], [93.05363142495057, 12.185537218867736], [93.04964315920463, 12.171829939300338], [93.04628455648745, 12.166147232109296], [93.0441155436977, 12.159362315818186], [93.04324102405408, 12.158535837958524], [93.03752970673091, 12.159741878285246], [93.03648006929998, 12.156917810108865], [93.04320597657502, 12.155815005658084], [93.03942775738543, 12.14555156205509], [93.03946256654436, 12.141108751068245], [93.0371886487375, 12.13353192775638], [93.03925275830832, 12.130776643327678], [93.03942775738543, 12.128906250423299], [93.03970754186972, 12.1269537206378], [93.03998744506501, 12.126609325260333], [93.0413167473703, 12.126540422802378], [93.04303097749792, 12.128090143545393], [93.04436051812363, 12.128296851818476], [93.04656445968229, 12.127745747268563], [93.04708933820248, 12.124508261647108], [93.0482788085204, 12.124232768727438], [93.04771912084098, 12.122992873422604], [93.05030775100224, 12.119721055282639], [93.053036570182, 12.12278640257037], [93.05657005326546, 12.123234152534323], [93.0544359683453, 12.122442007193001], [93.05268681034855, 12.11799907659615], [93.05062282128623, 12.117482542885327], [93.05020284688439, 12.114968180537133], [93.05688802865095, 12.105948641157582], [93.05803954638847, 12.104395032005229], [93.06216764412162, 12.102810740423394], [93.06261143907867, 12.101175427154416], [93.06339204320855, 12.098299026079317], [93.06633067152356, 12.097988963220104], [93.06633067152356, 12.095233917111699], [93.06832492355673, 12.09061884908077], [93.0703190568793, 12.090549945723609], [93.06947934639496, 12.087415814688114], [93.07248795005901, 12.086933612596255], [93.07444715461273, 12.085211634809227], [93.07441222674308, 12.083627343227576], [93.07616150345089, 12.08545255689009], [93.07864534820433, 12.084660530259413], [93.0796599390554, 12.089482307462617], [93.08417284500123, 12.08855235540699], [93.08553731439568, 12.089792251611271], [93.08518743495247, 12.090825438643023], [93.0862720011522, 12.091307639835776], [93.08546733814742, 12.09309852098005], [93.08662176098582, 12.093374013899904], [93.08683157012129, 12.095578312489252], [93.08966553173937, 12.097541331967065], [93.0908199545776, 12.099986553536823], [93.09012031530077, 12.100744247649075], [93.09041508684467, 12.101175427154331], [93.09134471438759, 12.102535247503809], [93.09152315035058, 12.105948641157582], [93.09158957010303, 12.107219218891984], [93.09221935274107, 12.106909156032856], [93.09179937833906, 12.110938668285087], [93.09330391894085, 12.110525369550288], [93.09330391894085, 12.11166202987873], [93.08984041210547, 12.115243911777284], [93.09256923218462, 12.116965770853938], [93.09158957010303, 12.119135737824138], [93.09302401574601, 12.12268304798441], [93.09123981026906, 12.123509645453822], [93.08767127970592, 12.123061775880302], [93.0897003408983, 12.12585163114791], [93.08994531622366, 12.127194642718834], [93.0889308449828, 12.128538012219636], [93.08824562993223, 12.128906250423299], [93.08770632718577, 12.129984378376435], [93.08998024499252, 12.134358406515318], [93.09221935274107, 12.135805010992414], [93.0949831006898, 12.14241754973014], [93.09403860569753, 12.148375749841122], [93.08889567879274, 12.15243983293189], [93.08749628062927, 12.151303171704257], [93.08609712168519, 12.151613235462577], [93.08606195459603, 12.153610825779111], [93.08382296555786, 12.1555395127385], [93.08413791623204, 12.157330274272937], [93.085152507083, 12.156848073080354], [93.08466255643228, 12.159121155417026], [93.08602714543647, 12.163874149772369], [93.08749628062927, 12.1640461684959], [93.08777630343403, 12.16463184388462], [93.08917570069823, 12.16914355732942], [93.08998024499252, 12.174447417014818], [93.0897003408983, 12.180336713768469], [93.08812606326731, 12.179888844194949], [93.08770632718577, 12.181059956651822], [93.0863418577907, 12.180302142929563], [93.08833610982381, 12.182988643611125], [93.08553731439568, 12.186914920887048], [93.08550226691628, 12.191943168942302], [93.08662176098582, 12.193045258432193], [93.08574724224164, 12.193045258432193], [93.08546733814742, 12.195215105792656], [93.0840330121139, 12.194905042933527], [93.08182895184487, 12.198383569346404], [93.0802896020837, 12.198280334370097], [93.0802196267347, 12.199589014321617], [93.07721102217127, 12.202172040807213], [93.07770073450152, 12.204961657754424], [93.07633626420753, 12.209576845395105], [93.07213830983531, 12.210782169861389]], [[93.11223793053651, 12.138050317768034], [93.11248266664202, 12.135536075030117], [93.114092111362, 12.134296178825736], [93.11556124655445, 12.12995684113541], [93.11814856550419, 12.134717226119037], [93.11881327601216, 12.13478612857709], [93.12325787575057, 12.139944553498438], [93.12136876615611, 12.14135670674682], [93.12189364467648, 12.144835234059059], [93.11972463098712, 12.143388628682416], [93.11836004288185, 12.143870830774361], [93.1203892227849, 12.145592928171311], [93.12021434331771, 12.147762655922023], [93.12052905567148, 12.148347973380254], [93.11664593236415, 12.148072600070591], [93.11503660635455, 12.144421935324175], [93.10947394336822, 12.143939733232145], [93.10908925566483, 12.143078565823288], [93.1102787259828, 12.142493248364971], [93.10964894334441, 12.140461206819452], [93.11223793053651, 12.138050317768034]], [[93.09856224055525, 12.136607050674996], [93.09821224240116, 12.136951446951826], [93.09639322776562, 12.13657247983609], [93.0963232515169, 12.134781718301923], [93.09747755564493, 12.133576154616065], [93.09789753004728, 12.133507252158012], [93.09856224055525, 12.136607050674996]], [[93.03190743937719, 12.115961551884268], [93.03378975369449, 12.122370958053452], [93.03523755067252, 12.123930334817345], [93.03233337358668, 12.128906250423299], [93.03222644329585, 12.128906250423299], [93.0321964023423, 12.129317522086069], [93.03048408057614, 12.134545445715887], [93.02611565611292, 12.138558506669838], [93.02623307699517, 12.140683650530192], [93.02846264833286, 12.143614053645905], [93.02687835675093, 12.147855162885705], [93.02712023301254, 12.154943346758273], [93.02956104250839, 12.163889527279991], [93.02754604851148, 12.16623377836639], [93.02343320867587, 12.163824558456781], [93.02109444165526, 12.157307148206542], [93.01015722777422, 12.150636434124266], [93.00773584813138, 12.147602677321785], [93.00668692566151, 12.145610809391457], [93.00213336945981, 12.133372545406928], [93.00283455826835, 12.128906250423299], [93.00268006283491, 12.128906250423299], [93.00276327170812, 12.124558449213211], [93.00531661517013, 12.11698496328549], [93.00537204758203, 12.1165032387336], [93.00498163659361, 12.113530039579786], [93.00438225283906, 12.113325715409673], [93.00379240549537, 12.113445878324839], [93.00275635682064, 12.11657512154477], [93.00092530206135, 12.11759316938928], [93.0000816579425, 12.122232555987821], [92.99555194366738, 12.128906250423299], [92.9951298234827, 12.128906250423299], [92.99465453627809, 12.133011102480665], [92.99304223081472, 12.135800957748188], [92.99290835863408, 12.13658273210757], [92.99321568035967, 12.14116442180081], [92.99250602713167, 12.143014073640856], [92.99162435518022, 12.143944978977842], [92.98833405956933, 12.144639850049288], [92.98396182018215, 12.148583412294755], [92.98302912699299, 12.148949742137034], [92.9737497566463, 12.148187876069557], [92.963607907679, 12.150597214689725], [92.95781397863257, 12.148756265589185], [92.95578074458595, 12.146043658488196], [92.95553505429942, 12.142225861934108], [92.95710945154045, 12.135422348562756], [92.95724153496909, 12.134953379994784], [92.96000015768121, 12.131173968304154], [92.96060144889785, 12.128906250423299], [92.96048116727249, 12.128906250423299], [92.96139562131137, 12.124653816020995], [92.96224474949602, 12.122711658116813], [92.96358203868041, 12.121337771021345], [92.96599674265602, 12.11893510806901], [92.9679005147971, 12.117793441214445], [92.96908605058096, 12.117514252980499], [92.97570514717498, 12.117088675801753], [92.97625565547438, 12.113163948057803], [92.98037576632899, 12.111856460607228], [92.99707841873433, 12.113458513799557], [93.00037372087084, 12.111262440409575], [93.00049376507528, 12.10701990124764], [93.0066728593653, 12.107789635483456], [93.00729935637318, 12.105948641157582], [93.00892369831129, 12.101175427154416], [93.00917935354462, 12.100424170838863], [93.00698733339905, 12.093589544521961], [93.00613260243793, 12.083195209091812], [93.00713932512005, 12.075410842936137], [93.01085317173684, 12.0714881422642], [93.01343011880502, 12.072471023019475], [93.01952147523619, 12.072180747943236], [93.02722144091709, 12.068120241456185], [93.03420853649519, 12.060481667095331], [93.04107344118657, 12.046339869289653], [93.04463016994688, 12.04552626612437], [93.04510462258068, 12.045540809960642], [93.0494886637712, 12.050642848288902], [93.05338072813854, 12.060576438552062], [93.05229806940068, 12.06293857085852], [93.05309116802326, 12.069100141858257], [93.05120146307732, 12.073115706524817], [93.0538277622417, 12.07598876976617], [93.04925012579295, 12.083137870116815], [93.04611575643733, 12.084290147172638], [93.04236555112979, 12.088264703653195], [93.03465902849163, 12.099547267092973], [93.03481027464935, 12.101175427154416], [93.03496992592173, 12.102894068006805], [93.03371922366236, 12.105948641157582], [93.03185200696467, 12.110508919151556], [93.03190743937719, 12.115961551884268]], [[93.00061941115692, 12.068357467323409], [92.99911797051826, 12.072129965026079], [93.00162875626236, 12.075236558820379], [93.00008094298144, 12.076851844637119], [93.00047504928423, 12.084328532036281], [93.00066530715841, 12.085816621340058], [93.0021364685235, 12.09216546986066], [93.00382995578812, 12.097541570287362], [93.00505840811937, 12.099027156777979], [93.00518612520463, 12.101175427154416], [93.00527954061843, 12.10274672488164], [93.00469768015418, 12.103776454919497], [93.00300824613376, 12.105093956320985], [93.00197112546735, 12.105412363989657], [92.99880952464841, 12.105948641157582], [92.9926935438722, 12.106986046269085], [92.99078297645346, 12.109266757554778], [92.98996615371519, 12.109709500992693], [92.98573267432388, 12.109344959002854], [92.98372185228212, 12.108614325490763], [92.9833761456928, 12.108436703990762], [92.98201501368206, 12.106490850772389], [92.97800570318404, 12.105948641157582], [92.97421920275431, 12.105436563846538], [92.97390663618276, 12.105293154355849], [92.97401464026373, 12.103865623599845], [92.97730910782914, 12.103892326269971], [92.97428762947081, 12.102450251677965], [92.97019064468302, 12.10453295743018], [92.96908774668938, 12.105948641157582], [92.96655178084032, 12.109203815803411], [92.96435356166776, 12.107537031208977], [92.96021986025877, 12.107561349776674], [92.95986735839213, 12.107357620957615], [92.95967924630045, 12.105999708520002], [92.95968990654498, 12.105948641157582], [92.96068630866134, 12.101175427154416], [92.96187567672146, 12.095477819545863], [92.96060574046274, 12.09332764125773], [92.96535921055957, 12.094241142015079], [92.96516561530134, 12.090505123512784], [92.96999025324774, 12.090075373479891], [92.97076964350461, 12.087098479011715], [92.97000765782721, 12.086073279758224], [92.96290314226647, 12.084038853210643], [92.96043014513558, 12.082429051459627], [92.96034085774457, 12.081330061033768], [92.96210134000526, 12.071864247737011], [92.9622348542554, 12.071574210981339], [92.96401405320651, 12.068721770993122], [92.96490454660776, 12.068093657496448], [92.96858644480884, 12.068071008070817], [92.97258985064153, 12.064597606894182], [92.97520780589562, 12.065140366634807], [92.97362983205133, 12.063009023747469], [92.97320067916806, 12.059824228505448], [92.97486901239543, 12.059337258208117], [92.9757733346718, 12.060673117470614], [92.97926425913872, 12.055155515914436], [92.97948014769091, 12.054679512849475], [92.97957861446199, 12.05108654500809], [92.9808818103476, 12.049929738067007], [92.98488414328884, 12.04963314525341], [92.99012935188821, 12.044379353524548], [92.99108135711938, 12.043891906586438], [92.99364662199415, 12.043836117143158], [92.99744987471232, 12.04525244234641], [93.0011904239989, 12.050633549298965], [92.99923062319496, 12.054637909312149], [93.00146162535387, 12.061648249667115], [92.99803102021568, 12.064687252214952], [93.00061941115692, 12.068357467323409]], [[92.96610677201019, 12.048237562014123], [92.96491563345003, 12.04956197740357], [92.96313154668363, 12.044656038045886], [92.96330225509521, 12.037588954067246], [92.96183395357448, 12.03048801421059], [92.95384204367556, 12.020504236381512], [92.95025956642613, 12.012642740770033], [92.9420511726236, 12.007024645371189], [92.93093931669628, 12.00548756100224], [92.92799210525189, 11.999456406088356], [92.92494547375512, 11.997588038457351], [92.9254446028863, 11.995882749389438], [92.92646443858317, 11.994721650883648], [92.93078875579673, 11.99205863509799], [92.93400883683879, 11.984802365237101], [92.9401098492904, 11.986007452282365], [92.94774842275197, 11.985182523954407], [92.95985817901195, 11.980911135440493], [92.96339762190317, 11.97062170502781], [92.96583235288088, 11.966578841440622], [92.96840024017925, 11.956405043158298], [92.97046065353678, 11.953124999819053], [92.97074592118761, 11.953124999819053], [92.97350192057755, 11.948933124863899], [92.97392213330014, 11.94868695703751], [92.98146510163363, 11.945623755531997], [92.98547601680517, 11.945067644456316], [92.98632121045571, 11.94747483729418], [92.99026751473426, 11.951095342376135], [92.99343562125708, 11.9500262732939], [92.99595725552345, 11.947414278746137], [92.99879586663602, 11.947643756953951], [93.00025653830889, 11.949983358545339], [93.00171995201438, 11.94746553920335], [92.99612224064893, 11.94349884999211], [92.99438822273876, 11.94138515000472], [92.99470055098985, 11.939874053344923], [92.99873125574302, 11.93767225756882], [92.99816942228122, 11.934377312463084], [93.00286352633097, 11.931197047106238], [93.00685215000718, 11.926684379480704], [93.01260793251035, 11.915854573429925], [93.01716721019878, 11.910287380558245], [93.02212667450672, 11.901185631711812], [93.02225971211655, 11.897397637790704], [93.02513265574763, 11.88847720665801], [93.02539145904908, 11.8881311412392], [93.0334099529073, 11.882381558662217], [93.03477203819952, 11.881757259190195], [93.03915584106929, 11.881727814487164], [93.04315161705395, 11.88244295088144], [93.04586207837238, 11.88396275028093], [93.04854702952187, 11.886850357358284], [93.05159604512178, 11.891086578782776], [93.0531060697895, 11.893951654245697], [93.05397307829529, 11.896990656793449], [93.05392575237184, 11.903131246609718], [93.05381214641378, 11.903696417455933], [93.04972922792203, 11.90773165209427], [93.04937744101639, 11.908667445246579], [93.04953503641329, 11.911732673823934], [93.0480461116388, 11.913093804935315], [93.04723393929501, 11.916369080968451], [93.0480461116388, 11.920105457401064], [93.04540085836325, 11.921553611410218], [93.04658985114091, 11.924246549438877], [93.04486012479529, 11.926162600923462], [93.04458367859425, 11.929524064384196], [93.03736507863576, 11.944620132813014], [93.03727662581585, 11.947675466149931], [93.03708982493575, 11.948043466033297], [93.0340515373488, 11.949153900332476], [93.03068625896404, 11.948530673751733], [93.02836072456788, 11.951274156377252], [93.02805662151607, 11.953124999819053], [93.02567815752107, 11.959612965366262], [93.02488195893554, 11.966268301041268], [93.01630914185344, 11.98022222507592], [93.00737595563592, 12.000367641453565], [93.00695705412502, 12.00153446234583], [93.00698721378913, 12.004268645981412], [93.00774395462028, 12.007162213765199], [93.01010894767003, 12.01246726505235], [93.01006340959876, 12.017128825335107], [93.00892281563566, 12.0199499131581], [93.0037051442774, 12.02838051325027], [93.00340533279021, 12.02881526980893], [92.99844360309012, 12.033757209927487], [92.99800634371812, 12.034121632307489], [92.98663794988195, 12.038525342570694], [92.98252165305209, 12.04341423527896], [92.97456324110092, 12.042114376777235], [92.97395324714515, 12.039828658066128], [92.97490584862632, 12.03728675847718], [92.96907567959911, 12.033888578395405], [92.96582353143103, 12.04195523274808], [92.96610677201019, 12.048237562014123]], [[92.7809685467615, 11.896945118722357], [92.78545224632458, 11.899673342550898], [92.78735125026029, 11.899630904442759], [92.78859114646448, 11.901471853543299], [92.7860070470878, 11.901596308023443], [92.7835577722739, 11.904207348390472], [92.78819131867468, 11.91929197294624], [92.78782451129226, 11.924963951225564], [92.78499996647545, 11.926652312354506], [92.78247487521557, 11.9301147462986], [92.78307127951635, 11.932354450297836], [92.7854039671196, 11.934352159324845], [92.78420782113406, 11.936185956117129], [92.77127790475177, 11.939576268030379], [92.76677382025574, 11.938392877129644], [92.76426374947269, 11.939767241765068], [92.76202607164626, 11.936555147601979], [92.75954031943039, 11.936228752155301], [92.75304174458111, 11.931332826748616], [92.74818336946717, 11.932391405239258], [92.7469263079029, 11.932192802556074], [92.74552512188708, 11.931010246225966], [92.74258410946956, 11.925112843882701], [92.74148845642722, 11.920500040344535], [92.73715364952162, 11.915310621188368], [92.7369948625234, 11.91495251654554], [92.73315978010012, 11.90536820857605], [92.73155391198387, 11.89912867534835], [92.73258995975917, 11.891262769461363], [92.73131680482695, 11.883102178223226], [92.73259985410041, 11.874819874537678], [92.73098444957313, 11.869724631486733], [92.73041164887869, 11.862272262654827], [92.73037564721838, 11.85952484639482], [92.73173427551686, 11.85673201077374], [92.73056745552398, 11.853214144417478], [92.72813367872672, 11.850847959765616], [92.72578620896681, 11.842322349896776], [92.72033822572885, 11.833114743650611], [92.71837770906419, 11.824320435240054], [92.71447444004357, 11.821314930639659], [92.71301007305661, 11.819547176461242], [92.71061563530364, 11.814841032287944], [92.71021425708275, 11.81451964336705], [92.70138251798929, 11.811742902013577], [92.6987848280576, 11.812562704205575], [92.69248485589188, 11.808922767471856], [92.69214904274438, 11.808936118807011], [92.69308125929277, 11.809885024974164], [92.69293773199107, 11.813358664470826], [92.68781447415896, 11.814483642606007], [92.67983925297935, 11.8188933135758], [92.6838637587056, 11.818426847820803], [92.69603157070074, 11.81309616585554], [92.69711935557413, 11.813599466942037], [92.69714868066731, 11.815118313059799], [92.70249807842382, 11.814182043266811], [92.70830535880563, 11.817055463538935], [92.71548843374441, 11.828217864063191], [92.72607612611264, 11.856461405669549], [92.72717511653869, 11.863216042686375], [92.72526574162114, 11.875404834965238], [92.72334194157779, 11.877343654586], [92.72642147567078, 11.890298843716806], [92.72324454769816, 11.891085147961448], [92.7255059478413, 11.893326759422436], [92.727172732436, 11.89873874189945], [92.72545015839844, 11.902317643444434], [92.7222818135551, 11.902940034555087], [92.72469544374022, 11.905002355374535], [92.72522234933209, 11.908362150592751], [92.72419047351192, 11.918005943319628], [92.72525095946449, 11.927594899884852], [92.72454762487322, 11.930775642781825], [92.72098362419516, 11.934021711532779], [92.71774852267632, 11.934083461682576], [92.71569025510135, 11.93107497672888], [92.71445584296308, 11.9324575665635], [92.71528756656826, 11.93621647371144], [92.71724581694096, 11.936675667548087], [92.71862435353117, 11.938715100621351], [92.7170485254691, 11.945407748269076], [92.71865975894107, 11.947930574136933], [92.71614551530368, 11.95079195518477], [92.71783745303654, 11.953124999819053], [92.71906721567964, 11.95663356808484], [92.71915316568621, 11.961722255078044], [92.72019934612334, 11.962941408419255], [92.7205836776948, 11.963250279676714], [92.72399127457768, 11.9626641276474], [92.72563087896222, 11.967156648660648], [92.72907674289783, 11.968613743729335], [92.73293232896415, 11.968433141876133], [92.73057305830017, 11.975045919833434], [92.72882187323094, 11.97567331746977], [92.72565305264644, 11.974185347775645], [92.72379887092157, 11.97458040735998], [92.72490835193938, 11.976895451164282], [92.72337543952531, 11.980730056946697], [92.72684025757192, 11.982185840803979], [92.72666287439247, 11.983912229765636], [92.73085904091235, 11.993127703281033], [92.72791171075701, 11.993267655777828], [92.72819304477346, 11.994501352055849], [92.7284907104781, 11.994858861347353], [92.73277091954233, 11.997601271081948], [92.73887264695534, 11.99701416487207], [92.73701465120556, 11.991017579897544], [92.7377903461477, 11.986369132629548], [92.73660027957956, 11.984446644696874], [92.73335015758394, 11.982729911756266], [92.73424875747426, 11.977126240583672], [92.7371151450483, 11.976858257902478], [92.7448569534861, 11.98235785952778], [92.74578654761152, 11.982104659003056], [92.74623024433052, 11.978249430866683], [92.74866354448719, 11.977459430408473], [92.75136196658175, 11.97842025798846], [92.75473094028078, 11.981843948239856], [92.75513696709757, 11.984856366827941], [92.75707495214752, 11.987920880444321], [92.7525204417652, 11.992215275414708], [92.74306011163506, 11.988324046517647], [92.7428721191533, 11.993446946419539], [92.74531853232455, 11.994233727304959], [92.7467149492359, 11.996343255337038], [92.74875426269924, 11.99531745893384], [92.76282167398156, 11.998545646464635], [92.76545774967556, 11.997550248945032], [92.76865375047069, 11.998718619368816], [92.7663172479428, 12.002672553495685], [92.76594614989514, 12.011366248453655], [92.7638523581999, 12.01138770537851], [92.76094865775465, 12.009092568967105], [92.75718355158008, 12.002634644373444], [92.75241267690379, 12.002605676311177], [92.74998795987673, 12.004835843899201], [92.75018155603439, 12.007635951438019], [92.74883294078782, 12.009390712211683], [92.75051534210971, 12.011268854574027], [92.7503305674019, 12.013748168543358], [92.74827575682085, 12.014807343284517], [92.74683845043458, 12.017187953061736], [92.74421060083878, 12.017699003606282], [92.74042582469227, 12.013311863352087], [92.73677361041396, 12.015674472299324], [92.74021005664909, 12.017039418334633], [92.7402650115213, 12.018787265120338], [92.73673284054817, 12.02086794380071], [92.73418593443344, 12.020064949937577], [92.73355162101078, 12.02172362804302], [92.73511767344215, 12.02400910843356], [92.74005866027935, 12.024986744342854], [92.74178457260015, 12.029148816664758], [92.7411245106878, 12.030031204476643], [92.7363671060572, 12.030254840688585], [92.73864293132661, 12.035097718684995], [92.74087774751027, 12.034234046664068], [92.73938703578315, 12.0409119130545], [92.74136853183253, 12.042122125336007], [92.74053204092141, 12.03967261310082], [92.74397087125922, 12.034781217579138], [92.7462482451605, 12.034751057915216], [92.74833345372642, 12.036310672999406], [92.74906027321313, 12.03218090522472], [92.75132226960741, 12.0322612524551], [92.75300502796009, 12.034293770641213], [92.75375020530808, 12.027414322113302], [92.75690627080806, 12.025744557165751], [92.75783836864608, 12.02215313885651], [92.76212084310274, 12.02061784233966], [92.7651591297903, 12.02320683043095], [92.76458215714118, 12.025754571116664], [92.77843534991169, 12.024067879129518], [92.77882933660501, 12.026983618799136], [92.77551722523984, 12.031183361922885], [92.77677345313268, 12.040688753483238], [92.78013980350934, 12.04130876049102], [92.7836514708388, 12.047107577352818], [92.77857840057314, 12.050432800833121], [92.77610754922412, 12.04993975201819], [92.77306520929213, 12.04720091798822], [92.76644396781509, 12.046769141782676], [92.7658460139825, 12.050698757342019], [92.76218044746977, 12.051290273827235], [92.76009404640345, 12.05514526364314], [92.75199985480995, 12.055034518428542], [92.75156843653437, 12.05560743783326], [92.75755333931536, 12.061218738853896], [92.75825524308524, 12.064179658664472], [92.7561594252177, 12.06775164622168], [92.7514404054505, 12.07094204424007], [92.74513924078357, 12.072376846913897], [92.74227094664721, 12.074213147419059], [92.74101674582633, 12.070881605301949], [92.73791265484536, 12.069487571594365], [92.7382347587276, 12.067428112417488], [92.73645091028166, 12.065057158661133], [92.73734056911226, 12.063638210135522], [92.7352303270184, 12.065150618906017], [92.73738086233712, 12.067751764932055], [92.73751890647262, 12.070752501327064], [92.73927724385018, 12.07056927705051], [92.74061512928532, 12.071756363265706], [92.74114263022844, 12.074120521744732], [92.741150140467, 12.074579477261167], [92.73583137991457, 12.083850860728703], [92.73526060539305, 12.09451174711971], [92.7355894178647, 12.101175427154416], [92.735722780482, 12.103878140364003], [92.73611371695594, 12.105948641157582], [92.7361525296158, 12.10615420305406], [92.7378224132739, 12.11154365571528], [92.74372196229902, 12.11981427630802], [92.74384915791236, 12.120135545619092], [92.74520981328251, 12.128906250423299], [92.74578142147564, 12.130628108600575], [92.75057661561883, 12.14013552633358], [92.7545197012237, 12.150800108937887], [92.75568425672347, 12.155371546359916], [92.75763714353937, 12.164230942304243], [92.75738465797579, 12.176108479223046], [92.75635075598271, 12.17746913459311], [92.75238585462367, 12.18025875064096], [92.7491333485257, 12.176867842477094], [92.7483786347664, 12.176968812960624], [92.74586844437343, 12.17804276985808], [92.7433004383648, 12.18052446882939], [92.73992037782338, 12.180554747204042], [92.73632633709107, 12.182135463081337], [92.7299145459198, 12.180870533348383], [92.72422444810005, 12.178345680408952], [92.72099244564495, 12.179973602599688], [92.71781337278915, 12.175352812182638], [92.71385765081018, 12.165762305186433], [92.71223855006926, 12.16522657904352], [92.71211957965536, 12.168331861626228], [92.71339845697347, 12.170513629500505], [92.71255624277686, 12.175493717061514], [92.70704174028461, 12.170413851518191], [92.70504307707662, 12.165564775394259], [92.70486056776113, 12.165300607637079], [92.7039388418045, 12.165227770645089], [92.70356774285736, 12.165705799882886], [92.70321392977942, 12.167763232887111], [92.70485842197891, 12.171253442392526], [92.70570003992535, 12.180353045456826], [92.7091790438781, 12.187574744479079], [92.71219027086462, 12.189499139873575], [92.71173656019451, 12.191983342557322], [92.70704805892106, 12.197601080025862], [92.70870423331391, 12.200433850042288], [92.71034145359565, 12.207728743986578], [92.71025991476378, 12.212312579462122], [92.70975935481081, 12.216095328536724], [92.70732271637056, 12.21824812924784], [92.70539915554687, 12.231130718807577], [92.70190417783581, 12.23362886907725], [92.69917857643034, 12.239317655685426], [92.69472110289703, 12.239032149714035], [92.69336605030335, 12.23864293122628], [92.69192945977701, 12.23609542886122], [92.68916785761067, 12.234752416391103], [92.68833482279425, 12.229191780476441], [92.68615472316216, 12.22573101477478], [92.68502247310906, 12.220041751525827], [92.68685817736335, 12.216988324751384], [92.68691194063408, 12.213626980900571], [92.68501913572473, 12.208820342884778], [92.68480753873715, 12.208437561744134], [92.68364965890478, 12.208712578023125], [92.68323147325432, 12.213543414996863], [92.68072640899678, 12.214018106850332], [92.6790256498144, 12.208920359187402], [92.67918264896016, 12.204514861072113], [92.67737972769251, 12.204239368152429], [92.67773425573162, 12.216471314399698], [92.67630004840876, 12.218189954802753], [92.67431592903702, 12.217853426694447], [92.6695052386763, 12.205856323110979], [92.66516864301869, 12.202530026739481], [92.66090524228323, 12.190974354483075], [92.6577881578975, 12.187065124755676], [92.6585167643374, 12.18309235612739], [92.65426266169285, 12.181790351843446], [92.65576171912855, 12.189269899986058], [92.66324901582985, 12.20691287542897], [92.66549468053532, 12.21587264560614], [92.66534745701964, 12.21672201121207], [92.66408133478583, 12.217809439054335], [92.66190755379105, 12.215275406734804], [92.66028547269664, 12.211721539617585], [92.6515934468803, 12.188254356753177], [92.64591145554951, 12.17896151546168], [92.64577853665051, 12.178520441165574], [92.64106500184849, 12.155727506119717], [92.63720285882496, 12.14633750926889], [92.6376936431474, 12.143478035682975], [92.63536894332222, 12.139458775702138], [92.63329434405918, 12.128906250423299], [92.63315463078177, 12.128906250423299], [92.6320550441055, 12.124837756157632], [92.63176763067182, 12.122945904530013], [92.63187777963608, 12.122506618086078], [92.63540935525762, 12.121775150003174], [92.63553154434564, 12.11986875543883], [92.63541972623946, 12.119490623793453], [92.63334095502128, 12.117932915271908], [92.63156580931488, 12.112743377405181], [92.62729024884644, 12.11030387912092], [92.62508020443894, 12.105948641157582], [92.62346744576612, 12.102770448097743], [92.62340196501489, 12.101175427154416], [92.62300407907534, 12.091483473483777], [92.61961102512899, 12.07080590756685], [92.62032377742068, 12.064871549382616], [92.62421393432581, 12.062878012310392], [92.62536752259328, 12.060973167278021], [92.62402713254633, 12.05487430060873], [92.6207562685872, 12.052597641667802], [92.62240207199827, 12.048747658377849], [92.6244846581408, 12.049060464169258], [92.62696254218773, 12.047658801512739], [92.62768340096832, 12.044113039984879], [92.62699711302665, 12.042839646732347], [92.62247753141324, 12.040976405237117], [92.6198858021884, 12.04114222493385], [92.62007725256333, 12.038901448043504], [92.62207245787798, 12.036057472474496], [92.61982095207557, 12.032928347965125], [92.62281656233498, 12.027820945180522], [92.62040376672056, 12.025689959324296], [92.61691176936299, 12.025524735877909], [92.6170406341183, 12.021432041755375], [92.61294066897702, 12.006256103636403], [92.61338794230019, 11.99710452515373], [92.61680424192232, 11.991099119628686], [92.6137508151485, 11.990048170087164], [92.61297214075208, 11.988501548407811], [92.61208534266476, 11.983849645045296], [92.61208725012685, 11.980979800477442], [92.61316585562022, 11.96198785275736], [92.61219394209687, 11.957717776354315], [92.60937833744052, 11.956088423342337], [92.60948896394464, 11.953124999819053], [92.60842263689531, 11.94818794751589], [92.60842251818477, 11.947731733133182], [92.60923445220843, 11.945149541218399], [92.6115791799356, 11.942765354837547], [92.61168074577003, 11.940498233207023], [92.60914623770898, 11.928427100130804], [92.60626637919032, 11.923970222847487], [92.6061022277361, 11.91809761481322], [92.60914945638277, 11.917829275100999], [92.61164283754741, 11.913473844942246], [92.61015331742195, 11.890709757449528], [92.61169981949129, 11.878826022403118], [92.61105537430652, 11.870937347480577], [92.60588812793483, 11.868915200276405], [92.60370624045109, 11.866215348259786], [92.60462605984506, 11.858049512175313], [92.60250854493367, 11.860349655112586], [92.60039591783746, 11.867143511563867], [92.60170722021249, 11.871469021278457], [92.60152745203064, 11.897174120289577], [92.60055172448281, 11.89812326387765], [92.59903585871817, 11.896278739072585], [92.5978586677438, 11.896305203422585], [92.59540665179574, 11.89878654446349], [92.59390401865576, 11.898940443646666], [92.59217870258541, 11.887390136745523], [92.5895010233539, 11.886217951397356], [92.58670771109215, 11.887459873774205], [92.58500683319929, 11.89101350347049], [92.58574914890428, 11.895181774819108], [92.58496165305806, 11.900764942348474], [92.58257007604848, 11.904913067983813], [92.58348381512613, 11.908563852340052], [92.58060824907196, 11.917014956075363], [92.58090281481319, 11.921241879409465], [92.57923865354147, 11.926534056901431], [92.57305645928832, 11.927067637261686], [92.57008361806473, 11.93122255817461], [92.56546795378355, 11.942893505530975], [92.56262290442382, 11.946237564412343], [92.56230020519061, 11.946254849381887], [92.55856084840488, 11.940327644405457], [92.55843663224513, 11.939904451329497], [92.56019175094892, 11.935287356226624], [92.5556627516352, 11.929063200506562], [92.555016756019, 11.925488829745944], [92.55060911212095, 11.92602992034476], [92.54265534876563, 11.922896146340108], [92.54145300375356, 11.917861818867877], [92.53468871161479, 11.911685824541351], [92.53521025185174, 11.90859520450519], [92.5378487107495, 11.905038357034499], [92.53626573127897, 11.900493740993412], [92.53016495714749, 11.896319151008157], [92.52694034532104, 11.896231174829012], [92.5262621638681, 11.894949555477751], [92.52672684177074, 11.88244640787569], [92.52483534807325, 11.878070474073354], [92.52495443809713, 11.871290445597808], [92.52094304538562, 11.866788745204559], [92.51833927603687, 11.856493711116045], [92.51627981686025, 11.854525446792067], [92.51371622112723, 11.848331570345849], [92.5137195585111, 11.84722006315556], [92.51398801783299, 11.84673225918661], [92.51811301740193, 11.8426302669735], [92.51902544526834, 11.837778806746712], [92.51786136640945, 11.83360445508167], [92.52210724385455, 11.825683355102882], [92.52492845038799, 11.82621204854729], [92.52753412719849, 11.828498243898807], [92.53083193304761, 11.833255648529402], [92.53238165379062, 11.832931756795261], [92.53663444522377, 11.838539719532648], [92.54121136671145, 11.836105108164318], [92.54217171675182, 11.828778624634054], [92.54398584357196, 11.829903841089532], [92.54646754254318, 11.835027455952314], [92.54674327378316, 11.829376101825602], [92.54146814383981, 11.824157118356482], [92.54079902215747, 11.818902015415674], [92.54692435227722, 11.818445444002109], [92.54911470418054, 11.815509915650154], [92.5492717024272, 11.815085530073162], [92.54977071284864, 11.808224559016367], [92.55102586784963, 11.806590079868428], [92.551389455659, 11.801029205633384], [92.55381500725699, 11.79342830207473], [92.55232214884862, 11.784476637487018], [92.55238532981949, 11.78415405786356], [92.55432665315303, 11.781435966696662], [92.55452632872723, 11.780896663950017], [92.55523824734766, 11.777343750114], [92.5561201576194, 11.773190856273274], [92.55915105367868, 11.77335417225747], [92.5593307022506, 11.773099541810524], [92.55881786385353, 11.768994212213187], [92.55456674066264, 11.765869140948226], [92.5527353288725, 11.762907505277298], [92.55346250539063, 11.760165810503864], [92.55216884591553, 11.755588650695714], [92.55323827292833, 11.753746867024361], [92.55296707157336, 11.744625330394783], [92.5540695189932, 11.73983883899129], [92.55241835112642, 11.736745953563158], [92.55216777302442, 11.721101760937557], [92.56210803985451, 11.69361293309042], [92.56522274013744, 11.692018150917164], [92.56940054879638, 11.696972847019282], [92.57289886479114, 11.699361205355359], [92.57445061170645, 11.71565222726852], [92.58123576631786, 11.71673917757117], [92.58559465437023, 11.714067935686955], [92.58781874164166, 11.718050122015555], [92.58886575664977, 11.71558904629758], [92.5948239567604, 11.710818648262233], [92.59303414850731, 11.70264947389424], [92.59628140886028, 11.697973608994971], [92.59616100762466, 11.694853544255778], [92.59960770613108, 11.690718173704894], [92.59820413601236, 11.677612543284354], [92.5954898597694, 11.673094272882622], [92.59207582464003, 11.671057701452014], [92.59154474709285, 11.668777107977235], [92.59254872774196, 11.666707754459537], [92.59443211584974, 11.666114330512045], [92.59976995012326, 11.656129836822785], [92.59901511675466, 11.651347040733484], [92.60252535326279, 11.648799300047855], [92.60589230078952, 11.643275857395096], [92.60808885082028, 11.634047627895782], [92.6102870699925, 11.6338033675314], [92.61263704256581, 11.635163903291627], [92.62115800383927, 11.632217764738158], [92.62566375747659, 11.628280401519405], [92.63134515255703, 11.62831842935229], [92.63269865471946, 11.637863874018805], [92.6307660341254, 11.646643400272893], [92.63183546023859, 11.65064013043785], [92.6351349352295, 11.649901151217279], [92.63809454472769, 11.645448923429143], [92.63504791233154, 11.640433550068352], [92.63444650150498, 11.63466644330181], [92.6391465662613, 11.634952664234277], [92.64199614550606, 11.638937830916433], [92.64266824754193, 11.639009237086839], [92.64352607756692, 11.6382750269712], [92.64434301811607, 11.636229872410738], [92.64462625959462, 11.635432839254108], [92.64523553858933, 11.629752159135009], [92.64433824991053, 11.62458705944536], [92.63662350207315, 11.61552584214408], [92.62991356855687, 11.616633414800248], [92.62949097173126, 11.624546766220433], [92.6280845399697, 11.625825047288274], [92.62456715115323, 11.617552519233513], [92.61638546002135, 11.621463656422748], [92.61554563082646, 11.621579647382958], [92.61038064984737, 11.621592879108277], [92.60926795015612, 11.62102341669754], [92.60843181627578, 11.619757532784021], [92.60834515130787, 11.61492872198312], [92.60811614974082, 11.61411714588968], [92.60569584388847, 11.608828902032286], [92.60710310932129, 11.602546572766414], [92.6079441310172, 11.601562500409031], [92.60810983200363, 11.601562500409031], [92.60888981851068, 11.599802851820328], [92.6088923213239, 11.599445343428016], [92.6076240542071, 11.594711780724253], [92.60768592396644, 11.594398379581705], [92.61089897141053, 11.593091010841675], [92.61496627317527, 11.586964726541026], [92.61811256394415, 11.585072278662977], [92.61882030970972, 11.58377075191882], [92.61928606050381, 11.582190751901948], [92.6203203204266, 11.577915072722533], [92.62032043913715, 11.572446346621675], [92.61820924286272, 11.567192315672969], [92.6179592610114, 11.5625971559342], [92.61833703562584, 11.562114357591568], [92.62111985639629, 11.561727524106146], [92.62821722054858, 11.571116805096707], [92.63155400751194, 11.571703076735773], [92.63326227693298, 11.579047918127031], [92.63645994686945, 11.577733516688681], [92.63936460059634, 11.57459926604335], [92.64703524118366, 11.572420358912709], [92.6473124023457, 11.57207334021254], [92.64540111996612, 11.569335937903446], [92.64539086859403, 11.566888928481333], [92.64233827549154, 11.56028044208891], [92.6433955427706, 11.557206153741106], [92.64935505409281, 11.552857756280417], [92.65100276496591, 11.55006873648317], [92.64904904357891, 11.545274615231548], [92.64417994045235, 11.540934800900445], [92.64646661244447, 11.527887225315425], [92.64610207045453, 11.52361726762284], [92.64676833139376, 11.522145748327716], [92.65436351256645, 11.51481735733536], [92.65858936300893, 11.513642429954373], [92.6671780351385, 11.503936052506887], [92.6722073551854, 11.504083156412747], [92.67416775224015, 11.505606651126243], [92.67562770805259, 11.509134411823851], [92.67879247629187, 11.511369943867948], [92.68146455274726, 11.510680555963148], [92.68433070200038, 11.511559247561294], [92.68772935872337, 11.508113741556073], [92.69167900128511, 11.507778167628501], [92.69365000764188, 11.50539314757593], [92.69753992532745, 11.506864666870882], [92.69867455948386, 11.506609440173506], [92.69961190216779, 11.506008505987978], [92.70043432678321, 11.505187749615075], [92.70013081998164, 11.503281831691325], [92.70315814033623, 11.498944521072929], [92.70533275590233, 11.492320417953039], [92.70914924124466, 11.490324854708433], [92.70904743709005, 11.488070011521955], [92.70696413508679, 11.485071659229817], [92.70828294770004, 11.480883359979288], [92.71145224582486, 11.477085948357868], [92.71289694283976, 11.483520865595509], [92.71258616412038, 11.487348318170476], [92.71411335504743, 11.489295362990774], [92.71452093139638, 11.492193341050083], [92.71652722355262, 11.493516563938499], [92.7163770196839, 11.497607230989104], [92.71799743163669, 11.49950754613647], [92.71786034078255, 11.502092957624043], [92.72305691224679, 11.509902238597562], [92.7237879036891, 11.513197779953813], [92.72776985169733, 11.516325711962153], [92.72557187084524, 11.524418711954098], [92.72398364562892, 11.526489257972997], [92.7238785031906, 11.529650211288455], [92.72883844413914, 11.539731502606728], [92.73190665217035, 11.54199492892279], [92.73079431040944, 11.546022176682158], [92.73350012313236, 11.547795772856702], [92.73282754445589, 11.549390077490173], [92.734480261855, 11.55067122020084], [92.73461675645862, 11.551169872691702], [92.73442232573021, 11.553414106575943], [92.73099684672738, 11.555518865503444], [92.73054170613503, 11.556236624320803], [92.73036396502548, 11.558805227479326], [92.73062300664671, 11.559725761834642], [92.73277580735808, 11.56165850203817], [92.73440325290804, 11.565254568943317], [92.73730933655705, 11.567230821045726], [92.73933291458255, 11.57107114831507], [92.73934245099369, 11.574101806053704], [92.73768293831725, 11.576205850020045], [92.73818874401573, 11.57976973018907], [92.74205780012758, 11.579085349709317], [92.74382555520563, 11.583662748737126], [92.74458241474682, 11.588876605171365], [92.74137341964766, 11.589871526050203], [92.74108660246512, 11.590089679095527], [92.74082112349609, 11.591506362228998], [92.74073743798263, 11.592782377904697], [92.74277913554911, 11.596066355777708], [92.74541425706255, 11.59902155410154], [92.74826157091499, 11.599904655975294], [92.7489308122073, 11.600794315705187], [92.7490195033478, 11.601562500409031], [92.74925291519017, 11.601562500409031], [92.74866890894307, 11.605348706477784], [92.74888610870713, 11.605988502167818], [92.75292611155103, 11.60979354363728], [92.7526264187745, 11.616495370664921], [92.75462007545619, 11.618090152838533], [92.75193667383874, 11.619644045536333], [92.75236284726807, 11.627717256846196], [92.7504233117867, 11.628304958407398], [92.75219857710297, 11.63135147119361], [92.75219523881972, 11.633998036580195], [92.75205004237606, 11.63440275218531], [92.74815094441058, 11.639972209549938], [92.74630117386042, 11.63999927015037], [92.74815845464948, 11.644389510367688], [92.75292563401106, 11.644330263031321], [92.75621616884146, 11.647180676846787], [92.75776290923127, 11.650703072189216], [92.75689578021618, 11.653033375689958], [92.75816154452005, 11.655968904941275], [92.75439381592216, 11.65821480706795], [92.7559094424673, 11.660612225174305], [92.75636005407355, 11.66581916851986], [92.75215971469927, 11.66765964008053], [92.74969315491538, 11.666867971379972], [92.74842846350307, 11.668085813509691], [92.74758195864061, 11.671301841307013], [92.74930202986516, 11.672490834984217], [92.750959038829, 11.672107219272931], [92.74933254745932, 11.672936677485708], [92.7496247290982, 11.675156116162015], [92.74851405647863, 11.67638540306416], [92.74348652338452, 11.675660133108778], [92.73857891578476, 11.677691817623355], [92.73458695382536, 11.675997019147218], [92.73397505240703, 11.673016309754843], [92.73156714460836, 11.673305034400016], [92.73063731216249, 11.680102944095523], [92.72607040372625, 11.680537104404024], [92.72403693225888, 11.684610724805381], [92.72203791112119, 11.684592604365477], [92.7215819359578, 11.686406850795635], [92.71709036822634, 11.681717038310609], [92.71701335927932, 11.678459524787328], [92.71538472212731, 11.677334070011469], [92.71769142112251, 11.670460342970486], [92.71629857991562, 11.664533734244486], [92.72909915490234, 11.661163329724033], [92.72974967950452, 11.659101843475483], [92.72838735589212, 11.657218932907568], [92.72285437592913, 11.65554642682639], [92.72038495540161, 11.653242945605683], [92.71068680315366, 11.65234506157536], [92.709905147505, 11.650473951911621], [92.71224176874276, 11.64510810375613], [92.710362434779, 11.643515348654631], [92.7072510718796, 11.644364118909067], [92.70627260229904, 11.64933514580052], [92.70240736021194, 11.654202580684554], [92.70093214470299, 11.654781341186037], [92.69511342044828, 11.653013706617273], [92.6959583757787, 11.649733305347894], [92.69986152608877, 11.647681475120038], [92.70018732528493, 11.641458630611467], [92.69788074500073, 11.639314651350318], [92.6952166554245, 11.639168024085322], [92.69303035766515, 11.636328458791397], [92.69504952451629, 11.627981901243885], [92.69493150738359, 11.622907161836082], [92.69216382490075, 11.62767004963331], [92.68967092037704, 11.629573941384407], [92.69053435317804, 11.63565874085829], [92.68967974182684, 11.638857603295804], [92.68771255039425, 11.640542745751247], [92.6864713429782, 11.64004445119052], [92.68621253967737, 11.633978247897943], [92.68485581884116, 11.630912065139853], [92.68446326296944, 11.634101629486892], [92.68174433723155, 11.637539743964268], [92.67995154862527, 11.634701132851177], [92.68080377587395, 11.631523847847546], [92.68054914452753, 11.629846810981547], [92.68019664266117, 11.629278659782571], [92.67747032629464, 11.628552317835272], [92.67603564233119, 11.625448941815463], [92.67544484170642, 11.624914765204423], [92.67403674170262, 11.624622345245243], [92.67365157645955, 11.624982952701231], [92.67307054966628, 11.625997423942025], [92.67318952097972, 11.630413412648906], [92.67282795934298, 11.630990504908127], [92.66894543138679, 11.632689237918214], [92.66808724433108, 11.63549900057862], [92.66847705817023, 11.640690326297516], [92.66548824318832, 11.644598722353294], [92.66625094382627, 11.65393984284951], [92.66651511158344, 11.654180646219999], [92.6764676568574, 11.65311634534332], [92.68394851711079, 11.650829553740934], [92.68653905383476, 11.655403136945182], [92.68415617956433, 11.658491849519507], [92.68559670462471, 11.66218721866531], [92.6918957235089, 11.663927555212538], [92.69325315930635, 11.668072938815314], [92.69883441937318, 11.665689944935224], [92.70332634413583, 11.666685462064578], [92.70816183060438, 11.669815421144946], [92.70795404944002, 11.671828746899237], [92.70187413688225, 11.672973752037223], [92.70096170901584, 11.676713108822952], [92.70398414155503, 11.682595968229322], [92.70203411548223, 11.691860079779119], [92.7026773690657, 11.69564485592548], [92.70583927656153, 11.698663950181228], [92.70721125619471, 11.69672512966119], [92.70697152571577, 11.698634743798578], [92.70466482672069, 11.700861811423565], [92.69547224005211, 11.700333475909474], [92.70532655687535, 11.702665805582598], [92.7021378279986, 11.707243442930803], [92.70897865334237, 11.702955126478102], [92.70825684038132, 11.700109243446917], [92.71162176173542, 11.695410728222654], [92.71330690419077, 11.695782661740594], [92.71430361292178, 11.703225136231154], [92.71820795573288, 11.70589852299858], [92.72247850877662, 11.697555542054701], [92.72682630998625, 11.697493314365119], [92.72789275664584, 11.695052743189748], [92.73005127884372, 11.697764754040307], [92.73179805273841, 11.697880030039542], [92.73690855458634, 11.691725611347891], [92.74030351599495, 11.690162539269892], [92.74447584148734, 11.690941810815943], [92.74519002460019, 11.692306160601007], [92.74220860024693, 11.70775365800499], [92.74301564735455, 11.712281227396744], [92.74433624781969, 11.713387728061349], [92.74621045564837, 11.713995337914625], [92.74728894243108, 11.710171580654205], [92.75363433395754, 11.701636671795256], [92.75566673253408, 11.701921462805316], [92.7577697036094, 11.708051562030079], [92.75777065778996, 11.711333155800673], [92.75499260432562, 11.71699523883919], [92.75660753221214, 11.71939313448567], [92.75616717377639, 11.725234269845785], [92.758934259109, 11.728965401432234], [92.75872874243802, 11.734801411556106], [92.76171374339484, 11.740653515047683], [92.76111805405529, 11.745127558590085], [92.76590311553664, 11.751597166276284], [92.7654589412775, 11.758172035111613], [92.76379561457614, 11.75983703095423], [92.76561307878106, 11.761837839944633], [92.7648599145538, 11.766983151851122], [92.76857054249703, 11.77199876353231], [92.76883924013904, 11.774504423140726], [92.7674863342273, 11.777343750114], [92.7673078772572, 11.777583360983456], [92.767467140896, 11.779755354126308], [92.77108657398631, 11.785933613845415], [92.76978826501673, 11.798961639068494], [92.77424597776988, 11.810789227640768], [92.77561152005606, 11.824136138072475], [92.77780985793882, 11.827394604877298], [92.77606821018017, 11.833137751006547], [92.7785246373027, 11.837101578575215], [92.7780412436089, 11.839982152054873], [92.78097403082714, 11.843009352799527], [92.7809561487077, 11.850163817606159], [92.78469157185887, 11.851085543563144], [92.78591382516302, 11.85439717738791], [92.7837672234788, 11.859018802376042], [92.78619444331903, 11.865715503267992], [92.78548634052245, 11.868470072735803], [92.78687572473521, 11.872435569445912], [92.7859021429696, 11.874430179409245], [92.78586900205292, 11.880866647078136], [92.78799104684978, 11.883448958602656], [92.78296041469164, 11.887099623349073], [92.78266465644904, 11.887387752642823], [92.77890205398708, 11.891972541399738], [92.77900314318063, 11.892670750754604], [92.7809685467615, 11.896945118722357]], [[93.01383089987647, 11.831897974412186], [93.01554226836109, 11.828598737741657], [93.01734352138683, 11.830586433717116], [93.02691805372527, 11.825776934957688], [93.03039693806844, 11.82636415987811], [93.03064954324194, 11.823788046481198], [93.03235840801429, 11.821908354587151], [93.04386436934564, 11.81465804543268], [93.05025661015466, 11.812293529922712], [93.05443084220988, 11.812991976698498], [93.05871963530299, 11.814801454923355], [93.06219041315708, 11.81709492219315], [93.06303274606469, 11.818276643952174], [93.06324493840341, 11.818795323445656], [93.06257355222786, 11.822146057994331], [93.06810915461429, 11.828324556033564], [93.07113122922308, 11.832828402208946], [93.0721609592612, 11.835592151057128], [93.07215535648473, 11.837623953382803], [93.07208895684019, 11.83823966972507], [93.06988596946226, 11.842303634105548], [93.06958186641029, 11.842516779725813], [93.06814074509973, 11.841814160095609], [93.06547093403665, 11.842533469344389], [93.0650111439493, 11.842727303822286], [93.06380105037854, 11.844839572987993], [93.0595953465482, 11.84476912009896], [93.05297172096826, 11.84411966838806], [93.04506373400434, 11.842297077148444], [93.04474771043888, 11.842180847868022], [93.04046094441745, 11.837857961475876], [93.034738421541, 11.836313724798686], [93.03421247012969, 11.836419463487601], [93.0276237724195, 11.840930342361588], [93.02245914937046, 11.842300534142595], [93.01761877508685, 11.84518194219298], [93.01373994334412, 11.849118470840835], [93.01191914085612, 11.848306775137559], [93.01186680750746, 11.847892165191453], [93.01218545439545, 11.838314056248848], [93.01404464264627, 11.83541285951604], [93.01383089987647, 11.831897974412186]], [[93.0783348087048, 11.779765725108248], [93.08114171062155, 11.779363751536124], [93.0823334454324, 11.77947115936658], [93.08351397559002, 11.780233621684488], [93.08591854600436, 11.784663319656644], [93.0862057211173, 11.788751721315109], [93.08501732369078, 11.789417624324116], [93.08426094079013, 11.78957366928951], [93.0831743475184, 11.789662241719256], [93.08062863390464, 11.788109660232678], [93.0803432466436, 11.787760973290517], [93.07753455597529, 11.781094908703253], [93.07787835600143, 11.780040621777317], [93.0783348087048, 11.779765725108248]], [[92.72298026123033, 11.687297820837998], [92.72524416418699, 11.68706595942669], [92.72651314716418, 11.687521219628579], [92.72663021101576, 11.688334464863914], [92.72412955793303, 11.689396738668833], [92.72370767606847, 11.68951475580161], [92.72226154823207, 11.688688635871898], [92.72298026123033, 11.687297820837998]], [[92.69468402834562, 11.659652709704915], [92.69964265808247, 11.659342765556346], [92.70074820546554, 11.659868240326972], [92.70133245003294, 11.662644624649857], [92.70120394230847, 11.663146615424054], [92.69872844236423, 11.664405464840499], [92.69605767712042, 11.663727641317678], [92.6943181751441, 11.662440657510416], [92.6929421422665, 11.661179899732858], [92.6930594444382, 11.660213946916286], [92.69468402834562, 11.659652709704915]], [[92.76368403479083, 11.67866933302345], [92.75997376477781, 11.676782250500494], [92.76115965849172, 11.669459104354473], [92.76187825188006, 11.66941845409842], [92.76289415394254, 11.669974446463726], [92.7664482593797, 11.67794156115437], [92.76675975306043, 11.678725957936734], [92.76600730379405, 11.680538177295318], [92.76515030834051, 11.680933236879383], [92.76368403479083, 11.67866933302345]], [[92.67029476159436, 11.485626101163774], [92.66832721223128, 11.489984869606047], [92.66807150799403, 11.490448712937877], [92.66588997843988, 11.49157345275276], [92.66269242721395, 11.490544438574986], [92.65969002257694, 11.491303801829133], [92.64582800835618, 11.500278949514097], [92.64574575456325, 11.510958075954491], [92.6410386562093, 11.510195732347228], [92.64066350491706, 11.510329126987799], [92.63667285416918, 11.516692638054778], [92.63629627205549, 11.517066955675503], [92.63202714893399, 11.514346838335953], [92.62700390830398, 11.503414511370565], [92.62314510356404, 11.50084352500889], [92.62261140359377, 11.500249028170202], [92.62098872624884, 11.497409344166087], [92.61895716224373, 11.492111205967518], [92.61784756161617, 11.486493468498892], [92.61602342084458, 11.484033942312792], [92.61585617032634, 11.483531117867074], [92.61373841799391, 11.474777817642334], [92.61359131318878, 11.473954916386305], [92.611156940141, 11.458196044012425], [92.6161109212824, 11.449358224602605], [92.62002575378565, 11.444637417882674], [92.62069964367399, 11.441824436548586], [92.62294745416213, 11.44121336970133], [92.62330925501843, 11.440686940749785], [92.62341463577721, 11.440041065642703], [92.62237334225611, 11.437363148090995], [92.62237000487207, 11.436801314629108], [92.6233178381481, 11.434569359188728], [92.62153184391994, 11.433372735663482], [92.62183260958741, 11.435207843667172], [92.62021732287141, 11.435302615123803], [92.61980772035034, 11.43032944244996], [92.62279534373059, 11.430732607623824], [92.62299680715742, 11.430423021405389], [92.62433564677295, 11.425781249804785], [92.62448787681458, 11.425781249804785], [92.625267267071, 11.420205712124087], [92.62526714836045, 11.419637441314919], [92.62394917031818, 11.414727449612371], [92.6243292094255, 11.408961654057237], [92.62284636496796, 11.40497863315747], [92.62219834317946, 11.404208540991434], [92.61442446671603, 11.400464058070014], [92.61012554186047, 11.401756048403044], [92.59961414347825, 11.400472044949083], [92.58733963951303, 11.40078806851453], [92.59231674672063, 11.384006738919979], [92.59231591214993, 11.37960195576585], [92.58924114716152, 11.374372124673926], [92.58176565136401, 11.370545030029263], [92.58101391795836, 11.366431474333282], [92.58866202873017, 11.354075551145925], [92.5926822419921, 11.349497556766963], [92.59955120082745, 11.346757769455536], [92.60019564601274, 11.346599102066975], [92.60359120367136, 11.34627354119094], [92.60988342727856, 11.346099853325697], [92.61313974830117, 11.348075270857294], [92.61724841618175, 11.348889350663171], [92.6181503534564, 11.34894883631975], [92.62315905114943, 11.347439527512392], [92.62746357878146, 11.349256754295752], [92.62834274791985, 11.349257827187131], [92.63828301385038, 11.346377372418019], [92.64003634470183, 11.349577307746557], [92.64779603525923, 11.355200647991566], [92.65255463149131, 11.357111811660928], [92.66067755192776, 11.35524463653087], [92.66466987091783, 11.352056145974487], [92.66480374309864, 11.356404542535714], [92.66729021027507, 11.36085724786389], [92.67129707310167, 11.362675428828084], [92.67843782864313, 11.362861871778222], [92.68015003169907, 11.363956808959685], [92.68106031378264, 11.36633884865904], [92.68536520024426, 11.366540670016178], [92.69049263003106, 11.369906306331245], [92.69084775432069, 11.370355010475393], [92.69182825097326, 11.377206205901757], [92.69025826490738, 11.381803512322193], [92.69039785857453, 11.382603168801182], [92.6910648344747, 11.384528160446294], [92.69378054153927, 11.38717091090902], [92.68989312666659, 11.387107729937995], [92.68850874898007, 11.390846848403513], [92.68361461142538, 11.390117049462319], [92.67815434974355, 11.392596840971436], [92.67468786255498, 11.399216651627341], [92.67235195627794, 11.399101734457687], [92.67189514654424, 11.39684700998177], [92.67042255435766, 11.395997047226032], [92.66359555698963, 11.395105600543246], [92.66237127751279, 11.39908885976314], [92.6637197731491, 11.4018106462444], [92.66078293358592, 11.403008103441351], [92.66081881563596, 11.406121134582847], [92.655625104915, 11.407494902967585], [92.64954876896061, 11.407244443576403], [92.65237295584771, 11.409359454775284], [92.67235207588786, 11.415745973198199], [92.6742062567138, 11.417793869791211], [92.67486309995238, 11.420883774866567], [92.67170417280957, 11.425781249804785], [92.6718749999317, 11.425781249804785], [92.6718749999317, 11.425920724761795], [92.67329144474488, 11.427208661850415], [92.67613124835864, 11.426681041297215], [92.67974162077931, 11.428046941513259], [92.68126893041702, 11.425781249804785], [92.68161892857111, 11.42553710905051], [92.68240761781757, 11.425781249804785], [92.68333852315473, 11.426197767213353], [92.68373954254619, 11.427165865812057], [92.68158495398282, 11.429020047537193], [92.68116116555544, 11.431041955521877], [92.68522024122151, 11.43351256855044], [92.68573832536359, 11.435925125844022], [92.68566632294258, 11.436666011627239], [92.68388402492818, 11.440733433001611], [92.68464183775089, 11.442082643599349], [92.68449556841611, 11.442530155242466], [92.68161642575771, 11.446231842125968], [92.67971670596157, 11.4529854062516], [92.68004417429941, 11.45584797890136], [92.67596685858396, 11.462011576073479], [92.67751085783996, 11.4710701700525], [92.67739665473229, 11.471413850468892], [92.67423403227505, 11.47388625134954], [92.67064356814646, 11.4794981477215], [92.67029476159436, 11.485626101163774]], [[92.56120192972563, 11.397839545858545], [92.56084811664752, 11.397927641647513], [92.55706250682962, 11.396017074228752], [92.55569374587012, 11.390862703451006], [92.55589711675887, 11.390643835444891], [92.55709445434607, 11.390392541482626], [92.55742037315215, 11.390701412740086], [92.56300723509625, 11.393724203209658], [92.56344091876363, 11.396353006086557], [92.56305885348368, 11.396869659407386], [92.56120192972563, 11.397839545858545]], [[92.55083477540475, 11.396305918483407], [92.5493745803731, 11.39758396123095], [92.54562985913086, 11.395550846794322], [92.54551887469668, 11.395219922361747], [92.5474505420091, 11.393087268263102], [92.54838860055364, 11.393023252721079], [92.5508122446897, 11.394475221654432], [92.55095076546596, 11.394873738232477], [92.55083477540475, 11.396305918483407]], [[92.61631476881158, 11.511175036498955], [92.61598515469123, 11.511408567051802], [92.61309170741683, 11.51041424242348], [92.61269044880552, 11.510132313056076], [92.61041891600038, 11.507614850744929], [92.60956275421782, 11.506307244583795], [92.60931336861748, 11.505434036151925], [92.60989725615357, 11.504128575773194], [92.61081683632815, 11.504033923027109], [92.61142873774614, 11.504541754898327], [92.61575400824117, 11.509864568694994], [92.61631476881158, 11.511175036498955]], [[92.27331995944886, 11.516160726836333], [92.27256298029775, 11.518092274538915], [92.2702499626661, 11.516766429227502], [92.27029967269223, 11.516153931558748], [92.27331995944886, 11.516160726836333]], [[92.26210200780187, 11.517961621032057], [92.26636981971151, 11.520407676273436], [92.26727747937255, 11.522282957892315], [92.27017474157142, 11.52271354159683], [92.2717030044902, 11.52937126137462], [92.27470564834724, 11.534438371833488], [92.27397680268749, 11.53980815452283], [92.27200996918512, 11.546281218303733], [92.27031993891435, 11.547915101201156], [92.26881802073538, 11.55460917967011], [92.26950120961365, 11.565150022755432], [92.26829624217831, 11.56906425990779], [92.27069234817353, 11.576360940804975], [92.27101743240897, 11.583902954957551], [92.2629512546969, 11.589810609572126], [92.2410329580047, 11.592075944249387], [92.23536026476475, 11.591309070757035], [92.23239743749198, 11.587881326362307], [92.23042225828104, 11.587394356964168], [92.2186801430743, 11.59250760084528], [92.2177102566234, 11.594952344875068], [92.21557033060677, 11.594396233799301], [92.2168724536011, 11.591718316247423], [92.21561825278027, 11.589259743342694], [92.21289587004858, 11.586804270400918], [92.20827877494563, 11.586181879290265], [92.20737230778607, 11.58518063977479], [92.20780765969599, 11.583532571870862], [92.21200621121798, 11.579459071079427], [92.21491444154859, 11.573604226453867], [92.20909440518287, 11.558933019343442], [92.20811557767198, 11.54765951657356], [92.2109216450182, 11.542283654467155], [92.21246314056194, 11.534780144787959], [92.21514534967835, 11.531360148951919], [92.21450734094131, 11.5294836757312], [92.21475040880458, 11.529125571088372], [92.2157373428046, 11.528772950511538], [92.21772897241439, 11.529463530017921], [92.21820414090863, 11.526520371817838], [92.21934866940583, 11.528891444284824], [92.22163140776374, 11.530077457608726], [92.2350956203667, 11.525182843413717], [92.25036025052535, 11.52574014699033], [92.25435614611959, 11.524175762801391], [92.25472080682025, 11.523885250304303], [92.25948095348375, 11.517883658803825], [92.2605353591197, 11.517638921799033], [92.26210200780187, 11.517961621032057]], [[92.53191101518146, 11.593405842805552], [92.53213477100317, 11.59060633151708], [92.53516125678667, 11.582708954754494], [92.53516030350548, 11.581922054259508], [92.5321694614519, 11.571878432843533], [92.53514885873315, 11.56720840904103], [92.53515136244576, 11.563336610896002], [92.53185272202566, 11.56066584565228], [92.53048825263122, 11.5540890693553], [92.538545131353, 11.561908244669993], [92.54246914413605, 11.56235575631311], [92.54833853259746, 11.560350180017053], [92.55347394926358, 11.56179225460906], [92.55904674491157, 11.570365548331651], [92.56500267963011, 11.572930216956053], [92.56473684273149, 11.575663208990065], [92.56233644517104, 11.580137252532296], [92.56218707587314, 11.58333957196379], [92.5636279579642, 11.585656166199072], [92.56406640983741, 11.585978746721992], [92.56850814793304, 11.587826609810222], [92.56915307065813, 11.588410258127013], [92.56935334248286, 11.589148163556928], [92.56916880609597, 11.58999204599614], [92.56643104585649, 11.592300415032241], [92.55412817007951, 11.591261148583072], [92.55015516313065, 11.593309640527593], [92.54555880999149, 11.5919544701229], [92.54522872012947, 11.594452023242326], [92.54627084732184, 11.5974831585211], [92.54806125182577, 11.59922134838665], [92.54793667773598, 11.59965264795143], [92.54662191836704, 11.601562500409031], [92.54270267468874, 11.601562500409031], [92.5414065124011, 11.602931380079184], [92.53791046179848, 11.605418801436514], [92.53731596496024, 11.605600476181095], [92.53585863157107, 11.604912758317283], [92.53387105430582, 11.601562500409031], [92.53381204618947, 11.601562500409031], [92.53205180134998, 11.595368147322304], [92.53191101518146, 11.593405842805552]], [[92.60123491246136, 11.585722207913662], [92.60087835824996, 11.585278869124693], [92.60076415514195, 11.567402243518913], [92.60393524201831, 11.567911028671148], [92.60584414029509, 11.570583939697173], [92.60614585834483, 11.570502161645464], [92.60677945590751, 11.568733454185775], [92.60992765413815, 11.568083048294142], [92.61152446248414, 11.564381718441751], [92.61173427072018, 11.564178109232614], [92.61331355577616, 11.56307816462575], [92.61478424050082, 11.562805056708129], [92.61517024031471, 11.562942742913236], [92.61700010257314, 11.565704107658547], [92.61849021894866, 11.570666432709771], [92.61918246759686, 11.573304414966856], [92.61907565601692, 11.577526450485294], [92.61721253413126, 11.582409262877306], [92.61132025702457, 11.587777376424853], [92.61005926092665, 11.588550329334439], [92.60123491246136, 11.585722207913662]], [[92.61003684982123, 11.559185743227573], [92.60746347935643, 11.563124656877577], [92.60608565772728, 11.560497164312807], [92.60784494838603, 11.55655312542666], [92.60985910871105, 11.555456638713139], [92.61001384246529, 11.553755641209847], [92.60743212719129, 11.553795337285166], [92.60622584854437, 11.554904818302973], [92.60484206710808, 11.554047464918511], [92.60273683064034, 11.555217862414679], [92.6017694470028, 11.55311584462072], [92.6058074236739, 11.548982859071629], [92.60594463323847, 11.54865074123893], [92.60557842210702, 11.543696164746379], [92.60643434556872, 11.538922071396755], [92.60690867859287, 11.537168145193817], [92.61042642623866, 11.532032132277251], [92.6107552048891, 11.53180634938363], [92.61820507090741, 11.536116004050456], [92.61902141610571, 11.54195022542278], [92.62036323517552, 11.557566642486535], [92.61847734425422, 11.559664368715787], [92.61704516400337, 11.559263468034786], [92.616577744068, 11.556697248979034], [92.61472642398562, 11.557149410117262], [92.61434400077528, 11.559905529117131], [92.61277866330497, 11.560797453339873], [92.61030375961096, 11.5586037631533], [92.61003684982123, 11.559185743227573]], [[92.62734746911079, 11.54248237586107], [92.62790834929123, 11.542231202408274], [92.6290996074612, 11.54227995915305], [92.62946343448996, 11.542811155410703], [92.62970077996718, 11.547921657258627], [92.62789142135236, 11.549131750829844], [92.62668406981439, 11.543830752787187], [92.62734746911079, 11.54248237586107]], [[92.60476207690854, 11.534401058961762], [92.6025480035876, 11.538031459284525], [92.60072982352304, 11.530265450090582], [92.60178315626817, 11.52413296676312], [92.60643684838206, 11.522089243024169], [92.60697114460291, 11.527762174584936], [92.60643136521585, 11.534196018931297], [92.60598886009817, 11.5343796011378], [92.60476207690854, 11.534401058961762]], [[92.56167864775168, 11.532176375439562], [92.56053304636342, 11.533991575151077], [92.56036591545492, 11.537945866308974], [92.55987155452877, 11.539692043952783], [92.55841577067159, 11.541388631180467], [92.55531191801074, 11.537951469085172], [92.55319285356771, 11.538442134696865], [92.55221903348163, 11.53799521930408], [92.55193281165023, 11.537550806724454], [92.55265665078403, 11.531806707313848], [92.55281901348704, 11.531390309515118], [92.55775856950245, 11.52331495242339], [92.5601005551969, 11.521322249921894], [92.5614879132369, 11.517221212788897], [92.56669437904284, 11.5169769524246], [92.56909215417969, 11.527137636792617], [92.56894683812655, 11.527585148436003], [92.56207871476104, 11.531648874496014], [92.56167864775168, 11.532176375439562]], [[92.58324563507827, 11.540312051859843], [92.58365941045375, 11.534436464371296], [92.58457815605752, 11.534746646840432], [92.58624374905028, 11.540919542103197], [92.58789205527424, 11.538619875806788], [92.58764731916872, 11.533769965111873], [92.5879607203112, 11.53354847468249], [92.592729449205, 11.535916924726408], [92.59547030940755, 11.532775520873628], [92.59637141211127, 11.536254524826546], [92.59736537970858, 11.542176246636615], [92.59754705445314, 11.542652249701845], [92.59750604626723, 11.561003446651881], [92.59638535969694, 11.56436145311855], [92.59339034568805, 11.56714987756483], [92.59465622870246, 11.571059941862856], [92.59234488021244, 11.577328204832867], [92.58926355826694, 11.574090242570733], [92.58792853357525, 11.570422530275522], [92.58792960646636, 11.56487810643965], [92.58924746489905, 11.561403155731313], [92.58767664426219, 11.555296778823546], [92.58438301126725, 11.550490855768658], [92.58640778089458, 11.543066978358326], [92.58610987686959, 11.541714072446581], [92.58462405205856, 11.541792869245626], [92.58324563507827, 11.540312051859843]], [[92.57676827883338, 11.570217370635405], [92.57663845989717, 11.570791721760813], [92.57338655004972, 11.566137552106525], [92.57304120049108, 11.565152763889145], [92.57296276072324, 11.564064502375004], [92.57316851571468, 11.563261628121879], [92.57386946710247, 11.562560200992692], [92.57432365441323, 11.562591433547908], [92.57545423532488, 11.564334272908553], [92.57676827883338, 11.570217370635405]], [[92.56749212716036, 11.570574164066642], [92.56715381119963, 11.571113348102557], [92.56541311762172, 11.570618748856106], [92.56558585130622, 11.56791067164039], [92.56702876046896, 11.56890285048631], [92.56749212716036, 11.570574164066642]], [[92.57770395237586, 11.585319041840506], [92.57726681261377, 11.585413813296881], [92.57657194154197, 11.584650874338564], [92.5781493191362, 11.581925749573784], [92.57854545161175, 11.582320452127178], [92.5795449014764, 11.5838923456555], [92.57770395237586, 11.585319041840506]], [[92.6437745089867, 11.51325881514228], [92.64485931440598, 11.513155222235667], [92.64530312983598, 11.513355851091859], [92.6459436413862, 11.514319301095014], [92.64553225011358, 11.515197276832993], [92.64505112181203, 11.515448212864953], [92.6437745089867, 11.51325881514228]], [[92.67058682452242, 11.487076759784742], [92.67326927195975, 11.48706984489759], [92.67324602628335, 11.487459421315378], [92.67206490077493, 11.488905549151966], [92.67168402709663, 11.489159464637765], [92.67028152986896, 11.488637566470501], [92.67058682452242, 11.487076759784742]], [[92.55168855218531, 11.72495806196504], [92.55140924434161, 11.725303173202846], [92.54945337807143, 11.724268078709088], [92.5500123498903, 11.721853017702799], [92.55071067795589, 11.721231937803822], [92.55119955571516, 11.721369743618936], [92.55057096467843, 11.723647117520656], [92.55168855218531, 11.72495806196504]], [[92.56799125629155, 11.943986535250517], [92.56880712484943, 11.943736910430147], [92.56951737432749, 11.945458650796155], [92.56950545291457, 11.946267604466513], [92.56823885404017, 11.949658751850038], [92.56573796263731, 11.949721455281107], [92.56492817439587, 11.950155019338837], [92.56419312970925, 11.949645399615434], [92.56306791325395, 11.947246670297773], [92.56799125629155, 11.943986535250517]], [[92.59699940689748, 11.952013850558714], [92.59643363980095, 11.941982745907168], [92.5975437161699, 11.94127655057261], [92.59759497662711, 11.93822503126026], [92.59609627712175, 11.93756031985292], [92.59649705909217, 11.930590629753823], [92.59679210147445, 11.929645776831165], [92.59883666068376, 11.927802324018188], [92.59946644332197, 11.928174972497018], [92.6017905477959, 11.930943131620182], [92.60181462804294, 11.934033155405913], [92.60331428082944, 11.93640434748292], [92.60621011220715, 11.936383843839423], [92.60746812795188, 11.937651276385452], [92.6089551452641, 11.93997144722455], [92.60923063728458, 11.942239523035795], [92.60683131261524, 11.944798707594472], [92.6070597170324, 11.95065557929152], [92.60575175294125, 11.951858640164403], [92.60578227053546, 11.953124999819053], [92.60560762848948, 11.953329801529222], [92.60266613943102, 11.963318825103741], [92.60343253628278, 11.96545946608164], [92.6033134462588, 11.965809702555774], [92.60266494782954, 11.967122435752046], [92.59643244729992, 11.975702643462427], [92.59590482674687, 11.976125359897523], [92.59312677418157, 11.976556062312682], [92.59011995836985, 11.97558081140545], [92.58948135338196, 11.972579836690315], [92.5897246595654, 11.971902847738221], [92.59531223737011, 11.966651678432342], [92.5954220293037, 11.966319441888999], [92.59665834890401, 11.953124999819053], [92.59637320086281, 11.953124999819053], [92.59699940689748, 11.952013850558714]], [[92.58300054104254, 11.975873947225068], [92.58477807085174, 11.977081775403605], [92.58489096184874, 11.97782123126477], [92.58466517895502, 11.981442212987858], [92.58405601956977, 11.98238301266602], [92.58353972417925, 11.982484817720362], [92.58186221157203, 11.980931162443397], [92.5812919136911, 11.979169130650831], [92.58130156971188, 11.976272463803383], [92.58192455797243, 11.97591495541107], [92.58300054104254, 11.975873947225068]], [[92.59605574647586, 11.906005621062576], [92.59696722016136, 11.905598163424628], [92.59890270239808, 11.906447529929764], [92.59907054916684, 11.906679153020605], [92.59979820232562, 11.908082962358975], [92.59998321535338, 11.909005046245994], [92.59918951958096, 11.910210848252149], [92.59929072838489, 11.910614847996925], [92.6015677452555, 11.913926005181267], [92.60200381302573, 11.917573452153277], [92.6016076805503, 11.91853046390979], [92.60079681851866, 11.918827652973818], [92.60012733980537, 11.917633771481391], [92.59710240355324, 11.917459606975555], [92.59554994077737, 11.914751053118707], [92.59605574647586, 11.906005621062576]], [[92.63041973128603, 12.116216540261348], [92.63037765020883, 12.116547107663067], [92.62871944874396, 12.115079879932551], [92.62800574317086, 12.11243486407794], [92.62821567101687, 12.11218690839938], [92.62884545365492, 12.11245560604138], [92.6301888231558, 12.113054752375078], [92.63031482716784, 12.113323450017262], [92.63041973128603, 12.116216540261348]], [[92.63164365283254, 12.119793772664622], [92.63153862910477, 12.12045514578844], [92.63055205303513, 12.119917750503902], [92.63032114490537, 12.119463205262903], [92.63019514089333, 12.117995977532388], [92.6306151152958, 12.117913246199493], [92.63164365283254, 12.119793772664622]], [[92.6813174488415, 12.215236067690597], [92.6826827528071, 12.214977144779581], [92.68345546739604, 12.222786068722257], [92.68229150814696, 12.224481343839074], [92.68023645834606, 12.21889710431806], [92.68030202431933, 12.21853935760545], [92.6813174488415, 12.215236067690597]], [[92.70997893777783, 12.231489300990546], [92.71098375299792, 12.230485915692583], [92.71136724909965, 12.230705141629102], [92.71230781045725, 12.234287619777987], [92.7123689652557, 12.246495246558553], [92.71524405466991, 12.254642963102313], [92.71910774722514, 12.258828521219385], [92.71537113157277, 12.259588718144968], [92.71900892252418, 12.262546658501535], [92.71666145366319, 12.266077637872826], [92.72083544739829, 12.279191255172435], [92.72012126428527, 12.282704233713659], [92.7220106122002, 12.285076379970945], [92.72367501269204, 12.29120791001722], [92.72279870519631, 12.295226455036897], [92.72035872937207, 12.294824958105465], [92.7182269098445, 12.2965747114539], [92.71465361107553, 12.29555261126417], [92.7088954444695, 12.296816468105746], [92.70663893214115, 12.298485517192958], [92.7060716155128, 12.298569679347267], [92.70467305192031, 12.29809236507063], [92.70436644515544, 12.29759144808692], [92.70431804634089, 12.29370117157194], [92.70242154611773, 12.28961384280477], [92.70423912993212, 12.28374814965757], [92.70213747006827, 12.27509462831469], [92.70353114584609, 12.270939112050627], [92.70209741606337, 12.269254922876456], [92.70192921136405, 12.265702963221258], [92.70186746121462, 12.263543725162862], [92.7042924165618, 12.253787160149543], [92.7048468593953, 12.244026660602103], [92.70748782200567, 12.240931749001149], [92.70997893777783, 12.231489300990546]], [[92.69754183278954, 12.250636816136236], [92.69700920571032, 12.250800609660672], [92.69598245602575, 12.248031854286722], [92.69589972469285, 12.246747970442684], [92.69712102381655, 12.245193243173802], [92.69764137245184, 12.244829416144853], [92.69823884964356, 12.244684100091263], [92.69898271577998, 12.244928121235887], [92.69955694639637, 12.245724439431626], [92.69946682443484, 12.248178243231422], [92.69916570173623, 12.24895775309794], [92.69754183278954, 12.250636816136236]], [[92.77709853646846, 12.296194910666813], [92.77499771117553, 12.294488549607067], [92.77499091589848, 12.292830466852507], [92.77859365937039, 12.291009307333766], [92.78190732026692, 12.28556847550496], [92.78183495991587, 12.285224914698134], [92.77815484956696, 12.279134631158428], [92.7749210592597, 12.279694437548471], [92.77223420154738, 12.273349761882201], [92.76693344092601, 12.268208264899727], [92.76478767381232, 12.263816833080384], [92.75708091285404, 12.2685203548306], [92.75247240088075, 12.274345279011555], [92.7504053118561, 12.27362644640354], [92.74999332433279, 12.26862156363434], [92.7480516430692, 12.265092730944815], [92.7486612799946, 12.261888742371696], [92.74378883858415, 12.251565575690833], [92.74241602438033, 12.245294451977628], [92.7423789498288, 12.24475204926759], [92.74269425843354, 12.244464755444284], [92.74589276294094, 12.245011925459977], [92.74767017403977, 12.243461847686376], [92.74879312510294, 12.241179824289631], [92.74790084384907, 12.235562801781981], [92.75166237342026, 12.232671261069953], [92.76102995916577, 12.236062526264845], [92.7595802547252, 12.233346223849225], [92.7629325388061, 12.232572913009776], [92.7658751007555, 12.237061858318128], [92.76901662331883, 12.237998604752065], [92.76990687840012, 12.236472844646158], [92.76949250677413, 12.233089446720598], [92.77047658003036, 12.231157064447117], [92.77047336135675, 12.230885266841625], [92.7684215311289, 12.228003978400992], [92.76424551032213, 12.211209774111794], [92.76498806434805, 12.207878351604776], [92.76964426017466, 12.200549959713058], [92.76690924196842, 12.192903041442364], [92.76792025531577, 12.189519166876124], [92.7673801179985, 12.184889912939411], [92.7650555368837, 12.181817412443692], [92.76504874250557, 12.175358533669566], [92.76148712593047, 12.167428016889488], [92.75767266765982, 12.151868223839656], [92.75442361855531, 12.146727562327186], [92.75422811493561, 12.1396198271933], [92.7513674497483, 12.134944558544632], [92.74972093137634, 12.128906250423299], [92.74977195261388, 12.128906250423299], [92.74974262752042, 12.128519058108196], [92.74719095230094, 12.12369191644892], [92.74689042585285, 12.118503451473217], [92.7451412678553, 12.112734555955129], [92.74211335048986, 12.105948641157582], [92.74057197531684, 12.102494240217169], [92.74019388351357, 12.101175427154416], [92.73953735836287, 12.098885417328205], [92.73929345592862, 12.094905853422688], [92.73956131900016, 12.083458900208129], [92.73971497986295, 12.082790016845834], [92.74200010322264, 12.077401041724755], [92.74218451999988, 12.077109575047118], [92.74401080565431, 12.075641274425408], [92.74734592437531, 12.074578762300192], [92.75641930140992, 12.074204444679467], [92.76385760304598, 12.063504457564903], [92.76440536931253, 12.063389659105638], [92.76570451285338, 12.064068913449788], [92.76761174198853, 12.068128466655466], [92.77232825714341, 12.06906533269914], [92.77274191380869, 12.06943535785561], [92.77421200318193, 12.072633147402016], [92.7790273430376, 12.075161814366282], [92.78208970997221, 12.079888463082085], [92.78644442517034, 12.079720616313509], [92.78955411892795, 12.082019567649127], [92.7927366496771, 12.080926776249882], [92.79147100408389, 12.08695995823544], [92.79393494144452, 12.089988350581933], [92.79464757412646, 12.095631242088174], [92.79089486600574, 12.097582340153068], [92.78809760297779, 12.101175427154331], [92.7879060510235, 12.101421475820572], [92.78845226775834, 12.102669239294002], [92.79424900683884, 12.105948641157582], [92.79920577982298, 12.108752847166315], [92.80659316156036, 12.105948641157582], [92.80891382731173, 12.105067730291552], [92.81067266739038, 12.105948641157582], [92.81249999987543, 12.106863856282061], [92.81295132644303, 12.110372901188626], [92.81249999987543, 12.111607075006702], [92.8114223476637, 12.112894057914588], [92.81185615094083, 12.116681933124795], [92.81159102900327, 12.11766254938729], [92.81074011296599, 12.119261025975717], [92.80794942402721, 12.123685479101638], [92.80351841484347, 12.125387311175743], [92.80252051361097, 12.128906250423299], [92.80251240712224, 12.128906250423299], [92.80230033439344, 12.130496978452953], [92.80530071285787, 12.133473157959969], [92.8102753163528, 12.129622459708955], [92.81070995330188, 12.129502177183767], [92.81249999987543, 12.129743337584927], [92.81249999987543, 12.130301356122885], [92.81508111979795, 12.132428645765543], [92.81519985189206, 12.132696032196321], [92.8153636454164, 12.137446164908738], [92.8192846778459, 12.146720767049956], [92.8195623156486, 12.147238969902673], [92.82148277740853, 12.150025368176387], [92.82597517971104, 12.153272509818535], [92.82555055581375, 12.154415845814896], [92.82000315162432, 12.155531167929212], [92.81856572652751, 12.158406734882917], [92.81846225233144, 12.158871054855524], [92.82307696333172, 12.165816068456891], [92.82344400903426, 12.1660884623128], [92.82571995301376, 12.16678225959376], [92.82812595335022, 12.164684057623376], [92.8318014142043, 12.166915535523785], [92.83639204495708, 12.167396068473934], [92.83843684158731, 12.16531634307492], [92.83946645291482, 12.161259651511813], [92.84571313845075, 12.160540103942907], [92.84756207443027, 12.15663576113171], [92.8506244422646, 12.157619953098305], [92.84840714937096, 12.16177797307499], [92.8504823448848, 12.167059659975365], [92.8553148509998, 12.171154737301492], [92.85070013999999, 12.176449537216627], [92.85295844107955, 12.181270003208326], [92.852273464349, 12.183652162517433], [92.85515511071995, 12.18566620323297], [92.85521876833175, 12.188627242653382], [92.85345637771005, 12.191375374773827], [92.84962224946733, 12.189320922122974], [92.84676873658819, 12.18994700944701], [92.84810924534563, 12.194432735182758], [92.8464449644637, 12.197147845996355], [92.84875261763935, 12.199844717659857], [92.85112810128115, 12.202219844270616], [92.85443115197651, 12.20376515383893], [92.85601592019876, 12.2020286322159], [92.8627078528855, 12.200151204814446], [92.86299383639678, 12.197043657738774], [92.8694446086819, 12.196624756227521], [92.87544822725417, 12.193143606492384], [92.87938070265741, 12.193947315316493], [92.88067173970936, 12.195153951893644], [92.88172102010915, 12.19751191134587], [92.88183724849048, 12.198300004341888], [92.88125014317998, 12.200278759257543], [92.87391054663462, 12.205607056220828], [92.8738240003776, 12.215165257770451], [92.87221980050359, 12.226117252909063], [92.86876833469105, 12.228844046815468], [92.86667191967356, 12.233316540825811], [92.86266076528253, 12.236423850480548], [92.85886681065509, 12.24564385388095], [92.86510217192782, 12.251348853466936], [92.8732686042629, 12.250308513227381], [92.87827515617371, 12.251153826487922], [92.88443911037669, 12.257371425251321], [92.88786864262411, 12.258797526085019], [92.88648104626364, 12.262693524087098], [92.88940334289046, 12.265565037796392], [92.88926887535868, 12.266142606696036], [92.88709390186219, 12.267506479840321], [92.88663601833767, 12.267315625715554], [92.8842601776652, 12.263450622848197], [92.88302791130948, 12.263291716239706], [92.88209915175472, 12.273854255469459], [92.87961804903401, 12.277936935641264], [92.88278436680528, 12.281595348946183], [92.88523697810413, 12.28220462794144], [92.88692080934825, 12.28574085215871], [92.88680815667138, 12.286244154144569], [92.88181483738506, 12.289965748420613], [92.88075673553502, 12.289675354634], [92.88021028048038, 12.287562966757648], [92.87875533119373, 12.288317203876005], [92.87489116199757, 12.287433862782663], [92.87217140168903, 12.291524052293312], [92.86945724505634, 12.290392160170171], [92.86918842780372, 12.292302012628042], [92.87230193648534, 12.295125603264097], [92.87185835847689, 12.29841804465704], [92.87353205705918, 12.300367951120265], [92.8727916479165, 12.301225662434419], [92.86588430421742, 12.30131781056852], [92.8667181727059, 12.304687500128168], [92.86676216124502, 12.304687500128168], [92.8663867716323, 12.305416345787734], [92.86604940895344, 12.305463552101259], [92.86476314100653, 12.304687500128168], [92.86415004708752, 12.304687500128168], [92.8641443256005, 12.304272532251758], [92.86298084299167, 12.30335855485346], [92.85872805155853, 12.304687500128168], [92.85654032207836, 12.304950118353474], [92.8561222551381, 12.304838418957871], [92.8500393631264, 12.302242040238113], [92.84813451809376, 12.303953647942748], [92.84760463214852, 12.304097175244621], [92.84561121468622, 12.304371237342792], [92.8410284521016, 12.30382061033302], [92.83790445282855, 12.303262352575672], [92.83548963104184, 12.300247311564235], [92.82978045950082, 12.30023860972419], [92.8247704505961, 12.304687500128168], [92.82449483896576, 12.304687500128168], [92.81987035233524, 12.308374166534549], [92.81249999987543, 12.31194186252705], [92.8095469473341, 12.312723755596807], [92.80886173228353, 12.312715650007448], [92.80268466506553, 12.310798168600726], [92.80107641194721, 12.307338118759247], [92.79961633652513, 12.305709242387863], [92.79822027664474, 12.304687500128168], [92.7976613048256, 12.304687500128168], [92.79775154549785, 12.304566621352564], [92.79637181730581, 12.304005742071496], [92.795369147868, 12.303936243363111], [92.79183948060793, 12.304546832670226], [92.7919540407469, 12.304687500128168], [92.79165184515685, 12.304687500128168], [92.79038608085344, 12.307383418510042], [92.79012203180653, 12.307634949893142], [92.78530120878398, 12.31074070911663], [92.7766268249683, 12.310047865117028], [92.77158355733556, 12.312762856320973], [92.77139222657027, 12.312536358466375], [92.76966655256959, 12.309236764764904], [92.76966130772345, 12.304687500128168], [92.76744937928586, 12.297870516711129], [92.77070224241479, 12.297428249913807], [92.77308642879589, 12.301042318548213], [92.77498364487977, 12.300996542156739], [92.77709853646846, 12.296194910666813]], [[92.76514792423782, 12.29708504703747], [92.76510310202698, 12.298949480134624], [92.76374435411893, 12.297742128596582], [92.76371383652443, 12.297084450786954], [92.76471865174463, 12.296735525524227], [92.76514792423782, 12.29708504703747]], [[92.87711036235359, 12.294154047671412], [92.87853944264137, 12.293986320512403], [92.88070654886829, 12.295629143570352], [92.8802211281031, 12.297707438147853], [92.87968432906862, 12.298120021921747], [92.87715256214133, 12.296008348106923], [92.87674307833063, 12.295249700713129], [92.87711036235359, 12.294154047671412]], [[92.89958333929977, 12.259860157820157], [92.90087890623661, 12.258674740746855], [92.90109455556959, 12.26224875447653], [92.90078997587702, 12.26247215236809], [92.90013825877386, 12.262314677480475], [92.89959955227792, 12.260485052643332], [92.89958333929977, 12.259860157820157]], [[92.88727331121461, 12.251191139359648], [92.88533544577425, 12.24807012043999], [92.88576352576641, 12.24437475219321], [92.88449811939293, 12.239154100481386], [92.88114953062657, 12.24105870719373], [92.88099825386658, 12.238905549451673], [92.88007616997973, 12.239431142932943], [92.87947034797835, 12.245987653907264], [92.87828695797717, 12.247999548840227], [92.87480664281284, 12.248814940757057], [92.8739280699248, 12.248585104619025], [92.87294185178555, 12.247763633285132], [92.87065506018317, 12.244283557340381], [92.87048733212478, 12.243862628757455], [92.86976540045319, 12.23695755045081], [92.87102866194337, 12.233147144525262], [92.8743934627885, 12.228368640000753], [92.87478125135377, 12.220669150061354], [92.87917363645457, 12.208429216935016], [92.88176751146162, 12.21441984210206], [92.88068413776321, 12.217169046214693], [92.88422882550006, 12.221372365941903], [92.88434553142153, 12.221684575482882], [92.88402664621324, 12.222454905070023], [92.88238644557819, 12.224184751924938], [92.8844728466448, 12.224201440644137], [92.88499975223718, 12.227483153125107], [92.88949465735303, 12.231096744219457], [92.89049994921336, 12.23318088079327], [92.8917802573533, 12.233879804209835], [92.89264416679518, 12.233932972129054], [92.89482200103478, 12.23295056801446], [92.89511883216849, 12.231619954497404], [92.90030336350972, 12.228119969361202], [92.90093922646437, 12.228022933411708], [92.90684080166196, 12.229762912028804], [92.90879237636753, 12.231409907041623], [92.91121697468387, 12.228869438274003], [92.91145622762329, 12.223013401147668], [92.9133441447166, 12.222729444708065], [92.91429793869926, 12.231341242904136], [92.91402983640822, 12.232528567439715], [92.9107117652359, 12.239245771974893], [92.90975904504401, 12.240687251215931], [92.90863573515153, 12.245180248869502], [92.90584135089776, 12.24754524191961], [92.90580093896236, 12.251042961663401], [92.90081870561906, 12.256417274237748], [92.8932247160482, 12.25501406204944], [92.89254665330563, 12.253129005699137], [92.88727331121461, 12.251191139359648]], [[92.93379390246699, 12.225201845588714], [92.92722857004279, 12.221471547673886], [92.92735254788207, 12.218547821125284], [92.92509853836694, 12.211778044920962], [92.92514002319373, 12.208457112106174], [92.9265600446108, 12.206204414702], [92.93232035609984, 12.202863335274657], [92.93303394296223, 12.195829749243543], [92.93459463093771, 12.197353005636828], [92.93598937960635, 12.202200412619135], [92.93447697173534, 12.210209846707187], [92.93543684513432, 12.212786555455153], [92.93713092775064, 12.211544156437796], [92.93853032591394, 12.211962938339042], [92.94158041440497, 12.216732621413414], [92.94169271005072, 12.217418313104844], [92.9414670467672, 12.219807028471593], [92.9401874544877, 12.222190976532417], [92.93870234463773, 12.22434580341637], [92.93830835794486, 12.224694728678827], [92.9370547533745, 12.223803520316253], [92.93644535566878, 12.223874807776369], [92.93379390246699, 12.225201845588714]], [[93.01953995270677, 12.224953055339427], [93.01931893801881, 12.222707748563806], [93.01980865034912, 12.222638845206745], [93.02177894084568, 12.223644256677261], [93.02198874908177, 12.224195361227174], [93.02170884588693, 12.224953055339427], [93.01988971254039, 12.22515964490195], [93.01953995270677, 12.224953055339427]], [[92.86873590963475, 12.248118758474206], [92.86823701882375, 12.249125123226094], [92.86566674742281, 12.250609159285474], [92.8624713419791, 12.248160600331389], [92.86161184281232, 12.245648145445742], [92.86143255217078, 12.242912530988647], [92.86151146857983, 12.242630839042079], [92.86332261594615, 12.23814213295303], [92.86514413339538, 12.236048221648332], [92.86539995634317, 12.235910415833217], [92.86658835377003, 12.236033320781303], [92.86748790784091, 12.236543655465411], [92.86751902078655, 12.242110133376116], [92.86892294883532, 12.246814846727986], [92.86873590963475, 12.248118758474206]], [[92.87999987599383, 12.248888850640071], [92.8794443611686, 12.248055457893258], [92.88111114486392, 12.245277643648407], [92.88194441800081, 12.248888850640071], [92.88055551042865, 12.24999999990014], [92.87999987599383, 12.248888850640071]], [[92.84451305883081, 12.14770436276612], [92.84572756267701, 12.147702216983902], [92.8462857008249, 12.148100971882513], [92.8471750017251, 12.150183439314432], [92.84715890925659, 12.150661110621826], [92.84631586048883, 12.150971770630832], [92.84455406701673, 12.149709939961994], [92.84426355362038, 12.149185419371832], [92.84451305883081, 12.14770436276612]], [[92.94943946814689, 12.105948641157582], [92.94899962173028, 12.101175427154416], [92.94879102748413, 12.098911762068369], [92.94967651346084, 12.088324427630425], [92.95157504075567, 12.084073305338904], [92.95203232802967, 12.084107041606813], [92.95216727220205, 12.086028456648108], [92.9513721465078, 12.091234445813114], [92.95702922302044, 12.095667362458954], [92.95763003849586, 12.099748850129373], [92.95746220180305, 12.101175427154416], [92.95731615981319, 12.102416753730438], [92.9564870595307, 12.105479359884711], [92.95620817937058, 12.105948641157582], [92.95294570917738, 12.111438512377603], [92.94847404973794, 12.115718364410995], [92.94989693189822, 12.110913038505984], [92.94943946814689, 12.105948641157582]], [[92.99257326134719, 12.11076903366424], [92.99301385900245, 12.110281467116224], [92.9937994482863, 12.110517859311727], [92.99368786850053, 12.111098646885225], [92.99261331535254, 12.112018108349176], [92.99257326134719, 12.11076903366424]], [[92.9694720503953, 12.064956664818382], [92.96974492089171, 12.063944220649518], [92.9701228142167, 12.064233541544766], [92.97108840910315, 12.064254045188164], [92.97089934372983, 12.065287351830023], [92.9694720503953, 12.064956664818382]], [[92.74216854534237, 12.1120038028332], [92.74256682360047, 12.114806771115568], [92.73899137994849, 12.110225319742895], [92.73884344057242, 12.109897256053614], [92.73850810496535, 12.107524514444819], [92.73882246028862, 12.106985807049327], [92.73946094476688, 12.1070642468177], [92.74216854534237, 12.1120038028332]], [[92.75835490235735, 12.181020021356844], [92.75716054422381, 12.181120753520162], [92.7562990188849, 12.180390358328552], [92.75659573040915, 12.179684162094617], [92.75936472410322, 12.17784750455887], [92.7586145402291, 12.168531179270758], [92.75906586679676, 12.166739344845027], [92.75931453743604, 12.167052149736975], [92.76363456218579, 12.17838954933842], [92.76146650357654, 12.180213451789527], [92.75835490235735, 12.181020021356844]], [[92.748338222831, 12.18089091738213], [92.7491084337075, 12.182623624980508], [92.75129675853887, 12.183808803733513], [92.7527251247648, 12.182258844669931], [92.7547731400688, 12.18320751161751], [92.76390504857935, 12.182202339366654], [92.76579976095044, 12.184743762315009], [92.76594674614566, 12.185090065154569], [92.76679754257273, 12.188725232783526], [92.7667973042526, 12.189177155601357], [92.76512944676679, 12.190657019705952], [92.76515936811043, 12.193489551401896], [92.76768171823679, 12.197227954906353], [92.76792430856008, 12.200832247910142], [92.76514101024978, 12.203948617335058], [92.76287972971593, 12.209141850516147], [92.76227664974775, 12.229213118690481], [92.75747740236059, 12.229848623715085], [92.75594711326906, 12.228963375159736], [92.75408637548637, 12.230432510352173], [92.75072300456353, 12.228786110690592], [92.74733746085522, 12.23068666415844], [92.74630510839418, 12.230334758542327], [92.74505865613233, 12.226534128247579], [92.7433924677886, 12.23286843293208], [92.74001586424097, 12.235731363511803], [92.7379909750039, 12.228092432120178], [92.74046552166695, 12.224942803067947], [92.74426341082815, 12.223567247730486], [92.74479556126644, 12.219894767229988], [92.74348723924496, 12.213988662147301], [92.74429285553109, 12.209556937103116], [92.7426521782559, 12.213785052038787], [92.74396860586691, 12.220203160947307], [92.73900580417481, 12.223420858785786], [92.73736882221354, 12.221331000725144], [92.73510396507598, 12.220570444970235], [92.73308074498053, 12.210389137348898], [92.73090231449075, 12.214471459590385], [92.73139715205721, 12.220113635236373], [92.73013985127355, 12.225568533361397], [92.73053944074289, 12.22901844964187], [92.73181724517022, 12.229921459807713], [92.73176145572668, 12.2337676290731], [92.73455035681374, 12.238883614987117], [92.7327733036453, 12.24156963812844], [92.7324965004133, 12.241799354656735], [92.73132145432194, 12.241832136743824], [92.72991931412528, 12.242520332147777], [92.72861266124542, 12.240605354453663], [92.72549843760308, 12.240080714253764], [92.7247134445702, 12.235341310453322], [92.72244060055348, 12.233126521271942], [92.72288215149027, 12.223761915880004], [92.72473561735515, 12.22186303155378], [92.72238612142249, 12.216353773907514], [92.7242758272678, 12.207867026442287], [92.72226774725922, 12.204087257720715], [92.72400021563774, 12.202575206880269], [92.72203195131371, 12.195452928809758], [92.72309792043316, 12.189313768915525], [92.72320425537234, 12.189039468496887], [92.72616362565103, 12.189209104017095], [92.73089051268747, 12.192983150352276], [92.73328113551642, 12.185540557151157], [92.74255335355477, 12.18411874788191], [92.74692046680642, 12.180382966800536], [92.748338222831, 12.18089091738213]], [[92.73140394643528, 12.187904357700063], [92.73023104702523, 12.189604878562406], [92.72529625921518, 12.185465574376863], [92.72869944582308, 12.184898734389293], [92.7285552026606, 12.181452155492877], [92.7288701533353, 12.181401133355777], [92.73255515060023, 12.182364940389789], [92.73186600191482, 12.184049844524665], [92.73038601909994, 12.184713125110676], [92.73034203056048, 12.185058951309642], [92.73140394643528, 12.187904357700063]], [[92.72117435960931, 12.182153820942176], [92.72094345057988, 12.182319045287755], [92.71943211560014, 12.181285858255919], [92.71886527561222, 12.180335164236496], [92.71918022628691, 12.17928135395151], [92.72029280636812, 12.180438637533356], [92.72117435960931, 12.182153820942176]], [[92.74566960336975, 12.269997954442246], [92.7476011510727, 12.27917325524173], [92.7475296261915, 12.280141710871291], [92.74996435627045, 12.287035346204533], [92.74845015964743, 12.28856193998152], [92.74636435483163, 12.28702414065178], [92.74173986910003, 12.279091358479647], [92.74092304726125, 12.279304265779444], [92.74056720711135, 12.282633900434192], [92.73966062034154, 12.281792640418232], [92.73994553096188, 12.27296090132458], [92.73863005663205, 12.265602469378678], [92.73643875144754, 12.264019250688122], [92.73735070267301, 12.261299133348572], [92.73503053183381, 12.257860660940977], [92.73477554345666, 12.248350143244664], [92.73675870864784, 12.251927017717804], [92.74288690130996, 12.255115270852997], [92.74289274240638, 12.25748884703296], [92.74609577679874, 12.26729822203555], [92.74622225745136, 12.267851710688149], [92.74566960336975, 12.269997954442246]], [[92.73836624590572, 12.27530717858346], [92.73811626405441, 12.275622367578364], [92.73754680164384, 12.275248050857101], [92.73488342792805, 12.269988060100985], [92.73531055463869, 12.26931226275073], [92.73593723731395, 12.269340514952816], [92.7384654285369, 12.272474408567206], [92.73836624590572, 12.27530717858346]], [[92.73662352525596, 12.281949043313844], [92.7376424076713, 12.292445540829007], [92.7352771763008, 12.288063525811225], [92.73520731966246, 12.287382841545124], [92.73627197757017, 12.284404874185839], [92.73549044153108, 12.28194046018426], [92.73614954926259, 12.281687140049613], [92.73662352525596, 12.281949043313844]], [[92.75277781514424, 12.292222142038426], [92.75305545294694, 12.291944503336353], [92.75499987624372, 12.293611049610405], [92.75499987624372, 12.29444444145794], [92.75444436051927, 12.294722080160014], [92.75277781514424, 12.294166565334848], [92.7522220610995, 12.29277765776287], [92.75277781514424, 12.292222142038426]], [[92.76974570729877, 12.294473171200082], [92.76657652878421, 12.289693355463982], [92.7669875621265, 12.2890782353724], [92.76865792242549, 12.288564562404687], [92.76888632774208, 12.289020776787495], [92.77029943427183, 12.290565729325039], [92.77117514641614, 12.292701840417763], [92.77126073849277, 12.293946743147814], [92.77049195753833, 12.295026301922462], [92.76974570729877, 12.294473171200082]], [[92.76335656645287, 12.294014572714488], [92.76256096321836, 12.29410982171109], [92.76132166416389, 12.293137431547507], [92.7581058737874, 12.286476850126704], [92.75484764620208, 12.282909273744124], [92.75321876983051, 12.277757644999554], [92.75322353803634, 12.277469039065025], [92.75887811173575, 12.269439101333475], [92.76195526082702, 12.269643545113695], [92.76319575328174, 12.266296625489048], [92.76367843111498, 12.26616144209683], [92.76496005046616, 12.266598343538789], [92.76522624529528, 12.267042159867813], [92.76662254349591, 12.270151972335796], [92.76738214507034, 12.272511720539569], [92.76790904976312, 12.284271120715843], [92.7647577524688, 12.288927078222144], [92.76533150644414, 12.291612148082194], [92.76501882116187, 12.292734027153614], [92.76453638074972, 12.29363620274873], [92.76335656645287, 12.294014572714488]], [[92.77453112581108, 12.018501758249755], [92.7734695669673, 12.017337918610338], [92.77140951154016, 12.017828941252702], [92.77093815796994, 12.017108560012261], [92.77155423134323, 12.014269351749462], [92.7720816135757, 12.013515352951217], [92.77377653166175, 12.012738824337447], [92.77498567105206, 12.01309144491428], [92.77683162667873, 12.015990257544303], [92.77609860906395, 12.017448544215185], [92.77453112581108, 12.018501758249755]], [[92.75019335783767, 11.968428015740528], [92.74960982823134, 11.96353745478983], [92.7493082288918, 11.963226079819933], [92.74645245062035, 11.962095856838417], [92.74309480208379, 11.962904572188393], [92.73969745657249, 11.961206674648494], [92.73608565333066, 11.953124999819053], [92.73654222474423, 11.951187014769104], [92.74082911037559, 11.950968742113773], [92.74112176865506, 11.950781822523297], [92.74327564225732, 11.946534633866264], [92.74624073492222, 11.944847822269466], [92.75278615995379, 11.946495533142624], [92.75620722778174, 11.949051976567574], [92.7609851360555, 11.948557853961901], [92.76187646402789, 11.94906294379986], [92.76602005977824, 11.952672600360359], [92.76602423173293, 11.953124999819053], [92.76630914235344, 11.953124999819053], [92.76697242293918, 11.955267309938577], [92.76708984382154, 11.956323742646731], [92.76599514496021, 11.964159369259619], [92.7656420468434, 11.964742540935717], [92.76272714174459, 11.966913462086836], [92.75738263090378, 11.966827034540287], [92.75700950578417, 11.96699511962916], [92.75019335783767, 11.968428015740528]], [[92.7336301803887, 11.956680059437474], [92.73291075242972, 11.959254026152621], [92.72781324398628, 11.956958055170219], [92.72352445089317, 11.953634739152108], [92.72354006762046, 11.953124999819053], [92.72362375223454, 11.950630664473849], [92.72658205052133, 11.952522874031601], [92.72418856605, 11.947184443507382], [92.7241839174541, 11.946480632275595], [92.72565925077404, 11.941626548726447], [92.72607374200996, 11.94124090684251], [92.72663450258065, 11.941157460548453], [92.73150825520204, 11.943828821143228], [92.72960400552054, 11.948079943434749], [92.73101651669933, 11.952726006599875], [92.73123860337913, 11.953124999819053], [92.73152375231976, 11.953124999819053], [92.7336301803887, 11.956680059437474]], [[92.74485397313245, 11.967239856634222], [92.74391853791039, 11.967668414166084], [92.74207806545078, 11.966646552296737], [92.74179494358216, 11.96576666819729], [92.74236536017364, 11.964635252714928], [92.74386882788431, 11.964702844860497], [92.74459397822969, 11.965210915051657], [92.74508523919272, 11.966805577615347], [92.74485397313245, 11.967239856634222]], [[92.67520034302166, 12.542348861410886], [92.67440760142992, 12.542448520682655], [92.67227196697777, 12.541479467903386], [92.67197787787714, 12.541192054469803], [92.66944324930674, 12.537059903491794], [92.66923975970761, 12.536681055985895], [92.66873800725355, 12.531709074913977], [92.674875974647, 12.524025559631909], [92.67828750606375, 12.522327661192733], [92.67869663194429, 12.522464633336398], [92.68105161194276, 12.53130972376485], [92.68463051348769, 12.53934442970187], [92.6816897393903, 12.541287302567127], [92.67520034302166, 12.542348861410886]], [[92.70249152146678, 12.640538453986593], [92.70185875937446, 12.640692829810362], [92.70071887947299, 12.639614462637468], [92.70103955253379, 12.638359665566242], [92.70147132873925, 12.637997627288925], [92.70288515112898, 12.637971043328918], [92.70317172999185, 12.638167738550365], [92.70315957025835, 12.639894365832404], [92.70249152146678, 12.640538453986593]], [[92.73227155209085, 12.703320026198213], [92.73118555506957, 12.70443630249352], [92.73088097537689, 12.703261256401987], [92.73087286978753, 12.7025370593378], [92.73118031022366, 12.702724337758212], [92.73227155209085, 12.703320026198213]], [[92.71973001962513, 12.721965313148786], [92.71974313263982, 12.729103564977706], [92.71814703925489, 12.733461738068826], [92.71903872515716, 12.750210046356713], [92.7204196449508, 12.751021146708752], [92.72160112838961, 12.745143533047639], [92.72316825371209, 12.742558359880462], [92.72546625176633, 12.748212337329704], [92.72471463707123, 12.754522800087386], [92.7216671701041, 12.76158952703517], [92.7186660766786, 12.767287731343757], [92.7132687567478, 12.773400902629731], [92.71216857472044, 12.777146458442445], [92.71378052225376, 12.786240815761218], [92.71269691023454, 12.794304251440195], [92.71269667191396, 12.81758081939924], [92.71515250188659, 12.827021956198436], [92.71350836761715, 12.829552531524257], [92.71082937717452, 12.829159379402014], [92.70811510093145, 12.829672932759635], [92.70657694367125, 12.819051265803438], [92.70490360301906, 12.816046357453558], [92.70154142369799, 12.813753843465136], [92.70148015018904, 12.810964942378263], [92.69887447337854, 12.804901123188472], [92.70060527351464, 12.800374507977182], [92.69639933136435, 12.80115652065686], [92.69443273528273, 12.796807050305247], [92.69953775396428, 12.786646247226685], [92.7065842155894, 12.779986143346022], [92.7097311017092, 12.772401213545336], [92.70902156809129, 12.768661380118743], [92.7109198570661, 12.761506438671162], [92.71111238033248, 12.747088908726411], [92.7125730511058, 12.737271547743944], [92.708719849142, 12.730888008774699], [92.7094991206882, 12.727500557604728], [92.71118426314356, 12.727948665498715], [92.71026432503893, 12.72338485702572], [92.70799207727273, 12.719993948861855], [92.71546256564525, 12.720369339373605], [92.71809625633765, 12.719220876342348], [92.71973001962513, 12.721965313148786]], [[92.65646564996999, 12.773946166082794], [92.6561621431687, 12.774029255345994], [92.6541488174145, 12.771315217423506], [92.65493190298528, 12.769183516606219], [92.65527915910613, 12.769009232490191], [92.65585291398102, 12.76914751494607], [92.6573076249471, 12.77275574248381], [92.65646564996999, 12.773946166082794]], [[92.67270374318323, 12.798730135387444], [92.67486047752928, 12.80275321029248], [92.67516541515201, 12.807621836778537], [92.67726445169339, 12.809067368364524], [92.68278253078935, 12.809150457627638], [92.68331301208619, 12.811644673363276], [92.6873023507234, 12.812858223927932], [92.68841147381082, 12.81458044093472], [92.68768215151047, 12.816026807091689], [92.688889742268, 12.817107438757446], [92.68874132625163, 12.81815981822119], [92.68580877825289, 12.82378137151322], [92.68712520586408, 12.826323151492417], [92.68699097665242, 12.826694012119077], [92.68515765650082, 12.828762054425368], [92.68443834815176, 12.82923984534277], [92.6832733151115, 12.82937955861972], [92.68257892158047, 12.828919410602253], [92.67951345468228, 12.825405478780027], [92.67615687813768, 12.82345414149556], [92.67742085458897, 12.827668308845574], [92.67643320562823, 12.83028614538938], [92.67805385590114, 12.83203125014208], [92.6752709146215, 12.835313320553354], [92.67639756189831, 12.836983919172525], [92.68003523323964, 12.83836972678155], [92.6836497785147, 12.835729480031517], [92.68947267562399, 12.834575414223977], [92.68996381787636, 12.835697651225615], [92.69335937463578, 12.835757613523228], [92.69390034652386, 12.837569951592187], [92.69695591908064, 12.83835184556122], [92.70117247143278, 12.8414274451207], [92.70374274283384, 12.846198439406734], [92.70212364209263, 12.848165870059091], [92.70308935658883, 12.852566480358888], [92.70685601229562, 12.854425906930189], [92.71310591740453, 12.860953569451723], [92.71583831318796, 12.868811845490413], [92.7194862368008, 12.874578118585504], [92.71807563308406, 12.877523779598931], [92.71309196981886, 12.877424121226355], [92.7119294404915, 12.882236957369841], [92.70865845692234, 12.883769869783904], [92.71311557252594, 12.883346915028241], [92.71460354311935, 12.881428956980841], [92.71755325827647, 12.880733251338683], [92.71934211234881, 12.881220102026177], [92.72070813217502, 12.883222818478231], [92.7220447063984, 12.895575642601827], [92.72099173068389, 12.899646520970364], [92.7226847413082, 12.901657461722763], [92.7226816413449, 12.905273318209169], [92.720821857743, 12.9071856734802], [92.7198810580646, 12.910704851048138], [92.7195384505392, 12.920614600283741], [92.71550917660764, 12.922638654950191], [92.72048807166735, 12.92413735355612], [92.7214871645015, 12.92691373787892], [92.72064614280558, 12.938745379695604], [92.72148442246859, 12.939235210736484], [92.7207175489759, 12.942401647218475], [92.7217706443, 12.944749474908434], [92.72030854180596, 12.946954846389247], [92.71762585604861, 12.942567944455263], [92.7144438028395, 12.942429542389633], [92.71459305252776, 12.944908976867893], [92.71737420595505, 12.9498609300379], [92.71816551672546, 12.959541558995824], [92.7197662596055, 12.96140503881179], [92.718929767795, 12.963418006635862], [92.72034990792227, 12.968387246574238], [92.71937501404616, 12.971431970609004], [92.72065770628845, 12.975822806177732], [92.71919405426249, 12.976418614227654], [92.720040202094, 12.978239774645857], [92.71758103383777, 12.981066823175624], [92.7168222668345, 12.980567455723701], [92.71324336528951, 12.982601523441687], [92.71446895597765, 12.984043001783093], [92.71099925011558, 12.984872579605977], [92.71081662208988, 12.988025069401587], [92.70871925379075, 12.988036632884558], [92.70944905273203, 12.986579656526061], [92.70684957494817, 12.985904574137052], [92.70577931426445, 12.987346530018414], [92.70355391488155, 12.987273931347076], [92.70285904380992, 12.988765955184618], [92.70096790804283, 12.988074064466659], [92.69725263150397, 12.989302754218912], [92.69534015662319, 12.991843342596184], [92.69466495552345, 12.992136001775208], [92.68928051028755, 12.990609407098404], [92.68814575652166, 12.987831115313952], [92.68714094130192, 12.988172531237566], [92.68656146494018, 12.986951947074942], [92.68489205882159, 12.987653851744085], [92.67825591557815, 12.97371053701167], [92.67417347462654, 12.969370246040157], [92.67467451121982, 12.966849446344952], [92.67352974440249, 12.965159416074286], [92.6708537343126, 12.96426045915294], [92.67111170304307, 12.962885141236413], [92.66963064643735, 12.962020635544135], [92.6692905426248, 12.95604920370775], [92.67022967316123, 12.95223462582743], [92.66862642746779, 12.950799941863977], [92.67076504227313, 12.94983684979104], [92.67607152438168, 12.950266241893715], [92.67682313907679, 12.950026154383664], [92.67718422407282, 12.949699878546738], [92.67664480171644, 12.948577404124165], [92.6777172090822, 12.947359561994446], [92.67971754053227, 12.94807040682403], [92.68008685072803, 12.948053478885157], [92.68029606361247, 12.947285413790965], [92.67966485015293, 12.944109678319037], [92.67853724959448, 12.943413972676964], [92.67972385916883, 12.941643953106052], [92.67720997346177, 12.940003514150888], [92.67697215044458, 12.937772273671484], [92.67538166073555, 12.936737418397385], [92.67660427107049, 12.934580922371637], [92.67638790587753, 12.934222340188938], [92.67371773688424, 12.932742953624569], [92.67357110961942, 12.93235504634849], [92.67395722904305, 12.928182959176397], [92.67228007346685, 12.926439761885703], [92.67240715036999, 12.9234385488501], [92.67096686363007, 12.92275857954506], [92.67026793931424, 12.918582916668441], [92.66834175606746, 12.918579936315055], [92.66932821252718, 12.911574244555808], [92.67058074510581, 12.911779761227137], [92.67126596015638, 12.907108068282824], [92.67023766004039, 12.904849052242099], [92.66575086141361, 12.902480363877629], [92.66581702273768, 12.898851752306683], [92.66741240026252, 12.89647400417212], [92.66553473454061, 12.893571138297418], [92.6665560010587, 12.887962579309786], [92.66440725359226, 12.882841468159356], [92.66506743421522, 12.88184285196624], [92.66417443710085, 12.88052904587903], [92.66046130634473, 12.88019645230439], [92.66314756870545, 12.87829017645069], [92.65448021848758, 12.86722075953054], [92.65237784366266, 12.86667942971205], [92.65113842499878, 12.867684244932065], [92.6510771514896, 12.861534953275566], [92.6483770611525, 12.861655831151808], [92.65116453141812, 12.853934049716742], [92.65115952489262, 12.845836759059381], [92.65326344924895, 12.841430306763357], [92.6536537406279, 12.837626338185004], [92.65688562437228, 12.83203125014208], [92.65640687927421, 12.831615805625162], [92.65897881981678, 12.830305337821201], [92.66061210646379, 12.827407717692026], [92.66108405628452, 12.818230152399764], [92.66565620866734, 12.811788320274886], [92.6659878489601, 12.81033825880381], [92.66653990769092, 12.803890228551495], [92.66654014601139, 12.803211212527373], [92.66567754778103, 12.79996311670476], [92.66351604433041, 12.795800447233063], [92.66033923596737, 12.796263337283435], [92.66189825570032, 12.795036077453148], [92.66092526928585, 12.794555544502913], [92.66787230995934, 12.79009974011106], [92.66803634180397, 12.782659649723186], [92.67186641680203, 12.792095661285884], [92.67270374318323, 12.798730135387444]], [[92.6724457744534, 12.949162959902793], [92.67055463778675, 12.949540734517399], [92.66991651033871, 12.949208736294182], [92.67057085076439, 12.94841146481734], [92.6716586347383, 12.94853103148209], [92.6724457744534, 12.949162959902793]], [[92.66966032946087, 12.95261991068034], [92.66815304772527, 12.95374035803124], [92.6686718468284, 12.952038049316627], [92.66931450326192, 12.951826929869014], [92.66966032946087, 12.95261991068034]], [[92.76338446162393, 12.92553842086167], [92.76380121735261, 12.92553377136639], [92.76479268033827, 12.926470637410247], [92.76638996622424, 12.928791761530618], [92.76527643196201, 12.932478904577948], [92.76272714174459, 12.93504595730522], [92.76120924980731, 12.932693958559497], [92.76079916974638, 12.92978715905032], [92.76091814016016, 12.92921984152261], [92.76220583892868, 12.926233053612634], [92.76338446162393, 12.92553842086167]], [[92.77067041360922, 12.926157474587725], [92.76942861084186, 12.922796368158018], [92.77294957626205, 12.91800296276665], [92.77439355831623, 12.919532418186733], [92.77518737279937, 12.922598243014704], [92.77582895724086, 12.927960753785868], [92.7753014562974, 12.930506944939609], [92.7727440595909, 12.931128740698938], [92.7715655565053, 12.930645465715884], [92.76990377933626, 12.928496956569376], [92.77067041360922, 12.926157474587725]], [[92.76723885518939, 12.920258760133862], [92.7666769030167, 12.924642563004085], [92.76220297818512, 12.921509027319729], [92.76260387886603, 12.91959476458696], [92.76488423312097, 12.917878031645913], [92.76723885518939, 12.920258760133862]], [[92.76669514216715, 12.917791843319037], [92.7680077548545, 12.916629553211322], [92.76815795872304, 12.916898607884619], [92.76764893525043, 12.917815446925573], [92.76669514216715, 12.917791843319037]], [[92.79130697223925, 12.916635870948767], [92.78734076056807, 12.912595629784562], [92.78097105047394, 12.911344766347995], [92.77581274516226, 12.91233646855315], [92.77502691755845, 12.911956429445851], [92.77423107600359, 12.910601258141796], [92.77431154284378, 12.905843973121122], [92.7743797303406, 12.905530929908522], [92.77625978016496, 12.90321886555833], [92.78022837683838, 12.90185570737519], [92.78293454659243, 12.90228235744496], [92.78719234455153, 12.905255913629702], [92.7886612414234, 12.904774427398024], [92.78958630566373, 12.902794003340745], [92.78842306137554, 12.900415301025447], [92.7827953099559, 12.896138906885312], [92.78460955638624, 12.893694043245773], [92.78892266714766, 12.893611669842912], [92.79270493958157, 12.891806721503059], [92.7931994201173, 12.891878008963175], [92.79814541348051, 12.894024372326925], [92.800419330388, 12.897660374526694], [92.79813170421497, 12.900819659599804], [92.7979675527607, 12.90124261345592], [92.79709172280528, 12.907952070331874], [92.796817541097, 12.908531546693524], [92.79489910640874, 12.911489963690855], [92.79130697223925, 12.916635870948767]], [[92.78627634008129, 12.893061756894582], [92.78346526620956, 12.89313614341846], [92.78165674216544, 12.891343354812179], [92.7819076772976, 12.884381651591966], [92.78554892524315, 12.88204777238687], [92.79008102451999, 12.884104609140408], [92.79033064844091, 12.884589553265357], [92.79167783286599, 12.89097690625934], [92.78999316705122, 12.89254641568479], [92.78886401696101, 12.892939806127146], [92.78627634008129, 12.893061756894582]], [[92.75623452670212, 12.892677902862914], [92.75708675395097, 12.903220653410685], [92.7575531009949, 12.907783150672103], [92.75405871863532, 12.913297056913649], [92.75335621861487, 12.901294350553812], [92.75377452387525, 12.900434256036164], [92.7552427057864, 12.90090930492066], [92.75522744698961, 12.898257970429057], [92.75328195080172, 12.895925522045374], [92.75356495395997, 12.892975449857246], [92.75123167010557, 12.896721958951488], [92.75021755679509, 12.897103905520979], [92.74939382096827, 12.896690011435041], [92.74847126044054, 12.892802000312116], [92.7497508527197, 12.890632629592346], [92.75024557157624, 12.890410899943035], [92.75252747536288, 12.891406774103501], [92.7531802653572, 12.889320730967228], [92.75566554093214, 12.89125895523658], [92.75623452670212, 12.892677902862914]], [[92.75685584582075, 12.87785017504551], [92.75710213145842, 12.876711368934679], [92.75761473153503, 12.87613737573939], [92.75887453513221, 12.87631535516961], [92.76037025428403, 12.877172828163722], [92.7601151462973, 12.877585768968032], [92.75712382760267, 12.878378272239658], [92.75685584582075, 12.87785017504551]], [[92.7622876169801, 12.865313410785461], [92.76298284508258, 12.863079071242382], [92.7633779046669, 12.85584485545597], [92.76540124437221, 12.854958176978315], [92.76599323749818, 12.855087041733626], [92.76664745831366, 12.85553765334032], [92.76722860291775, 12.85763013382369], [92.76559424427936, 12.863450169290147], [92.76567053826525, 12.86819636836799], [92.76694333526692, 12.871315836856397], [92.76602041680908, 12.872598052458272], [92.761295556845, 12.868618250232188], [92.76115965849172, 12.867605805163961], [92.7622876169801, 12.865313410785461]], [[92.77774202837205, 12.864696621551815], [92.77843475366117, 12.864655256335226], [92.77864456189721, 12.864985823736944], [92.77774202837205, 12.866659641029713], [92.77593684171225, 12.866039752732576], [92.77606272701328, 12.865130543540019], [92.77774202837205, 12.864696621551815]], [[92.72701990614385, 12.865191578728485], [92.72624075420774, 12.865266203572475], [92.7242143154385, 12.863517403505497], [92.72047007083737, 12.864092349982059], [92.71994090075228, 12.862360358244118], [92.72105264626296, 12.859701156483283], [92.71991324390152, 12.858597517461689], [92.71769404444504, 12.858795523894443], [92.71849071967145, 12.85721266313412], [92.714833021327, 12.852558851409952], [92.71297883960196, 12.846441030629052], [92.71321463554719, 12.84373915154076], [92.71129214761461, 12.843887925487522], [92.70808541790805, 12.837987065251], [92.71037507025372, 12.833752512968303], [92.7121859792999, 12.834421634650994], [92.71559035750946, 12.83265304590141], [92.71897256383309, 12.835820555274594], [92.72528100041794, 12.851285338547768], [92.72513437315305, 12.85429525342333], [92.72526776779344, 12.854626178755268], [92.72982394731767, 12.861056924038039], [92.72995340832315, 12.862589836451932], [92.72973895059229, 12.862979531580365], [92.72852730748971, 12.863941669472737], [92.72701990614385, 12.865191578728485]], [[92.72922086734948, 12.855851531123193], [92.72986221347085, 12.855070710045268], [92.73073840135666, 12.855279445390096], [92.73150241410545, 12.856402754383652], [92.72922086734948, 12.855851531123193]], [[92.72475242658336, 12.833782434312113], [92.724976659046, 12.832505106525545], [92.72527170142811, 12.832357525979006], [92.72579634162801, 12.832582354692079], [92.72780644870906, 12.83551228026765], [92.72719252111816, 12.838303923387528], [92.72585225068113, 12.836798071573966], [92.72475242658336, 12.833782434312113]], [[92.7160352467296, 12.80278265499578], [92.71698260336487, 12.802577971995987], [92.71740067030512, 12.802975058652166], [92.71711885964774, 12.803987145790344], [92.71661615391284, 12.804245710771156], [92.7160352467296, 12.80278265499578]], [[92.715561747377, 12.799343705048216], [92.71616697312757, 12.79839622970239], [92.71689712999878, 12.798750400710645], [92.71627295013687, 12.800849676471515], [92.715561747377, 12.799343705048216]], [[92.71533596538282, 12.796155571522505], [92.71511304413175, 12.795037626985021], [92.71590387826157, 12.79505765398784], [92.7165124413963, 12.795896053260336], [92.71618795431075, 12.797293662672445], [92.71533596538282, 12.796155571522505]], [[92.71995127173406, 12.77784585939888], [92.71816182141137, 12.771142601549911], [92.72099685681994, 12.765615820613888], [92.72456443320252, 12.761633277254091], [92.72464013093762, 12.766601443402081], [92.72187554841835, 12.778816103780343], [92.72032082114922, 12.784802317772844], [92.71804094353504, 12.787895440622165], [92.71753275373376, 12.788002848452876], [92.71698677531967, 12.786967038997787], [92.71761107479168, 12.782700657909103], [92.715710401714, 12.781203747155445], [92.71528327500337, 12.778573632167507], [92.71533620370329, 12.778052448961404], [92.71995127173406, 12.77784585939888]], [[92.71597695357369, 12.777027726348507], [92.71560490134564, 12.777107835258505], [92.7157987358232, 12.775439262811886], [92.71719360320256, 12.775023937005258], [92.71759402724288, 12.7760881182721], [92.71597695357369, 12.777027726348507]], [[92.72623801217472, 12.751467466750299], [92.72682583334566, 12.751405477381098], [92.72680485216247, 12.752934574870977], [92.72648990148812, 12.753678560617232], [92.72573423354825, 12.753823160810384], [92.72541940248377, 12.753678560617232], [92.72623801217472, 12.751467466750299]], [[92.72287964777766, 12.735257506129216], [92.72471225296854, 12.73315405841312], [92.72561144821, 12.733229637438114], [92.72615456588076, 12.728439449820883], [92.72630715385228, 12.728029251049222], [92.72783744294415, 12.726951360517006], [92.72966134539482, 12.728893518421373], [92.72965824633141, 12.730914831054733], [92.72673141981969, 12.735966324786318], [92.72419524171713, 12.73602294880024], [92.7237144704466, 12.736668348165836], [92.72287964777766, 12.735257506129216]], [[92.89370393778685, 12.898564935123872], [92.892633437883, 12.899866819798078], [92.89204573632199, 12.899825453681856], [92.89166784299684, 12.899391531694093], [92.89156293887899, 12.897572874988327], [92.89173090435784, 12.897345542562817], [92.89353597140817, 12.897449016758785], [92.89391374602295, 12.897986173723027], [92.89370393778685, 12.898564935123872]], [[92.86473321876318, 12.913238048797126], [92.8633929492257, 12.914754271592614], [92.8633424046283, 12.913470149428107], [92.86473321876318, 12.913238048797126]], [[92.89127850489925, 12.937437057674217], [92.89072084429168, 12.937527537565884], [92.89021182081925, 12.937165736709318], [92.88948166394792, 12.935928345117105], [92.8896063567482, 12.93506646184791], [92.89013648011499, 12.935153841776625], [92.89286005534771, 12.936662912263685], [92.89285385632073, 12.936952949019542], [92.89127850489925, 12.937437057674217]], [[92.90270614607223, 12.939839005665561], [92.90111410593161, 12.941629410169242], [92.89968883966847, 12.940978646347475], [92.90271496752203, 12.93870425189985], [92.90286755549354, 12.938938856243453], [92.90270614607223, 12.939839005665561]], [[92.91165864433131, 13.004921674995543], [92.9113639589797, 13.005305767347338], [92.91078603304905, 13.004688978113876], [92.91119885424396, 13.003542303834436], [92.9122253656084, 13.002568006208747], [92.91252601166642, 13.002788543356758], [92.91165864433131, 13.004921674995543]], [[92.94532716271888, 13.025209427073491], [92.94928324262779, 13.02123665844502], [92.94933784046933, 13.024649739394178], [92.94676244293285, 13.025598049310815], [92.94532716271888, 13.025209427073491]], [[92.91703641389964, 13.046962380709289], [92.9161423447936, 13.047238350269737], [92.91501891619012, 13.045672058618692], [92.91479945193365, 13.045195936843172], [92.91479825943262, 13.042134999830523], [92.91697084882608, 13.04014241693912], [92.91828322409188, 13.040210724045934], [92.9189764260216, 13.04034054298181], [92.91926980016152, 13.040807247057018], [92.91878330740397, 13.043586611732849], [92.9181188343172, 13.045826077411704], [92.91703641389964, 13.046962380709289]], [[92.93450295944447, 13.051237701958584], [92.9328843353442, 13.052734255681486], [92.93231165425996, 13.052734255681486], [92.93185234081315, 13.052214741617178], [92.93248093095067, 13.049998759934937], [92.93287026904798, 13.049512863428092], [92.93357431860025, 13.049589276124351], [92.93450295944447, 13.051237701958584]], [[92.9140938519499, 13.066689848857578], [92.91346287770992, 13.06689620009972], [92.91311240201586, 13.06586492052962], [92.91325247322337, 13.061534047258505], [92.91612684767622, 13.057890534820615], [92.91682803648476, 13.057890534820615], [92.91717851127945, 13.057959318567754], [92.91682803648476, 13.062565207218768], [92.9140938519499, 13.066689848857578]], [[92.71125590763452, 13.089796542976117], [92.7191895243773, 13.093135833651914], [92.72038006758638, 13.09441363807916], [92.72088515742442, 13.095376253511503], [92.72089505176532, 13.097351551433178], [92.71902680374424, 13.099051356434998], [92.71845412265984, 13.099051356434998], [92.71664917432022, 13.098278641845965], [92.71284043753641, 13.095918178681131], [92.71240997344162, 13.095759153362351], [92.70759534854668, 13.09494185488279], [92.70465946226469, 13.095159649998067], [92.70225691802264, 13.097815275155], [92.69987475871338, 13.098249673783442], [92.69623112666565, 13.09518992927191], [92.69590222840546, 13.094762206310861], [92.69548892967057, 13.09052145500128], [92.69906175179861, 13.079293370692739], [92.69905972472694, 13.075795054698162], [92.70094740350007, 13.071066856450486], [92.70143914200312, 13.07078421122246], [92.70473456374938, 13.069826841535559], [92.70659041371667, 13.070299506317355], [92.70643615750308, 13.073346853674565], [92.70412504643426, 13.077996254223933], [92.70746266886752, 13.08602464242351], [92.71125590763452, 13.089796542976117]], [[92.72827506024592, 13.090505123312923], [92.72891294937332, 13.09031367293781], [92.73071944724487, 13.091830253663346], [92.73168826080499, 13.09341442563526], [92.73188996345132, 13.093997120670593], [92.73075544800591, 13.095863580839861], [92.72836732888939, 13.093399643478875], [92.72787594831655, 13.090837836496945], [92.72827506024592, 13.090505123312923]], [[92.79490292043366, 13.170965313798277], [92.79458415483512, 13.171067953423432], [92.79327583281363, 13.16969025140412], [92.7937884328899, 13.168248057202192], [92.7942099568244, 13.167751908423952], [92.79750800099364, 13.167819857600279], [92.79634726041789, 13.170449852978464], [92.79490292043366, 13.170965313798277]], [[92.81819295843857, 13.411666631809737], [92.81777775314131, 13.414444446953866], [92.81888890240103, 13.415833353626553], [92.81888890240103, 13.416388749741259], [92.8130555155997, 13.41972208060956], [92.81277775728799, 13.41972208060956], [92.81166660802799, 13.419166564885117], [92.81249999987543, 13.417500019510442], [92.81249999987543, 13.417222142488072], [92.8135451074211, 13.413572907663706], [92.81349265536213, 13.409940004527698], [92.8125441071252, 13.407214761052543], [92.81193125242558, 13.405873417724223], [92.81249999987543, 13.405285954483233], [92.81444442317186, 13.403055548574827], [92.81500005760668, 13.403055548574827], [92.81611406761047, 13.404292941066586], [92.815946102131, 13.406494260202095], [92.81819295843857, 13.411666631809737]], [[92.8272222282234, 13.421111106892269], [92.83194434615476, 13.418611050059866], [92.83500003832151, 13.420277833755193], [92.83972215625286, 13.425277829608191], [92.84138894084711, 13.425555467411158], [92.84194445567246, 13.425833344433357], [92.846388935801, 13.430833339387249], [92.84486496444666, 13.433611154531377], [92.84333324453397, 13.440833330194224], [92.84305560583189, 13.441110968896027], [92.84333324453397, 13.444166541452873], [92.84249985178681, 13.444722056278124], [92.84027767197747, 13.44027781446951], [92.83888876440543, 13.440833330194224], [92.83500003832151, 13.438611149485084], [92.83111095430732, 13.438055515050095], [92.82555544362916, 13.43916654559979], [92.82333326381948, 13.436388850065583], [92.82166671754518, 13.436666607478031], [92.8213888405227, 13.436388850065583], [92.82249987107267, 13.433333158798447], [92.82055544867526, 13.426944374983051], [92.82194435624726, 13.420833349479636], [92.82222223237059, 13.420555472457266], [92.82333326381948, 13.41972208060956], [92.8272222282234, 13.421111106892269]], [[92.86500000984282, 13.41194427051181], [92.86583185215855, 13.411395550064682], [92.86751437219064, 13.411601662986527], [92.86583316337013, 13.413611054207053], [92.86500000984282, 13.412500023657358], [92.86500000984282, 13.41194427051181]], [[92.87472224233787, 13.506666541328116], [92.87305545774362, 13.509722232595067], [92.87444436531533, 13.512222052006265], [92.87472224233787, 13.512500047739195], [92.87416660790305, 13.513055443853801], [92.87249994291855, 13.512222052006265], [92.87000000479671, 13.513055443853801], [92.86944437036172, 13.512777805151728], [92.86666655521785, 13.5091667177699], [92.86722207094229, 13.505277752466426], [92.87111115495614, 13.501944422497132], [92.87472224233787, 13.504444360618976], [92.87472224233787, 13.506666541328116]], [[92.91349327569449, 13.508230447976914], [92.91559004774265, 13.50675904739225], [92.91615545780846, 13.50686347486959], [92.92146706605243, 13.512695312139044], [92.92012286198101, 13.51503694080246], [92.91798961163167, 13.51565504034805], [92.91518771624058, 13.513601780198059], [92.91349327569449, 13.508230447976914]], [[92.91194426991254, 13.535156249861046], [92.90999984751514, 13.53722214728431], [92.90694427495865, 13.536944270261941], [92.9055556057069, 13.535156249861046], [92.90472221385917, 13.533888936025832], [92.90472221385917, 13.533611059003292], [92.90611112143122, 13.530277729033998], [92.90777766680608, 13.530277729033998], [92.91166663210967, 13.532500028453768], [92.91250002395728, 13.533333301590844], [92.91277766265935, 13.533888936025832], [92.91194426991254, 13.535156249861046]], [[92.87649857964587, 13.535156249861046], [92.87862980382275, 13.537755727644736], [92.87489175824808, 13.540613651698862], [92.8739947078898, 13.537164211159606], [92.87405574307829, 13.5366966725135], [92.87506365736223, 13.535156249861046], [92.87591385843817, 13.53491210910667], [92.87649857964587, 13.535156249861046]], [[93.00631821171626, 13.555431961815685], [93.00722944708158, 13.555294632641434], [93.00786054093172, 13.555363416388843], [93.00777781049803, 13.556388854861993], [93.0064655539426, 13.55997753113823], [93.0061850544968, 13.55997753113823], [93.00520372417296, 13.558602571151923], [93.00555551017888, 13.556944370586436], [93.00631821171626, 13.555431961815685]], [[92.71500003352483, 11.316944360493963], [92.71236014380585, 11.310624480035798], [92.71284282163927, 11.309025049266637], [92.71472215650257, 11.308055519846604], [92.71583330666218, 11.309166550396114], [92.71777772905912, 11.316110968646427], [92.72138893605089, 11.314444422372375], [92.7230556010355, 11.316388845668797], [92.72400248013062, 11.317806243763158], [92.7239327431021, 11.319255471562883], [92.72253584865072, 11.323188901147063], [92.72249984699047, 11.325000047614353], [92.72410643096717, 11.329830407946957], [92.72399997731728, 11.331951379852356], [92.72344124291934, 11.332779526853727], [92.72166657475296, 11.333055376804253], [92.72111105902852, 11.332777739001642], [92.7173587079383, 11.328476547854478], [92.71833324388447, 11.326110959453487], [92.71833324388447, 11.3252778050268], [92.71756815914367, 11.323680043399435], [92.71388876465485, 11.320555448775153], [92.71500003352483, 11.316944360493963]], [[92.71056926266183, 11.3080048565391], [92.7102787492652, 11.3083989619427], [92.70595836658586, 11.308274745782938], [92.70285010364958, 11.308593749701956], [92.70028996491035, 11.311383843289946], [92.69780087441112, 11.309274434867433], [92.69836854896985, 11.308075308528942], [92.70140385620314, 11.3080940243199], [92.70426881295569, 11.306335449521498], [92.7061525580946, 11.30344045181549], [92.70878732167765, 11.301339149881969], [92.70950627299638, 11.301145553724467], [92.71174204336106, 11.30254471266855], [92.71195364034847, 11.302984357042519], [92.71056926266183, 11.3080048565391]], [[92.69222235637713, 11.255661844818576], [92.69019258022357, 11.250000000100002], [92.69029152363518, 11.250000000100002], [92.6896926165214, 11.248443245759447], [92.68741142769548, 11.246171712954222], [92.68768060197843, 11.24193322613759], [92.69332742711916, 11.24310290777305], [92.69505035908699, 11.247608304379952], [92.69455444772987, 11.250000000100002], [92.69474363361203, 11.250000000100002], [92.69475805783819, 11.252062677950391], [92.69982254497481, 11.258123755107363], [92.70580136743936, 11.263130545338484], [92.70622992497115, 11.264696240739013], [92.70532381574199, 11.269758940023166], [92.70662665369755, 11.272509217026993], [92.70590960984109, 11.275959968777642], [92.70747005949582, 11.28292930094662], [92.70746493336023, 11.283445000986092], [92.70706117193575, 11.2866898772361], [92.70629417883347, 11.288606167041152], [92.7053749556899, 11.28925824207441], [92.70283782520582, 11.288704157171296], [92.69610166565982, 11.285259366127065], [92.69543230565668, 11.284899115701663], [92.69276750111945, 11.281413674401819], [92.69380664795895, 11.275319457227269], [92.69321227073002, 11.270462751255039], [92.6969666479927, 11.261581659166183], [92.69222235637713, 11.255661844818576]], [[92.40968804430983, 11.244992523220091], [92.40802291724296, 11.246514356709014], [92.40801108683368, 11.242715443914093], [92.40816645347562, 11.240201282984955], [92.40834808537491, 11.231255367632286], [92.40852972058187, 11.222309506262917], [92.40871136181389, 11.21336365543445], [92.4088930108592, 11.204417680914872], [92.40907466116406, 11.195471862946164], [92.40925631936355, 11.186525961492507], [92.4094379827313, 11.177580068337278], [92.40961965017576, 11.168634191044816], [92.40980132444284, 11.159688284781055], [92.40998300323432, 11.150742372243812], [92.41016468812634, 11.141796466250497], [92.41034637762792, 11.13285059397785], [92.41052807009672, 11.123904793867027], [92.41070977194462, 11.114958836862513], [92.41089147733808, 11.106012923468455], [92.41107318871062, 11.09706702049769], [92.41125490439632, 11.088121167535732], [92.41143662523692, 11.079175276943602], [92.41154988259782, 11.073599949209537], [92.41264473292156, 11.074076146588851], [92.41674658563923, 11.075755600202712], [92.42088459879713, 11.077346213052678], [92.42297342392297, 11.078123168087217], [92.42479333041567, 11.07875842546973], [92.42774894119688, 11.079759040584676], [92.42874477798901, 11.08022583444344], [92.43280862383747, 11.08199332789016], [92.43691058650151, 11.083672781400821], [92.44104871062646, 11.085263394158773], [92.44313759995643, 11.08604035208343], [92.4452210235348, 11.086764407704408], [92.44942553614547, 11.088175106288574], [92.45366024393454, 11.089494817218537], [92.4579231278872, 11.090722911177679], [92.46221215548607, 11.09185880253537], [92.46652528164728, 11.092901949614486], [92.47086044974307, 11.093851854965123], [92.4752155925776, 11.094708065598724], [92.4774037706438, 11.0951137082032], [92.4789085034815, 11.095364377299887], [92.48146275973878, 11.095770437262601], [92.4821375855262, 11.096297049102247], [92.48701933312216, 11.099877790184564], [92.48778801624704, 11.100407152569602], [92.48665962567478, 11.103092886703891], [92.48504748281297, 11.107179537226045], [92.48425269870316, 11.109262064683548], [92.48352594499093, 11.111299940145884], [92.48209573967577, 11.115452135741066], [92.48070729581323, 11.11980400935667], [92.48012862604176, 11.1214309442107], [92.47825263164097, 11.127134067709846], [92.47700706620927, 11.13134390699058], [92.47585475662837, 11.135579572378617], [92.47479625508097, 11.13983904899412], [92.47383206919207, 11.144120310565341], [92.4729626617893, 11.148421320349755], [92.47254569177156, 11.150610081882121], [92.47218845066774, 11.15274003213652], [92.47150980838742, 11.157074391203196], [92.47092706208687, 11.161422335296493], [92.47044049332285, 11.165781795590235], [92.47005033792331, 11.170150697712174], [92.46975678587094, 11.174526962689157], [92.46955998120151, 11.178908507964906], [92.46946002193104, 11.183293248369623], [92.4694342447876, 11.185520807316351], [92.4694569599973, 11.187679097125795], [92.46949414585711, 11.189416661173112], [92.46697583864679, 11.191322915132417], [92.46351032492984, 11.19406663291197], [92.46177521792501, 11.195471613432687], [92.46025843209358, 11.196752864419949], [92.45721617831, 11.199374073186618], [92.45422711067127, 11.202054295746422], [92.45129240423094, 11.2047924797385], [92.44841321277787, 11.207587550032287], [92.44559066840557, 11.21043840912651], [92.44282588106321, 11.21334393758238], [92.44011993812214, 11.21630299445836], [92.43878181149742, 11.217795751007486], [92.43476100531288, 11.222371685885875], [92.43423285246647, 11.222977592942229], [92.43318142509744, 11.224193545345699], [92.43264065152371, 11.2248241625216], [92.4314452873256, 11.22625642487752], [92.42904728520412, 11.22918426151989], [92.42847035873288, 11.229916265212395], [92.42525107805912, 11.23224453469166], [92.42172530013457, 11.234912985236633], [92.41825926221347, 11.237656689115212], [92.4165238234556, 11.239061719770504], [92.41515348147962, 11.240216853513829], [92.41239911057411, 11.242580528160417], [92.40968804430983, 11.244992523220091]], [[92.67555546731145, 11.178055525142582], [92.67750000931815, 11.176944374982966], [92.68111097798933, 11.181110978089322], [92.67694437488333, 11.183611154531292], [92.67666661747072, 11.18805551505001], [92.67472207546373, 11.189444422622245], [92.67305552918961, 11.185555458218047], [92.67611110174644, 11.179722070517343], [92.67555546731145, 11.178055525142582]], [[92.72703182665768, 11.145507812935406], [92.72901010493254, 11.142349242823457], [92.73016154741791, 11.141695857477984], [92.73128652555309, 11.141821145629564], [92.73170471210327, 11.142040252855622], [92.73485755892946, 11.145782232064605], [92.73132395713512, 11.149898410183667], [92.72703182665768, 11.145507812935406]], [[92.72527766213469, 11.14138877407288], [92.72576057918772, 11.144159555619126], [92.72333335844783, 11.143888830905013], [92.72277772401301, 11.14138877407288], [92.72416663158518, 11.140277743523185], [92.72527766213469, 11.141111135370807], [92.72527766213469, 11.14138877407288]], [[92.65853405020667, 10.985808848899396], [92.66083705388715, 10.981599449754953], [92.66348600427605, 10.981495976458262], [92.66570687287404, 10.982451319972697], [92.66922771958369, 10.985324859854472], [92.66948664159534, 10.985920309974432], [92.66964173327958, 10.989344477765698], [92.66952967685356, 10.990148424909847], [92.66826570040197, 10.991320848578397], [92.664847254997, 10.992715955177445], [92.66201305415942, 10.992745518591022], [92.65931451335447, 10.990623831724562], [92.65853405020667, 10.985808848899396]], [[92.22476792380095, 10.982558846513612], [92.22260320167655, 10.983017563709751], [92.22122812297985, 10.982500910388907], [92.21526122102901, 10.978757977898567], [92.21502220641005, 10.976992249892618], [92.21758234514928, 10.973217129766965], [92.21829676658277, 10.972741604241875], [92.22170114479232, 10.972640872078813], [92.22833847963719, 10.976177811257159], [92.22872173741851, 10.981737733110023], [92.22860300532457, 10.982250928537695], [92.22476792380095, 10.982558846513612]], [[92.61022055163747, 10.929375171926836], [92.61402654638832, 10.92720627784756], [92.61742854139428, 10.92738735634154], [92.61941897850338, 10.927764177674788], [92.62065482146332, 10.928981542264637], [92.6208566428202, 10.929559350383855], [92.6179449554958, 10.934040904164462], [92.61423814337596, 10.935035705433648], [92.60924053162549, 10.938398957646015], [92.60882174972406, 10.938608050021614], [92.60585176924386, 10.936690926545111], [92.60648143317204, 10.933968543813421], [92.60963356503717, 10.929854750696421], [92.61022055163747, 10.929375171926836]], [[92.50975346555029, 10.894852042188148], [92.50704133508984, 10.889801263417638], [92.50680315504204, 10.88897442852722], [92.50841271847267, 10.881474852482597], [92.51289713389602, 10.877070545969147], [92.51212406137662, 10.871002554824216], [92.51053965108431, 10.869068265088544], [92.50987660881859, 10.86875665179808], [92.50796592268946, 10.868782759117323], [92.50753045116963, 10.868996262667537], [92.50260972965546, 10.872398734314274], [92.50944554847356, 10.869651556374393], [92.51133382349738, 10.872405052051548], [92.51135385050011, 10.8778091672595], [92.50640356557236, 10.881554126821683], [92.50495374242158, 10.889090418588154], [92.50198185447917, 10.89083027849452], [92.50087261178183, 10.890831351385899], [92.49257934086418, 10.889200448841592], [92.47966122628489, 10.871556163086467], [92.47045123593622, 10.871254324527612], [92.46867573229966, 10.867181062955837], [92.46306133311438, 10.864054917900305], [92.46093749956631, 10.863560318653953], [92.45878517639525, 10.862972259162447], [92.45699465318111, 10.86118674247443], [92.45646107192104, 10.860098838890508], [92.45657420123851, 10.859364152134091], [92.46005547058402, 10.852787256226833], [92.46000254188394, 10.84635460348214], [92.45676243294011, 10.838818669646159], [92.45655274431394, 10.838546157079605], [92.45483791793586, 10.837676763571935], [92.44745600199317, 10.837579369692307], [92.4412964580653, 10.829115509972908], [92.4335323572329, 10.821735143562094], [92.43043172324556, 10.821711539955729], [92.42688417476498, 10.82321095442228], [92.4271352295074, 10.816845774213235], [92.42552196986313, 10.810712456315045], [92.42230164960156, 10.807781219527882], [92.42210245156716, 10.80253195768384], [92.41838252553353, 10.795319914682466], [92.41307604342498, 10.788838267771979], [92.40737652790463, 10.784370541967107], [92.3974665403488, 10.780714273545044], [92.39533901238568, 10.773298025083832], [92.39394915063306, 10.771971702232463], [92.39582467057224, 10.763095021318321], [92.39766216267898, 10.761942624652406], [92.3992569448524, 10.762970208907959], [92.3981328012882, 10.761058211567331], [92.39549422278051, 10.760972261560752], [92.39335835000819, 10.768960237824842], [92.39293146161813, 10.775529742203915], [92.39456105205139, 10.779203176885332], [92.3861141202706, 10.783841133561552], [92.38608634470918, 10.788293838889828], [92.38489222489639, 10.790438055571812], [92.38162064507688, 10.788761854176443], [92.37665593592297, 10.782788157847378], [92.37637817851052, 10.782280206366678], [92.37608253987756, 10.773198843351935], [92.38133597367656, 10.762545347589835], [92.37833690642336, 10.755730628665646], [92.37779891488847, 10.739613532938378], [92.37779676910591, 10.738957524270376], [92.38022005531158, 10.728319048984957], [92.38199210195424, 10.722656250086004], [92.38233947768501, 10.722656250086004], [92.38262331451469, 10.722237706505055], [92.38259255859978, 10.719763756092433], [92.38069713126791, 10.71496236292289], [92.38022220109414, 10.706313133144818], [92.38113105325559, 10.69935727102137], [92.37992644285126, 10.69409787651577], [92.3809281590076, 10.68375563611373], [92.38231015169234, 10.681500315387382], [92.38237166442084, 10.678981304443724], [92.38127362727627, 10.67817580686824], [92.38340032066858, 10.673937677981641], [92.38255035881221, 10.669730424619587], [92.38043081772824, 10.666962623426556], [92.3885947463506, 10.665487050886753], [92.39512372008383, 10.665939450345533], [92.40167474789169, 10.658427357536752], [92.40888977034709, 10.647544741496787], [92.41755437853206, 10.628195643314442], [92.42057061204426, 10.614271760233777], [92.42004191860005, 10.611468315310645], [92.41558742541977, 10.609488009963826], [92.41284084283112, 10.605753302672937], [92.41207277773665, 10.598044514642623], [92.4097758534729, 10.592112779781104], [92.40929567845288, 10.582274556325999], [92.40485250953591, 10.57591760131649], [92.40053832498418, 10.572362780917743], [92.39876723252215, 10.567413329661434], [92.39613413808038, 10.564814209808048], [92.39365160453818, 10.560239910743363], [92.39244163057688, 10.557598352781838], [92.39235734971194, 10.557080745280174], [92.39376234975296, 10.553545475243553], [92.38801455502815, 10.546875000381121], [92.38414824004977, 10.543762922520997], [92.38210821162491, 10.540514946307866], [92.38165140189088, 10.539240360554302], [92.38178324699939, 10.537452340153408], [92.38350355654407, 10.533928632700295], [92.3851280208419, 10.532404303415987], [92.38578450704952, 10.532263755567868], [92.39112412917567, 10.530999541695707], [92.3949662442972, 10.530970930664111], [92.40258967857099, 10.531875967901627], [92.40461325659695, 10.532709955999934], [92.40869557883835, 10.535057425759845], [92.40910494303901, 10.53546404882698], [92.4186592100547, 10.546875000381121], [92.41862356632495, 10.5470180510424], [92.42701077502753, 10.549136162204235], [92.43469202491727, 10.54824054266713], [92.43738651247773, 10.546875000381121], [92.43795394871589, 10.546875000381121], [92.44049096138909, 10.545554518626432], [92.45022594896844, 10.543196201243717], [92.45182466477652, 10.544582963033477], [92.45338153872743, 10.540895342446277], [92.45713317395703, 10.53986990487249], [92.46093749956631, 10.53710925598753], [92.46093749956631, 10.536830306073782], [92.46880590916575, 10.527908802049794], [92.48133194451393, 10.518444656995484], [92.49290895498453, 10.515543341552117], [92.49935340863331, 10.510969162097268], [92.50505065876123, 10.510874271030886], [92.50871443742179, 10.512204647127021], [92.51327145061728, 10.511869549839943], [92.52557706842745, 10.516905426844147], [92.53122007864388, 10.518153667857632], [92.53412485108132, 10.523508072140075], [92.53418064142389, 10.529605865918256], [92.53817927815149, 10.534961938442947], [92.54068017045361, 10.535763264063561], [92.54091143651388, 10.536065459653273], [92.54344904453805, 10.541222452854015], [92.54464280642063, 10.546875000381121], [92.54554545865633, 10.550843119514496], [92.54590010630537, 10.551540255977983], [92.54753065091919, 10.553716659396443], [92.54787075563095, 10.554059743562505], [92.55287361132858, 10.555854916271386], [92.5542650226129, 10.55712330299815], [92.55474996583874, 10.5591061111583], [92.55820286247243, 10.561565756954309], [92.56826365014766, 10.576317310395666], [92.5684355501609, 10.576690912156039], [92.56925094117835, 10.580277442649873], [92.56912076431209, 10.58118557895159], [92.56373560411512, 10.587023973177978], [92.54587590734732, 10.59211420970324], [92.54438912835602, 10.593331456481636], [92.54069936288536, 10.601777911621568], [92.54018402077637, 10.604332804615268], [92.54003095616375, 10.6111196283683], [92.54096126525022, 10.617004156017018], [92.54328310523138, 10.622620225243395], [92.5481941698254, 10.631354928387367], [92.54987514032572, 10.633844852558127], [92.55429017575105, 10.63936924939145], [92.5614075660067, 10.64629721634357], [92.56656241432441, 10.650542020897817], [92.5699541570589, 10.652511716043122], [92.57152605058687, 10.653112650228735], [92.57633352317364, 10.652983069612986], [92.58292555826804, 10.657269716024857], [92.58139133464275, 10.659258246570957], [92.57916486236857, 10.658350467300266], [92.57815790136615, 10.660605311386206], [92.57592475432412, 10.670063137803709], [92.57807040182789, 10.674396634397453], [92.58627724609826, 10.679376721059086], [92.58873295825961, 10.679393052747443], [92.59270465399689, 10.676977157170072], [92.59526514976707, 10.676888704350517], [92.59663355369563, 10.678126931412905], [92.59680461913823, 10.678570270201789], [92.59738826745493, 10.68102574314365], [92.59670066830168, 10.69270384280837], [92.59836161179899, 10.698659062565781], [92.59822654711778, 10.70298743212446], [92.59736692924062, 10.706097125881897], [92.59433400610968, 10.70916211613887], [92.59199905401348, 10.715534448656172], [92.59035611134587, 10.717168569873621], [92.58919095959541, 10.722656250086004], [92.58901071567252, 10.722656250086004], [92.58869504913756, 10.731119513554887], [92.58811116250038, 10.73314440279215], [92.58279275897897, 10.742335557740034], [92.5826275346333, 10.745408416165432], [92.58358526225052, 10.748494028776634], [92.58341968087373, 10.758581757442272], [92.58352875694689, 10.759275436012771], [92.58703780185337, 10.769338011540086], [92.58830451943814, 10.7791817190611], [92.58786237225118, 10.786826014908883], [92.58534681830142, 10.78962004213136], [92.57864546791419, 10.79241073107059], [92.57623183682986, 10.794782399788005], [92.57181084159745, 10.802748918228133], [92.56360995803342, 10.803913116697046], [92.56191086799257, 10.803135752613102], [92.56179654617407, 10.799985170279498], [92.56051588100362, 10.801382422660765], [92.56008422350854, 10.805569649020185], [92.56102871850081, 10.803329945021204], [92.56471335873462, 10.80693054181117], [92.56165707121724, 10.811555147152518], [92.56092715266621, 10.82053172565881], [92.56341755347765, 10.827808857093231], [92.55663752590132, 10.844168544043072], [92.55749475967585, 10.853909850259498], [92.55997037922984, 10.858356476170627], [92.55884003663883, 10.861946225338059], [92.55831134319399, 10.863142729253738], [92.55093765245093, 10.870908379618271], [92.54726254952735, 10.872101545250345], [92.53692257361834, 10.882761001719132], [92.53178381956778, 10.884908676294557], [92.52945780763176, 10.883269428940963], [92.53145623251945, 10.881260752681769], [92.5312513111991, 10.878195047463734], [92.53327310047368, 10.873511076075289], [92.5302617547766, 10.869883060754859], [92.52978694421259, 10.867397427249614], [92.53145611290952, 10.865693450292568], [92.53708100358588, 10.86551404004102], [92.53152787701006, 10.86470615836275], [92.53006315209299, 10.865264176900354], [92.52883911093627, 10.866572022281062], [92.52838027502995, 10.868431925493127], [92.52843987939733, 10.86870884923404], [92.52939605748233, 10.870921015992081], [92.53166782860765, 10.872762918374079], [92.53187072285564, 10.873550057189533], [92.53191125350187, 10.874795556170113], [92.52838385073429, 10.881946444373114], [92.52960944142288, 10.88677120192952], [92.52764403784218, 10.890204667811346], [92.52082812821598, 10.897060871562047], [92.51557254773539, 10.897524118643275], [92.51274538049543, 10.897117733896351], [92.51030147103629, 10.895387172979824], [92.50975346555029, 10.894852042188148]], [[92.77888894097205, 9.244444370211554], [92.7768573760674, 9.239236235264329], [92.77497744585278, 9.23889005203452], [92.77497744585278, 9.2404129504975], [92.77372407870351, 9.24062073256087], [92.77277767624915, 9.238333344708238], [92.77277767624915, 9.238055467685868], [92.77555561100294, 9.236111045288723], [92.77611112582784, 9.234444379404849], [92.77416670343078, 9.229166627038325], [92.77111113087423, 9.227222204641194], [92.77046895018239, 9.223736047480642], [92.77166664569964, 9.221111059527772], [92.76805555831746, 9.216110944964228], [92.76666665074575, 9.215277671827067], [92.76527774317353, 9.214722156102624], [92.75250005683225, 9.215000033124994], [92.74694442744354, 9.211944341858128], [92.74416661229967, 9.215833306262155], [92.74194443248965, 9.216666579399131], [92.74055552491777, 9.216666579399131], [92.73627233550022, 9.215322375327617], [92.7344443798045, 9.21777772865947], [92.72944450356127, 9.219722151955978], [92.7280554772789, 9.219722151955978], [92.72646427170903, 9.219317555061053], [92.72393071692946, 9.218267559700266], [92.72111105902852, 9.214166641277643], [92.72083330161607, 9.2136111255532], [92.71972215145618, 9.207777738751858], [92.71972215145618, 9.207499861729488], [92.72055554420328, 9.20583331545535], [92.7202776671808, 9.200277805676393], [92.72138893605089, 9.198333263669241], [92.72138893605089, 9.197222233119817], [92.71944427533336, 9.194444417975689], [92.71944427533336, 9.193333267816158], [92.72116255780603, 9.176067233316331], [92.71816873539908, 9.15979993372008], [92.71833324388447, 9.152777671952094], [92.71972584766982, 9.146072626250856], [92.72222220918812, 9.143055558167575], [92.72271847757602, 9.140625000043741], [92.72506595920456, 9.138654915643144], [92.72625566175529, 9.135754446333081], [92.72657597020535, 9.130212664682801], [92.7269243001164, 9.129659056420365], [92.73166656466074, 9.124376058308584], [92.73437464277592, 9.12347352478352], [92.73888564125983, 9.123206615892798], [92.7398605342365, 9.123345017058881], [92.74416661229967, 9.12527775726285], [92.75277781514424, 9.124999999850132], [92.7554931642783, 9.12679982205438], [92.76361095947871, 9.123610973567779], [92.76599144964601, 9.12609422207079], [92.76808023481502, 9.125540375487972], [92.76891565283555, 9.127617120533941], [92.77741026846948, 9.121110200875123], [92.78361105890374, 9.117777824187371], [92.785833358323, 9.116944432339935], [92.78944444660445, 9.116944432339935], [92.78999781564713, 9.117777824187371], [92.78499984776491, 9.118055462889444], [92.78233385072693, 9.120182156281686], [92.78870141503867, 9.11896514872278], [92.79343605063346, 9.119242072463777], [92.79398655893303, 9.119652629165657], [92.80200040329615, 9.120349646019491], [92.80332314954424, 9.120764970926672], [92.80805551974689, 9.124166608002781], [92.81138885061537, 9.123610973567779], [92.81083333489093, 9.125555515574575], [92.81138885061537, 9.125555515574575], [92.81223547418804, 9.126787424000597], [92.81188750310596, 9.131079077837356], [92.81432437896731, 9.131702065198255], [92.81683111146711, 9.135509372059943], [92.8185020689157, 9.13537085038466], [92.82233154766314, 9.137724519171371], [92.82414185955938, 9.138347626142107], [92.83012986140412, 9.138278246144267], [92.83054757131382, 9.138693571051618], [92.83068692666055, 9.13973200292962], [92.82934641880266, 9.140625000043741], [92.82915520674786, 9.140977859840504], [92.8281108141629, 9.149907707774673], [92.83096551864381, 9.158006668473206], [92.83173143885497, 9.16652107278938], [92.83152234558, 9.167559504667466], [92.82880687683635, 9.176281451827705], [92.82553446334524, 9.179535031716412], [92.82650935632208, 9.187703251903756], [92.82083332569746, 9.209166646323752], [92.8191645149308, 9.213243842429463], [92.81388890744759, 9.220277666780959], [92.81249999987543, 9.22138893565095], [92.80099225069202, 9.231130957727459], [92.79138875029079, 9.241944432090065], [92.78777766200969, 9.24416661279902], [92.78193116219384, 9.249128818240592], [92.77819335493965, 9.256362676996147], [92.77472221825613, 9.256944417850747], [92.77388894601816, 9.256111144713685], [92.77388894601816, 9.255277752866064], [92.77888894097205, 9.244444370211554]], [[92.81166660802799, 9.125555515574575], [92.81166660802799, 9.12444436541523], [92.81249999987543, 9.124719858335084], [92.81472206097456, 9.125833272987293], [92.81472206097456, 9.126111150009663], [92.81416654614966, 9.12694442314664], [92.8136111500348, 9.12694442314664], [92.81333327301232, 9.125833272987293], [92.81166660802799, 9.125555515574575]], [[92.80380284792321, 9.120586156925555], [92.79989361729682, 9.118699311823974], [92.80361175547833, 9.119336843920422], [92.80386257190062, 9.119449019057157], [92.80389845395067, 9.120841979873717], [92.80380284792321, 9.120586156925555]], [[92.7942183016336, 9.118610977714525], [92.79333317268791, 9.11888885473698], [92.79305553398584, 9.11888885473698], [92.7922221421384, 9.117777824187371], [92.79440724829593, 9.117761254178717], [92.798611044664, 9.118333339911999], [92.798611044664, 9.118610977714525], [92.794444441558, 9.118333339911999], [92.7942183016336, 9.118610977714525]], [[92.85379076003588, 8.81964635879254], [92.85734605797441, 8.819072127277138], [92.86217284170348, 8.822478652168286], [92.86256241812154, 8.823135852437687], [92.86305737529793, 8.824751615794398], [92.86313784123868, 8.830713629930116], [92.8622629645644, 8.833811760204838], [92.86188662077146, 8.834684849026615], [92.85923385635763, 8.837332606015124], [92.8581043483371, 8.837332606015124], [92.85802197493459, 8.83725106718326], [92.85434424868848, 8.833611250059292], [92.85322844993348, 8.83111596143263], [92.85267066971593, 8.828176140616605], [92.85216927519232, 8.821558356133352], [92.85379076003588, 8.81964635879254]], [[93.04287052135791, 8.440598725950565], [93.05140387978534, 8.438409447837984], [93.05201899987745, 8.438468217634309], [93.05388164512206, 8.439423441538722], [93.05738043775742, 8.439192653018694], [93.0595921278746, 8.441221117960225], [93.06055355080608, 8.442666411226185], [93.06051290055021, 8.4431115387667], [93.05632185926677, 8.448040247159938], [93.05732524366536, 8.457268238338685], [93.0556858776014, 8.462193131807638], [93.04344213045042, 8.473493337247817], [93.04131376701693, 8.471189975636861], [93.03983604869498, 8.469157219130622], [93.03575050867917, 8.45981037624793], [93.03458237657586, 8.455496669235984], [93.03458452235807, 8.450211047801758], [93.03514885863322, 8.448624968367739], [93.03769624228809, 8.444937944030968], [93.04209315817323, 8.441138744557549], [93.04287052135791, 8.440598725950565]], [[93.64580452415973, 8.392465114273861], [93.64775311941102, 8.389727950284708], [93.65036582981955, 8.39014852003831], [93.65330386188421, 8.38779664000296], [93.6569899320398, 8.390404820526072], [93.65701007865246, 8.390788316627706], [93.65173983562514, 8.394619942056906], [93.65129470808452, 8.394769549675118], [93.64634597268892, 8.39444935325507], [93.64544773072865, 8.394841909127052], [93.64427971823474, 8.394341945424614], [93.64375662846615, 8.393336057313235], [93.64580452415973, 8.392465114273861]], [[93.63492953796808, 8.394811511142478], [93.63538253277798, 8.39502406141142], [93.63561773337202, 8.396291851887582], [93.63336610795986, 8.398245453664998], [93.63383221668366, 8.395123362753154], [93.63492953796808, 8.394811511142478]], [[93.12552714316328, 8.355281114531905], [93.119393468234, 8.349503040533179], [93.11846721149308, 8.349097252036685], [93.11469924457461, 8.350100756045109], [93.11516118044452, 8.348496317851072], [93.1127618548758, 8.347524642648196], [93.11184370552272, 8.347317576445079], [93.10653352720104, 8.349866866662666], [93.10575664065678, 8.349833726645272], [93.10492634787275, 8.348659515124723], [93.1043665405837, 8.347359537912354], [93.10098576508139, 8.345371126976005], [93.10025453531878, 8.342283845223363], [93.09515142409916, 8.340003609678973], [93.09502756586986, 8.339736103638373], [93.09386265243953, 8.335798025458729], [93.0946238044452, 8.32572865465383], [93.08593094315896, 8.309199809723566], [93.08434295626276, 8.3038184644507], [93.08351457094082, 8.294407248096121], [93.08475434753544, 8.286521076886288], [93.08378267323221, 8.282441854608095], [93.08489394210201, 8.275183677284843], [93.08533370518663, 8.273574710104825], [93.08815765375292, 8.267697573084746], [93.08834052099851, 8.26741111293262], [93.0930168625384, 8.261718749720714], [93.09524250024131, 8.259068131089464], [93.09811866254663, 8.253592014360137], [93.10057997748444, 8.253390550933403], [93.09984564775888, 8.25085842607561], [93.1013720032154, 8.245711445926503], [93.10490322090718, 8.239840746253705], [93.11186063256267, 8.232401132506439], [93.11585462069436, 8.232347845876575], [93.11544775930693, 8.226487755505573], [93.11798977850563, 8.226021051430536], [93.12314534178441, 8.220958948396898], [93.1253390310716, 8.22133135765624], [93.12862062484228, 8.21949553469122], [93.1314218043731, 8.219275832114107], [93.1324061159498, 8.218825340117519], [93.13439691098884, 8.217333435889358], [93.13592994211345, 8.214784741023095], [93.13880860813103, 8.215212821914363], [93.14585244643334, 8.210685610452828], [93.15263450108162, 8.209134459787577], [93.15320622888467, 8.206589460235591], [93.15858221060083, 8.205755948778219], [93.16101753693013, 8.200992346020016], [93.16406250018449, 8.200613856444335], [93.16747725027525, 8.199840307284589], [93.17185235040589, 8.201128244373123], [93.17308616629364, 8.198960900725098], [93.17547035177566, 8.200134158065097], [93.17712390464479, 8.199183702365971], [93.17664504083601, 8.198413848520232], [93.17826676400037, 8.198262453049935], [93.1790695186435, 8.195894241326329], [93.18519723376565, 8.19470965882384], [93.18776035285836, 8.192645310932363], [93.19168043110713, 8.1938649418139], [93.19523620568654, 8.193108320592486], [93.19947886445837, 8.193899154722317], [93.1995023484549, 8.193922758328853], [93.20181083710057, 8.196244239480166], [93.20346462739079, 8.201888442197898], [93.20535337905548, 8.212965965606955], [93.2046184539785, 8.215541243533593], [93.20197391476458, 8.218163728673218], [93.19763267051152, 8.220065474642098], [93.19432413575052, 8.224767803891197], [93.18249976675136, 8.228301167365174], [93.17406284802237, 8.233778953236296], [93.16406250018449, 8.238281249879805], [93.16406250018449, 8.238560318503929], [93.15486085374553, 8.242514848881399], [93.1358697414959, 8.261718749720714], [93.13558793083851, 8.261718749720714], [93.13341426855393, 8.264038920559813], [93.13093364247393, 8.267647505128394], [93.12647795679246, 8.276069045450114], [93.12621247782377, 8.27689945694462], [93.12579357631287, 8.280449510037002], [93.1266342400784, 8.284149646489169], [93.13071465485771, 8.291989326346453], [93.13384032237346, 8.301498413221353], [93.1325562002086, 8.304157733692563], [93.13339173783888, 8.305958747498295], [93.13130235641873, 8.309849142723905], [93.1313889026761, 8.310161948515315], [93.13394474985054, 8.3173146245704], [93.134130001199, 8.31768834594061], [93.13950502873459, 8.325473427956453], [93.14044845083575, 8.327731251496047], [93.14119660853706, 8.330566763545477], [93.14075064642546, 8.337042331938264], [93.1429333684803, 8.34114420454145], [93.14255130320035, 8.347619057073985], [93.1422468422185, 8.347987056057804], [93.13243854010685, 8.348275304062113], [93.13178622765238, 8.34842956027613], [93.13098216089841, 8.349539875864764], [93.12872600560107, 8.352275729541518], [93.12867104982948, 8.354899644603108], [93.1270704265593, 8.355418443706341], [93.12552714316328, 8.355281114531905]], [[93.22805976874386, 8.261718749720714], [93.22317671803128, 8.258627653043959], [93.2216049432138, 8.256576537777079], [93.22003424128766, 8.248882174872662], [93.21996593507995, 8.24756646132326], [93.22036755072222, 8.244591832247224], [93.22132337087689, 8.241873979400893], [93.22472286217058, 8.236147403280214], [93.2335125210864, 8.229850649787906], [93.23441350418014, 8.224198579800756], [93.23877346512361, 8.220865011511165], [93.23999500256778, 8.223602652140826], [93.24282145484668, 8.222750306181851], [93.24884402753017, 8.223773122232018], [93.25188505625047, 8.22864806645525], [93.25058424446766, 8.232831477890656], [93.25171077213483, 8.233388066506208], [93.24933624267359, 8.237000942639582], [93.24977946275217, 8.24057185640622], [93.23877310719357, 8.261718749720714], [93.23849105821606, 8.261718749720714], [93.23806452775605, 8.262430429121011], [93.23508894449927, 8.265402913313935], [93.23441672285381, 8.264127611700104], [93.22862374798788, 8.261718749720714], [93.22805976874386, 8.261718749720714]], [[93.5156249995944, 8.229631543460954], [93.51316165938314, 8.227943420652394], [93.5092513558657, 8.228471040306403], [93.50868630373012, 8.228310823385783], [93.50614154339772, 8.226200223361701], [93.50553095319131, 8.22594642658646], [93.49631440678465, 8.223564625207572], [93.49490690213216, 8.222905636186269], [93.49298453291013, 8.221246242220303], [93.49131584175305, 8.217666745324252], [93.49242997136642, 8.208834052050051], [93.49030435086539, 8.203507423329185], [93.49053335153306, 8.198800206264693], [93.48125934564254, 8.192318916384977], [93.47634255866231, 8.184106231018006], [93.46920466386442, 8.181034445483448], [93.46014952687929, 8.17920112623112], [93.45503234846424, 8.175321101987535], [93.4540803432337, 8.17376101026258], [93.4540270566039, 8.173416018634597], [93.45496344600636, 8.168722867866322], [93.45396864383801, 8.168319941012669], [93.45377993549587, 8.165685654069776], [93.45653665074636, 8.158388137702588], [93.45493507419454, 8.151157378910156], [93.45560443419734, 8.14580893533413], [93.45826375466865, 8.141392946627334], [93.46200156192285, 8.143449068419983], [93.4646259545244, 8.139346957496329], [93.45845103218986, 8.133924364817801], [93.45841455478822, 8.130767106816535], [93.46003782748394, 8.127346753949467], [93.4590207338201, 8.124216556548987], [93.45983314538373, 8.121511578396763], [93.46144473588609, 8.118438720870287], [93.46819710751086, 8.118192910974116], [93.46481573575787, 8.11634790862908], [93.46369850618137, 8.114492535302375], [93.46599161642021, 8.112373710078742], [93.46579694737144, 8.10893523677177], [93.46663534664427, 8.106228470767462], [93.46873295326353, 8.102380633259813], [93.47170102628164, 8.098048210456724], [93.4775973557337, 8.091124057529441], [93.47887134523668, 8.090464830187926], [93.4792232517519, 8.090756058545352], [93.4810546635421, 8.096426844323645], [93.48132932189097, 8.096601963010215], [93.48536276777779, 8.094814538859836], [93.48943567231859, 8.091552376740736], [93.48740100835002, 8.087646007757073], [93.48470664039965, 8.087220549288972], [93.48348534127595, 8.08593750001566], [93.48038423064784, 8.08593750001566], [93.48319947737409, 8.077389121111182], [93.48428344732335, 8.070013404195294], [93.48330950762787, 8.067066431071012], [93.48457121868697, 8.063201308593648], [93.48386597663367, 8.055932045327822], [93.48484146586131, 8.05202841747753], [93.48515915856845, 8.051466703625735], [93.48572194621116, 8.051071524431308], [93.488252758958, 8.051385163894324], [93.49050390683001, 8.049044132380885], [93.4930142168329, 8.051435351460427], [93.49442803832338, 8.053724050524565], [93.49433445936793, 8.058862447544172], [93.49425554295934, 8.059561013929894], [93.49203395850046, 8.060928463677811], [93.49205195933078, 8.062119364816937], [93.49616730197951, 8.065997361988863], [93.49793362623612, 8.064689278287773], [93.49945282938509, 8.064942836742716], [93.5026663543691, 8.069043159814186], [93.50478422631116, 8.068639517100266], [93.5063761468422, 8.072417020429427], [93.5124893190272, 8.073583841321252], [93.51269745812161, 8.0766005514744], [93.51387274253344, 8.07766520938219], [93.51316332852528, 8.080806731945344], [93.5132813456577, 8.081292629351566], [93.51453042034265, 8.083936452705402], [93.5156249995944, 8.083984256168634], [93.51965725387956, 8.081443071540761], [93.52261233349273, 8.083774924573376], [93.52401912228484, 8.08220207686442], [93.52418851858548, 8.078623056608961], [93.52980470652207, 8.078490615249933], [93.52348113074962, 8.0735272173075], [93.52479636675915, 8.06706452360882], [93.52494275570385, 8.066805362377679], [93.52843296520942, 8.068364143790333], [93.53014445330396, 8.066251039154182], [93.52763712365473, 8.063650131448611], [93.52407145473424, 8.063761234593343], [93.52393114610581, 8.063493013591938], [93.52410387979049, 8.05761790274407], [93.52555251133944, 8.055364370769269], [93.5254988667796, 8.053131461148155], [93.52139735210656, 8.051034212459129], [93.51801943734736, 8.046874999981412], [93.51399612412186, 8.04993414914189], [93.5156249995944, 8.057477712826355], [93.51407146482646, 8.060305834246961], [93.51430857198321, 8.063720941368501], [93.5120315551126, 8.068466544195829], [93.50848984682924, 8.063894152593065], [93.50885117014585, 8.057574510455467], [93.50664794444734, 8.057593464566992], [93.50328075860048, 8.055361152095756], [93.50743555990348, 8.053208351384555], [93.50870120549635, 8.050828337857496], [93.50559067716827, 8.040394902602628], [93.50370037597182, 8.047438979225689], [93.50286865236663, 8.047137379886323], [93.50136625754706, 8.040913939126966], [93.49958717820587, 8.039379954721426], [93.49691367182871, 8.041823148319793], [93.49296951333272, 8.043088435982526], [93.49021852046863, 8.046628356413791], [93.48748636210624, 8.046172618671676], [93.48573756203908, 8.045023203258339], [93.48538100692824, 8.044502377083262], [93.48624134066554, 8.038327574358036], [93.48527073835422, 8.034706950565436], [93.48521018070554, 8.022832512710394], [93.48553180704747, 8.016771078522396], [93.49234426057924, 7.999620556543718], [93.49332392176174, 7.998942375090678], [93.49670815425819, 8.000151037840297], [93.50069224804926, 7.997356414367218], [93.5021048788374, 7.998050450867666], [93.5022727247069, 7.998640656141475], [93.50128543367626, 8.00009345964564], [93.50141036479673, 8.000267743761398], [93.50203263719649, 8.000503063066148], [93.50504934824917, 7.998469352378834], [93.5063110593081, 8.001198530388109], [93.50738191624251, 8.00531935710272], [93.50716650523029, 8.007910370467386], [93.50922262702275, 8.009909271995326], [93.50663065947779, 8.013093948527143], [93.50687205819926, 8.014528751201155], [93.50816094856933, 8.015876054336431], [93.51004755535072, 8.01514363297234], [93.51201391221267, 8.016558050713584], [93.51006543657078, 8.020062804055257], [93.50625050076022, 8.02358484236683], [93.50817954564982, 8.033250332137342], [93.50834846530987, 8.033732652939662], [93.5156249995944, 8.034319043289273], [93.517223120051, 8.034399867160246], [93.5201394559713, 8.037134170405665], [93.52210485955183, 8.03313815610123], [93.52231395282686, 8.032925367511822], [93.52410304521985, 8.031861543275653], [93.52502954028134, 8.031932234485154], [93.52555227301949, 8.032359957446118], [93.52865886681334, 8.037962555727518], [93.52877783812696, 8.038339734091522], [93.52808761565123, 8.0449826717131], [93.53061103776943, 8.048525333277567], [93.53602004079252, 8.046269059269932], [93.53590166572971, 8.044483900511608], [93.539273261852, 8.042059421804922], [93.5390408041898, 8.039237022770436], [93.54140055149438, 8.037388443821769], [93.54966187489575, 8.035480141795318], [93.54998171338568, 8.035584449662736], [93.55022060839477, 8.036102652515623], [93.54972565211747, 8.041897058202807], [93.54853141269459, 8.04500150711408], [93.5451407428512, 8.048697233290895], [93.54884231102389, 8.050408243845652], [93.54866075499021, 8.056033969092454], [93.54988276997406, 8.057027459149964], [93.55106735247674, 8.06347274736963], [93.55304014668562, 8.066372036640345], [93.5521943567845, 8.073640704555018], [93.55045855012216, 8.07636272935666], [93.550764560636, 8.080358147410578], [93.54861366738689, 8.084681749662977], [93.54858386475362, 8.08593750001566], [93.54861044871356, 8.08593750001566], [93.54834723513719, 8.08791852032354], [93.54593205452099, 8.090680837450847], [93.54054534479204, 8.091555475804768], [93.53169465068802, 8.099469900115793], [93.5321865079014, 8.104512810717878], [93.52881825006236, 8.110311150938998], [93.52572655713507, 8.118932843476145], [93.52378141887758, 8.122474432149403], [93.52083277661151, 8.12480723846339], [93.5156249995944, 8.133091449610944], [93.5156249995944, 8.133649468148548], [93.51341760194103, 8.137019514739052], [93.5128355022571, 8.137593269613859], [93.50455117239918, 8.144013524304768], [93.50329256040348, 8.14808213728098], [93.50326013534723, 8.14846527545231], [93.50708305803695, 8.149114131811885], [93.50814855141473, 8.156356454087287], [93.51069116596457, 8.156250000437211], [93.51192963134761, 8.157872676882775], [93.51262760148282, 8.162225246298249], [93.5101497174359, 8.163321018050695], [93.50971925244195, 8.164327621122965], [93.50975632699303, 8.165191053924133], [93.51098024854005, 8.168230772332407], [93.5140744451796, 8.169642805970867], [93.5156249995944, 8.169642805970867], [93.51807665851143, 8.172560214782195], [93.52158582212829, 8.172121762908986], [93.52899384539003, 8.181031465130062], [93.53267395483957, 8.183084726179246], [93.53382444404295, 8.183547019979102], [93.53420364857996, 8.183451652272126], [93.53305196777441, 8.180640220469925], [93.52961730939163, 8.17720627794732], [93.5266717670884, 8.176588177502452], [93.52440524080956, 8.174291014918566], [93.52418124666738, 8.173885345132803], [93.5242455005297, 8.171970247828682], [93.52531325840047, 8.171209812582887], [93.5333141084594, 8.178111315185276], [93.5350257161642, 8.179807066942686], [93.53767120865965, 8.185037851315798], [93.53783833956814, 8.185575246600337], [93.53819584885983, 8.190627455292898], [93.53923165831466, 8.192062258866272], [93.5421962734396, 8.192826866966485], [93.54451656298934, 8.196097731825091], [93.54516136610451, 8.197898149380222], [93.54681801803738, 8.20943665537746], [93.54547142986283, 8.212895154787702], [93.5454795363519, 8.221657753103088], [93.54444324935676, 8.224021553651994], [93.54358685015322, 8.225173473677131], [93.53922414807644, 8.228176236244437], [93.53770947481283, 8.22893345371601], [93.5306837560507, 8.231393933183739], [93.53011024039554, 8.231524467080675], [93.52689111263501, 8.231093645055864], [93.52641642078154, 8.23120045663589], [93.52196216592156, 8.233118534292856], [93.52098906079655, 8.232929944661393], [93.5156249995944, 8.229631543460954]], [[93.56469631188568, 8.113615632455506], [93.57050144648466, 8.105942606866023], [93.57284855831446, 8.108704924892606], [93.5750968454432, 8.109412551048408], [93.57382786246617, 8.107834577204102], [93.57197630406333, 8.100371480359499], [93.56936752818913, 8.096447348866235], [93.56926500817409, 8.095436811260114], [93.56997597261332, 8.091408371898908], [93.57042312632657, 8.090582132359629], [93.57124900793545, 8.089926719942227], [93.57185220751356, 8.089886665037682], [93.57263815382808, 8.090718746573089], [93.57567524891383, 8.08593750001566], [93.57619070973388, 8.08593750001566], [93.57753896704972, 8.083457350576325], [93.58109247713637, 8.080449461873329], [93.57967591271361, 8.078353643106169], [93.58127880137587, 8.077384471616355], [93.58149325820753, 8.076808213928032], [93.58149743106176, 8.07598555099257], [93.5812338586559, 8.073539972391956], [93.58100533462883, 8.072914242997882], [93.58065593272559, 8.072802543602549], [93.57755780245114, 8.073868036081237], [93.57415044298884, 8.072560548630662], [93.57321631897824, 8.071522355072872], [93.57171332880742, 8.067106008435687], [93.5717132091975, 8.066274046510202], [93.57275235693587, 8.063666463136968], [93.57580935941465, 8.058316111199659], [93.57619535922865, 8.057925343180116], [93.57998263818823, 8.056527375837874], [93.58223831684526, 8.049167513969834], [93.58387470255573, 8.049640655392054], [93.58554387125312, 8.048529863162656], [93.5916062596215, 8.03859376918733], [93.59190535524809, 8.038198947923291], [93.59326505643767, 8.03772902517457], [93.59395194062986, 8.03782844522685], [93.60101282558153, 8.04392087454896], [93.60119914982138, 8.049339175662425], [93.60115194350786, 8.049784541523508], [93.59945225721597, 8.050906777625954], [93.59966444955498, 8.05299484693488], [93.5969896319663, 8.059164643133883], [93.59541165812155, 8.06182682524802], [93.59199547810934, 8.064592242338094], [93.59147191080021, 8.065919756791573], [93.59076273421331, 8.06916952175608], [93.59076273421331, 8.070231557240703], [93.59301614747747, 8.076591730024518], [93.59058785474579, 8.083059906889389], [93.59055733715164, 8.08593750001566], [93.59089934842623, 8.08593750001566], [93.59058773513621, 8.101393103908634], [93.58883476221482, 8.108840823245444], [93.58869624143873, 8.109286427426909], [93.580166220395, 8.124818920656736], [93.57893323907805, 8.124912023871033], [93.5783003564766, 8.125308513377234], [93.5726615191139, 8.124081373157125], [93.56393361124722, 8.121059060227608], [93.56348097346833, 8.120876550912214], [93.56170976139654, 8.119526505743664], [93.5613745453991, 8.118381857636791], [93.56137406785913, 8.117939233808713], [93.56225573981058, 8.115320920624043], [93.56469631188568, 8.113615632455506]], [[93.54529643078573, 8.02810490152011], [93.54327177986912, 8.025126457520145], [93.54882860175886, 8.020089030084876], [93.54795455965538, 8.01660227757327], [93.54876565910811, 8.014245509722528], [93.55051231429198, 8.01340615716866], [93.54961395272178, 8.012447952910861], [93.55031537985107, 8.009392857894156], [93.55235922319977, 8.007173657538232], [93.55052614226773, 8.0053074356898], [93.55189120791331, 7.999794006088578], [93.55107092818102, 7.996291637749053], [93.54867494089606, 7.997391343136243], [93.54770934600961, 8.001536130488162], [93.54299354581573, 8.006352544134742], [93.54189574699151, 8.0112648012297], [93.54238653221316, 8.014927506099497], [93.53676843681401, 8.01834726361551], [93.5369516610904, 8.021136045092547], [93.5349817276248, 8.024181246667268], [93.53295040104061, 8.025141000456955], [93.53011512731157, 8.023511648344083], [93.52827167539752, 8.018230914725166], [93.53024434999728, 8.015485047996592], [93.53078162657093, 8.005991459138698], [93.52765417120352, 8.004744529336534], [93.5253764393714, 7.999828338607003], [93.52365350740374, 7.999162912238688], [93.5221041436914, 7.997628331582362], [93.51926493632803, 7.993734717683154], [93.51837301210512, 7.993160128237349], [93.5179476741462, 7.993166327264333], [93.5156249995944, 7.994419574803587], [93.5156249995944, 7.994698643427881], [93.51495611623184, 7.995013355782021], [93.51478123676495, 7.997202754403617], [93.51322984688002, 7.998965263735968], [93.5071780678139, 7.996416449259868], [93.5050877331129, 7.993805765923511], [93.50811874878175, 7.988839507237614], [93.50721514236497, 7.984960555885138], [93.50736355748248, 7.984486937822155], [93.5156249995944, 7.979073644133379], [93.5156249995944, 7.978794574609978], [93.51722216587044, 7.975916743163324], [93.51624774953419, 7.97471940557611], [93.52051675304622, 7.971370339269967], [93.52109873312023, 7.971037149445081], [93.52465534227034, 7.970559358527851], [93.52439773057128, 7.968561529890749], [93.53547906890415, 7.963698864111549], [93.53756713911238, 7.961622953636478], [93.53788006271478, 7.958426951942343], [93.53910243472993, 7.957082509550432], [93.54254865659541, 7.955305814312041], [93.54545152157058, 7.951606750750983], [93.55187594911607, 7.949030518643696], [93.56210684805299, 7.938983440233741], [93.56248390680699, 7.93732655087976], [93.56878781350693, 7.933502555298773], [93.57380485511024, 7.928812503594344], [93.57540345220778, 7.929337143794427], [93.57744336102272, 7.9282885792546125], [93.5768892761196, 7.931547761020596], [93.57930755579932, 7.933394909148021], [93.5792893175483, 7.936523437406876], [93.58114635911747, 7.938320517577864], [93.58119535418254, 7.938836574648448], [93.58020305662595, 7.94232130008821], [93.58179485754707, 7.949356556160325], [93.58179175848315, 7.951006651136183], [93.58150887493466, 7.95195841804653], [93.57963621573893, 7.95436036603823], [93.57963836152149, 7.9546958212551715], [93.58155751206985, 7.957808971107212], [93.58181345462756, 7.962709546008824], [93.57969892006938, 7.964068770557475], [93.57934284249822, 7.965567946703544], [93.5820609327661, 7.9685630794225375], [93.58275926083141, 7.970398664067176], [93.58272647874443, 7.971279144417139], [93.58195614825783, 7.975418448602596], [93.579867601409, 7.976911425721866], [93.57964670633069, 7.97844326524465], [93.58024442184282, 7.98068177674277], [93.58295142616785, 7.983119249753756], [93.58153092900946, 7.985174655685967], [93.5826994181439, 7.991437077559127], [93.57679033270782, 7.999399542754844], [93.5725791457111, 8.007030129337267], [93.57129871886096, 8.011616706845814], [93.56660687930426, 8.015628218267608], [93.56461107773939, 8.02362263187915], [93.56307327750991, 8.024921179169297], [93.56106305081929, 8.02346301120923], [93.55989205797223, 8.02473735774295], [93.55660760435748, 8.025035143057579], [93.55439531798979, 8.026476741008992], [93.54779434183573, 8.026957512279608], [93.54697763960652, 8.028660059314518], [93.54602432226491, 8.028434038100414], [93.54529643078573, 8.02810490152011]], [[93.4655499458735, 7.928022027394832], [93.46515202554579, 7.92927885063844], [93.46235382546874, 7.9342912436462], [93.45942556813557, 7.93750000042489], [93.43970644479677, 7.954490661614869], [93.43598806829485, 7.956315755667831], [93.4327756162019, 7.964931726718049], [93.43012881249493, 7.967633843227347], [93.42254924804959, 7.960046648933982], [93.42082571983158, 7.959295153848444], [93.41635644449448, 7.959292531425277], [93.41227054564919, 7.961914777345143], [93.41023910035446, 7.967789531162154], [93.40536475148255, 7.971297025637199], [93.40269517873978, 7.97449386100287], [93.40217375721338, 7.976628660884188], [93.40226852866991, 7.978302955716828], [93.40449285516152, 7.983899712901547], [93.40303957501649, 7.9899798628806025], [93.40302514989096, 7.994399547800953], [93.40359044034685, 7.99787104151531], [93.40579152116206, 8.00351011719816], [93.4095988271242, 8.005332470117395], [93.40974581231941, 8.00659525406796], [93.40773355945649, 8.009068131589203], [93.40613174458454, 8.010573148831938], [93.40249991433993, 8.01232826753565], [93.39801502227553, 8.017548441707333], [93.38564240946985, 8.021212458688169], [93.3825316428213, 8.02281534645114], [93.37945115544679, 8.02478551823721], [93.37708210915238, 8.023195863098834], [93.37156045435168, 8.022051453312173], [93.37084043014218, 8.021544813942072], [93.36578822144938, 8.01419103149118], [93.36524546170884, 8.013653159565862], [93.36111044908799, 8.010353207934273], [93.35480082000211, 8.007885455649443], [93.35057890409334, 8.008970618099653], [93.34956765152614, 8.013564705846676], [93.34881901718441, 8.014934659307215], [93.3473193643974, 8.016546964770754], [93.34672093392422, 8.016084074720283], [93.34208083146532, 8.010634541950793], [93.33673155331886, 8.012150406816076], [93.3267151121128, 8.002409338920117], [93.32212233557735, 7.991127848371534], [93.32408285134292, 7.976789951595109], [93.32143700091714, 7.97298645965752], [93.31704902609195, 7.9704842570429975], [93.315015316304, 7.9659154411449435], [93.31059050524803, 7.96162140410469], [93.31234240527797, 7.950029611477575], [93.31812334091964, 7.94303083460531], [93.31896853457053, 7.939815044229192], [93.31891334047847, 7.936493158132862], [93.31740725034453, 7.93364310224743], [93.32206141909964, 7.926785349864048], [93.32254636322412, 7.926554441734368], [93.33082425573488, 7.923303961808614], [93.33126974120589, 7.923431753672546], [93.33275270437397, 7.925235032870603], [93.3306149241399, 7.928567647878907], [93.33394157844143, 7.935564636898562], [93.33768665761343, 7.936054825869661], [93.3429473642299, 7.931715249859039], [93.3477673526813, 7.935450434689983], [93.3484517331614, 7.939351677538042], [93.34656524688913, 7.940443753976211], [93.3433053492628, 7.938743948974121], [93.3431910274443, 7.939454555483493], [93.34978365878888, 7.945081353621674], [93.35074424714938, 7.944862842646316], [93.35098850751402, 7.943086862368986], [93.35437464747233, 7.941002368764586], [93.3577202558852, 7.941829800804811], [93.35231912103083, 7.9355591537321], [93.34493196024206, 7.930681467475694], [93.3447991609527, 7.92825972990282], [93.34600210221575, 7.927217841030753], [93.35104024371245, 7.931896447962842], [93.35160315006564, 7.931053042164223], [93.34472811181317, 7.922402262854263], [93.34261214733309, 7.9178905485101865], [93.34513771523385, 7.91474926516652], [93.3466044663235, 7.910156250310692], [93.3470213416621, 7.910156250310692], [93.34651386772092, 7.907366633363566], [93.34381616148679, 7.906521916353626], [93.34448766727226, 7.901706218567298], [93.3489917517683, 7.898856043971406], [93.35016906235242, 7.893465519318454], [93.3523541685104, 7.891422152610261], [93.35556781310439, 7.8893009423845655], [93.36450791330978, 7.886516451573215], [93.36741805110265, 7.885964870382722], [93.37068176275338, 7.886483549876033], [93.37216925580654, 7.883726000954113], [93.37248647187337, 7.88356542610363], [93.37709343431479, 7.881655454935384], [93.37752854790429, 7.881735920876139], [93.38004207568142, 7.882263660140069], [93.38193857680423, 7.8853193523063965], [93.38670170292156, 7.887270569980942], [93.3886779550239, 7.888771772299663], [93.39215731600783, 7.89232885809038], [93.39241003989187, 7.892690062696246], [93.39462041879747, 7.898299813285902], [93.39754664905897, 7.902035236437143], [93.40506672874679, 7.903394222665312], [93.40805077552332, 7.90223741572423], [93.41448461986951, 7.906101941951164], [93.415082573702, 7.906307101591466], [93.42064344883633, 7.9072934393409895], [93.42262101215042, 7.907176613809696], [93.42879784104784, 7.905450344457876], [93.43955945960155, 7.899972915617781], [93.44120585926314, 7.89893507999021], [93.44318163382567, 7.896976470787735], [93.44691514951464, 7.892151474910676], [93.44829440106608, 7.888240456432001], [93.45113456261006, 7.8849042657194275], [93.45153701282314, 7.884075164537407], [93.4512373209457, 7.881510734233032], [93.45316720040628, 7.875419259091572], [93.4616402386064, 7.872180342648875], [93.46448755245902, 7.87446415389779], [93.46675765534187, 7.879111647884429], [93.4704755543037, 7.882876277418404], [93.47241890470892, 7.890002250803462], [93.47483861431087, 7.892593145457482], [93.46805572509211, 7.910156250310692], [93.46773576699238, 7.910156250310692], [93.46567344707219, 7.915444969909487], [93.46555614490049, 7.915928363603356], [93.46629762693405, 7.923536658690111], [93.4655499458735, 7.928022027394832]], [[93.34187197651093, 7.906015038663227], [93.34161913391634, 7.9063512088415], [93.34079563640964, 7.905759572746362], [93.34070777894104, 7.905041575608351], [93.34241712125319, 7.904373765137251], [93.34260416045376, 7.904687762530486], [93.34187197651093, 7.906015038663227]], [[93.34019207980086, 7.910156250310692], [93.33962774262645, 7.911148547867441], [93.33878886671309, 7.910156250310692], [93.33880817875482, 7.909191608705967], [93.33937764206465, 7.908650160176933], [93.3398778440874, 7.908650160176933], [93.3404612540838, 7.909732818914435], [93.34019207980086, 7.910156250310692]], [[93.54013156851718, 7.513812065374651], [93.54248166070036, 7.510056257290472], [93.54774844673372, 7.511976837760955], [93.54998183209639, 7.516290664382822], [93.54964375535522, 7.518391370965205], [93.54916644107848, 7.5190626384302846], [93.54579913652108, 7.522580504786717], [93.54332804685228, 7.525111555853769], [93.54058063059185, 7.52392172850503], [93.53978204700397, 7.519417643109975], [93.54160177750046, 7.517790436779407], [93.54013156851718, 7.513812065374651]], [[93.63025951416537, 7.47806215244654], [93.63300800331703, 7.475594401060903], [93.63383758024028, 7.475796342027607], [93.63429415255328, 7.476237058393494], [93.63429415255328, 7.4780887364061925], [93.63220310199162, 7.479910731395293], [93.63051545582366, 7.479910731395293], [93.63025951416537, 7.47806215244654]], [[93.64734637763351, 7.476871370917067], [93.64406061190803, 7.47420775888115], [93.6440792080891, 7.4710576531882396], [93.64426124076388, 7.470757126740153], [93.65189981422546, 7.470338940190146], [93.65256416770231, 7.470785140621942], [93.65259373201562, 7.473632812404588], [93.64986181287262, 7.476253509691773], [93.64767444132261, 7.476768850901834], [93.64734637763351, 7.476871370917067]], [[93.71099805831406, 7.445048570735054], [93.7083425518675, 7.443420410223752], [93.70571613309338, 7.444661974670652], [93.70482444719059, 7.443396806617486], [93.70499956587767, 7.440555930112154], [93.70680510956859, 7.437448858777984], [93.70659947418673, 7.426902174595725], [93.70929610752947, 7.423692702855973], [93.70898962037481, 7.4175225496261135], [93.7061135767805, 7.411698341305424], [93.70680964035287, 7.4094004628611], [93.7057204246581, 7.404628157363746], [93.70310556846741, 7.402088761487235], [93.70372331098204, 7.401057600627865], [93.70804536370267, 7.399997115574578], [93.70928907393179, 7.397040963070111], [93.71344804718981, 7.3962240216213075], [93.71449697055888, 7.394598364822713], [93.71433055371224, 7.393158554723655], [93.71405434583161, 7.392924427920192], [93.70961344230679, 7.392560839211541], [93.70727050333116, 7.393854975326974], [93.70045995726147, 7.392566442887286], [93.69890701784485, 7.3939863446942695], [93.6937612292974, 7.389754653154867], [93.69154155230106, 7.390112876508155], [93.68414616541358, 7.387380957365423], [93.68152487277487, 7.384001016433757], [93.68156254267754, 7.382812500296694], [93.68005216097865, 7.376498222614913], [93.67446231868124, 7.3733402487536495], [93.67158162559193, 7.373636841567077], [93.66570794556574, 7.380845307964734], [93.66373860835031, 7.38105845448419], [93.66208374516881, 7.380845307964734], [93.65628254420423, 7.373569846571385], [93.64987933616257, 7.368764638477387], [93.6473877428501, 7.3691725727561845], [93.64069533352321, 7.3735505345298265], [93.63950097538984, 7.373798727629321], [93.63519680478899, 7.373152971232699], [93.6341396571195, 7.372728466945333], [93.63237392911375, 7.370396256881861], [93.63101065132079, 7.361270427788213], [93.63101065132079, 7.360602975247332], [93.63181185733148, 7.3514883517062515], [93.63339674516399, 7.347625613331587], [93.63213694066772, 7.337133765311165], [93.63647413257539, 7.331784247944839], [93.6359697576984, 7.321288942930522], [93.62971055539796, 7.314283847421706], [93.62941431961539, 7.314059257928392], [93.62533652815827, 7.311765551439208], [93.62231206854759, 7.31149923789954], [93.62193524811326, 7.311199069381672], [93.62114691769634, 7.309079528297701], [93.62115097004144, 7.308374643275258], [93.62223672874225, 7.306275010483361], [93.6262967585889, 7.30580353730349], [93.62866020210711, 7.303030013724239], [93.63422524919613, 7.286136508093406], [93.63395607491319, 7.283249616876304], [93.63114070857714, 7.278885364368122], [93.63373494151475, 7.276991844498156], [93.63385164743593, 7.275008916728083], [93.62947475945279, 7.2696665525694755], [93.62897884809573, 7.265810131932241], [93.6293811795978, 7.264766573918379], [93.63013255597278, 7.263640880822123], [93.63245141470131, 7.263347268361912], [93.63649284836643, 7.259665727191688], [93.63848185555341, 7.256322502881318], [93.63805115223906, 7.252931952647586], [93.64484965818562, 7.245018959157889], [93.64823520189313, 7.242610454209341], [93.64867115005362, 7.242707252737645], [93.65328812554694, 7.244827747102988], [93.65364956847301, 7.245120524992387], [93.6605695485463, 7.252956032894801], [93.66887652872899, 7.257675051762391], [93.67130255696762, 7.268314957869137], [93.67365765567658, 7.271065712412749], [93.67512345348476, 7.275597334149808], [93.67750895017801, 7.27759242075382], [93.67698562118952, 7.2809330226410225], [93.67943024650893, 7.284847616824138], [93.68333935752551, 7.286175965848429], [93.68670034434567, 7.29069685957252], [93.69829690427903, 7.293556213548683], [93.70527815786093, 7.299160241751949], [93.70724892589752, 7.304117441566859], [93.71355295220738, 7.305274843858996], [93.71545314774474, 7.306772947113956], [93.71846163269853, 7.305012345243711], [93.7248451707683, 7.309879541807533], [93.72912383120004, 7.321032047091435], [93.73272776627354, 7.323320150804506], [93.734370351011, 7.326303959260471], [93.73746395140054, 7.338868856112953], [93.74262225671205, 7.347537755862817], [93.74881017245187, 7.352260231724472], [93.74773955383759, 7.354770780047659], [93.74884617321246, 7.356763243329041], [93.75553035734052, 7.359925627465913], [93.75502896281668, 7.363056540727001], [93.75715696831978, 7.3671455386358105], [93.75637495474089, 7.374302506255958], [93.75430297879976, 7.3766181472099674], [93.75157344375955, 7.3767819407341335], [93.74808216136276, 7.381945371281972], [93.74421632302531, 7.382876754159014], [93.74104917068271, 7.384792804744322], [93.72973847375184, 7.393949508463308], [93.72574675101177, 7.396019459130898], [93.72133064269505, 7.402131557525593], [93.72100925467342, 7.416980862776697], [93.72209215173186, 7.420842409549621], [93.72039365794106, 7.422814249578124], [93.71987044766311, 7.430326819027499], [93.71605706228391, 7.433872580555175], [93.71325266318004, 7.443819046411903], [93.71312725541898, 7.44421374806619], [93.71099805831406, 7.445048570735054]], [[93.76594662633588, 7.394145012082831], [93.77021944567119, 7.393862247244883], [93.77095425113797, 7.394177555849794], [93.7718298436728, 7.395082831407606], [93.7722705600386, 7.398397445585928], [93.76760900065514, 7.4038269522522455], [93.76719176738649, 7.404102563882475], [93.7625643013017, 7.398592710885154], [93.76258134885049, 7.397081613325895], [93.76533973234294, 7.394359708134161], [93.76594662633588, 7.394145012082831]], [[93.84471535662877, 7.2860876317389796], [93.84573340447346, 7.285770654892076], [93.84621393652415, 7.286191820896008], [93.84839773147044, 7.290058374194615], [93.84421765831874, 7.288158178656985], [93.84471535662877, 7.2860876317389796]], [[93.84735751173983, 7.243617176891448], [93.84568822343286, 7.2402671573035775], [93.84331285940144, 7.239727974166954], [93.83676314370436, 7.241778254862751], [93.83633744691596, 7.241009235587825], [93.83816790542463, 7.238464951896091], [93.83620750926926, 7.239352821975331], [93.8311265708351, 7.236164331418948], [93.82636606714058, 7.237845301919251], [93.81640970694266, 7.23507010919829], [93.81591296191382, 7.232557177671865], [93.81058514159113, 7.231389165177944], [93.8066643474821, 7.2328989506263355], [93.80537700664391, 7.227783441352912], [93.8089082243354, 7.228660703029021], [93.80898594824308, 7.223281979280131], [93.8103288411032, 7.219766736246058], [93.80925548045641, 7.218888759608703], [93.80632317077814, 7.2193111181138505], [93.80675172830976, 7.216842055516636], [93.80795025839817, 7.214847564263948], [93.81164860699764, 7.214063048770839], [93.80743587046922, 7.210290908998303], [93.80413234223388, 7.212427616341543], [93.80325734594985, 7.211761235792579], [93.80277621764864, 7.211177945406092], [93.80278480077803, 7.2091267105293895], [93.80446875073235, 7.207031249692449], [93.80451893829846, 7.207031249692449], [93.80282592767495, 7.201567531017005], [93.80152475796129, 7.203016161666753], [93.80182301991695, 7.205414533953828], [93.79910552500021, 7.2066029313803455], [93.79917943488331, 7.207031249692449], [93.7988437413459, 7.207031249692449], [93.79697656621576, 7.209441900423485], [93.79449081399994, 7.210098147411614], [93.79309344290849, 7.212642907744197], [93.78758752354557, 7.210909128153816], [93.78468370438961, 7.213292956604718], [93.77723836915558, 7.211875319290783], [93.77768123130411, 7.2096737627339], [93.77745306520708, 7.208897948182013], [93.77619910270667, 7.207615255939459], [93.77521872476464, 7.207031249692449], [93.77015614509034, 7.207031249692449], [93.76470804224263, 7.2096370461129595], [93.7643095256644, 7.2110142705921305], [93.76603996787063, 7.21424484222598], [93.7634990215627, 7.213530540402246], [93.76083755530928, 7.214513301547683], [93.75420081581538, 7.210676550882326], [93.75187504309909, 7.207031249692449], [93.75168597682651, 7.207031249692449], [93.75428867328398, 7.203929424103805], [93.7544440032884, 7.20357215403196], [93.75430965446733, 7.2025362249669485], [93.75375521163383, 7.202248811533622], [93.75057244256428, 7.202955126478116], [93.74614346045266, 7.20030891902158], [93.73666644070377, 7.189499378293817], [93.73345196243835, 7.187269210705523], [93.73282694800551, 7.18712985535862], [93.72930741340681, 7.187420845395749], [93.72541904435352, 7.185855269605057], [93.71918666343399, 7.187686443075151], [93.71842706185973, 7.190081358368261], [93.71289110154342, 7.192171216428733], [93.706937551827, 7.191699862858513], [93.70145523517115, 7.188598870941391], [93.69373023506259, 7.190202236244232], [93.69219124323146, 7.19164502579757], [93.6860766411244, 7.1899091004246145], [93.68349278006818, 7.183082938526837], [93.68145787687982, 7.182496308957653], [93.67298960688501, 7.175569176576346], [93.67573225493996, 7.172253847437304], [93.67447912701019, 7.160202741363719], [93.67774641526509, 7.156839608761089], [93.67854404467212, 7.15395927450092], [93.67669594326324, 7.141622424135548], [93.67269515985399, 7.137629628504627], [93.66927111167288, 7.1393890378738405], [93.66739714126541, 7.139050960233732], [93.66706800468486, 7.134648322861821], [93.66535055678284, 7.131526828200762], [93.6635847091674, 7.129743337684957], [93.65791976448563, 7.129155278193721], [93.65564847000095, 7.125228404667283], [93.65613615525953, 7.115097641642805], [93.6582629682616, 7.111906409053603], [93.66280925254537, 7.111621141402679], [93.66749835006888, 7.11743533577237], [93.67262923685004, 7.114919305181829], [93.67461097211915, 7.112242340911308], [93.67409074309379, 7.110026836769208], [93.66799795584146, 7.10603904766397], [93.66601121404656, 7.103577852336073], [93.65923821916883, 7.102272152737854], [93.65734624883075, 7.0993151665619365], [93.65743112594586, 7.094517469605506], [93.6587228770592, 7.091061949649287], [93.66035294503243, 7.08970415592232], [93.6605249646556, 7.086035728666133], [93.66239035103402, 7.0851757528589445], [93.66610372101016, 7.086711168085998], [93.66640114749546, 7.086576104303887], [93.66959440715627, 7.083860158919293], [93.66985034971415, 7.082769632013097], [93.67011427915068, 7.081561445904157], [93.669500828201, 7.079577326532515], [93.66889166791631, 7.078720807719307], [93.66379916689826, 7.073655009371393], [93.66208815544425, 7.069334149151899], [93.66291415666305, 7.066953658984161], [93.66797614098621, 7.0671056507055], [93.66830384764481, 7.065836072376996], [93.66717040509045, 7.060122847591373], [93.66763067271765, 7.05428957950059], [93.66451215751059, 7.04834115502041], [93.66437745075896, 7.0475831029779386], [93.66473472083081, 7.04402136769221], [93.66515970265849, 7.042154908422404], [93.66667616377421, 7.040486454686345], [93.6706093550379, 7.039034127822944], [93.67299914329587, 7.03669083091728], [93.67292404181117, 7.033528566390416], [93.67273664468055, 7.033156633771853], [93.67147171494807, 7.031834006234575], [93.66990780829897, 7.031249999987665], [93.66912925261303, 7.029282450624763], [93.66966557500663, 7.027469038765332], [93.67416691746931, 7.023608804103276], [93.67409574961928, 7.022558569522374], [93.67364251648925, 7.02144002873456], [93.67008876808242, 7.019718647197777], [93.66944754157097, 7.012303113697811], [93.66381597522721, 7.010515809157354], [93.66353201878789, 7.0101133589443805], [93.66272604457137, 7.00740134719436], [93.66299593471476, 7.006560206788237], [93.6645029781304, 7.004462360949319], [93.66695702115013, 7.003069043101917], [93.67332684995463, 7.00332963425528], [93.67468547825226, 7.0049705507505], [93.67713224845468, 7.01568675084313], [93.68118023907712, 7.017545938194758], [93.68670952282665, 7.017946600555291], [93.69460225099326, 7.014654517092296], [93.70090961468699, 7.009443521401607], [93.70623755461978, 6.999879836685267], [93.7059366702413, 6.997032761153136], [93.7034871580062, 6.994078159079919], [93.70477271099222, 6.990414023388524], [93.70847964272153, 6.99005568042557], [93.71160042242181, 6.9925996061869995], [93.71619057653399, 6.993520260151882], [93.72271907362668, 6.991856932551428], [93.72929835363638, 6.984651446507243], [93.73367083044465, 6.977262258646377], [93.73139607896618, 6.9693772790381985], [93.73216652906225, 6.967358946758139], [93.73511862742285, 6.965674757583969], [93.73515796646743, 6.959897518156055], [93.73830306563437, 6.959636449462636], [93.74262881276971, 6.963379144532055], [93.74529337898653, 6.961660147098229], [93.74846613410526, 6.956251859935591], [93.74640214414384, 6.951827048879366], [93.74965465024232, 6.948492407698581], [93.75079715256689, 6.944840430841481], [93.74933755378541, 6.941691755969799], [93.7513542178232, 6.94005644315051], [93.75208246723227, 6.937226533877549], [93.75124454460027, 6.92946994328355], [93.74889624116892, 6.928353428668032], [93.74313128018494, 6.92891764623252], [93.74182355441391, 6.927855134107389], [93.7418806550684, 6.924802660614404], [93.74670255188144, 6.918093919598888], [93.74910330737194, 6.910485625411511], [93.75233352197469, 6.907430529495528], [93.75414645629397, 6.907057404375749], [93.75643622914893, 6.9090917113134935], [93.75796175003498, 6.913124203919011], [93.76208412628168, 6.916055440706174], [93.76377022291766, 6.916533827874105], [93.76570725468642, 6.915038943292558], [93.76626980310928, 6.911443353028275], [93.76543903368466, 6.90921711907491], [93.7631585598198, 6.907835721741236], [93.76508021318139, 6.904055953019935], [93.76780843701002, 6.901970148203873], [93.76696968070624, 6.898855447920752], [93.7680412535012, 6.895246505422136], [93.76881980918714, 6.894858956076092], [93.77086496374741, 6.897102236678975], [93.77166032776225, 6.8937498329885045], [93.77620804286701, 6.890918732114059], [93.77935397660488, 6.891368150319906], [93.7806395295909, 6.890260338443895], [93.78052115452792, 6.888700246719026], [93.77728617171962, 6.884686946545415], [93.78026664279142, 6.88358545330604], [93.779210328794, 6.880785107447011], [93.77169144160726, 6.876524925385141], [93.775496244756, 6.86984884774634], [93.77332460864389, 6.866498708548818], [93.77337443827994, 6.865177154802026], [93.77352452253902, 6.864826560397404], [93.77929961708375, 6.857234954929325], [93.7809127571181, 6.855468750282782], [93.78147482890037, 6.855468750282782], [93.7824361322221, 6.854678631114027], [93.78597104522797, 6.855468750282782], [93.78597104522797, 6.855608225239436], [93.78791034238887, 6.857068419372155], [93.7884721758505, 6.856882453062866], [93.78990554770317, 6.855468750282782], [93.79018664339904, 6.855468750282782], [93.79086124914764, 6.852749347904307], [93.79393243753205, 6.851021647730974], [93.79421973225519, 6.850574851048663], [93.79435360443537, 6.849237442254193], [93.79350388089964, 6.84749150293068], [93.79133081396631, 6.844826221752868], [93.78780400744901, 6.8423093556921515], [93.78575444261381, 6.835369467327112], [93.78665053879152, 6.830695151959716], [93.79490506691567, 6.8238513471620905], [93.7961000203999, 6.818742751876627], [93.80353295847934, 6.812254548009122], [93.8063483239163, 6.812531948390898], [93.81054472965602, 6.818065762924704], [93.81331872897638, 6.81802344352721], [93.81395745267449, 6.817769170111376], [93.81527364286441, 6.816242813754954], [93.8154208663801, 6.815461277715869], [93.81559145428255, 6.811275005537183], [93.81311941133205, 6.8075727224032505], [93.80847013039241, 6.806702971864908], [93.80829584627648, 6.805998444772598], [93.80922615536295, 6.8029191489997345], [93.80769395790995, 6.79813134638475], [93.80789005778016, 6.7973253730675935], [93.80836975615958, 6.796612143236047], [93.8114472631809, 6.794852614256996], [93.8117792605045, 6.793347000763561], [93.8087377551436, 6.789876341620015], [93.80760943872488, 6.78388774352473], [93.81220424143297, 6.780678629715197], [93.81286990612134, 6.779360771282683], [93.81280374569636, 6.778896451310345], [93.81133925909992, 6.7767988446911005], [93.8056702611739, 6.772685766535162], [93.80401074849757, 6.768962979757831], [93.80472886524504, 6.7652417425125435], [93.80485534679687, 6.76490616768551], [93.80661654491806, 6.762745738025544], [93.80971622472416, 6.762142658057357], [93.81080436662845, 6.759950041661085], [93.82041132492284, 6.7557922600049665], [93.82629597218184, 6.754214644090524], [93.82890033688122, 6.754269719471935], [93.83063540585547, 6.755425101353836], [93.83749999962535, 6.754444445155102], [93.83494997016541, 6.75553715201805], [93.8392219540302, 6.7703608274902365], [93.84725344219291, 6.7791202071320384], [93.84685385182391, 6.786453962580467], [93.8489494322707, 6.790403962173215], [93.84616673021063, 6.800094842503157], [93.84877157245032, 6.808335542651378], [93.85151147847219, 6.813141226486607], [93.85073924052378, 6.815691947525437], [93.85094737961825, 6.815947651762684], [93.85291111495624, 6.816372752300836], [93.85498082640416, 6.815374851068611], [93.86718749990345, 6.815011143649585], [93.86822605139153, 6.814994811961228], [93.86975514888124, 6.812071919083891], [93.87764024719988, 6.8037467006498815], [93.87890553486287, 6.801391958971962], [93.87959313401612, 6.79509580173], [93.88029587235715, 6.793385744456614], [93.8807172775806, 6.7932701114264376], [93.8819085357504, 6.793022632388642], [93.88286137555221, 6.793116450564], [93.88278770488895, 6.7945939305656395], [93.88301205606186, 6.794747113888377], [93.88739144775755, 6.796730876229077], [93.88920855493134, 6.803775549102397], [93.89399445098334, 6.803601503306751], [93.89630901814698, 6.804504633082601], [93.89787232854533, 6.806612372363048], [93.90200102342865, 6.812714457706292], [93.9017844199154, 6.820191621746218], [93.90874934180894, 6.8285442587106076], [93.91017627721371, 6.835768103515349], [93.90754580519527, 6.839247942038995], [93.90523505205638, 6.840394973349461], [93.90109396001841, 6.840431213330078], [93.89610672014922, 6.841690420676471], [93.8957493304674, 6.842128515518652], [93.89379191376602, 6.846559048061806], [93.89339697379162, 6.849258303827909], [93.89339661586158, 6.85023641547842], [93.89472794523883, 6.855468750282782], [93.8944468495425, 6.855468750282782], [93.89307141291559, 6.865349053915722], [93.89335978052983, 6.866117238619921], [93.89439594701585, 6.8674899341133795], [93.90071380130101, 6.871125936313149], [93.90167856251574, 6.872814417051842], [93.90166044207584, 6.8811011310125565], [93.90009164851094, 6.883030533832283], [93.90015244448009, 6.8860181572124475], [93.89756774885294, 6.8885115383769175], [93.89658057653278, 6.891182541941021], [93.89698457717682, 6.893219113371629], [93.89970862905014, 6.894778848065556], [93.90030765577401, 6.896656632497866], [93.89733231083781, 6.902134418368718], [93.90213716010189, 6.907395601625865], [93.90918612454007, 6.905045151512738], [93.91263401464815, 6.907119154525361], [93.91327881776331, 6.9099720720535345], [93.91645050089014, 6.912523031412931], [93.91577434561, 6.917129159283249], [93.91059494040465, 6.922500610214939], [93.90913414912214, 6.927288532439945], [93.91115713089712, 6.931936145137129], [93.91742944711146, 6.9329365491826], [93.91729640950174, 6.943420767354624], [93.91826844173565, 6.946885347081377], [93.91843557354306, 6.947132468188954], [93.92752075238101, 6.9549243445829205], [93.94002103834057, 6.9501073364844785], [93.94330012839848, 6.95109522376552], [93.94562327869167, 6.954844951533545], [93.94432055944665, 6.959368348070882], [93.93550705950364, 6.9628870489983115], [93.93313884777993, 6.970145702062695], [93.92837154880837, 6.973902344717516], [93.92797386680084, 6.978330254837587], [93.92920053038054, 6.9831832645962635], [93.9278588291219, 6.9861365554578185], [93.9188679459991, 6.993043065485253], [93.91566431535622, 6.993303537028794], [93.91386783143574, 6.996277332433209], [93.91386795014628, 6.999831557480633], [93.9158419368562, 7.004032253885583], [93.91926753546872, 7.007453322612818], [93.92478024920942, 7.010772943316653], [93.92649674382997, 7.011078357580402], [93.92722845113221, 7.010980367450259], [93.93005847911562, 7.009454608243544], [93.93382894974653, 7.000687718363537], [93.93913555146477, 6.997716069641157], [93.94127571580199, 6.994186520191732], [93.94266355048259, 6.992898941033417], [93.94402551616511, 6.992580652075475], [93.94458234310096, 6.9929577108298275], [93.94787180414087, 6.997938752571471], [93.9478119614532, 7.002368330933805], [93.94629907604192, 7.008011341150592], [93.9457805152588, 7.009032249738667], [93.94517493247739, 7.009574174908465], [93.93984425051187, 7.010548352924147], [93.93944466104253, 7.010748863069793], [93.93663930865719, 7.013244509626574], [93.93494510643157, 7.0163216587178425], [93.93489444222487, 7.019654631656024], [93.92858135704446, 7.026898265143004], [93.92810952683365, 7.027212142926061], [93.92692232100845, 7.027161240399067], [93.92069065594936, 7.023466110472583], [93.91802477852096, 7.023586153778098], [93.91746294505916, 7.023958325616249], [93.91611695313495, 7.025162816410912], [93.91573202621234, 7.026876330678277], [93.91664791107237, 7.031249999987665], [93.91664791107237, 7.031668543568614], [93.9141366477883, 7.033911466241179], [93.91404724078782, 7.03715753589168], [93.91222596165906, 7.039404630519385], [93.91223084947447, 7.040071249388731], [93.91244745298789, 7.041172742628106], [93.91649794552379, 7.0443718433859175], [93.91668105108968, 7.047612905611189], [93.91171324287191, 7.052719712145276], [93.91097104587746, 7.056004047049143], [93.9085179570383, 7.0597579476714], [93.90576374550088, 7.06184005717293], [93.90656065904741, 7.06912517548669], [93.90591347182945, 7.070443630169535], [93.90156745937085, 7.077545761627761], [93.89849960837049, 7.078932046776657], [93.89339506632936, 7.0789878371191435], [93.89231050012964, 7.0794866083205505], [93.89068603493288, 7.080668926329821], [93.88807773569923, 7.0859315395091045], [93.88785481444845, 7.086653113250662], [93.8876708743118, 7.0961229797919], [93.885787129173, 7.099506139396993], [93.88546025708573, 7.1050268409160395], [93.88859415069967, 7.110102057863898], [93.88883554942132, 7.114450454425125], [93.8902026412392, 7.1158869262409326], [93.89129221396476, 7.121417403390595], [93.88974547357495, 7.123800635590982], [93.885708927725, 7.1256940367505734], [93.88411474270154, 7.131521820775532], [93.88678431544398, 7.13951814184891], [93.88658535483032, 7.145934939545924], [93.88788247129938, 7.150279402472663], [93.8840469122355, 7.161506653109754], [93.88505327698724, 7.16607654099964], [93.88158071038166, 7.168648123612186], [93.879794955373, 7.172785878265671], [93.88341510252545, 7.182847976253285], [93.88345813778287, 7.188755154226996], [93.87986242790899, 7.193218946397295], [93.88202905659594, 7.197806358476825], [93.88247525702795, 7.20356690918554], [93.8777072430951, 7.203428507120179], [93.87720835228387, 7.203724980323585], [93.8761801717778, 7.207031249692449], [93.87590622928954, 7.207031249692449], [93.87451565257541, 7.210269212854129], [93.87159764751382, 7.212620854568826], [93.8702514172692, 7.215820431967501], [93.86884677425931, 7.217094540181094], [93.86718749990345, 7.21735477430353], [93.86335873611708, 7.216596841870711], [93.85906946638309, 7.217229843182793], [93.85780191422705, 7.214954018813032], [93.85411965809593, 7.213699817992321], [93.85099172608741, 7.2142127750997815], [93.84614431820583, 7.2180316445448085], [93.84240722681236, 7.228521466392664], [93.84816181681472, 7.233089208500331], [93.84828305262127, 7.233379244356726], [93.84757161154093, 7.235911845855284], [93.84815442528671, 7.240098953504159], [93.84826695925304, 7.241262912753228], [93.84735751173983, 7.243617176891448]], [[93.78861796854468, 6.852610349588161], [93.7877267601821, 6.852704644403758], [93.78718411915187, 6.852221846960759], [93.78427386264869, 6.849099158899207], [93.78444921965618, 6.848781347481221], [93.78703236575134, 6.847992301203931], [93.78751492487405, 6.848104715560325], [93.79038274326925, 6.850528359696199], [93.79021656474302, 6.851924061646216], [93.78984284427227, 6.852196454602762], [93.78861796854468, 6.852610349588161]], [[93.7215366360073, 7.213096380093916], [93.71362495462822, 7.221958756391544], [93.71356284654829, 7.224801659968804], [93.71081244903579, 7.22977125603893], [93.70954072492478, 7.2310502529668526], [93.70898497088004, 7.230843543794762], [93.70636463152275, 7.2265254256081874], [93.70822441602408, 7.223470449301857], [93.70856237405442, 7.220005631255077], [93.71114253979673, 7.2169305083364605], [93.71132338086969, 7.216414451266047], [93.71169733966084, 7.209420442599523], [93.71242451707795, 7.208031416316814], [93.71334373932243, 7.207031249692449], [93.71503114716998, 7.207031249692449], [93.71503114716998, 7.207170724649458], [93.71525621420327, 7.207301020226097], [93.71542501425338, 7.2072824240447915], [93.71553754821954, 7.207207917911262], [93.71559357598287, 7.207031249692449], [93.71976435194355, 7.206564665227162], [93.7198125124377, 7.207031249692449], [93.7197759154266, 7.2107316253643745], [93.7215366360073, 7.213096380093916]], [[93.69211244553313, 7.408367753369404], [93.68901491150902, 7.409907579770987], [93.68333077439618, 7.40641963475835], [93.68308424953861, 7.405961752133294], [93.68358767023503, 7.402509212530191], [93.68440473039428, 7.400253415163249], [93.68725585917107, 7.397353529641848], [93.68967676127377, 7.39683687722038], [93.69123816510952, 7.396952271030528], [93.69499802553875, 7.399306654778314], [93.69143736404331, 7.404215454879463], [93.69211244553313, 7.408367753369404]], [[93.62718450995723, 8.43094015106712], [93.62783181678518, 8.43750000032496], [93.62763965144902, 8.43750000032496], [93.62626600267427, 8.4396735429996], [93.62742984321315, 8.441362023738563], [93.62484824664969, 8.444035053475133], [93.62291395691366, 8.44874274718022], [93.62522721286578, 8.455794453651237], [93.62529122840763, 8.461205959487572], [93.62676787383847, 8.46682345863573], [93.62947070620848, 8.469387769330183], [93.6334724428992, 8.470611453455945], [93.63568294051552, 8.469788312980512], [93.63720345487562, 8.468375801802097], [93.63873147947439, 8.465314864789264], [93.63969731358068, 8.464877725027094], [93.64112615554782, 8.46459877511353], [93.64141464277171, 8.464718818418959], [93.64251697058208, 8.46742630028379], [93.64244413359009, 8.468511819764856], [93.6405559781762, 8.477121948819033], [93.63875210272747, 8.480108380597528], [93.63934075846956, 8.483195066099569], [93.63784766174072, 8.487780570717007], [93.63701784649649, 8.497050046722435], [93.63177704817227, 8.505732059487158], [93.63351655014904, 8.50846147581646], [93.63735556620671, 8.510486364154616], [93.63690304713819, 8.51307833169993], [93.63342857396972, 8.517776250673592], [93.63388061549821, 8.51997292031426], [93.63603055456693, 8.522158861042783], [93.63512635190014, 8.523913741426185], [93.63226640257247, 8.524055957516651], [93.63093447694499, 8.525764346547334], [93.62693417107542, 8.526815653120067], [93.62580573594627, 8.52737355204792], [93.62375295153757, 8.529224753419754], [93.6221890448887, 8.531398773634635], [93.62212121442272, 8.531673312373755], [93.62321197964948, 8.533432364712027], [93.62217271320034, 8.534754753029546], [93.62143444984045, 8.541067361569702], [93.61965131725461, 8.542526722030715], [93.61997914352278, 8.544782161467623], [93.61865532438387, 8.54567921182624], [93.62043261497357, 8.548072815008567], [93.61837697072079, 8.551847815524212], [93.62062394663823, 8.557170152680541], [93.62038493111973, 8.564137339966223], [93.62024712530499, 8.564758539475037], [93.61955785790909, 8.566537857136595], [93.61776721508502, 8.567833542783816], [93.61778306923335, 8.571753978963159], [93.61273252968269, 8.575843811442951], [93.61340725414155, 8.573464512877138], [93.61121034618102, 8.571471452445778], [93.61446273356879, 8.564608215996572], [93.61257135858185, 8.561614036558666], [93.61045575113226, 8.560541152552318], [93.61176967593005, 8.559030652143036], [93.60965514227146, 8.552522659593109], [93.61150443528166, 8.546544313769203], [93.61022424675198, 8.544240236297995], [93.61356782899239, 8.537844658104731], [93.6168832777411, 8.535245060710935], [93.61741220950606, 8.533671141010501], [93.61638522150102, 8.532931804758988], [93.61855292307936, 8.530537843646712], [93.61823713783375, 8.529151916427764], [93.61924445586718, 8.528350711316534], [93.61840164631943, 8.527764320067462], [93.62135076522586, 8.527248262996963], [93.62224495394153, 8.525046944760646], [93.62223565585114, 8.523089051418708], [93.6205523012479, 8.520567059222472], [93.62285244508436, 8.519347071310534], [93.62480974217632, 8.515157222527947], [93.6248483653599, 8.503699541301046], [93.62561833881537, 8.50276565561066], [93.62434697173549, 8.496984958289488], [93.62549674507906, 8.492254257228382], [93.62812507131517, 8.487732410222748], [93.6247066259103, 8.482501625849636], [93.62009835225766, 8.481810211772], [93.61842656113694, 8.479990243854829], [93.62033021456799, 8.475805044567423], [93.61877572561949, 8.473500609165725], [93.62194824241774, 8.473070978742754], [93.62269532722777, 8.47196340518704], [93.62253975890295, 8.470869540896786], [93.62049245856045, 8.469849944419494], [93.62280523787163, 8.461078643364857], [93.6204841137509, 8.459321379777947], [93.61898040771993, 8.456418037262836], [93.61555516703774, 8.456335544250237], [93.62038135541556, 8.452398299741859], [93.6205089089593, 8.451817750488914], [93.62002146202119, 8.446288943379983], [93.61693966433452, 8.443184852399199], [93.62049293520104, 8.439929842588356], [93.62058591880523, 8.43750000032496], [93.62050175665084, 8.43750000032496], [93.61648392659222, 8.434273958576554], [93.61947154997247, 8.431565880461193], [93.62159895922505, 8.427036762436757], [93.62152981754727, 8.422873139683873], [93.62280964814707, 8.42167854323047], [93.62718450995723, 8.43094015106712]], [[93.61339962519278, 8.485992431605467], [93.61208713031701, 8.48635637734506], [93.61117315291895, 8.48574006565164], [93.61074674116949, 8.485055208531293], [93.61131894561314, 8.484492659208883], [93.61251294581612, 8.484548329941703], [93.61338031315123, 8.484994173342656], [93.6135281320177, 8.485699415395771], [93.61339962519278, 8.485992431605467]], [[93.60916960279539, 8.581679344026682], [93.60897552999691, 8.582030654291472], [93.6068811420511, 8.581204056821889], [93.60803055746433, 8.578055620270774], [93.60834670064006, 8.578230738957615], [93.60914170762422, 8.57926845587454], [93.60916960279539, 8.581679344026682]]]]}}, {"type": "Feature", "properties": {"name": "Indian 12 NM", "sovereign": "India", "zone": "12 NM Territorial Sea"}, "geometry": {"type": "MultiPolygon", "coordinates": [[[[72.19765031160898, 12.405470454111878], [72.2046301437527, 12.399819568734074], [72.21161003391649, 12.394168637328107], [72.21858987453629, 12.388517747321487], [72.22556920053057, 12.382867274173293], [72.23255091064908, 12.377214872850459], [72.23952871170445, 12.371565636526554], [72.24650974905671, 12.365913782108464], [72.25348814844659, 12.360264063603893], [72.26046754694539, 12.354613537334785], [72.26744749010913, 12.348962572119717], [72.27442709319962, 12.343311882444084], [72.28140715962229, 12.337660819668884], [72.28838644065218, 12.332010392963127], [72.29536778627539, 12.326358296777187], [72.29906230339907, 12.32331177620324], [72.30234610030811, 12.320708655909698], [72.30309684980557, 12.320097890491752], [72.30649300388865, 12.31725929996378], [72.30932585598697, 12.31505784827175], [72.3163052161575, 12.309407362851346], [72.32328533727969, 12.303756261579451], [72.33026445458472, 12.298105975010685], [72.33724307872001, 12.292456087925416], [72.3442239656415, 12.286804370904292], [72.35120408224356, 12.28115327774674], [72.35818335366605, 12.275502870858418], [72.36516267554003, 12.26985242333842], [72.37214279960972, 12.264201327474439], [72.37912130034204, 12.258551547874731], [72.38610238041554, 12.252899680257428], [72.39308241014362, 12.247248665738539], [72.40006121107899, 12.241598645531838], [72.40704044790141, 12.235948274443444], [72.4140205957176, 12.230297166029516], [72.42100066093104, 12.224646125602817], [72.42798093167096, 12.218994920793648], [72.43495937085464, 12.21334519901825], [72.44193987089648, 12.20769381079009], [72.44891998689934, 12.202042733690178], [72.4559004127326, 12.196391407763826], [72.46287964546121, 12.190741047981248], [72.46985756944264, 12.185091749765718], [72.47683749930303, 12.17944082780923], [72.4838179898822, 12.173789453007657], [72.4907982739503, 12.16813824813562], [72.49777744695427, 12.162487942257485], [72.50475746974746, 12.156836950404227], [72.51173739211856, 12.151186040062044], [72.5187160572923, 12.145536149549457], [72.52569602354242, 12.139885205902033], [72.53267577435332, 12.1342344386822], [72.53965669651899, 12.128582723349496], [72.54663595935511, 12.122932352509508], [72.55361466321881, 12.117282436219284], [72.56059530157097, 12.111630953987401], [72.567575248416, 12.105980033603316], [72.56761402397763, 12.105948641157568], [72.57455535822083, 12.100328981497455], [72.58153615803582, 12.094677373499849], [72.58851475408176, 12.089027549139132], [72.59549372704964, 12.083377420732745], [72.60247409324529, 12.077726166386128], [72.60945372121898, 12.072075509906313], [72.61643581627402, 12.066422858103863], [72.62341427780655, 12.060773148181056], [72.63039320835719, 12.055123060551637], [72.63737290077677, 12.04947235632568], [72.64435209931315, 12.04382205395035], [72.65133373681829, 12.038169777213056], [72.65831196797848, 12.032520259330568], [72.66529044817503, 12.02687054183582], [72.67227160889354, 12.02121865514863], [72.67925341662567, 12.015566245922798], [72.68623035203319, 12.009917781493641], [72.69321210653573, 12.004265417573777], [72.7001913073729, 11.998615121284274], [72.7071713936271, 11.99296411017383], [72.71415026313912, 11.987314084332525], [72.72112985906949, 11.981663471494244], [72.72810975078704, 11.97601262119457], [72.73508942441174, 11.97036194766548], [72.74207096311409, 11.964709766193096], [72.74904905018616, 11.959060379329912], [72.75603000255205, 11.95340867475835], [72.76301054056347, 11.947757306577103], [72.76998911673337, 11.942107527056976], [72.77696994560961, 11.936455925773828], [72.78394926925785, 11.930805543310953], [72.79092776250354, 11.925155835135513], [72.79790853317132, 11.919504283388562], [72.80488757157525, 11.913854136065765], [72.81186835809581, 11.908202573691085], [72.81884816776062, 11.902551804170116], [72.82582869267162, 11.896900455798118], [72.83280747833936, 11.891250516597893], [72.83978770743136, 11.88559941082184], [72.84676792882942, 11.879948311477449], [72.85374822812446, 11.874297151798032], [72.86072703642742, 11.868647198681117], [72.8677071140354, 11.862996219953516], [72.87468796666349, 11.857344613980786], [72.8816668473741, 11.851694606447836], [72.88864691542517, 11.846043637861783], [72.89562732862976, 11.84039239094534], [72.90260641555182, 11.834742219769225], [72.90958592356105, 11.829091707888608], [72.9165661909646, 11.823440583213028], [72.92354640833514, 11.817789499244782], [72.93052680979253, 11.812138268242336], [72.93750559167131, 11.80648834862825], [72.94448560339708, 11.800837434447544], [72.95146455421718, 11.79518738188824], [72.9584458265237, 11.789535449360017], [72.96542536574248, 11.78388492191317], [72.9724048516673, 11.778234437811932], [72.97938620315568, 11.77258244537876], [72.98636554442913, 11.766932080583672], [72.99334494242771, 11.761281671863571], [73.00032492933207, 11.755630786574102], [73.00730449943194, 11.749980239820559], [73.01428494956326, 11.744328982607442], [73.02126568040978, 11.738677498330276], [73.02824488190458, 11.733027254188755], [73.03522396322415, 11.727377107537563], [73.04220488397499, 11.721725474439495], [73.04918575849842, 11.716073878236557], [73.05616468264418, 11.710423862124173], [73.06314403954605, 11.704773497656674], [73.07012307400356, 11.699123394431922], [73.07710408131692, 11.693471696014399], [73.08408430958809, 11.687820628493967], [73.09106330430637, 11.682170561631779], [73.09804378741899, 11.6765192899893], [73.10502343595351, 11.67086869600297], [73.10582987168891, 11.670215820612952], [73.10958417348479, 11.667968440569666], [73.11333589553868, 11.66561058232378], [73.11703447666946, 11.663172566722835], [73.12067815484465, 11.660655556166375], [73.1242651943362, 11.658060750695256], [73.12779388658112, 11.655389387393711], [73.13126255096705, 11.652642739817452], [73.13296379682413, 11.651265536201777], [73.13480223607775, 11.649707094182418], [73.13840594948545, 11.646577915940782], [73.1401890832708, 11.644992397865508], [73.14201192887396, 11.643332751941557], [73.14319629179283, 11.642237049914286], [73.14554714097926, 11.640027169626478], [73.14786194815258, 11.637780640073686], [73.15014012600818, 11.635498032079852], [73.15238109659504, 11.633179925618606], [73.1545842914511, 11.630826909675818], [73.15674915176027, 11.628439582086514], [73.1588751284902, 11.626018549387027], [73.15991047902475, 11.624820663258049], [73.16104451630127, 11.623463653267663], [73.16200645480473, 11.622291823887622], [73.16665526727252, 11.61776207325812], [73.17306219970737, 11.611519232102069], [73.17946492997123, 11.605280486381844], [73.18587008051702, 11.59903938503112], [73.1922753342368, 11.592798184960031], [73.19867857112331, 11.586558951830625], [73.20508444118099, 11.580317153882788], [73.2114898407608, 11.574075817926257], [73.2178935094123, 11.567836168573876], [73.22429841153212, 11.56159531913255], [73.23070285097663, 11.555354924078188], [73.23710766686565, 11.54911416223149], [73.24351162139004, 11.54287424234758], [73.24991599467842, 11.536633916235019], [73.25632259366432, 11.530391423197841], [73.26272595413445, 11.524152087529671], [73.26913019550847, 11.517911895283362], [73.2755359842522, 11.511670196212492], [73.28194025805163, 11.505429975962613], [73.2883448953612, 11.499189403275409], [73.29474965495695, 11.492948712341047], [73.30115449856942, 11.486707943102772], [73.30755909582814, 11.480467413913743], [73.31396456402456, 11.474226038757479], [73.32036901486515, 11.467985656700876], [73.32677292003717, 11.461745807216289], [73.33317907275125, 11.455503770426617], [73.33958197578374, 11.449264901870606], [73.34598803424092, 11.443022960486758], [73.35239268427279, 11.43678239235112], [73.35879680804203, 11.43054234055262], [73.36520177141057, 11.42430147066915], [73.37160704079997, 11.418060305262259], [73.37801145649763, 11.411819973479567], [73.38441591730964, 11.405579598618488], [73.39081994243918, 11.399339650932802], [73.3972241199944, 11.393099556529819], [73.40362991196486, 11.386857890830129], [73.41003462801092, 11.380617274391966], [73.41643990421278, 11.374376115705218], [73.42284455262461, 11.368135568725222], [73.42924979768179, 11.361894443041933], [73.4356545751919, 11.355653774727728], [73.44205877702495, 11.349413668218347], [73.44846366406006, 11.343172896717192], [73.45486767839634, 11.33693297735391], [73.4612731377564, 11.330691651747543], [73.46767822373852, 11.324450690852075], [73.47408239558649, 11.318210624219773], [73.48048774320625, 11.31196941194429], [73.48689237862561, 11.305728895395418], [73.49329757400818, 11.299487836784351], [73.49970197313513, 11.293247554023765], [73.50610555511287, 11.287008070123363], [73.51251152182073, 11.280766264403269], [73.51891704634397, 11.274524891287513], [73.52532112179648, 11.268284931006065], [73.53172556330412, 11.262044617600111], [73.53813122946053, 11.2558031109279], [73.54453534864876, 11.249563113353247], [73.55093958804423, 11.243323002200839], [73.55734516914765, 11.237081583723693], [73.56375116988943, 11.230839759012724], [73.57015532276057, 11.224599736609207], [73.57656033226965, 11.218358881272707], [73.58296512023594, 11.212118242696306], [73.58937032098652, 11.205877205463707], [73.59577398615778, 11.199637664448971], [73.60217904406034, 11.193396768170828], [73.60858349232967, 11.187156469447359], [73.61498889068275, 11.18091524498709], [73.62139324098558, 11.17467504436138], [73.62779889819541, 11.168433572120307], [73.63420321310508, 11.162193409521365], [73.64060737934187, 11.155953392678043], [73.64701349085533, 11.14971148308922], [73.6534177903581, 11.14347134081163], [73.65982296581342, 11.13723034592681], [73.66622800469793, 11.130989487657928], [73.6726321695129, 11.124749481045683], [73.67903765189084, 11.118508193289358], [73.68544144189451, 11.112268556317304], [73.6918466617218, 11.106027527917774], [73.69825115639344, 11.099787206976941], [73.70465704602589, 11.093545529502478], [73.71106088794681, 11.087305848990127], [73.71746664446152, 11.081064303855726], [73.72387185076377, 11.07482329837228], [73.73027608269842, 11.06858324226846], [73.7366814143079, 11.062342117323226], [73.74308569118205, 11.056102021864035], [73.74949003419988, 11.049861863698709], [73.75589584079512, 11.043620280367122], [73.76230107248182, 11.037379259869908], [73.76870646394457, 11.03113808543577], [73.77511068380744, 11.024898053453626], [73.78151506684151, 11.018657866022863], [73.78792047785089, 11.012416676961095], [73.79432582189025, 11.006175556692313], [73.80073006078607, 10.999935513221772], [73.80713562176032, 10.993694183332423], [73.8135408109124, 10.987453219272197], [73.81994510380144, 10.981213128481784], [73.82243531095503, 10.978786769722376], [73.82442253105319, 10.977345857457124], [73.8279429683513, 10.974674462670862], [73.83140352548071, 10.971927781158229], [73.83310187535545, 10.97054966629031], [73.83480255452218, 10.969107122207902], [73.83813843701796, 10.966213830339768], [73.84140958475462, 10.963249284650146], [73.84461444050538, 10.960214898166555], [73.84775147879498, 10.957112117148654], [73.85081920659616, 10.95394242042596], [73.8538161640675, 10.950707318660648], [73.85674092523908, 10.947408353634671], [73.858168344501, 10.945762812325768], [73.85959209868577, 10.94404709751575], [73.86236832817633, 10.940625152118855], [73.86506829334809, 10.937144148106142], [73.8676907103092, 10.933605744234], [73.87023433225727, 10.930011626548264], [73.87269795006426, 10.92636350758471], [73.87508039285774, 10.922663125538406], [73.87738052855917, 10.918912243457044], [73.87849517915163, 10.917049575807937], [73.8795972644408, 10.915112648364243], [73.8817295476207, 10.911266150438735], [73.8837763655751, 10.907374582124419], [73.88573674660756, 10.90343979726822], [73.88760976031222, 10.899463670223554], [73.88939451799786, 10.89544809498517], [73.89109017312512, 10.89139498424214], [73.89269592169262, 10.887306268487919], [73.89346532528378, 10.88528286971831], [73.89444219240715, 10.882501303742174], [73.8962930194316, 10.876970892846543], [73.89798089378905, 10.871389789568525], [73.89950440666348, 10.86576268251406], [73.9005578143641, 10.86150158565863], [73.90142213501224, 10.857199117283812], [73.90168338139551, 10.855529667577855], [73.9020443574131, 10.853831170596038], [73.90265256330355, 10.850725865738525], [73.90313928876242, 10.848012445355039], [73.90351655685583, 10.84575136908802], [73.90377508409154, 10.844083654927658], [73.90408744434313, 10.84191043335818], [73.90444217829787, 10.839232765411964], [73.90470602903508, 10.837057182723584], [73.90489018266715, 10.835384694271852], [73.90510614675196, 10.833202246576207], [73.90534262117262, 10.830509716640677], [73.90551040443762, 10.828322649707445], [73.90562061508939, 10.826643248568757], [73.90573997209424, 10.824455749057961], [73.905857326942, 10.821758837095786], [73.90592271477652, 10.81974392787032], [73.90597705175554, 10.8188064806522], [73.906143576126, 10.813022085662851], [73.90610350115014, 10.810233275873884], [73.90594701470144, 10.804724714843985], [73.90583058847494, 10.801971507439532], [73.90533119751899, 10.793082653367378], [73.90483179418004, 10.784193485265348], [73.90433239600372, 10.775304316319136], [73.90383300364493, 10.766415159106714], [73.90333361687726, 10.7575259918097], [73.902834233808, 10.748636813659004], [73.90233485655392, 10.739747647241643], [73.90183548455173, 10.730858480751635], [73.90133611770784, 10.721969313418413], [73.90083675611413, 10.713080147808398], [73.90033739973939, 10.704190981569411], [73.8998380485827, 10.695301816498727], [73.8993387026743, 10.686412651353237], [73.89883936191922, 10.677523485363452], [73.89834002697444, 10.668634331113822], [73.89784069761208, 10.659745166775338], [73.89734137193989, 10.65085599157976], [73.89684205207493, 10.64196682812252], [73.896342737454, 10.633077664591042], [73.89584342798184, 10.624188500216519], [73.89534412375315, 10.615299337567535], [73.89484482476553, 10.606410174843575], [73.8943455309253, 10.597521011276058], [73.89384624232571, 10.588631849433], [73.89334695893382, 10.579742686961652], [73.89284768131296, 10.570853535674985], [73.89234840926599, 10.561964374295712], [73.89184914090083, 10.553075202056903], [73.89134987833552, 10.544186041560522], [73.89085062100526, 10.535296880990927], [73.89035136881637, 10.526407719577037], [73.88985212186253, 10.517518559888515], [73.88935288014204, 10.508629400125756], [73.8888536435602, 10.499740239518701], [73.88835441221147, 10.490851080638095], [73.88785518609342, 10.481961921682682], [73.88735596567517, 10.47307277190589], [73.88685675082422, 10.464183613833143], [73.8863575397084, 10.455294445109018], [73.88585833435332, 10.44640528757418], [73.8853591342255, 10.437516129965275], [73.88485993923098, 10.42862697151486], [73.88436074946344, 10.4197378147893], [73.88386156492118, 10.410848657988481], [73.8833623855096, 10.401959500344901], [73.88286321132335, 10.39307034442686], [73.88236404235977, 10.384181188435491], [73.88186487908797, 10.375292041625073], [73.88136572137529, 10.366402886514038], [73.88086656742104, 10.3575137213071], [73.88036741915698, 10.348624565280886], [73.87986827611292, 10.339735410980097], [73.87936913825638, 10.330846256047948], [73.87887000558749, 10.321957102284841], [73.87837087813557, 10.31306794844977], [73.8778717558074, 10.304178793771484], [73.87737263869587, 10.295289640816065], [73.87687352679916, 10.286400487790331], [73.87637442058679, 10.277511343946742], [73.8758753199254, 10.26862219180066], [73.87537622301437, 10.259733029557196], [73.87487713178575, 10.250843876495765], [73.87437804576933, 10.24195472515811], [73.87387896496386, 10.233065573749514], [73.87337988927516, 10.224176421496509], [73.87288081879672, 10.215287270969725], [73.87238175349614, 10.2063981198134], [73.87188269337281, 10.197508969823843], [73.87138363845702, 10.188619819763858], [73.87088458921738, 10.179730678890905], [73.87038554552106, 10.170841529711481], [73.86988650556737, 10.1619523704303], [73.86938747128801, 10.153063220334502], [73.8688884422134, 10.144174071965608], [73.86838941834213, 10.135284923525035], [73.86789041607119, 10.126396068010592], [73.86767670906318, 10.123398043518478], [73.86715895656664, 10.11740963483453], [73.86646080003959, 10.111439234609634], [73.86558287330593, 10.105492177952215], [73.86510447843642, 10.102555510375169], [73.86484385597788, 10.101151720640416], [73.86431422309778, 10.098408505322936], [73.86403979882107, 10.097038733265208], [73.86221341469479, 10.088242467958139], [73.86038681264722, 10.079445129237683], [73.85856021533402, 10.070647788562894], [73.85673362515655, 10.061850459301752], [73.8549070390385, 10.053053120511322], [73.85308045518116, 10.044255773988766], [73.85125387845608, 10.035458437079683], [73.84942730646947, 10.026661100046454], [73.84760096176467, 10.0178648338416], [73.84630855819807, 10.012413620243933], [73.84341967761338, 10.001590925671735], [73.84182321692776, 9.996219468425807], [73.83902126277286, 9.987676839736082], [73.83621880485236, 9.979132662238612], [73.8334163489173, 9.970588476078433], [73.83061390000103, 9.962044301137723], [73.82781145989918, 9.95350013561756], [73.8250090217943, 9.944955963269422], [73.8222065886439, 9.936411791316914], [73.81940416044733, 9.92786762155714], [73.81660173424461, 9.919323443170072], [73.8137993150574, 9.9107792760052], [73.81099690468113, 9.902235118259966], [73.80819449629718, 9.893690953684995], [73.80539209286434, 9.885146789507417], [73.80258969438268, 9.876602627523425], [73.7997873008502, 9.868058465935405], [73.7969849093081, 9.859514297518047], [73.79418252477598, 9.85097013852419], [73.79138014905163, 9.84242599074912], [73.78857777531448, 9.833881834346471], [73.78577540652572, 9.82533768014008], [73.78297304268233, 9.81679352632824], [73.7801706837854, 9.808249374711636], [73.77736832687214, 9.79970521446387], [73.77456597696658, 9.791161065440747], [73.77176363586466, 9.782616925841012], [73.76896129674549, 9.77407277940813], [73.76615896256902, 9.765528633373378], [73.76335663333549, 9.756984489533636], [73.76055430608204, 9.74844033706188], [73.75775198583204, 9.739896195813344], [73.75494967438232, 9.731352063990641], [73.75214736491267, 9.722807925336838], [73.74934506038153, 9.714263787078039], [73.74654276078985, 9.705719651015386], [73.74374046613576, 9.697175515349386], [73.74093817345783, 9.688631372848135], [73.73813588777898, 9.680087239773684], [73.73533361089784, 9.67154311792541], [73.73253133599098, 9.662998987445349], [73.72972906601899, 9.654454859159387], [73.72692680098118, 9.645910731269908], [73.72412454087845, 9.637366605577824], [73.72132228274643, 9.628822471249919], [73.7205927052579, 9.626994780386724], [73.71958637695934, 9.623628867750313], [73.71852003161007, 9.620278348148645], [73.71740386156125, 9.616972765054811], [73.71571778926739, 9.611734234477296], [73.71291554889501, 9.603190113970186], [73.71011331345272, 9.594645993860127], [73.70731108294143, 9.586101875944905], [73.70450885439732, 9.57755774939443], [73.70170663284671, 9.56901363407377], [73.69890442008477, 9.560469528179851], [73.69610220928962, 9.551925415450569], [73.69330000342211, 9.543381303120555], [73.69049780248184, 9.534837192985037], [73.68769560646672, 9.52629308324481], [73.68489341241565, 9.517748966668762], [73.68209122535285, 9.509204859523265], [73.6792890470773, 9.500660763608039], [73.67648687076303, 9.492116659056194], [73.67368469937173, 9.483572556699016], [73.67088253290308, 9.475028454739345], [73.66808037135763, 9.466484354976899], [73.66527821177021, 9.457940246576754], [73.662476059168, 9.44939614940563], [73.65967391534844, 9.44085206166875], [73.65687177348678, 9.432307967093436], [73.65406963654368, 9.423763872914606], [73.65126750451986, 9.41521978093175], [73.64846537444981, 9.40667568030932], [73.64566325136303, 9.398131590920798], [73.64286113705532, 9.38958751096527], [73.64005902470092, 9.38104342416932], [73.63725691726239, 9.372499337772354], [73.63445481473974, 9.363955253570794], [73.6316527171312, 9.355411169766228], [73.62885062147365, 9.346867079121296], [73.62604853279402, 9.338322997910211], [73.62324645289078, 9.329778927933376], [73.62044437493626, 9.321234849317364], [73.61764230189385, 9.312690772897326], [73.61484023376238, 9.304146696874625], [73.61203817054212, 9.295602623047728], [73.60923610926756, 9.287058540581825], [73.60643405496842, 9.27851446934892], [73.60363200944073, 9.269970407551966], [73.60082996585902, 9.261426338915555], [73.59802792718415, 9.252882270675968], [73.59522589341702, 9.244338204631276], [73.59242386159144, 9.235794129944225], [73.58962183673873, 9.227250066496026], [73.58681982065485, 9.218706012484517], [73.58401780651201, 9.21016195162872], [73.58121579727299, 9.201617891170997], [73.57841379293939, 9.193073832911182], [73.57561179350796, 9.184529775047281], [73.57280979601546, 9.175985710340342], [73.57000780549049, 9.167441655071912], [73.56720582373191, 9.158897611040516], [73.56440384390896, 9.150353558366987], [73.56160186898757, 9.141809507889718], [73.5587998989655, 9.133265457809841], [73.55599793087862, 9.124721400886187], [73.55319596975664, 9.116177353402122], [73.55039401739708, 9.107633317154523], [73.54759206697042, 9.099089272266042], [73.54479012144162, 9.090545229572967], [73.54198818080869, 9.082001187277058], [73.53918624507264, 9.073457147178374], [73.53638431126643, 9.06491309843625], [73.53358238442286, 9.056369060933491], [73.53078046633686, 9.047825032870321], [73.5279785501807, 9.039280997962464], [73.52517663891751, 9.03073696345217], [73.52237473254712, 9.022192931138534], [73.51957283106935, 9.013648899224222], [73.51677093151767, 9.005104860462211], [73.51396903892345, 8.996560831141892], [73.51116715508601, 8.988016813063268], [73.50836527317193, 8.979472786338363], [73.50556339614843, 8.970928761810683], [73.50276152401284, 8.962384737680509], [73.49995965380094, 8.953840706704455], [73.49715779054327, 8.945296685169751], [73.49435593603823, 8.936752674877425], [73.49155408345467, 8.928208655939898], [73.48875223575737, 8.919664639198345], [73.48595039294537, 8.911120622854128], [73.48314855501889, 8.902576608707818], [73.4803467190111, 8.894032585915795], [73.47754488995486, 8.8854885743649], [73.47474306964682, 8.876944572257855], [73.47194125125691, 8.868400563303283], [73.4691394377486, 8.859856554747694], [73.46633762912313, 8.851312548388591], [73.46353582537802, 8.842768542426995], [73.4607340235487, 8.834224529618496], [73.45793222866638, 8.825680526253223], [73.45513044253016, 8.817136534131578], [73.45232865830667, 8.808592533363537], [73.44952687896176, 8.800048534791813], [73.44672510449516, 8.791504536619016], [73.44392333193969, 8.782960531594995], [73.44112156632883, 8.77441653601818], [73.43831980946163, 8.765872551686982], [73.43551805450295, 8.75732855870649], [73.43271630442013, 8.748784567922428], [73.42991455921168, 8.740240577537008], [73.42711281887915, 8.731696589350918], [73.4243110804523, 8.72315259251343], [73.42150934896745, 8.714608606920649], [73.41870762622153, 8.706064630777178], [73.41590590538203, 8.697520647783506], [73.41310418941384, 8.688976665188477], [73.41030247831713, 8.680432684788855], [73.4075007720906, 8.671888704788557], [73.40469906776804, 8.663344717938116], [73.40189737038247, 8.65480074053363], [73.39909568173374, 8.64625677437823], [73.39629399498591, 8.63771279957166], [73.39349231310672, 8.629168826962768], [73.39069063609509, 8.620624854752691], [73.38788896098237, 8.61208087568889], [73.38508729280528, 8.603536906075476], [73.38228563336162, 8.594992947711035], [73.37948397581533, 8.586448980693945], [73.37668232313479, 8.577905015876354], [73.37388067531867, 8.569361051455758], [73.3710790323662, 8.560817089232387], [73.36827739130945, 8.552273118357903], [73.36547575718475, 8.543729158732106], [73.36267413178922, 8.53518520855755], [73.35987250828896, 8.526641251529952], [73.3570708896491, 8.518097294900826], [73.35426927587082, 8.509553340468699], [73.35146766695209, 8.501009386435896], [73.3486660599255, 8.492465425548858], [73.34586445982768, 8.483921474113288], [73.34306286845595, 8.475377533928395], [73.34026127897431, 8.46683358509074], [73.33745969435137, 8.458289638451674], [73.33465811458495, 8.449745692209774], [73.33185653670682, 8.441201739112216], [73.32905496575472, 8.432657795469709], [73.3262534035261, 8.424113863076855], [73.32345184318416, 8.415569922030954], [73.32065028769773, 8.407025983183189], [73.31784873706465, 8.39848204473401], [73.31504719128617, 8.38993810848342], [73.31224564739097, 8.381394163575749], [73.30944411041935, 8.37285022992188], [73.30664258216802, 8.364306305724028], [73.30384105579958, 8.355762374668416], [73.30103953428187, 8.34721844401247], [73.29823801761597, 8.338674515553862], [73.29543650579859, 8.330130587494068], [73.29263499586273, 8.321586652576798], [73.28983349284579, 8.313042727115999], [73.28703199854704, 8.304498812909287], [73.28423050612639, 8.295954890046232], [73.28142901855449, 8.287410969382108], [73.27862753582872, 8.278867049115036], [73.27582605498799, 8.270323122014247], [73.27302500039508, 8.261780483244195], [73.2724809074029, 8.26016744649877], [73.27136539912391, 8.25695074841542], [73.27080225250359, 8.255369693624687], [73.2700174024983, 8.253294623876116], [73.26841949410976, 8.249207030809771], [73.26673248825705, 8.245155127575345], [73.26495719007892, 8.241140841538254], [73.26303563060043, 8.237047401784139], [73.26272028128523, 8.23588654485178], [73.26157856391944, 8.231649966198063], [73.26034437377308, 8.227439203453514], [73.25901830090186, 8.223256259851155], [73.25760097902014, 8.21910312535249], [73.2568778164528, 8.217056745438754], [73.25609308517994, 8.214981775653428], [73.2544953394538, 8.210894171277062], [73.25280850458398, 8.206842256633763], [73.25103338562138, 8.20282795911163], [73.2491708295268, 8.198853188133853], [73.24722172477811, 8.19491983428361], [73.24518700092915, 8.191029768377234], [73.2430676281756, 8.187184840598377], [73.24199797337081, 8.185292969808927], [73.24086461688114, 8.183386879604143], [73.23857901710375, 8.17963769167477], [73.23621191807979, 8.175939059834548], [73.2337644477181, 8.172292743029402], [73.23123777204535, 8.16870047526811], [73.22863309466345, 8.16516396482325], [73.22595165615951, 8.161684893397478], [73.22319473353616, 8.158264915356256], [73.22181013637072, 8.156584816953625], [73.2206780893091, 8.155264370799614], [73.21841693846568, 8.152672539386117], [73.21611172335565, 8.150119551756461], [73.21376311656252, 8.147606151894024], [73.21137180326156, 8.145133072215572], [73.20893848102736, 8.142701033370031], [73.20646385964346, 8.140310744041244], [73.20539262552836, 8.13931078734197], [73.2045540823292, 8.138294398398102], [73.2038931376743, 8.137501587087968], [73.20244674036519, 8.135822459128462], [73.19954296346305, 8.13252551190817], [73.19656774886073, 8.129292449261925], [73.19352251284715, 8.126124808436202], [73.19040870488027, 8.12302409551279], [73.18722780692406, 8.119991784727063], [73.18398133273661, 8.117029317760228], [73.18067082715618, 8.114138103061464], [73.17901229244166, 8.112720947256093], [73.17729786535352, 8.111319515169669], [73.17386405210061, 8.108574894076924], [73.17037102098755, 8.105905544576217], [73.16682043366757, 8.103312735659301], [73.16321397904392, 8.100797699900454], [73.15955337250244, 8.09836163289242], [73.15584035505731, 8.09600569265666], [73.15207669255278, 8.093730999111983], [73.15019343322103, 8.092620426766473], [73.14826417481163, 8.091538633535436], [73.14440461479819, 8.089429638056743], [73.14049984774005, 8.087405015155582], [73.13655173028383, 8.08546572719979], [73.13256213958584, 8.083612695974807], [73.1285329724476, 8.081846802260486], [73.12446614439511, 8.08016888540294], [73.12036358879499, 8.078579742928468], [73.1183117898596, 8.077810417320961], [73.11622725591224, 8.077080130152979], [73.11205911201108, 8.075670759837237], [73.10786113839896, 8.074352301838303], [73.10363533051986, 8.073125382803482], [73.0993836969767, 8.071990585862068], [73.09510825859525, 8.070948450358514], [73.0908110474636, 8.069999471590222], [73.08649410599583, 8.069144100582776], [73.08433530319974, 8.068740627661214], [73.08291562863354, 8.068501599591173], [73.08008171125209, 8.068045148211354], [73.07866313477234, 8.067826963355401], [73.07275287736121, 8.066960734953], [73.07092792999873, 8.066710189889704], [73.06727373744684, 8.066242326663655], [73.0636115896641, 8.065841011329098], [73.05994270606521, 8.065506377517409], [73.05626830829448, 8.065238536656807], [73.05258961982918, 8.065037577934447], [73.04890768716638, 8.064903565021154], [73.04522373619068, 8.06483654903036], [73.04338145826983, 8.064819792690741], [73.03774427799476, 8.064819792690741], [73.03522715029595, 8.06485107906974], [73.03019445116382, 8.06497619156005], [73.02516662362854, 8.065226343196343], [73.02014679315175, 8.06560136959473], [73.01763923049128, 8.065820069645326], [73.01175154295663, 8.066407364047791], [73.0098778890636, 8.066611878919502], [73.00613471812045, 8.067055737648275], [73.00240051203247, 8.067569184710578], [72.99867657250167, 8.068152041120982], [72.99681298796503, 8.068461556338889], [72.99446756955444, 8.068902189561413], [72.98977918849965, 8.069840321093352], [72.98511441027892, 8.070888880266523], [72.98047585197327, 8.072047278826744], [72.97816346395194, 8.072653850262668], [72.96933127911939, 8.075082417379292], [72.96739800814407, 8.075634699948296], [72.9635428538345, 8.076777543929893], [72.95971130188093, 8.077996714996061], [72.95590487307129, 8.0792917292938], [72.95399995937214, 8.079961091513155], [72.95194815170385, 8.080730416160122], [72.94784557430654, 8.082319558271024], [72.94377872463747, 8.083997474743455], [72.93974953606391, 8.085763368056632], [72.93575992412195, 8.087616398863815], [72.93181178563043, 8.089555686383903], [72.92790699775287, 8.091580308831908], [72.92404741714131, 8.093689303841813], [72.92211814551246, 8.09477109851042], [72.92054023445036, 8.09569785078304], [72.91793490213286, 8.0972599365968], [72.9148885006075, 8.098770216770959], [72.9110288510957, 8.100879210214487], [72.90909953525329, 8.101961009687614], [72.90721624487168, 8.103071573687316], [72.90345249493436, 8.105346265064611], [72.89973939114583, 8.107702203072847], [72.8960786993963, 8.110138267792763], [72.89247216073926, 8.112653301204318], [72.888921490592, 8.115246107722442], [72.88542837789657, 8.117915454776437], [72.88199448435068, 8.120660073371369], [72.88028000273181, 8.122061516229678], [72.87862144358064, 8.12347865871925], [72.87531086039155, 8.126369870832889], [72.87206430999481, 8.129332335173217], [72.86888333725949, 8.132364643298331], [72.86576945597687, 8.13546535353305], [72.86272414815585, 8.138632991635632], [72.8597488632862, 8.141866051528154], [72.85684501768486, 8.145162995973976], [72.85539857170374, 8.146842139636988], [72.85401399379168, 8.148522257338698], [72.85125713952505, 8.151942238315826], [72.84857576763784, 8.155421312689327], [72.84597115509371, 8.158957826097321], [72.84344454244945, 8.162550096833115], [72.84099713327885, 8.166196416616458], [72.83863009357594, 8.169895051438914], [72.83634455122058, 8.173644242348246], [72.83521123647574, 8.175550311243853], [72.8339229102773, 8.177841089509968], [72.83138561062162, 8.182494040620782], [72.82897211222189, 8.187211936518906], [72.82668409231536, 8.191991507030366], [72.82557165519643, 8.194396285307675], [72.8219044033275, 8.20260632622535], [72.81823645405075, 8.210817918571195], [72.81456849270825, 8.21902952825252], [72.81090053142725, 8.227241131928452], [72.80723256467485, 8.235452736164007], [72.8035645942449, 8.24366434276186], [72.79989662207976, 8.251875941552669], [72.79622863786335, 8.26008755943758], [72.7925606537064, 8.268299169521015], [72.78889266407452, 8.276510781962429], [72.78522467076561, 8.284722394964604], [72.78155667571627, 8.29293400196184], [72.77788866861499, 8.301145626254197], [72.77422066157095, 8.309357244540195], [72.77055265278642, 8.317568855022614], [72.76688463194807, 8.325780484598056], [72.76321661116674, 8.33399210636884], [72.7595485849057, 8.34220373049942], [72.75588055496314, 8.350415355193036], [72.75221252327731, 8.358626973880632], [72.74854447953692, 8.366838609860906], [72.74487643584854, 8.375050239837947], [72.74120839041706, 8.383261862009874], [72.73754033292823, 8.391473503273573], [72.73387227549227, 8.399685136734774], [72.73020421257331, 8.407896772554807], [72.72653614596942, 8.416108408937248], [72.72286807761759, 8.424320039315205], [72.71919999720751, 8.43253168698675], [72.715531916847, 8.440743328652957], [72.71186383473889, 8.448954962515245], [72.70819574057003, 8.457166615468623], [72.70452764645074, 8.465378260618422], [72.7008595468443, 8.473589908128133], [72.69719144354872, 8.481801556202356], [72.69352333850179, 8.490013198271242], [72.68985522139394, 8.498224857630532], [72.6861871043314, 8.506436510986191], [72.68251898178085, 8.514648164903576], [72.67885085553792, 8.522859821182294], [72.67518272754222, 8.531071469658116], [72.67151458748208, 8.539283137223435], [72.66784644746656, 8.547494796985916], [72.66417830569486, 8.55570645074556], [72.66051015185889, 8.563918121794472], [72.65684199806395, 8.572129786841288], [72.65317383877795, 8.580341452448693], [72.64950567579592, 8.588553120417544], [72.64583751105664, 8.596764780584692], [72.64216933425024, 8.60497645983844], [72.63850115748346, 8.613188131292532], [72.63483297895738, 8.621399796742537], [72.63116478836434, 8.629611479480104], [72.62749659780718, 8.637823156218133], [72.62382840175519, 8.646034833516637], [72.62016020200412, 8.654246513174485], [72.61649200049112, 8.662458185033415], [72.61282378690845, 8.670669875976841], [72.60915557336165, 8.678881559119361], [72.60548735805025, 8.687093236261717], [72.60181913066833, 8.695304930691236], [72.59815090331995, 8.70351661911809], [72.59448267047253, 8.711728308105876], [72.5908144339212, 8.719939999456074], [72.5871461956051, 8.728151683005024], [72.5834779452149, 8.73636338563864], [72.57980969485595, 8.74457508047476], [72.57614143899474, 8.752786777669542], [72.57247317943, 8.760998475424344], [72.568804918095, 8.769210167180631], [72.56513664468548, 8.777421876221581], [72.5614683713041, 8.78563357926214], [72.55780009615341, 8.79384527450361], [72.55413180892606, 8.802056988827076], [72.55046352172599, 8.810268695352306], [72.54679522901995, 8.818480404237107], [72.54312693260454, 8.826692113684487], [72.53945863441595, 8.834903817133238], [72.5357903241499, 8.843115537863866], [72.53212201390784, 8.851327252594785], [72.52845370189209, 8.859538959527924], [72.5247853777966, 8.867750685541012], [72.5211170537242, 8.87596240375774], [72.51744872414133, 8.884174124333242], [72.51378039084591, 8.892385845471154], [72.51011205577248, 8.900597560612823], [72.50644370861897, 8.908809293033073], [72.50277573329731, 8.91702018714102], [72.5019990877322, 8.918805013120846], [72.5012115782971, 8.920663902762158], [72.49965944745975, 8.924017867982002], [72.49875907552382, 8.926020676366761], [72.49738158374487, 8.929176730171548], [72.49663320552196, 8.930936519292345], [72.49543827533802, 8.933445318008694], [72.49177029060183, 8.941656205692084], [72.48810192411179, 8.949867937958345], [72.4844335539047, 8.958079670789289], [72.4807651819167, 8.966291397620239], [72.47709679784441, 8.974503141730395], [72.47342841378622, 8.982714879845844], [72.46976002421314, 8.990926618521712], [72.46609163092091, 8.999138359556241], [72.46242323584465, 9.007350092796287], [72.45875482868121, 9.015561845113893], [72.45508642153175, 9.023773589635084], [72.45141801259604, 9.031985328159067], [72.44774959157326, 9.040197083960834], [72.44408117056116, 9.048408833765961], [72.44041274402952, 9.056620584132247], [72.4367443137736, 9.064832336861059], [72.43307588173104, 9.073044081792716], [72.42940743759823, 9.081255845799319], [72.42573899347337, 9.089467602013315], [72.42207054755886, 9.097679352229704], [72.41840208955432, 9.105891119721832], [72.4147336315554, 9.114102881219253], [72.4110651680333, 9.12231464327732], [72.40739670078335, 9.130526407696891], [72.40372823174192, 9.138738164321467], [72.40005975060672, 9.146949940019454], [72.39639126947611, 9.155161707924265], [72.39272278655085, 9.1633734698338], [72.38905429153215, 9.171585249016346], [72.3853857965147, 9.179797022205207], [72.3817172959699, 9.188008795955795], [72.37804879169374, 9.196220572066807], [72.37438028562167, 9.204432340384074], [72.37071176745155, 9.21264412777333], [72.36704324928212, 9.220855907371174], [72.36337472558165, 9.22906768932728], [72.35970619814765, 9.237279471847046], [72.3560376689133, 9.245491248373014], [72.35236912758216, 9.253703042169093], [72.3487005862471, 9.261914829971715], [72.34503204311113, 9.270126609982526], [72.34136348787433, 9.278338409063963], [72.33769493263446, 9.286550200352508], [72.33402637185856, 9.294761994001135], [72.33035780734542, 9.302973788213421], [72.32668924102819, 9.31118557643083], [72.32302066260957, 9.31939738191869], [72.31935208418224, 9.327609181415255], [72.31568350395082, 9.335820973118814], [72.31201491161528, 9.344032783890611], [72.30834631927087, 9.352244586872757], [72.3046777213878, 9.360456392212996], [72.30100911976302, 9.368668198116893], [72.2973405163288, 9.376879998028585], [72.29367190079034, 9.385091815207716], [72.2900032852391, 9.393303626396118], [72.28633466787898, 9.401515429792653], [72.28266603841087, 9.40972725225754], [72.27899740893082, 9.417939066930046], [72.27532877390627, 9.426150883963714], [72.27166013513624, 9.434362701561383], [72.26799149455348, 9.442574513165027], [72.26432284186177, 9.450786342036338], [72.26065418915306, 9.458998164918114], [72.25923371622105, 9.46235297820607], [72.25698553090012, 9.467209988359627], [72.25561387316554, 9.470352202956065], [72.25429727319693, 9.47351504979099], [72.25331686889677, 9.475421814163326], [72.2496482050787, 9.483633632177884], [72.24597952914928, 9.491845469255622], [72.24231085320173, 9.500057298544675], [72.23864217543553, 9.50826912184283], [72.23497348555759, 9.516480962407002], [72.23130479565833, 9.524692796980617], [72.2276361002099, 9.532904632115674], [72.22396740100805, 9.541116469612064], [72.22029869998687, 9.549328299319143], [72.2166299868502, 9.557540148089174], [72.21296127369044, 9.565751989071316], [72.20929255870777, 9.573963824064322], [72.20562383161041, 9.582175676319935], [72.2019551044865, 9.590387522587093], [72.19828637181013, 9.59859936941416], [72.19461763537583, 9.606811218602331], [72.1909488971163, 9.615023060005115], [72.18728014673889, 9.623234920467894], [72.18361139633367, 9.631446773143239], [72.1799426441014, 9.639658619828538], [72.1762738797504, 9.6478704837765], [72.1726051153687, 9.656082341736692], [72.1689363454293, 9.664294200258041], [72.16526757172772, 9.672506061140723], [72.16159879619795, 9.680717914235117], [72.1579300085454, 9.68892978639002], [72.15426122086023, 9.697141650760045], [72.15059242761413, 9.705353517488902], [72.14692363060482, 9.71356538477903], [72.14325483176128, 9.721777246084116], [72.13958602079549, 9.729989124647773], [72.13591720979343, 9.738200997222748], [72.13224839695732, 9.746412862013756], [72.12857957199583, 9.754624745860838], [72.12491074699716, 9.762836621924066], [72.12124191643284, 9.771048500346467], [72.11757308210105, 9.779260379330935], [72.11390424593122, 9.787472252328882], [72.1102353976346, 9.795684142584662], [72.10656654929659, 9.803896026855568], [72.10289769912129, 9.812107903339268], [72.09922883681628, 9.820319798878643], [72.09555997446887, 9.828531686635472], [72.091891106552, 9.836743576751815], [72.08822223486288, 9.844955467430566], [72.08455336133079, 9.853167352124217], [72.08088447566956, 9.861379254072347], [72.07721558996195, 9.869591150035603], [72.07354670241102, 9.877803038215006], [72.06987780272777, 9.886014945448494], [72.0662089029978, 9.894226844898185], [72.06253999769308, 9.902438746708299], [72.05887108861197, 9.910650649081163], [72.05520217768384, 9.918862545468755], [72.05153325464596, 9.927074459056826], [72.0478651667762, 9.935284497246187], [72.04718669458987, 9.936838227202259], [72.045856208283, 9.939956815455844], [72.04457885906493, 9.943097170306316], [72.04335501050059, 9.946258401652528], [72.0427464746108, 9.947871403521503], [72.04212314584515, 9.949617591082074], [72.04088999677128, 9.953175960328451], [72.03972420342143, 9.956756578816567], [72.03862617603255, 9.960358193284037], [72.03759630116059, 9.963979543087703], [72.03663494154614, 9.96761936062876], [72.03574243598172, 9.971276371807448], [72.03491909919222, 9.974949296463762], [72.03452476138625, 9.976789563067769], [72.03273071432125, 9.985564794172205], [72.03093645081651, 9.994341063360366], [72.02914218089279, 10.003117336347486], [72.02734790715272, 10.011893608300909], [72.0255536273977, 10.020669881176616], [72.02375934342388, 10.02944615497853], [72.02196505383387, 10.038222427746632], [72.02017075962448, 10.046998702498172], [72.01837645899553, 10.055774981032641], [72.01658215454631, 10.06455125853364], [72.01478784407777, 10.073327536957663], [72.01299352938696, 10.082103816306415], [72.0111992110406, 10.090880085008394], [72.00940488324159, 10.099656374919562], [72.00761055278224, 10.108432659002176], [72.00581621670091, 10.117208942047853], [72.00402187639384, 10.125985226019793], [72.00222753006221, 10.1347615109147], [72.00043317990452, 10.143537794775057], [71.99863882332102, 10.15231408061976], [71.99684446210819, 10.161090370248473], [71.99505009526905, 10.169866658839624], [71.99325572420025, 10.17864294835681], [71.99146134710304, 10.187419238798043], [71.98966696617549, 10.196195528205067], [71.98787257881838, 10.204971819593254], [71.98607818682746, 10.213748114766531], [71.98428378920676, 10.222524408902586], [71.98248938735173, 10.2313007039632], [71.98069497946437, 10.240076999948997], [71.97890056774207, 10.248853294900584], [71.97710614958669, 10.257629591834188], [71.97531172679373, 10.26640589254987], [71.973517298366, 10.27518219223009], [71.97172286570083, 10.283958492835268], [71.96992842699865, 10.292734794363469], [71.96813398445761, 10.30151109485854], [71.96633953547939, 10.310287397334719], [71.96454508185917, 10.319063703593883], [71.96275062260048, 10.327840008817248], [71.96095615909951, 10.336616314964829], [71.95916169152213, 10.345392612430828], [71.9573672152747, 10.354168928072], [71.95557273634711, 10.362945236092571], [71.95377825097671, 10.371721547891298], [71.9519837617608, 10.380497858657236], [71.95018926650084, 10.389274170346539], [71.94839476699417, 10.398050482959206], [71.94660026184226, 10.406826794538347], [71.94480575204244, 10.415603108099049], [71.94301123579521, 10.424379425437849], [71.9412167156986, 10.433155741745168], [71.93942218955351, 10.441932058974203], [71.93762765915739, 10.450708377128194], [71.93583312311193, 10.459484694247635], [71.93403858241493, 10.468261013346819], [71.93224403526546, 10.477037336227], [71.93044948426257, 10.485813658074903], [71.92865492720779, 10.494589980841909], [71.92686036589703, 10.50336630453603], [71.92506579893285, 10.512142627195544], [71.92327122731336, 10.520918951833437], [71.92147664923681, 10.529695280252099], [71.91968206730257, 10.538471607639963], [71.91788747931218, 10.54724793594653], [71.91609288706206, 10.556024265178223], [71.91429828915426, 10.564800593375423], [71.9125036865862, 10.57357692355231], [71.9107090775579, 10.582353257507862], [71.90891446466674, 10.591129590432615], [71.90711984767802, 10.599905914681301], [71.90532522160129, 10.608682259046134], [71.90353059362297, 10.617458592781986], [71.90173595918213, 10.626234928495649], [71.89994132007456, 10.635011267990421], [71.89814667530311, 10.643787606449962], [71.89635202626448, 10.65256394583264], [71.89455737115958, 10.66134028613692], [71.89276271218637, 10.670116625408241], [71.89096804674608, 10.678892966659646], [71.88917337663509, 10.687669311690115], [71.88737870085589, 10.696445655684386], [71.88558402080508, 10.705222000602589], [71.8837893346838, 10.713998346443418], [71.88199464468966, 10.72277469125163], [71.88019994822497, 10.73155103803623], [71.87840524708491, 10.740327388599667], [71.87661054027171, 10.749103738130884], [71.87481582918281, 10.757880088584557], [71.8730211120195, 10.766656439958524], [71.8712263909789, 10.77543279030101], [71.86943166346316, 10.784209142620227], [71.86763693126795, 10.792985498718963], [71.86584219339528, 10.801761853782466], [71.86404745124253, 10.810538209769618], [71.86225270301145, 10.81931456667769], [71.86045795089831, 10.828090922552292], [71.85866319230502, 10.836867280405329], [71.85686842902868, 10.845643642036407], [71.85507366203177, 10.854419993042313], [71.8532788859286, 10.863196364151975], [71.85148410750173, 10.871972726593071], [71.84968932339069, 10.880749088000243], [71.84789453459348, 10.889525451387783], [71.84609973931077, 10.89830181854893], [71.8443049401398, 10.907078184678085], [71.84251013488199, 10.915854551727023], [71.8407153253346, 10.924630919699098], [71.83892051009809, 10.933407286639124], [71.83712569017177, 10.94218365555696], [71.83533086375542, 10.950960028247778], [71.83353603344563, 10.95973639990899], [71.8317411970454, 10.968512772488282], [71.82994635635049, 10.977289145991222], [71.82815150996271, 10.986065518462283], [71.82635665888074, 10.994841892908482], [71.82456180130367, 11.003618271128914], [71.82276693982931, 11.01239464831906], [71.82097207225951, 11.021171026429556], [71.81917720039132, 11.029947405461598], [71.8173823228251, 11.038723783460682], [71.81558744056008, 11.047500163437235], [71.81379255179638, 11.05627654718694], [71.81199765913044, 11.065052929906528], [71.81020276036514, 11.073829313543229], [71.80840785729617, 11.082605698103862], [71.80661294852518, 11.091382081632219], [71.8048180350512, 11.100158467135543], [71.8030231170332, 11.108934846829982], [71.80122819029015, 11.11771124465838], [71.80040183869164, 11.121751729188077], [71.79903734029313, 11.125608093009589], [71.79605261062488, 11.134043562071724], [71.79306787487496, 11.142479038225929], [71.7900831415975, 11.15091449475284], [71.78709839821369, 11.15934996376376], [71.78411364651936, 11.167785447057327], [71.78112889729556, 11.176220910724282], [71.77814413907618, 11.184656384627147], [71.77515937477074, 11.193091865621739], [71.7721746075569, 11.20152734128817], [71.76918983743269, 11.209962813426046], [71.76620505942344, 11.218398292652978], [71.76322027421281, 11.226833782116898], [71.76023549146669, 11.235269251957789], [71.75725069860846, 11.243704734278253], [71.75426589743427, 11.252140230877785], [71.75128109872117, 11.26057570785747], [71.74829629100657, 11.269011195071641], [71.74531147720052, 11.277446689374187], [71.7423266636282, 11.285882169447746], [71.73934183993936, 11.294317663798608], [71.73635701015672, 11.302753165238016], [71.7333721828308, 11.311188647058998], [71.73038734538693, 11.319624141359554], [71.72740249962192, 11.328059649936563], [71.72441765631197, 11.336495138893667], [71.7214328039936, 11.344930638084747], [71.71844794557751, 11.353366144365623], [71.71546308738971, 11.361801636416999], [71.71247821907878, 11.3702371427446], [71.70949334466854, 11.378672656160006], [71.70650847159538, 11.38710815310344], [71.70352359062315, 11.395543657136159], [71.70053870132529, 11.403979173643336], [71.69755381224877, 11.412414677724541], [71.6945689152717, 11.4208501888927], [71.69158401107853, 11.429285710291083], [71.68859910933003, 11.437721212077236], [71.68561419745572, 11.446156726335346], [71.68262927724942, 11.454592254868828], [71.67964435948528, 11.463027763791501], [71.67665943381667, 11.471463279798797], [71.67367449981663, 11.479898808281291], [71.67068956603134, 11.488334324337984], [71.66770462433965, 11.496769847479868], [71.66471967542634, 11.505205380851407], [71.661734728949, 11.513640894615719], [71.65874977234034, 11.522076420850567], [71.65576480739492, 11.530511961356183], [71.65277984488466, 11.538947482253434], [71.64979487335125, 11.547383013378408], [71.64680989570468, 11.555818551589653], [71.64382491826666, 11.564254075579584], [71.6408399306913, 11.572689613838406], [71.6378549370005, 11.58112515918242], [71.63486994462704, 11.589560688064239], [71.63188494433939, 11.59799622402926], [71.62889993571105, 11.606431772464134], [71.6259149241373, 11.614867317375456], [71.622929911842, 11.623302851577478], [71.6199448916293, 11.631738392863213], [71.61695986307325, 11.640173946618972], [71.61397483471649, 11.648609487955355], [71.61098979844036, 11.657045036375166], [71.6080047549309, 11.66548059501963], [71.6050197138423, 11.67391613406312], [71.60203466260941, 11.682351685573394], [71.59904960302913, 11.690787251349434], [71.59606454586606, 11.699222797526375], [71.59307947966897, 11.707658353926263], [71.59009440734599, 11.71609391740833], [71.58710933521536, 11.724529466677723], [71.58412425293619, 11.732965030209186], [71.58113916452913, 11.741400600822033], [71.57815407742385, 11.74983615497979], [71.57516898239027, 11.758271716220634], [71.5721838790057, 11.766707289924], [71.56919877580731, 11.775142851212763], [71.56621366467976, 11.783578419583534], [71.56322854742024, 11.792013995035745], [71.56024343036665, 11.800449556218837], [71.55725898779872, 11.808883196959243], [71.55669516181882, 11.810521656469007], [71.555596188285, 11.813807914254937], [71.5550610493973, 11.81545568767234], [71.55253013044376, 11.82348593244052], [71.54999868521736, 11.831517834726014], [71.54746723249241, 11.839549743884561], [71.5449357721634, 11.84758166684827], [71.54240431342248, 11.85561357159952], [71.53987284527875, 11.863645490155022], [71.53734137144409, 11.871677417338447], [71.53480990015333, 11.879709322372491], [71.53227841945807, 11.887741241212211], [71.52974693212775, 11.895773170771918], [71.52721597302622, 11.903803411178387], [71.52675246859371, 11.905315843252367], [71.52584963052436, 11.90834771613845], [71.52499526931467, 11.911393184619214], [71.52418959749701, 11.914451496857339], [71.5234328156007, 11.91752189783972], [71.52272511211038, 11.920603629521452], [71.52176810511833, 11.92528510014472], [71.52166783185857, 11.925853419433565], [71.52037807202845, 11.93328962176804], [71.51953583006093, 11.939196619173003], [71.51904770109559, 11.943555822683152], [71.51865625030376, 11.947924472053955], [71.51836166860465, 11.952300488463663], [71.51816410084768, 11.956681789497793], [71.51806364573588, 11.96106629010535], [71.51803768481358, 11.963296206167456], [71.51806035576777, 11.965451903637245], [71.5181542372062, 11.96983654280416], [71.51834525006507, 11.974218120689216], [71.51863330811875, 11.97859455172511], [71.51901827893681, 11.982963752707633], [71.51949998393394, 11.987323643753712], [71.52007819844971, 11.991672149334192], [71.52075265184573, 11.996007199236885], [71.52112033885282, 11.998207140307784], [71.52144313499696, 11.999925540331674], [71.52213318725848, 12.00342838736492], [71.52288630186615, 12.006918622971568], [71.52370224389102, 12.010395147117094], [71.52458075857658, 12.013856864056152], [71.52552157141201, 12.01730268265834], [71.52652438821974, 12.0207315167724], [71.52758889524239, 12.024142285555229], [71.52813653009719, 12.025843005392687], [71.53095252489237, 12.034325823592553], [71.5337682158638, 12.04280773777407], [71.53658368262535, 12.051288992282707], [71.53939940014232, 12.059771016987042], [71.54221480044771, 12.06825209734609], [71.54503045077752, 12.076733946612933], [71.54784587159861, 12.085215116632014], [71.55066136356811, 12.093696517620288], [71.55347690754917, 12.102178088322944], [71.55472857926532, 12.105948641157568], [71.55629235843406, 12.110659390711362], [71.55910771702247, 12.119140431712935], [71.56192331039654, 12.127622190321631], [71.56473865439114, 12.136103215245043], [71.56755424030843, 12.144584982892582], [71.57036982479377, 12.153066756566034], [71.57318522731077, 12.161547999632774], [71.57600064758884, 12.170029307449227], [71.57881610556353, 12.178510744586504], [71.58163136257042, 12.1869915911779], [71.5844471544529, 12.19547406031353], [71.58726224929512, 12.20395444540975], [71.59007773069567, 12.212436009866224], [71.59289318540772, 12.220917505183479], [71.59570866270542, 12.229399084318516], [71.59852426766281, 12.237881060191626], [71.60133949556655, 12.246361916878413], [71.60415490946394, 12.254843346945279], [71.60697036414422, 12.263324912041753], [71.60978582048585, 12.271806498834849], [71.61260123558725, 12.280287971765574], [71.61541639922336, 12.28876870474761], [71.61823188467702, 12.297250421200658], [71.62104746995715, 12.30573244876473], [71.62386283673789, 12.314213835698808], [71.62667813910724, 12.322695039876919], [71.62949329845719, 12.331175829007748], [71.63230887597604, 12.339657892792275], [71.63512415896355, 12.348139079679981], [71.63793948147361, 12.356620403247007], [71.6407548296961, 12.365101815571279], [71.64357006734707, 12.373582910608718], [71.64638555853219, 12.382064784349723], [71.64920076653453, 12.390545816285794], [71.65201599283569, 12.399026919172456], [71.65483150863395, 12.407508906406292], [71.65764678017854, 12.415990174534784], [71.6604622124895, 12.42447194011038], [71.66327722539529, 12.432952454402425], [71.66609279621355, 12.441434666203804], [71.66890865922744, 12.449917768698583], [71.66944518744907, 12.451489950846963], [71.67054459050053, 12.454625424562096], [71.67112004677216, 12.45622274172672], [71.67189196461129, 12.458241569004144], [71.6735063917647, 12.46232998590392], [71.67521124315897, 12.466382808436606], [71.67700571087653, 12.470398106014216], [71.678888944204, 12.474373965857012], [71.68086005001732, 12.478308493875602], [71.68291809320971, 12.482199815594129], [71.68506209711728, 12.486046077023843], [71.68617245331382, 12.487986643230784], [71.68729104399574, 12.489845445578908], [71.68960387548401, 12.493596110925012], [71.69199949311593, 12.497296285866753], [71.69447675882742, 12.500944207183409], [71.69703449550218, 12.50453813648727], [71.699671487523, 12.508076361045767], [71.70238648135455, 12.511557194610646], [71.70517818611717, 12.514978978201498], [71.70661239219658, 12.516697552368555], [71.70804527422666, 12.518340080932944], [71.71098638200374, 12.521638900772075], [71.71400011033285, 12.524873865318455], [71.7170850253093, 12.528043432536037], [71.71830611073995, 12.529237044650245], [71.71970446277783, 12.530839913909972], [71.72264571019127, 12.534138732421297], [71.72565958177131, 12.537373695706833], [71.72874464354413, 12.540543261728544], [71.73189942745148, 12.543645919580058], [71.73512243203044, 12.546680190190841], [71.73841212313732, 12.549644627042369], [71.7417669346633, 12.552537816852407], [71.74347979991757, 12.553982396925392], [71.74518526930393, 12.55535838026799], [71.74866549929311, 12.558104972504793], [71.75220596720573, 12.560776284016356], [71.75580498672832, 12.563371041100424], [71.75946084347845, 12.565888006525086], [71.7631717958082, 12.568325980109535], [71.76693607565642, 12.57068379931252], [71.7707518893655, 12.572960339773545], [71.77268950511171, 12.574087817151849], [71.77461741857365, 12.575154515871986], [71.77853082104991, 12.57726528122754], [71.78249023160237, 12.57929162921971], [71.78649376296039, 12.581232593460925], [71.79053950667765, 12.583087248264349], [71.79462553403982, 12.584854709081014], [71.79874989700795, 12.586534132936436], [71.8029106291259, 12.58812471882311], [71.80501250242105, 12.588902223857701], [71.807105746491, 12.589625708094445], [71.81133324867739, 12.591036384822246], [71.81559111972405, 12.592356076146814], [71.81987732906885, 12.593584152591461], [71.82418983255525, 12.594720028373501], [71.82852657339367, 12.595763161681589], [71.83288548315767, 12.596713054935776], [71.83726448276076, 12.597569255024382], [71.83946548367987, 12.597975036215246], [71.84166148348481, 12.598331353528692], [71.84607438794285, 12.598998986909805], [71.85050109112552, 12.599571836690757], [71.85493948139043, 12.60004962960636], [71.85938744148564, 12.600432137735538], [71.8638428495425, 12.600719178607676], [71.86830358013185, 12.600910615294993], [71.87276750526752, 12.601006356474045], [71.87723249543251, 12.601006356474045], [71.88169642056835, 12.600910615294993], [71.8861571511577, 12.600719178607676], [71.89061255921479, 12.600432137735538], [71.89506051930925, 12.60004962960636], [71.8994989095745, 12.599571836690757], [71.90392561275809, 12.598998986909805], [71.9083385172163, 12.598331353528692], [71.91053451702032, 12.597975036215246], [71.91241537218991, 12.597631327191152], [71.91615677387665, 12.596911976980152], [71.91988386211557, 12.596124250599473], [71.92359534084403, 12.59526842199449], [71.92544700450219, 12.594823513615552], [71.93100482472755, 12.593434011478394], [71.93656146985506, 12.592044802906742], [71.9390326558572, 12.591394532068875], [71.9439576837309, 12.59003344613211], [71.94760784934545, 12.588841102564743], [71.94882648102367, 12.588481952756183], [71.95187300700718, 12.587543062470331], [71.95369159887377, 12.586937312741895], [71.95609785876218, 12.586124486384563], [71.95819457402354, 12.585333550916516], [71.96026301836218, 12.584545526279669], [71.96233660282223, 12.583701372618407], [71.96437663835985, 12.582845082401718], [71.96648471278758, 12.582076972477068], [71.97057069634445, 12.58030951158139], [71.97461639670814, 12.578454856692701], [71.97861988518753, 12.576513892357468], [71.98257925335952, 12.574487544263548], [71.98649261396827, 12.572376778798912], [71.98842051073814, 12.57131007779708], [71.9902558193337, 12.57024354402165], [71.99386971291915, 12.568093129154477], [71.99743757785564, 12.565869832849216], [72.00095789138095, 12.563574604737823], [72.0044291511681, 12.561208425148493], [72.0078498759583, 12.558772304689512], [72.01121860620879, 12.556267283806733], [72.01453390469447, 12.5536944323527], [72.01617799922377, 12.552391187882506], [72.02316006643917, 12.546738462984877], [72.0301400103346, 12.541087459889923], [72.03711876546657, 12.535437418716697], [72.04409815213575, 12.529786868268161], [72.05107965976856, 12.524134600896332], [72.0580585274214, 12.518484472886598], [72.06503766897674, 12.512834123344021], [72.07201833471447, 12.507182541836357], [72.07899673154373, 12.50153279746803], [72.0859764053302, 12.495882020387455], [72.09295650839272, 12.490230897783817], [72.09993572032874, 12.4845804968582], [72.10691423851978, 12.478930659610512], [72.11389575007604, 12.473278399142146], [72.12087425032587, 12.467628579385405], [72.12785486936264, 12.461977043741854], [72.13483409963067, 12.456326633568835], [72.14181407529657, 12.450675621937421], [72.1487930033395, 12.445025458683176], [72.15577306337735, 12.439374380979984], [72.16275312463063, 12.43372330251168], [72.16973236772839, 12.428072888440624], [72.17671183058934, 12.42242229666698], [72.18369302027759, 12.416770308867399], [72.19067149374473, 12.411120520343275], [72.19765031160898, 12.405470454111878]], [[72.23333333266743, 10.016666666833487], [73.00999999970043, 8.27611111123906], [73.01131996674633, 8.277003120602842], [73.0121467111021, 8.276646256419838], [73.01253950619349, 8.276985645271623], [73.0127150207706, 8.27794587206995], [73.07392330648923, 8.319309283860093], [73.06707251098788, 8.305594443828795], [73.06479990439232, 8.296982645632625], [73.05564165114146, 8.282660126363908], [73.04696357291067, 8.276279210717064], [73.04128360775258, 8.274203538562688], [73.04085743432341, 8.274140953841993], [73.0349401236881, 8.274245023389312], [73.02542877232031, 8.27244865907852], [73.02195441696307, 8.275920749043564], [73.01962161064893, 8.277254224203148], [73.01851403709338, 8.277420640150524], [73.01792764674377, 8.276493072197923], [73.01898074116843, 8.271652460492874], [73.02301681037778, 8.268921256311273], [73.03185296064578, 8.266491532758437], [73.03774356861106, 8.265903949907624], [73.04338216765319, 8.265903949907624], [73.04929530633353, 8.266770601382461], [73.05616652966182, 8.275282501986055], [73.05798184898339, 8.277531504975002], [73.06720495234691, 8.285853743955442], [73.06666934491454, 8.295881152393292], [73.06780076039689, 8.30314660073509], [73.07600595072762, 8.320716696059492], [73.08111111068945, 8.324166667158352], [73.64888888891136, 10.058333333716519], [73.66527777774763, 10.137500000525051], [73.70277777767251, 10.813055556269092], [73.70167127397656, 10.814133198764466], [73.7025213243, 10.815747737967968], [73.70232903935397, 10.816548228118563], [73.7004792688034, 10.81730866426392], [73.69803647631352, 10.81767318834045], [73.01055555499516, 11.487222222428045], [73.00753513710782, 11.489666612205781], [73.0065275428122, 11.491789936656573], [73.00370562041826, 11.495613217276514], [73.00188291046817, 11.497272014991722], [73.00007236025141, 11.497408032055262], [72.99918341638181, 11.497804045820317], [72.99812126128745, 11.497295617698853], [72.99811704444028, 11.497288566070779], [72.2460242533196, 12.105948641157568], [72.24569733986044, 12.10621320847315], [72.24547339516494, 12.106394444348325], [71.88611111073931, 12.397222222228038], [71.87499999945067, 12.400000000499972], [71.86333333286746, 12.387500000524767], [71.76981557085514, 12.106394444348325], [71.7697552775843, 12.10621320847315], [71.76966726173993, 12.105948641157568], [71.72222222237792, 11.963333333866444], [71.74999999970049, 11.87500000064972], [71.99722222182822, 11.175000000250066], [72.23333333266743, 10.016666666833487]]], [[[68.0628894954931, 23.587749547958367], [68.06693960124096, 23.59148932122457], [68.08508464277475, 23.60824402968268], [68.08549329911023, 23.60867832505727], [68.08594242134865, 23.609155625159815], [68.10398421543027, 23.62832935878521], [68.11691666666678, 23.60841666666687], [68.12458333333342, 23.60422222222246], [68.15032502099098, 23.58103058540206], [68.1667507744678, 23.56623201770742], [68.34694444383149, 23.40388888896149], [68.4633333333669, 23.306666666533772], [68.51388888856167, 23.261111111688763], [68.6091666661091, 23.184166666958504], [68.93277777767258, 22.310000000300136], [68.93604207028568, 22.310341715697803], [68.93705022378913, 22.304522156872224], [68.93930673611743, 22.296770334483597], [68.94367885589458, 22.285362839923266], [68.9508048292796, 22.272987365474876], [68.95796740057517, 22.25735950453776], [68.95265483815035, 22.250929355505548], [68.95329081981572, 22.24613094358864], [68.95769822629228, 22.23743224120517], [68.96275103123531, 22.237238406727442], [68.96915614583969, 22.231393456443186], [68.97136175654015, 22.22611582278722], [68.97884547753699, 22.21673357449515], [68.98096084576673, 22.21191394307425], [69.00777232673175, 22.18150115035803], [69.0233782532041, 22.167296528612155], [69.03898894788182, 22.1484374997911], [69.055319548059, 22.128445863885815], [69.05734145604373, 22.12633955452708], [69.06266784644424, 22.122691154273525], [69.08775007680487, 22.09974884992971], [69.1084220408448, 22.073413848670555], [69.15065813056839, 22.028599262346347], [69.15424263488984, 22.02652907335829], [69.16149401693542, 22.016880631136416], [69.16467964674854, 22.014701247364997], [69.1699217553849, 22.007673024890607], [69.1874613762418, 21.988932847772958], [69.19357097182308, 21.983550429608954], [69.20137608084173, 21.98430824243161], [69.20103263874546, 21.98274624324489], [69.19763076334914, 21.980726957683373], [69.20453631919594, 21.97265625008606], [69.20462727572834, 21.97265625008606], [69.21111452541533, 21.964385270663968], [69.22561275962141, 21.950449347459596], [69.23049926732762, 21.944337129455164], [69.24624395379561, 21.93108260637763], [69.24994564067902, 21.92761647711899], [69.2515567545409, 21.924761414707973], [69.2578124998472, 21.91880583791948], [69.27006351981584, 21.90709853187201], [69.27508997911951, 21.903738856263374], [69.28313612982879, 21.894950747779035], [69.29016470933408, 21.89026963713451], [69.32526195007921, 21.859745145022828], [69.35157573183471, 21.839329958111307], [69.36825835723761, 21.832378149232397], [69.37576484637083, 21.826361537255366], [69.40024042105887, 21.796875000381192], [69.40041887802914, 21.796875000381192], [69.40957582006826, 21.789899468286137], [69.43448483920429, 21.76566350446734], [69.44033646605527, 21.760789155595432], [69.44075322178401, 21.76053595507051], [69.44441604626383, 21.759909868645707], [69.44512915648556, 21.758046745860952], [69.45107090439899, 21.752523541528433], [69.45585405841831, 21.749209046061026], [69.4702210428672, 21.741071343468036], [69.47769975643882, 21.73460912730974], [69.48768401180797, 21.725055575254885], [69.50027024777393, 21.710982322876134], [69.5377316478976, 21.67616522274693], [69.55573570743718, 21.661226511394545], [69.56057357800853, 21.65549230542581], [69.56694531427513, 21.652235269442315], [69.57157432989163, 21.647021055077857], [69.57494497273257, 21.646124720579678], [69.58428335209516, 21.637886405433505], [69.59147274477169, 21.634763360340912], [69.59189677241847, 21.63338136675685], [69.58950150009451, 21.62902617491835], [69.58775877944441, 21.621093749776946], [69.58779573438596, 21.621093749776946], [69.58771944040006, 21.62096536166223], [69.59001433849119, 21.62029874369216], [69.59022140469432, 21.620355248096473], [69.59019327120268, 21.621093749776946], [69.59016060872551, 21.621093749776946], [69.59095275406662, 21.623413324365686], [69.58933472621698, 21.6253552439494], [69.59179615986517, 21.625301480678957], [69.59070313014547, 21.627603769398775], [69.59312236310683, 21.629394054292277], [69.59314072096782, 21.629602551317078], [69.59233450933044, 21.632064223285568], [69.59342217459391, 21.633697748252757], [69.59329485937064, 21.634227871619146], [69.5900944474011, 21.636994839140698], [69.5910933019145, 21.638247728750002], [69.59136295283832, 21.638421535325904], [69.60213971147863, 21.63708663024414], [69.60341405891205, 21.63465845622318], [69.60751962682951, 21.63238155806266], [69.60937500015649, 21.629743337485195], [69.61029112333699, 21.628548741031807], [69.61376154416024, 21.627403259253413], [69.6192822456793, 21.621093749776946], [69.6198848490069, 21.620638012934194], [69.62598764931096, 21.615183472739204], [69.66839694935993, 21.569714545989598], [69.68856704223549, 21.550292253784676], [69.70585203174613, 21.53892016373476], [69.70615005538104, 21.53890204419423], [69.7076375484342, 21.54013955629557], [69.71055913010008, 21.539469122502112], [69.71555173352601, 21.540631413509175], [69.7200732235006, 21.543564439047884], [69.71979713433063, 21.54624164073948], [69.71547305543726, 21.5511996742257], [69.71550476553278, 21.55367362463818], [69.7193999289637, 21.562866330017357], [69.7236677408738, 21.56600356101569], [69.72491967720157, 21.57023560958612], [69.72463166751771, 21.57066202133541], [69.70687496650686, 21.58831286404768], [69.70453453034446, 21.58953452110137], [69.69913971412672, 21.589568972330312], [69.6978876590884, 21.591073036291846], [69.6936577563007, 21.592008351904155], [69.69215226151783, 21.593101977874255], [69.69195151305217, 21.595503568835], [69.69000244116, 21.59479856510194], [69.68636274364593, 21.595732450792127], [69.67781806005559, 21.603626250950867], [69.67624151703268, 21.606167077648706], [69.67616105109192, 21.60868954648555], [69.67730236091546, 21.608947873146235], [69.6761398315881, 21.611056446997566], [69.6742825507992, 21.613215446735694], [69.67301261454065, 21.611573100318594], [69.6718095536682, 21.611992955110964], [69.66807544262775, 21.61846864221428], [69.66687142847394, 21.619806170618403], [69.66512143590586, 21.621093749776946], [69.66461622735727, 21.621093749776946], [69.66364920164955, 21.62188005492078], [69.65008747555669, 21.626703858296707], [69.64370465244787, 21.63305425634894], [69.63534426692479, 21.63895094373123], [69.63300716904587, 21.64189744021496], [69.63286685951812, 21.642643452133882], [69.63310945074079, 21.643296002908528], [69.63351655044869, 21.643546104369364], [69.63614225426181, 21.642605304691358], [69.64006865024811, 21.63849604145929], [69.64669084590605, 21.63405346879273], [69.65425837022775, 21.631109237701423], [69.65801644280481, 21.62660944477045], [69.66143941899423, 21.62522804743668], [69.66112387206925, 21.62454903141287], [69.66348063902063, 21.624768257349615], [69.6641658540712, 21.625836968501403], [69.66894602773715, 21.625807523798528], [69.67953884624097, 21.621751904227153], [69.68022775660597, 21.621093749776946], [69.68040680892739, 21.621093749776946], [69.68441641288734, 21.61767852304564], [69.69101083298392, 21.61463987842791], [69.69599175421638, 21.60728239976322], [69.70129811761427, 21.602832078537745], [69.69887411554816, 21.60052251790006], [69.69789254690386, 21.602661847666184], [69.69551634830117, 21.60361707247], [69.69505083582766, 21.603728652255597], [69.6937978266086, 21.60312771806997], [69.69332945339193, 21.602256655420547], [69.69322264181176, 21.59630966176178], [69.69364857692062, 21.594494223729725], [69.69578754875653, 21.592967152412314], [69.69648015533517, 21.59296846362389], [69.69811356069266, 21.593555450224187], [69.69909560687694, 21.598913312399475], [69.70193874877447, 21.60154414144921], [69.70592665659018, 21.601791858807644], [69.71575510531403, 21.5990787741664], [69.7174890045141, 21.602259874094102], [69.71736812573869, 21.60281884681268], [69.71343123916051, 21.60854744910563], [69.71241664920927, 21.60947751987186], [69.70750236504227, 21.611284256063755], [69.70486760145894, 21.613035559843468], [69.70388770105689, 21.614933967528714], [69.70008027548454, 21.616932034486126], [69.69719064223472, 21.621093749776946], [69.69704043836583, 21.621093749776946], [69.6919928791682, 21.628874778548436], [69.68450796567032, 21.63127315083551], [69.6759098767397, 21.63860547546261], [69.67823481578438, 21.638887167409052], [69.68180465665989, 21.635717153424196], [69.68608224420058, 21.63643956173655], [69.69072318033074, 21.640102267505824], [69.69273185748955, 21.63885307321101], [69.69658935101808, 21.639913320843277], [69.69560706651316, 21.641318440493933], [69.69747304914216, 21.64389348010019], [69.70417284999729, 21.647381543823542], [69.70831465699598, 21.644130348936756], [69.70700323591097, 21.641970753847488], [69.70958197083172, 21.640618443286712], [69.70933794968693, 21.63726985452041], [69.71197092541803, 21.637088179775844], [69.71383655101641, 21.631983757344813], [69.7171795370063, 21.63343274592478], [69.71476435639028, 21.63857805693192], [69.71676313920773, 21.640055536933687], [69.71807253322106, 21.639534473337505], [69.71837282224828, 21.63632822027131], [69.72484445610712, 21.632225274777], [69.72534334691812, 21.63232684151069], [69.72852897673124, 21.633653521393057], [69.72894191753562, 21.633968949607493], [69.73061776190042, 21.636576652590804], [69.72735142692704, 21.638476014456785], [69.72701954831376, 21.641657114384486], [69.7299307580983, 21.64069914844714], [69.73115074601043, 21.641278743519308], [69.73502886279209, 21.64767944784853], [69.7341132162523, 21.650062918369088], [69.73429095736213, 21.650409460428648], [69.73591661416083, 21.65097391631332], [69.73761153224655, 21.650311350688582], [69.7378233675546, 21.64980041975366], [69.73704612218108, 21.646966576846125], [69.73727881906245, 21.6406220198906], [69.73774373528545, 21.639625668190433], [69.73819112821832, 21.639291048443397], [69.74123454104154, 21.63895535490593], [69.74534475845405, 21.63295185594376], [69.7454539541369, 21.62557280074435], [69.74664580855739, 21.622142672246696], [69.74717783938604, 21.621093749776946], [69.74724256988895, 21.621093749776946], [69.74980056284596, 21.617522836010096], [69.75154840963165, 21.618466616041644], [69.74959444992425, 21.613306761198373], [69.75107002246392, 21.61269676724237], [69.75216424468448, 21.609005213020453], [69.75553464920495, 21.607040524400816], [69.75580430012877, 21.593868851366608], [69.75772702728085, 21.592692375352897], [69.758582353593, 21.59510326350511], [69.76372432721627, 21.59565722969768], [69.76361477360331, 21.58991241442658], [69.76486575575018, 21.588904261822336], [69.76422977408498, 21.57892191391545], [69.75911831895542, 21.579093337287873], [69.75840306295129, 21.577097534823565], [69.7579814194072, 21.577040552879453], [69.7537230251977, 21.57754290068459], [69.75325036041608, 21.577358365196687], [69.75171875921359, 21.576006174245833], [69.75180590172118, 21.573518514567922], [69.75124323368851, 21.573273777563088], [69.74980413944968, 21.573218226440417], [69.74819326390832, 21.5745276213529], [69.7474546435173, 21.572928905544643], [69.74737751496059, 21.570987343891147], [69.74749004802754, 21.57062494768337], [69.75152361352411, 21.563298225832796], [69.74919176139105, 21.561091422631137], [69.74530911472408, 21.562426209002524], [69.74167430412615, 21.56141173866115], [69.73700392239346, 21.562003850497547], [69.72965776889123, 21.558659672905776], [69.72677302345653, 21.556314945178826], [69.72574090931568, 21.5546313522554], [69.72930955858959, 21.542161225960115], [69.723604440293, 21.541676759375207], [69.72046101116695, 21.536093473135452], [69.71165645138439, 21.532718777949412], [69.71114885783373, 21.5323305127431], [69.71104693406903, 21.532159805231004], [69.7125140430889, 21.529430150581106], [69.71496915810042, 21.526307344708414], [69.72920834978572, 21.511846661694335], [69.73758745199962, 21.50112104390132], [69.74060606961467, 21.497747778637233], [69.7699433568007, 21.466978907450823], [69.77525973325038, 21.4599119421826], [69.77558195584282, 21.459886908654084], [69.77491152294868, 21.46330714191123], [69.77801120275507, 21.462830543494874], [69.77837967837979, 21.462550401979684], [69.77771377537061, 21.46078956088968], [69.78558146910979, 21.453725815194332], [69.79523873368078, 21.45263504996791], [69.7996604438747, 21.455194234526743], [69.80231642696185, 21.461934923957756], [69.80516684077736, 21.463961244016673], [69.80118083952442, 21.456500053734885], [69.80492603740691, 21.455785751011945], [69.80488574508132, 21.454889536123346], [69.80177593261334, 21.455360173833128], [69.79945814587711, 21.452142834824087], [69.78787732138147, 21.451480269199465], [69.78455674649689, 21.4528753757981], [69.7784712311626, 21.4583339692374], [69.78015542033648, 21.455768704362356], [69.7798081633162, 21.455352425274384], [69.77928054366248, 21.4552247521209], [69.78860294836772, 21.44531250007202], [69.78874957563272, 21.44531250007202], [69.82258832489157, 21.407784461983738], [69.88300335452146, 21.338907718416692], [69.92297077218365, 21.29196214713579], [69.94149422617778, 21.272640347874074], [69.94386827989746, 21.26953125036715], [69.94419634358655, 21.26953125036715], [69.96093749956623, 21.24916291273854], [69.98276054816097, 21.226143956478666], [70.00038504613332, 21.205586552577586], [70.00527787247614, 21.201705932982634], [70.0089631080611, 21.196464419697406], [70.01602184813015, 21.191116213542614], [70.02602231467819, 21.180825352308545], [70.02874004881443, 21.17855894563894], [70.03217554086882, 21.17848300958343], [70.03261947590829, 21.17861437805152], [70.03832101850048, 21.18304944047958], [70.03181433716225, 21.174758553664617], [70.03192293659441, 21.174467563627445], [70.04640626903443, 21.158891678108603], [70.04712152503856, 21.156166076703244], [70.05569994489679, 21.148567915177352], [70.06067585960335, 21.14232420909508], [70.06855773924849, 21.13746774234255], [70.07067871115379, 21.132566571190466], [70.09376907358404, 21.11183214203976], [70.09845340290246, 21.10588717455363], [70.09989571581474, 21.10459542254091], [70.10516345512957, 21.105440259160787], [70.10590350634186, 21.10277783872658], [70.10885810841523, 21.10101115743913], [70.11549341708775, 21.093749999762906], [70.1159595249124, 21.093749999762906], [70.12629032144139, 21.0861114263015], [70.1328203680659, 21.079698920169392], [70.13312411318759, 21.07956743209155], [70.13596284391025, 21.082205176028253], [70.13582861379967, 21.08556663948923], [70.13659322279926, 21.085625648505072], [70.13866364920824, 21.08526957003471], [70.14630985251785, 21.080575942625842], [70.14755654310028, 21.07881200337158], [70.14722502241699, 21.078362941296973], [70.14096510425628, 21.081981063175874], [70.140409231501, 21.081905603760788], [70.14019274669812, 21.081581950347015], [70.14161431764688, 21.0797748562249], [70.13939845557456, 21.079730510654656], [70.13802170773596, 21.0777151587277], [70.14100933111598, 21.074111938615374], [70.14318025136771, 21.068171739334616], [70.14685344682925, 21.066831111866406], [70.15997505190734, 21.053691029317804], [70.16372132268111, 21.05204832586969], [70.16327881846297, 21.05038464033902], [70.1657161709648, 21.050231218696126], [70.17050445111977, 21.046479463856542], [70.17733550083301, 21.040337562828597], [70.17765545803314, 21.039977074082913], [70.17700505214168, 21.038920402154986], [70.18059766295215, 21.035824656882767], [70.18672394725263, 21.0319007637097], [70.18738734744835, 21.030327201039654], [70.19347047778064, 21.027263045353493], [70.19393753978585, 21.025824904396075], [70.19852054159009, 21.02311587299937], [70.21163105982589, 21.010439157141548], [70.21411764661235, 21.009925007533127], [70.21666967886296, 21.006864548060776], [70.22042191034313, 21.005656004021546], [70.22124934238354, 21.002921819486573], [70.22530972926074, 21.001260876888182], [70.22663664836296, 20.99874734911117], [70.23146200217002, 20.99852156621762], [70.23583304905623, 20.996209501867156], [70.2401889558559, 20.99967765819764], [70.2362613673684, 20.99528384227574], [70.23825657358236, 20.99389004688851], [70.24750745340646, 21.000249624320986], [70.23978364489955, 20.992557644619808], [70.24880027741114, 20.98372304478289], [70.25181055111625, 20.97882664183635], [70.25818502941581, 20.972659825990604], [70.27640151961458, 20.96166813387748], [70.28006815901858, 20.957365154878232], [70.28940761127245, 20.951647758137824], [70.29398846639486, 20.94757664234845], [70.30931806537654, 20.93882095802121], [70.31162607648253, 20.93517732597303], [70.3124999998754, 20.93470966771713], [70.3146207334604, 20.9344494344939], [70.31757783924621, 20.932059049985412], [70.32029223419948, 20.927967310043698], [70.32106852539238, 20.927457452000112], [70.32921135412101, 20.924200654336914], [70.33968114896618, 20.917968750058037], [70.33995652227594, 20.917968750058037], [70.34548175368025, 20.91549110433141], [70.34652221173098, 20.917968750058037], [70.34734976248177, 20.92140281219031], [70.34762120215709, 20.91897916805442], [70.35131967036665, 20.92034184959681], [70.34861123522046, 20.917968750058037], [70.34720444642835, 20.91567933603278], [70.34741735462751, 20.915016055446756], [70.35103023076084, 20.910294174936496], [70.35229921373804, 20.909109354113696], [70.36515235859457, 20.900699138954394], [70.36904585378323, 20.89952397325311], [70.37399852281368, 20.894829869203306], [70.37441325147063, 20.89612805856325], [70.37089407480198, 20.89968752845698], [70.37141907203272, 20.902504324714926], [70.37961912192515, 20.90017032589992], [70.38572084933793, 20.897300600942174], [70.38755965265602, 20.89536881401989], [70.39342415330219, 20.893976569063625], [70.40722155573042, 20.88243365279118], [70.41290783862615, 20.883854150848663], [70.41691470145241, 20.883032441194416], [70.41641020786506, 20.88655853275037], [70.41721451293972, 20.886820912655196], [70.41786444219059, 20.882616162106558], [70.41959345357532, 20.881573438663338], [70.41594040382694, 20.882478237580756], [70.41451942912846, 20.882132768412646], [70.4122177366595, 20.880599260647557], [70.4111428264805, 20.877982973635483], [70.41314911863725, 20.875355958610783], [70.42511951955044, 20.86311292642057], [70.42946553200898, 20.861417055053323], [70.43248975240039, 20.857630252734168], [70.4393701551088, 20.852342366806965], [70.44251143935179, 20.853977918846], [70.4470980168602, 20.849978446648322], [70.4476405382805, 20.847725152993576], [70.45236194125079, 20.84848844988221], [70.45415854478125, 20.846444129892973], [70.4609266518438, 20.843569755440058], [70.46240460848617, 20.84163463113356], [70.4690325256309, 20.83837771386044], [70.47060012849334, 20.83814001045323], [70.4741556647524, 20.840807557023368], [70.47634744657756, 20.84036397901457], [70.48103022546474, 20.835966944419283], [70.48699617413439, 20.834419727388877], [70.48923921551756, 20.82815396813129], [70.49296224151442, 20.828363656757574], [70.5006694791133, 20.8237105608938], [70.50931513318721, 20.821506738945004], [70.51331257831305, 20.818271636527243], [70.51623511326022, 20.81749534623333], [70.51915276039176, 20.813730001738463], [70.52388286610176, 20.810572027877015], [70.52749454973389, 20.810518145895855], [70.53218412389845, 20.808861613572958], [70.53300380738011, 20.808376669447966], [70.53595185249623, 20.804417968015002], [70.53635585314032, 20.804127335907992], [70.54123687767992, 20.801902651486387], [70.54168176690013, 20.801754474689517], [70.54938387836341, 20.804399252223902], [70.55332362658442, 20.80326294892609], [70.55928873978371, 20.797861457040824], [70.55903291683597, 20.796028018178617], [70.5624169110119, 20.792486548215948], [70.570201873418, 20.792940140175688], [70.5790636543644, 20.788223862441498], [70.58585011928773, 20.781530618543513], [70.58964240567275, 20.782024621539165], [70.59982717028788, 20.77764701859519], [70.60518944273883, 20.776676058353587], [70.60686445253265, 20.777395247992615], [70.6094014643063, 20.776300549131292], [70.612751125964, 20.774389266751484], [70.61162245251438, 20.771436452530565], [70.61460435350824, 20.769967913588573], [70.61706483387508, 20.77168977266507], [70.62165415251735, 20.771223902261625], [70.62764525432522, 20.767941116889403], [70.63260877097821, 20.76796042893079], [70.63553667038133, 20.769376158782904], [70.64659297428665, 20.762903570743333], [70.6529960636177, 20.76416683223357], [70.65472352547056, 20.763391017681613], [70.65465223801056, 20.764383316137412], [70.65650534594522, 20.764390468445697], [70.6569943424152, 20.7598803045326], [70.6624976393548, 20.75800395002244], [70.66406250018451, 20.755859255800203], [70.66514444396103, 20.753069758462743], [70.66600692258163, 20.752577662029637], [70.66671025717272, 20.753131270291988], [70.66639721396041, 20.755606055275337], [70.66406250018451, 20.7600445746977], [70.66394150269849, 20.760016560815984], [70.66262173680406, 20.76129913344829], [70.66288757280353, 20.76185250249131], [70.66406250018451, 20.761718749920703], [70.67129242440609, 20.760850072273172], [70.67334234717185, 20.764486551113578], [70.67468953159687, 20.757269621196258], [70.68716835973231, 20.74856007119058], [70.69256472548193, 20.746708751108088], [70.69557666742935, 20.7448598142293], [70.69868147337166, 20.742187500352998], [70.69921874994566, 20.742187500352998], [70.70345854797387, 20.73795461631272], [70.70911383663451, 20.737412333212717], [70.72441446755374, 20.729584336448113], [70.72988855811059, 20.728229523074276], [70.73578512678233, 20.72387552283749], [70.74397623561515, 20.720002174261197], [70.74883496775976, 20.719573974659227], [70.75722241388354, 20.72232306006157], [70.76482367537255, 20.72125434890927], [70.77944111831323, 20.714910506914634], [70.79236924684346, 20.71211671801234], [70.79805457555847, 20.705083012371347], [70.80437147656272, 20.700712323415303], [70.8053319453133, 20.70213806631898], [70.80780231912189, 20.701720476019375], [70.81087934950261, 20.70382821530012], [70.80627930194856, 20.706007361650734], [70.8060426714323, 20.71033430128722], [70.81005704359802, 20.710862875121848], [70.81020915492883, 20.713885903012113], [70.81343662749856, 20.715327500963497], [70.81293213391103, 20.71780884290399], [70.81633400930735, 20.719029426167253], [70.8169298173575, 20.71760237205217], [70.81586754355243, 20.71497356917496], [70.8269187213221, 20.71192073865126], [70.82878184320771, 20.70901834941759], [70.82711994642858, 20.701309442676745], [70.82746434180604, 20.697685957241333], [70.81959366771383, 20.69814443611699], [70.82063734533745, 20.700099945356328], [70.81963872914434, 20.701497435158615], [70.80728220970644, 20.700466275198494], [70.81370937838534, 20.698573112359554], [70.81901025771742, 20.69384002719579], [70.82162225226534, 20.693473458133894], [70.82238686126476, 20.691022753397533], [70.82166666618394, 20.690000000300017], [72.63694444443081, 19.842222222278053], [72.68777777772249, 19.627777777822473], [72.69999999960078, 19.54055555609426], [72.74944444420589, 19.33750000012509], [72.75999999930082, 19.264444445155164], [72.77416666605905, 19.133333333566725], [72.78916666620893, 18.922499999875242], [72.79499999995016, 18.875833333541664], [72.81307188717841, 18.70579330171762], [72.81231904049156, 18.706380962911282], [72.81236076363848, 18.703768015082005], [72.81316781074617, 18.70232403302805], [72.81352865652258, 18.702347159094472], [72.81356123985609, 18.70236176319321], [72.91472222215339, 18.271111111588652], [72.93194444438092, 18.216944444730473], [72.99018924123652, 18.05642943941649], [72.9900019165554, 18.054972053018105], [72.99129982369271, 18.05332735321224], [73.00250000007514, 18.02000000059985], [73.01944444420599, 17.968888889210973], [73.0305555554948, 17.941944444380965], [73.13739962958425, 17.55691826074508], [73.1373729703866, 17.556810617216684], [73.1375200751915, 17.556055426816727], [73.13794387004015, 17.55468995921285], [73.16666666653396, 17.404999999850418], [73.19042726590533, 17.299852519742387], [73.18957304925698, 17.29922723744744], [73.18935728031437, 17.298512935623705], [73.18950152437606, 17.29790306127734], [73.19048130516836, 17.297080517052564], [73.19109195563192, 17.296932560316804], [73.2533333329672, 17.02666666703334], [73.31000000000012, 16.538055555619792], [73.3163888890362, 16.51111111168882], [73.45550980813363, 15.88977823753703], [73.45528244942574, 15.889877915234024], [73.45480740054126, 15.888532399950464], [73.45644950863823, 15.886868238678574], [73.45658711842827, 15.886989002298662], [73.76111111058981, 15.343888889061077], [73.9121859493232, 15.084350064006344], [73.91196155508186, 15.084131240864508], [73.91231419817473, 15.084129738883576], [73.91277777707302, 15.08333333356677], [74.05499999995061, 14.815000000349926], [74.39833333301715, 14.31194444498027], [74.32532942335939, 14.020465600060959], [74.32492852183407, 14.020673155642044], [74.32333362095017, 14.017825245538916], [74.32333850876552, 14.01672244108795], [74.3235223292923, 14.015849947617426], [74.32397324579944, 14.01505085952681], [74.32277777787249, 14.010277777897329], [74.64916666680858, 13.401666667083362], [74.67155742142091, 13.199320584344377], [74.67041003669414, 13.199806212986573], [74.66988980766877, 13.199364423729321], [74.67034065759543, 13.198462009814136], [74.67253959359351, 13.196354279353386], [74.81951201247045, 12.863146050159685], [74.8212802410905, 12.856651425023358], [74.82117235661923, 12.85244154923845], [74.82380223238721, 12.846940756011179], [74.82407248046093, 12.846560835614298], [74.82473623768749, 12.846805334299063], [74.82626330810552, 12.847406863836], [74.82642069042925, 12.847362876433863], [74.83717632909463, 12.821484158489625], [74.8455741401346, 12.79664301846077], [74.84977586933974, 12.791168901472929], [75.0088888887114, 12.40833333351668], [75.15298662067426, 12.106394444348325], [75.15307311393337, 12.10621320847315], [75.15319937640334, 12.105948641157568], [75.20111111058947, 12.005555556044328], [75.52777777762259, 11.491666666583683], [75.90999999930091, 10.790000000300154], [75.93208260457612, 10.740547405933285], [75.9358577726183, 10.731446742673484], [75.93608415086317, 10.731515764741005], [75.93609406207383, 10.731564001722177], [75.93758379358695, 10.728227841594673], [75.9375000003252, 10.727957606059022], [75.9375000003252, 10.727678537434656], [75.9400537017172, 10.722656250086118], [75.9400557278899, 10.722656250086118], [75.94022947946337, 10.722302996464578], [75.95268887476993, 10.69440096948307], [75.95473933215465, 10.688486456784801], [75.95487320433517, 10.688187956509296], [75.96590471303227, 10.6647590397979], [75.96596456763388, 10.664670897395695], [76.02304578561626, 10.536841127494768], [76.02334511268714, 10.536056280273385], [76.02406939159061, 10.534548826767718], [76.02833333281723, 10.525000000649811], [76.22166666618398, 9.974166666558517], [76.3133333329672, 9.506111110939173], [76.31479324653077, 9.506451404513655], [76.3165626527445, 9.498860359318371], [76.31853604320406, 9.494082451044733], [76.3179115054121, 9.49218750035294], [76.31909656545434, 9.490368247396987], [76.31929171114365, 9.489770055244094], [76.31975984604037, 9.48244237921267], [76.32518255742929, 9.465293645985412], [76.32897174385113, 9.448831439019841], [76.33363854898016, 9.43579494937751], [76.33333957206384, 9.433018922985298], [76.33821785457053, 9.415951848199313], [76.34002447115273, 9.410267353155973], [76.35227465655055, 9.377513170096961], [76.3690315488671, 9.343636632225184], [76.38013505908594, 9.316406249748866], [76.38062703590913, 9.316406249748866], [76.38125932226023, 9.312078356830852], [76.39556586777081, 9.284351706866062], [76.4071303605781, 9.257409453683465], [76.43242025339214, 9.204703927044818], [76.43578016732107, 9.194597244267698], [76.43862783910373, 9.188176155005806], [76.45612132563917, 9.15202522268612], [76.46060454856132, 9.14062500004377], [76.4610315565613, 9.14062500004377], [76.46166825318755, 9.139528155400228], [76.46179556841099, 9.139641166007323], [76.46216106458172, 9.14062500004377], [76.46418416506742, 9.141155123410499], [76.46625554565736, 9.140401840472634], [76.46682202771467, 9.14062500004377], [76.46790075281791, 9.141364455005942], [76.46789944160611, 9.142662763975409], [76.46099281286843, 9.158966779293678], [76.4593706130637, 9.159893870605856], [76.45844507218243, 9.156887173504458], [76.45697700988137, 9.156048655521204], [76.45456480961838, 9.158550858136095], [76.45492422547278, 9.161035180429394], [76.4573167566632, 9.161266207269705], [76.45827341048977, 9.163290143225652], [76.4516904351658, 9.177884936740668], [76.44873523684203, 9.179826855425233], [76.44622945762359, 9.183831930399435], [76.43986415870421, 9.189876079617534], [76.44077432117831, 9.192873954369531], [76.43852222002471, 9.203313231620541], [76.4320306778738, 9.219383239744957], [76.43109214268856, 9.224462747358189], [76.42082893830514, 9.24156296216131], [76.42284393320108, 9.2456425432689], [76.43186295071507, 9.230494618132298], [76.44053745234174, 9.23038661495059], [76.43948197381422, 9.218550324538057], [76.44258284612181, 9.200627565510047], [76.44876623197615, 9.186524510497918], [76.45292305945196, 9.18037950950685], [76.45807385452508, 9.167331218960669], [76.4601314071391, 9.164974331500503], [76.46262514623379, 9.16482925376721], [76.46458435078739, 9.162999153188423], [76.46730005785179, 9.15789687653978], [76.46726167208874, 9.151147723588906], [76.46825754624894, 9.147226929479302], [76.47091794051084, 9.146075248674151], [76.46988701797204, 9.144756555670824], [76.47101664560205, 9.142310142499241], [76.47401034839936, 9.142604708240981], [76.4746315479079, 9.14615333051222], [76.47763776746916, 9.148290157465112], [76.47761845632698, 9.151947855808942], [76.4789023401712, 9.1542500258181], [76.47617900415815, 9.160079240664572], [76.47605574127965, 9.166484236558404], [76.47806954367474, 9.16759192972387], [76.48025977596802, 9.171100020450012], [76.4825325012743, 9.168794513056469], [76.48905813672388, 9.170701980512149], [76.49054014661061, 9.170097827652853], [76.48825085129607, 9.166915654833872], [76.48227441293409, 9.167498946119736], [76.4802446367807, 9.165025353637418], [76.48075735556779, 9.152486323984817], [76.48506414859168, 9.138335108478714], [76.48337960238712, 9.136436224152646], [76.483935951783, 9.12672376638892], [76.48258352251185, 9.125528454974642], [76.47979354853396, 9.12705576461201], [76.477406501409, 9.133209466543804], [76.476083636451, 9.13148605793532], [76.47442483873544, 9.131334542855143], [76.47373521340973, 9.127690434166425], [76.47610390177374, 9.126113176182457], [76.47646307930785, 9.124375105027354], [76.47359395060062, 9.124468445662501], [76.47249364896305, 9.122795343330608], [76.47283172570388, 9.125124216010022], [76.47152042422852, 9.126199722439537], [76.47227215763417, 9.126806021081222], [76.47130811227987, 9.129628300505829], [76.46698617916906, 9.131456851552912], [76.46927452120246, 9.136411667264952], [76.46736097343046, 9.135030150321427], [76.46373987209773, 9.135122537675045], [76.46366417436235, 9.135124445137308], [76.46363580255047, 9.13421571258533], [76.47295176990872, 9.113980054636045], [76.48172974573151, 9.096048355447408], [76.4830019473822, 9.09524762607731], [76.51104271434997, 9.02976822892083], [76.51786601550447, 9.019199967304814], [76.51890552027368, 9.010753750485492], [76.5206604006571, 9.005958915172187], [76.52078342431588, 9.005671024198705], [76.52127265910616, 9.005345225002372], [76.52281081636625, 9.006353855146585], [76.52173662204768, 9.00442504857756], [76.52146804311593, 8.99638247447183], [76.52382385768516, 8.98994040492579], [76.52414953727157, 8.983682036297125], [76.52421271824261, 8.983344674517525], [76.52832090858323, 8.96973264214779], [76.52790880234966, 8.96782052519734], [76.52908504004284, 8.964843750339071], [76.53509187728878, 8.947365164670714], [76.53705251176416, 8.937259674394795], [76.53546941268354, 8.935657143662525], [76.53563690152197, 8.935444951323802], [76.53718364281116, 8.93505096463042], [76.53881764441911, 8.936036348199252], [76.54306125647201, 8.935358405066552], [76.54671096793697, 8.936140179425934], [76.55355584652534, 8.946754336143897], [76.5524927381498, 8.950698972180021], [76.54978024975907, 8.953610300675109], [76.54646563558094, 8.951862454788625], [76.54437243923684, 8.953043103656682], [76.54369163536097, 8.95611524622177], [76.53849005737044, 8.958939313498831], [76.53488338026398, 8.958704113803947], [76.53424155750224, 8.960100531614444], [76.54408073423872, 8.962089419191557], [76.5440510512152, 8.964843750339071], [76.54649651020611, 8.968746542719032], [76.54998385896823, 8.970417142237466], [76.55083584789634, 8.972514748856725], [76.55511462703873, 8.976170778059156], [76.55779886232784, 8.976845145487346], [76.5588692426216, 8.978242516578916], [76.5631612534894, 8.978020310289253], [76.56632113481288, 8.979249357971582], [76.56732296967954, 8.981190562594577], [76.56589984919884, 8.983422636745331], [76.56773185723961, 8.985811114691387], [76.56809997583355, 8.985737443128528], [76.567834377255, 8.984240651085315], [76.57103085558981, 8.977420210674438], [76.56793677766052, 8.977634906725598], [76.56339895689655, 8.974917769739477], [76.55750334240554, 8.973733663877738], [76.55414414433704, 8.971081614425316], [76.55424475689034, 8.968611955577444], [76.55583190921567, 8.96604275706784], [76.55921185014688, 8.966924071089238], [76.55788767307791, 8.964843750339071], [76.55721592897243, 8.96406161804947], [76.55678522565796, 8.963842750043113], [76.55466461168271, 8.9652158025674], [76.55428087726102, 8.965198755018776], [76.54906821242827, 8.963963269989108], [76.54746305927301, 8.962544679393716], [76.54694330688824, 8.960091113913904], [76.54745686024631, 8.958181738996132], [76.55122435052357, 8.957372546106399], [76.5539822582748, 8.955250262989352], [76.55460965591124, 8.955158710206547], [76.55787944787852, 8.955672859814797], [76.55913865522513, 8.956991076177303], [76.55874013864678, 8.954978346673556], [76.55604767815811, 8.95281326751865], [76.55682075067733, 8.949099540511668], [76.5571901795833, 8.948974251460697], [76.56252276901074, 8.95053303197409], [76.56281781229245, 8.950661539698558], [76.56630992926017, 8.953554272911504], [76.5687960385066, 8.958857059705906], [76.56808662449839, 8.96079492604531], [76.56953835511126, 8.96191322761348], [76.57031249962239, 8.964843750339071], [76.57331287898637, 8.965770840752043], [76.57535541022423, 8.969177842283784], [76.57737374340377, 8.97311770921516], [76.57752597344512, 8.973887920091613], [76.57516503363951, 8.977823257137857], [76.57529556753661, 8.978120446201956], [76.57833886164934, 8.981484770406269], [76.58142066023544, 8.983014940786916], [76.58322501142533, 8.991509914351298], [76.58558094470527, 8.994516968483424], [76.59104144560649, 8.996658444032107], [76.59455835778238, 8.99507224588757], [76.59540343272249, 8.98887562740839], [76.59329211683792, 8.987526178490498], [76.59556174308022, 8.984137058178817], [76.59766817114951, 8.984838604917911], [76.60084760193575, 8.988409161653522], [76.60435295062848, 8.989984155144839], [76.6059782503961, 8.990185618571786], [76.60615324947304, 8.989977956118139], [76.60693955461704, 8.988404035517874], [76.60770726178106, 8.978898644856827], [76.60764753780381, 8.978482246158933], [76.60648190941282, 8.975220680290477], [76.60403835788424, 8.973987579363381], [76.60573244049993, 8.971053242613266], [76.60742235206015, 8.97058010119082], [76.60625243210421, 8.9680429698073], [76.6070218084102, 8.964704155772438], [76.60859596733036, 8.963353157322786], [76.60902357068147, 8.963245272851282], [76.61208724972704, 8.963942050485457], [76.61302375784044, 8.963890314287028], [76.6140732765607, 8.96302974222914], [76.61406326260965, 8.962792277142114], [76.60924816107399, 8.960905432939626], [76.60723733903217, 8.957826376386265], [76.60669326808011, 8.956345558101361], [76.6085461376943, 8.954447746666403], [76.60856485348535, 8.953451633286534], [76.60830724268544, 8.953280210813205], [76.60480845005031, 8.954674005301342], [76.60317981199887, 8.955695867170789], [76.60041475283873, 8.958333611107491], [76.60002195864672, 8.959905743855188], [76.6006493571823, 8.961115956136553], [76.60388100170712, 8.96301150307886], [76.60265374187696, 8.964324712915413], [76.60006690046748, 8.96333932844749], [76.59939754046428, 8.964843750339071], [76.59943234962361, 8.965281605961593], [76.6033107038262, 8.968642234851472], [76.60384094680262, 8.970897912608905], [76.6037210222076, 8.971459150719454], [76.6020786757905, 8.973448276616693], [76.60108137170818, 8.971299647860576], [76.60071480264628, 8.971329808424002], [76.59836375718186, 8.973655342820166], [76.5941087003564, 8.96892035019414], [76.59767293935494, 8.962405920297101], [76.5969153639532, 8.95792067030294], [76.59322035273726, 8.952074765837892], [76.59416484862908, 8.949639201188347], [76.5930780170371, 8.949228048236137], [76.5910762547656, 8.951282143856133], [76.58991003012392, 8.951082468281413], [76.58694410288837, 8.946266770495242], [76.58206021760515, 8.94362616581526], [76.57033753405011, 8.929027319055876], [76.5757082700211, 8.928527355353424], [76.57673060853108, 8.93101954491641], [76.5803216698095, 8.933592915381041], [76.58322191236158, 8.933638333842225], [76.58560633616361, 8.93538665726851], [76.58777856852646, 8.935065030926637], [76.58968663223266, 8.93617653811691], [76.58874142137995, 8.941889524581939], [76.58980333815384, 8.944182873141358], [76.59087836704322, 8.940378904562863], [76.593713760382, 8.940965652842692], [76.59266352670062, 8.939612149781397], [76.59416496733962, 8.937193631780929], [76.60085535049416, 8.937433719290993], [76.5915335420396, 8.935068369210398], [76.58994150189898, 8.933177232543585], [76.59075832373793, 8.929476261520449], [76.58230817328393, 8.930036544551228], [76.58175814162513, 8.925585746685329], [76.57404160503637, 8.925931453274188], [76.56855916967027, 8.924496770210112], [76.56645786773674, 8.923239231105981], [76.56618857384393, 8.920895219239242], [76.56748104081777, 8.918925642804481], [76.5677733420664, 8.914355158663852], [76.57113003732184, 8.913794041062374], [76.57279097992023, 8.907425045929301], [76.57438147052875, 8.90575861926527], [76.57652485353941, 8.910295725067954], [76.58348512683739, 8.916396975839803], [76.5840119119203, 8.917938351773671], [76.58687424624969, 8.918089032283206], [76.5834703446809, 8.913055777702084], [76.5773669481265, 8.90706610671566], [76.57994174941246, 8.904044270426937], [76.58190143150625, 8.906199216920527], [76.58948564544647, 8.90696787826522], [76.59139311290193, 8.91621530019603], [76.59324240681178, 8.915633917271634], [76.59542405597568, 8.91169834100566], [76.59891414677071, 8.912685156295083], [76.60313487017828, 8.918094277129512], [76.60444521927167, 8.923359870661727], [76.60822665713476, 8.92788970454643], [76.61170506483711, 8.927612662094873], [76.61266374573552, 8.930212855738773], [76.6148631574091, 8.92906320110609], [76.61883985967205, 8.931211232712371], [76.61917412238802, 8.929184555622783], [76.61564624297989, 8.927356958756718], [76.60983037946875, 8.920794367466442], [76.60987532128934, 8.915327548827577], [76.6119890212766, 8.910232424486821], [76.61418271056374, 8.909212946720459], [76.61482024176098, 8.90773606296915], [76.61261653942199, 8.907929539516829], [76.6095652584304, 8.911962270442586], [76.60806691685514, 8.909607410054093], [76.60721135132309, 8.91221106069213], [76.60587096217535, 8.912914753213613], [76.60128295384561, 8.906099200617746], [76.5924849510198, 8.900460720286219], [76.58808505568089, 8.901351570718532], [76.58477485177809, 8.903694868523587], [76.58288335808078, 8.90117597539114], [76.58598542198996, 8.893818617235866], [76.58817195896921, 8.892560243560752], [76.58835315707285, 8.892044067779864], [76.58751654655151, 8.891496300613824], [76.58598125003476, 8.89147281661758], [76.58290314676293, 8.893017530834413], [76.5834062095293, 8.895779133000872], [76.58095681690389, 8.8996716740088], [76.58074843858981, 8.902271270502979], [76.57992994760923, 8.902777552842053], [76.57649564715666, 8.904003500561373], [76.57603383089673, 8.903962850305447], [76.5735838411216, 8.898258447869125], [76.57285940663661, 8.89717674241291], [76.5715667013423, 8.896635055563593], [76.5712416171072, 8.896911740085102], [76.57194006478238, 8.901339768915307], [76.57056224315318, 8.904800057077239], [76.57096767461883, 8.908406972503826], [76.56969702250001, 8.911254525576112], [76.56590402115393, 8.914959549843445], [76.56271815302051, 8.923712968778887], [76.56478440747463, 8.925767064398883], [76.56565225145033, 8.929075241229839], [76.56369364224804, 8.928948879287589], [76.56349623206563, 8.930111646935131], [76.56513845887298, 8.931437850177076], [76.56058776341501, 8.934366941181679], [76.55862975136205, 8.933401226685419], [76.55847120268425, 8.935232162734565], [76.5560239549418, 8.935358166746084], [76.55796086799984, 8.9381259679393], [76.55796074838992, 8.93848717254508], [76.55603754549662, 8.94057273904076], [76.55366754502148, 8.941313743534579], [76.55130243326118, 8.94026303321266], [76.55001115788883, 8.938109040000427], [76.54877495789827, 8.9325771329286], [76.54364812346239, 8.933926463135833], [76.54114806663023, 8.932823061535316], [76.53563690152197, 8.93338370339535], [76.5353406666386, 8.932863354760059], [76.5355739597706, 8.932595253368504], [76.53921186943245, 8.93134450954176], [76.54063355909182, 8.926744937728927], [76.54194891471087, 8.913648367078736], [76.54597091672463, 8.905560612832176], [76.54633915402894, 8.902825475016016], [76.54701614388011, 8.901815057019292], [76.54965460277788, 8.90052962274433], [76.55442404753205, 8.892324447615465], [76.55990874739098, 8.88853764529631], [76.56565570844452, 8.879489660619413], [76.56955874004393, 8.876988411286447], [76.58297264547139, 8.869997858714441], [76.58332252491488, 8.870020747359888], [76.58364796618099, 8.871028542933118], [76.58220005049213, 8.872415661753621], [76.57045364372078, 8.877511144024425], [76.56823623211659, 8.879599929193603], [76.56807804136878, 8.880115151693303], [76.57123732554243, 8.881927609371814], [76.57239723244663, 8.882181048216864], [76.57464182336173, 8.882064818936442], [76.57918965807659, 8.881108760461188], [76.58148586737912, 8.880234122107254], [76.59243190271025, 8.874124765745478], [76.59334290065453, 8.873415947088404], [76.60708224734793, 8.86216855073826], [76.6192542312981, 8.850145936086165], [76.64051055951501, 8.825601458940355], [76.64062500004388, 8.825055837557102], [76.64587104321424, 8.81726145745057], [76.64867365356639, 8.81045782536853], [76.64900827421297, 8.809997320320349], [76.65820765525939, 8.79938650098643], [76.66067886363885, 8.795099734964992], [76.66660392283325, 8.789062499734825], [76.66686522984696, 8.789062499734825], [76.6702603099655, 8.785505056013903], [76.67937624471813, 8.77314376837046], [76.68343126803882, 8.76464295370937], [76.68900191790448, 8.755936860697716], [76.69392442727082, 8.750366568762274], [76.69562244442068, 8.747556805202862], [76.69786930072809, 8.743464469909497], [76.69978856998677, 8.737464547551042], [76.70384740823147, 8.73481035231606], [76.70656836014223, 8.729672670257798], [76.72056424654295, 8.715086102841497], [76.72856485828197, 8.704293370442997], [76.73313760781457, 8.699866056573399], [76.75600981719953, 8.669984578825392], [76.75958347299905, 8.667028665540727], [76.7844816445126, 8.635698437533051], [76.78596353568912, 8.632394671876966], [76.80201637755397, 8.613281250029956], [76.80258071382929, 8.613281250029956], [76.82762897050077, 8.580665350325887], [76.83500504534697, 8.572914242898207], [76.8395731444852, 8.566027044912403], [76.87428784330956, 8.524294376784383], [76.87852633012619, 8.517488956850002], [76.90474987031047, 8.486250519945884], [76.91148304950337, 8.479736447079574], [76.9157580137217, 8.47341167970552], [76.9234097001978, 8.464739203351769], [76.92515361334893, 8.464239954610377], [76.94359135655611, 8.441880941552654], [76.94619655582665, 8.437500000325088], [76.9462335107682, 8.437500000325088], [76.94709324825504, 8.436321854270432], [76.95196461677392, 8.431596517665241], [76.95645141630018, 8.424487232999525], [76.9632935519561, 8.417187333429013], [76.96572887918467, 8.411175846688081], [76.96836924554452, 8.408164500991063], [76.97327017747699, 8.39678454367197], [76.96983480413314, 8.393829822888222], [76.97231650310448, 8.389815568533834], [76.97548294048556, 8.388479352240665], [76.97498595713648, 8.385179877250039], [76.97820413071622, 8.384770870079706], [76.9789761303445, 8.381652712802747], [76.98380362993396, 8.379195332398695], [76.98503577667998, 8.376154541998972], [76.9898220297631, 8.372815013002878], [76.9885432720547, 8.376193046472167], [76.98866021629618, 8.376741170668879], [76.98915147815848, 8.377102136954363], [76.98990607230775, 8.377046227901133], [76.99175667742901, 8.374995947205377], [76.99218750035317, 8.375000000449859], [76.99218750035317, 8.375558018987533], [76.99336171187372, 8.37643015362903], [76.9951418641059, 8.375998854963427], [76.99967253166227, 8.371681451737913], [77.00210845514118, 8.370957374283762], [77.00320720634784, 8.365634322166443], [77.0070295336862, 8.362887740476879], [77.00923252106429, 8.356690407036865], [77.01785087621721, 8.355739713017385], [77.02890265023746, 8.34785211098631], [77.0396765472351, 8.3382712600108], [77.04711627969294, 8.33351886280559], [77.05185890216688, 8.327595353143238], [77.06166923045083, 8.319308399962722], [77.06473577023985, 8.31807124579177], [77.07718741906439, 8.308390140193012], [77.07913303396259, 8.308749556946623], [77.08568501505164, 8.304026603545253], [77.08644986147215, 8.302979946467417], [77.08526444439883, 8.302778959681461], [77.08559346226883, 8.300614953417664], [77.12062346969748, 8.27536845199279], [77.13850724671215, 8.261718749720842], [77.13878917697917, 8.261718749720842], [77.13974237471098, 8.260838508590723], [77.14600825267888, 8.257431745379108], [77.16233491922134, 8.244422078016669], [77.16260254397253, 8.246339559423404], [77.1668446064935, 8.244721412863043], [77.17015945899215, 8.236747860825346], [77.18096816514907, 8.226472020067888], [77.18476390852771, 8.219503641180268], [77.20187413728189, 8.210242271663617], [77.22356522115837, 8.196411132967626], [77.2282879353404, 8.18899404993573], [77.22983205330684, 8.188165068363276], [77.23082935828859, 8.185117840615987], [77.23957407448415, 8.176291346368714], [77.2432806491829, 8.176041722447849], [77.24801421188664, 8.172356843893397], [77.25292944933483, 8.172801971433898], [77.26185762902657, 8.16969966920476], [77.27884840982648, 8.161133051149648], [77.29682743583771, 8.149143338194733], [77.30208814155463, 8.14324843866467], [77.30188786972957, 8.139542936857197], [77.30391633467156, 8.13694274411256], [77.30352914325556, 8.131592869715348], [77.30566573098895, 8.130675554033814], [77.30582654505929, 8.127822041154332], [77.31053733782812, 8.126276254945253], [77.31210267529843, 8.123964309305848], [77.31631576975735, 8.12081897271787], [77.3180538418116, 8.120559811486373], [77.31846237144163, 8.120731115248816], [77.31922161598499, 8.122926115747873], [77.32248187064198, 8.122112632192511], [77.3235445023771, 8.125893950445686], [77.32465815535, 8.126211643153056], [77.32514941721212, 8.126327634113181], [77.3332253696554, 8.126028775907457], [77.33472824111578, 8.125784635152911], [77.3437499997629, 8.123883843365093], [77.36364674550123, 8.119469165869532], [77.37465655805403, 8.114461660677193], [77.38641524326908, 8.111819147635742], [77.40201795106793, 8.105960011445632], [77.42395806351402, 8.099609255463008], [77.43010497106786, 8.099325775664113], [77.43411254885535, 8.09715390213114], [77.43752694101562, 8.097209453253981], [77.44888126855602, 8.094058513889593], [77.47982132479467, 8.089680433405363], [77.48067820063875, 8.088516712476462], [77.49806630641513, 8.087045669822032], [77.50021922583687, 8.085937500015802], [77.50065731977969, 8.085937500015802], [77.50717616085143, 8.083565711688436], [77.51691567921551, 8.081878423450803], [77.52584803086228, 8.081441402399264], [77.52832984944337, 8.080865264320721], [77.5307657720229, 8.07965612403109], [77.53174352664257, 8.077175736271386], [77.53849554033741, 8.07834255716341], [77.54989731341044, 8.077798962852114], [77.55089390253193, 8.076612829918247], [77.55123186146153, 8.076643347512515], [77.55123567668204, 8.076648479393953], [77.55393850785617, 8.076930403915355], [77.5566666666669, 8.073333333333323], [77.5581652256563, 8.074141766472621], [77.5850296515789, 8.08863441729909], [77.59923107343212, 8.096295710667334], [77.62423683016084, 8.109785658376268], [77.65510823868851, 8.12643997087173], [77.66883981176801, 8.133847793190853], [77.68172366686582, 8.14079829396718], [77.72656031306872, 8.164986484681947], [77.74666666666678, 8.1758333333334], [77.76977245027126, 8.189946917648513], [77.79822385006207, 8.207325736592963], [77.84452156723677, 8.235605527753705], [77.9064012698966, 8.273403181182687], [77.98975707170587, 8.324318967339195], [78.06482714246232, 8.370173623960966], [78.06657624249976, 8.370367526940015], [78.0670536754871, 8.370637655403755], [78.06779186631542, 8.37198455064447], [78.07000000000022, 8.373333333333335], [78.08242929135014, 8.397967964838017], [78.10808700418858, 8.44882108938259], [78.13166666666677, 8.495555555555654], [78.14977816311375, 8.541806382640345], [78.17440600902017, 8.604697830943906], [78.20862007542723, 8.692069345158416], [78.22106669172092, 8.723853924620471], [78.23000000000019, 8.74666666666701], [78.33194728502332, 8.849827609845079], [78.35751138713158, 8.875696046502185], [78.4666863640029, 8.986170725478928], [78.51104095589415, 9.031053348226067], [78.5800000000001, 9.100833333333696], [78.67835428367732, 9.118085642109577], [78.7744397260355, 9.134939973802034], [78.92641309353513, 9.161597597281343], [78.98780318748555, 9.172366023597306], [79.00350763012415, 9.175120737306031], [79.08833333333342, 9.190000000000111], [79.09498152223557, 9.188544924693304], [79.12557397972319, 9.181849217016634], [79.21373300998914, 9.162554033033985], [79.41019626918893, 9.119554527247203], [79.46353606918342, 9.107880155927432], [79.48484252427181, 9.103216856323002], [79.5300000000002, 9.093333333333476], [79.52666666666676, 9.106666666666854], [79.43543904142496, 9.207497199828879], [79.42500471921619, 9.219029871743942], [79.34753368187717, 9.304655755118574], [79.33666666666682, 9.31666666666672], [79.33333906539337, 9.315249924627835], [79.33327257646857, 9.315374135608181], [79.33216941318824, 9.316406249748866], [79.33207213891853, 9.316406249748866], [79.33044421672753, 9.318906545800814], [79.3299958705133, 9.319252014069548], [79.3247035743106, 9.32248604269705], [79.3211294409711, 9.324745416667781], [79.3144166467111, 9.32776534549464], [79.31172060961865, 9.328335165835256], [79.31084632829561, 9.328332543412273], [79.30307734054702, 9.325305462277356], [79.30012476464645, 9.32264077645101], [79.28997480829105, 9.319867014551392], [79.28962945963201, 9.319694877117115], [79.28891074663392, 9.31780886658612], [79.28597021085676, 9.316406249748866], [79.2861044409675, 9.316406249748866], [79.27950906758974, 9.311876535473914], [79.27767872779128, 9.309592246684986], [79.27304780471269, 9.302621245374212], [79.27116680160685, 9.296028017779236], [79.26822650415, 9.293855547995236], [79.26735043497473, 9.293476700489691], [79.25512981389005, 9.291678667037104], [79.23074495831332, 9.292617678862882], [79.22080910175896, 9.291831255008674], [79.21979761087124, 9.291342735179285], [79.21599495440387, 9.285903334171621], [79.21288037283114, 9.283509850599216], [79.20560240772517, 9.280296445224906], [79.20536053146373, 9.280184149579043], [79.20512089067779, 9.279380079357452], [79.19062098215181, 9.281739127339108], [79.19078552753041, 9.282064914364582], [79.19055652596319, 9.283226370800662], [79.1814422603523, 9.28323245021744], [79.17676591881235, 9.284568667410156], [79.16092443471507, 9.28422164960972], [79.14853596686191, 9.2898324730902], [79.14006412026345, 9.292318463626486], [79.13172686080622, 9.287223815926495], [79.12678504029765, 9.287704944228153], [79.12401866902661, 9.289605975235816], [79.10973751587375, 9.288533925800266], [79.10156250040933, 9.290178537609506], [79.08687722700262, 9.295133948673197], [79.07476055585528, 9.29819774642931], [79.06559085873135, 9.299415707269418], [79.06439983888168, 9.299873113253966], [79.04749226605566, 9.309465646422666], [79.03769326203462, 9.316406249748866], [79.03735923763895, 9.316406249748866], [79.03422212625031, 9.318576812969582], [79.02190935613214, 9.327395677368827], [79.02086830183089, 9.329387664909063], [79.01943194872581, 9.32931494752711], [79.01236474513729, 9.336151003765849], [79.00099563633978, 9.345016360416821], [79.0003826620304, 9.345006466075802], [78.99891901000467, 9.344555259118124], [78.99781513176328, 9.343352914105765], [78.99670302832243, 9.340594649323862], [78.99729967094328, 9.338553309687882], [79.00068724172309, 9.33646655069117], [79.00238406637169, 9.33311581614214], [79.00169026819151, 9.329216957396966], [78.9992938042659, 9.327576756762085], [78.98749041555044, 9.327317357210461], [78.96667683167055, 9.33585131188886], [78.96640443781484, 9.33609771713617], [78.96734881409691, 9.337038159783674], [78.96927285156119, 9.337182879586749], [78.98774290111425, 9.328712463809438], [78.99783086810027, 9.328990459542524], [79.0014394517695, 9.330271720963253], [79.00168549998597, 9.3307578566899], [79.00174820431641, 9.333828806754468], [78.99496114224314, 9.338356256536485], [78.99387705358345, 9.340038656958654], [78.99388122553847, 9.34045851265057], [78.9965330366706, 9.34782075862114], [78.99608862409116, 9.348829269155601], [78.98932790765718, 9.353914141225118], [78.97061026125476, 9.372070312095502], [78.94320535634245, 9.401925205883629], [78.93959486521095, 9.40616857961652], [78.92709755870573, 9.42262065392049], [78.91001665594422, 9.450751542849503], [78.90181410323851, 9.466667413470589], [78.90011692065951, 9.471041202390097], [78.89823484376342, 9.480460643943957], [78.89822006250631, 9.488674044271988], [78.90079295633035, 9.49173033268886], [78.90406894642501, 9.492977976552595], [78.90937411822125, 9.490865349456442], [78.91048181048751, 9.490866303637176], [78.91340518000538, 9.491535305709931], [78.913760662225, 9.49218750035294], [78.91468763392726, 9.493752360283281], [78.9148128033683, 9.494319916131246], [78.91443622125473, 9.501191854420767], [78.91570126969816, 9.504835963109542], [78.91489934962539, 9.50849485395446], [78.91724073906897, 9.515317558858385], [78.9170265196584, 9.51737785350565], [78.91893804035851, 9.518862605425284], [78.92146694654252, 9.524578571344023], [78.92244625069429, 9.527647375626145], [78.92271900158102, 9.530648946591782], [78.92233455219815, 9.531983852573092], [78.91857755161283, 9.536723136763612], [78.91894805430945, 9.542384504841095], [78.91904985936378, 9.543292642042047], [78.92257356681688, 9.558359742408356], [78.92230963738001, 9.563979506049634], [78.92393064468371, 9.567109942669958], [78.92418754142221, 9.572610259256521], [78.92813706437431, 9.580540657325628], [78.927366733888, 9.586046218758156], [78.92951953369982, 9.594139337460774], [78.93437767049329, 9.603119134640394], [78.9351496692222, 9.608230114028743], [78.93883967391213, 9.610880732660007], [78.94456374632017, 9.617781520301207], [78.95415377577643, 9.623796939777037], [78.95943272154318, 9.629766940791967], [78.96198284633164, 9.637973308421522], [78.9613480571673, 9.642081022121715], [78.96264565027673, 9.640442252308333], [78.96394574619956, 9.641311764526506], [78.96505641971822, 9.645210146631257], [78.9699077603351, 9.652472734229434], [78.9701092246612, 9.65296375777126], [78.97108757463201, 9.656683564195362], [78.97155594784886, 9.667405605384658], [78.97174167673728, 9.66796875005781], [78.97192025151872, 9.66796875005781], [78.98042094746893, 9.68817675115639], [78.98177385338084, 9.690305828651503], [78.98830926446124, 9.696848511649705], [78.99404525738294, 9.70830261717225], [79.0045895574624, 9.717118024577417], [79.00875711474924, 9.725080728093474], [79.01282274737218, 9.727678537634517], [79.01770055323806, 9.73284172986206], [79.02092874076902, 9.74094057095067], [79.02647650198924, 9.745910048310236], [79.03698134431374, 9.761743903458466], [79.04169285294307, 9.765969753001855], [79.04968225912927, 9.768165707681476], [79.05777704697323, 9.772617936368874], [79.05872464192879, 9.773778200303923], [79.06281304358725, 9.782783746872838], [79.0690615178749, 9.79201400254425], [79.07767415064171, 9.798651456999664], [79.07943403755115, 9.80120492007103], [79.08041751365778, 9.809598207291515], [79.08748185650268, 9.82246935387775], [79.08882474936286, 9.824358225152082], [79.0921853782529, 9.828153729311396], [79.09552741006206, 9.83089375494319], [79.10113775690229, 9.83482134343069], [79.10156250040933, 9.83482134343069], [79.10674095143412, 9.83708333982446], [79.10767865204838, 9.837990761164974], [79.11005425440072, 9.84374999976285], [79.11034452947666, 9.84374999976285], [79.11961233634048, 9.851978540177925], [79.12183511240079, 9.85473585167847], [79.12414991878398, 9.858937859294997], [79.12470674482063, 9.862557769026068], [79.1236293318284, 9.866279840842196], [79.12306904789853, 9.867281436489463], [79.1201801296096, 9.869256377380111], [79.11988365640576, 9.869835137881523], [79.118873119699, 9.874258637726143], [79.11934542655041, 9.875682353557977], [79.12476193891257, 9.884406924040547], [79.12541782887024, 9.889070749715358], [79.12671124912504, 9.891795158619743], [79.12809872587576, 9.89395606492053], [79.12850666015447, 9.89434635629948], [79.13669025874862, 9.900529980474516], [79.14324367065922, 9.908305526079403], [79.1447230581229, 9.909726500777651], [79.14898800839018, 9.912698626140923], [79.15183174653811, 9.917065859002491], [79.15350031808549, 9.920081734584642], [79.15363240241368, 9.920721053634054], [79.15273833240826, 9.92687404150422], [79.15288293350079, 9.92752075208125], [79.15533185038504, 9.932213544919307], [79.16308116906083, 9.937756061293499], [79.17037975831948, 9.944953203427644], [79.17408454426669, 9.950195312064238], [79.1926748754455, 9.96815836431756], [79.19905304905927, 9.971356868824671], [79.20078170341316, 9.976992607123464], [79.20252585398521, 9.980253934671566], [79.20444464660335, 9.982786774490194], [79.22016155751015, 9.999658346555634], [79.22467315224458, 10.005805850359764], [79.22493624711046, 10.007967829551887], [79.2251806261853, 10.00826144201227], [79.22722864148898, 10.007636665899668], [79.23782467866624, 10.019531250367095], [79.23810815846497, 10.019531250367095], [79.24273943857463, 10.024991273728517], [79.24686372318268, 10.028323650416212], [79.2521308662466, 10.031499504598685], [79.26728880443494, 10.038305640393332], [79.25745904449951, 10.043926238605252], [79.25263166452004, 10.04838883917381], [79.25222992926803, 10.053015351077875], [79.25361883684008, 10.062522053849932], [79.25218200709406, 10.066328525241488], [79.24707424637978, 10.070842147047756], [79.24264597922877, 10.07233345502516], [79.24419617661238, 10.072614312400901], [79.24364960194788, 10.073179244926564], [79.23648715026195, 10.074416517808572], [79.23280000721485, 10.082554459620894], [79.23321294801929, 10.083843946241302], [79.23152673267288, 10.085223912753577], [79.22869181597486, 10.091965556365835], [79.22664427731183, 10.098409652983378], [79.2264509203739, 10.101131916105146], [79.22953677220448, 10.103930354502438], [79.22826755090699, 10.112665056747119], [79.22838830917334, 10.113141059812222], [79.23236715811805, 10.123961329451959], [79.23717725312798, 10.128657340963855], [79.23371922945898, 10.128637075640768], [79.23038005839311, 10.131102204603394], [79.22871911489534, 10.137700557434982], [79.23051965206076, 10.138782739531962], [79.23049151856895, 10.142128825485031], [79.22901284696547, 10.143605351306064], [79.23073601725355, 10.150199055542203], [79.23781216100252, 10.152608037131358], [79.23980605600485, 10.154440403102285], [79.24091053049682, 10.16266167159921], [79.23788726338677, 10.168674349941625], [79.24147772751525, 10.174246311018692], [79.24125456794422, 10.180376171923058], [79.24250805380387, 10.18270254178924], [79.25276064888527, 10.187975644660582], [79.26012396774729, 10.193169951632171], [79.26247096086661, 10.195312500072134], [79.26260066019273, 10.195312500072134], [79.26569056526762, 10.198243141507987], [79.26902115320394, 10.204208969668514], [79.26942741834102, 10.204607844176905], [79.28116166627808, 10.213699817392808], [79.28013384370223, 10.2203768492123], [79.2707295413357, 10.224989414430127], [79.27036654977672, 10.225278854036048], [79.26829385797527, 10.228515505986252], [79.26789915542196, 10.22969961184782], [79.26799654930159, 10.231809377301147], [79.2737106086579, 10.24006497831624], [79.274036049924, 10.240439772577815], [79.29488635042509, 10.260356426608155], [79.29539835425095, 10.260743856344106], [79.30124294750436, 10.26478660122092], [79.30847275301528, 10.264382600576596], [79.31168794624193, 10.269957661617013], [79.31476807568663, 10.273576855487818], [79.31608402755603, 10.27478730698897], [79.32004654391324, 10.277853012207004], [79.32937932049958, 10.283424616253228], [79.33249700113612, 10.284847736733695], [79.3417135475425, 10.287037253167114], [79.34732902051803, 10.286973953485358], [79.34766697854849, 10.295628071078909], [79.34899675839398, 10.293135643195626], [79.34858286340852, 10.290760159553827], [79.35003304448952, 10.28975152940967], [79.3511673216151, 10.28609514227719], [79.35362207869622, 10.288507580860312], [79.36254084068742, 10.292102217843421], [79.36599910267654, 10.292140841926539], [79.3665210008437, 10.293847560916674], [79.3651478287095, 10.295953035704258], [79.35858786074135, 10.300578832647261], [79.35860061672537, 10.301811337323386], [79.36310803860556, 10.29991424084983], [79.36949324581684, 10.294844627577731], [79.37615525715961, 10.302248477985017], [79.38000714791178, 10.312080740733848], [79.3826198574206, 10.315459728383871], [79.38578534152066, 10.316598654104894], [79.3952914480422, 10.317836165307028], [79.4138685465964, 10.316872716203079], [79.42744147734248, 10.315077900524955], [79.43711674184425, 10.315433025713617], [79.44443726556761, 10.313691258345216], [79.45042681694429, 10.31438112289078], [79.4531249998193, 10.313616037250597], [79.48105144496856, 10.310546755428845], [79.5025379654549, 10.309648036827468], [79.50668954808441, 10.308394432257273], [79.51209795485698, 10.30903863912215], [79.5127358439841, 10.309456944382816], [79.51813840876065, 10.315067649152923], [79.5179454088539, 10.315783023867766], [79.51736092596622, 10.316020250634551], [79.5078506465905, 10.315040350232152], [79.49988102908657, 10.31620383284087], [79.49902224578045, 10.317438006659131], [79.49746382229773, 10.31668794149573], [79.48678290800495, 10.31699430904024], [79.4571303131138, 10.320342540775812], [79.4574246405349, 10.324780106916478], [79.45875012881567, 10.326993823206578], [79.46133124783904, 10.325171470287216], [79.47080230688135, 10.324743747326295], [79.47358655937245, 10.325811147267018], [79.48043525198551, 10.324022651124892], [79.48594427131121, 10.324959635878713], [79.48658013336683, 10.326032400275267], [79.48114120989914, 10.333206057513678], [79.4759870765426, 10.335598111164131], [79.46880102125044, 10.335704922744299], [79.46624517407565, 10.338910221629817], [79.4629441495531, 10.33757591279857], [79.46266114729434, 10.336224436808607], [79.4607212547823, 10.337105512509709], [79.45901834981731, 10.335255026998027], [79.45837521584372, 10.336534619277472], [79.45518744024838, 10.336355924886448], [79.45588803280674, 10.341658473359985], [79.45609927186428, 10.342042446102312], [79.45779860022549, 10.337816953589652], [79.46120524382741, 10.337890625152511], [79.46262276153169, 10.339285731751147], [79.46723032022322, 10.340069770603804], [79.46945107011123, 10.339187145370488], [79.47146844821066, 10.33666527278433], [79.47617805027699, 10.336483359719637], [79.478214145067, 10.335104226878798], [79.48132395753481, 10.33632755307434], [79.4863444570313, 10.335572243064803], [79.48760247187687, 10.330103635674561], [79.49079215493447, 10.329282522271], [79.49459254780811, 10.330585837766534], [79.49397301654164, 10.327639341282918], [79.48870396601558, 10.3286209108266], [79.48752593957067, 10.328009605658906], [79.48840224706623, 10.32698452511579], [79.48780465116403, 10.325238347471895], [79.49266731694343, 10.32363474384863], [79.4928474430555, 10.320213914340968], [79.49578130226564, 10.318648815190954], [79.49362945573517, 10.322412610154117], [79.494571447015, 10.325863361005588], [79.49672806265022, 10.327916741664694], [79.49549317387107, 10.321346044784264], [79.50078034393817, 10.320099830842764], [79.50452935674468, 10.322005629156763], [79.50558483617152, 10.32834231884317], [79.50244486314011, 10.330144047609735], [79.50178492083768, 10.33330833920877], [79.5080188512892, 10.33828055860107], [79.51238310379756, 10.337401628682358], [79.5143766399703, 10.333871007241271], [79.50991702065431, 10.331118941486125], [79.510584950735, 10.329840779128801], [79.51702845110242, 10.327338814834604], [79.52190184579376, 10.33062720298318], [79.52727603875837, 10.33019721552921], [79.52961564034973, 10.327757358415681], [79.52840244771488, 10.324373960489993], [79.52573394786356, 10.324462056279117], [79.52493333810321, 10.327240944314156], [79.52372324453245, 10.327760458378634], [79.52265655955279, 10.327099442285771], [79.52292001234889, 10.325339674986253], [79.51943194862588, 10.325043440102888], [79.5119869713219, 10.326186537778767], [79.50873744467754, 10.327687143846958], [79.50717926041483, 10.325063943746272], [79.51620864891021, 10.320341109954484], [79.52008545358115, 10.320518374423727], [79.5239080192398, 10.318295002112734], [79.52965414482316, 10.32148206274735], [79.53757643730296, 10.32191061937965], [79.54014873487631, 10.32260656334239], [79.54090976727235, 10.32431423651326], [79.543542861714, 10.324103832026537], [79.54155337788637, 10.328286051859948], [79.53447842573888, 10.335637926849245], [79.53441214570427, 10.336155653061041], [79.53664386282435, 10.33785665056422], [79.53917264939844, 10.337890625152511], [79.54068696473183, 10.336457133689919], [79.54358565775203, 10.33780407889526], [79.5436892506587, 10.338054776606896], [79.54330944987146, 10.338592648532199], [79.54022133354806, 10.338754176664224], [79.53822231330952, 10.346735835190884], [79.53842616083892, 10.347072243689126], [79.53897511960628, 10.346971273205781], [79.5408395527034, 10.344203472012737], [79.54063522853323, 10.341946243824339], [79.54289400535424, 10.339109420563602], [79.54347002472213, 10.342463373786131], [79.54256713416618, 10.345874071531341], [79.54359924830703, 10.347475648082934], [79.54574513413087, 10.347866774032468], [79.57635211925503, 10.340752124911091], [79.58313047858894, 10.341324805995328], [79.58364176745386, 10.341448903444302], [79.58666610745507, 10.343456625523004], [79.5870301719051, 10.343341708353194], [79.59002470927322, 10.340008616704438], [79.58729696298468, 10.329383015214205], [79.58652031386151, 10.327845930845115], [79.58261072620434, 10.32787537554833], [79.56187331670043, 10.332800269017525], [79.55990004495123, 10.332380771255828], [79.55323660368651, 10.328781604387814], [79.55150580444945, 10.324916243589996], [79.55159544977045, 10.319928050439387], [79.5493233207149, 10.31678402416344], [79.5376671555153, 10.312015056949576], [79.53168785551048, 10.316536426415098], [79.52785456183881, 10.316678047154369], [79.52516865740785, 10.31510734522817], [79.52318394178582, 10.310965656939686], [79.52313494672075, 10.3078863620662], [79.52435564959393, 10.306999563978934], [79.52623641527845, 10.305661201903376], [79.52700984482868, 10.305370330576523], [79.55010092222005, 10.300998925760268], [79.56562781357297, 10.299600839707296], [79.57317173518766, 10.29841327685142], [79.57719337927136, 10.296722173689545], [79.58182203785702, 10.29707431762597], [79.63377785726271, 10.289312004645524], [79.67419731645316, 10.281000375866824], [79.68531703964982, 10.280383348313023], [79.72729623353479, 10.274024963381692], [79.7302427291188, 10.27402484377177], [79.73475134350002, 10.277002454100398], [79.73916363689256, 10.277505158936378], [79.7394187448794, 10.27810263612787], [79.73914694817336, 10.279240250637258], [79.7351478339059, 10.27802777296381], [79.73153495777234, 10.280282139509325], [79.7157223221277, 10.283857107419692], [79.7135180235382, 10.286878347458071], [79.70866584745113, 10.286935209792148], [79.70896995050305, 10.283285379616814], [79.70303761939084, 10.285684823895963], [79.6829279663529, 10.290118813432741], [79.68054604536394, 10.292201637895687], [79.68637120696593, 10.291045069274901], [79.69069683539095, 10.29191744313573], [79.68317794820399, 10.294951319547863], [79.67633223504498, 10.30047225938739], [79.67357194409021, 10.30115234830248], [79.66882097680701, 10.29967141130669], [79.66613996019117, 10.295318841891401], [79.66391921030356, 10.296575308104252], [79.66884231592041, 10.301356553762162], [79.66638577008735, 10.301256657069302], [79.6627155540798, 10.297867536757622], [79.66566765333977, 10.291495442560802], [79.66517150366235, 10.289186954814568], [79.66256344274916, 10.28915023819303], [79.65641140905939, 10.291998148296102], [79.64575612544502, 10.292165279204369], [79.64441621293821, 10.293780446311075], [79.6247124671068, 10.295510410976988], [79.61950826669346, 10.297463059472875], [79.61975300279897, 10.298575877874725], [79.61685156864525, 10.298578858227927], [79.61541211647636, 10.297214508443005], [79.61611831181096, 10.29892075079232], [79.60299932915609, 10.299695968194783], [79.60287976249123, 10.300750970980744], [79.59527695147051, 10.30242300042147], [79.59322416796147, 10.301054954422852], [79.59286046054206, 10.30271804370301], [79.5895531173827, 10.302976727394366], [79.58882296051138, 10.301997541953199], [79.58753037482705, 10.304642915738157], [79.58231914081597, 10.30289733434472], [79.57958364506942, 10.304501771639593], [79.5743290187695, 10.30470216307458], [79.56961643724912, 10.307010412500858], [79.55573666051868, 10.30834424469117], [79.55125546466837, 10.312358021505702], [79.55082297350157, 10.313581347701245], [79.56381285218163, 10.310176968592486], [79.56457805653235, 10.310060858921815], [79.57205104861725, 10.310484647348744], [79.576673150246, 10.308623075894275], [79.58083105061274, 10.308622241323462], [79.58764564992708, 10.312746643743026], [79.58507621309701, 10.309739351290261], [79.58942127227402, 10.308623075894275], [79.59674108013695, 10.30865466637988], [79.5994261499971, 10.309460401376782], [79.60663950420991, 10.315626740581763], [79.61356103381485, 10.317416548834842], [79.61676335324648, 10.324907660460383], [79.62130856553819, 10.330774426498692], [79.62202775517704, 10.33378255352227], [79.62059152168155, 10.340808033963924], [79.61881065358892, 10.340852857073969], [79.6166424753701, 10.338172316199575], [79.61580073871335, 10.340623020935936], [79.61453473608935, 10.340853810355327], [79.61302864595535, 10.339523315548718], [79.61051905181307, 10.341248273689132], [79.62036395093583, 10.343924880029306], [79.62232804330478, 10.347533226277733], [79.62122225760123, 10.34834837897472], [79.62504935224598, 10.351267456927928], [79.62416005134565, 10.358363270648738], [79.62525033993148, 10.360630631498907], [79.62995123835918, 10.362920403454098], [79.63148415077308, 10.36202991005257], [79.62755405947269, 10.356735229747528], [79.62951612476957, 10.35284340370049], [79.62759065648379, 10.35020935507788], [79.6275352240715, 10.34599423444655], [79.63074314627954, 10.33940875540992], [79.6311744449448, 10.336076855362876], [79.63417243930672, 10.333850145667839], [79.63500154048893, 10.335294246432682], [79.63744163502389, 10.32769942319004], [79.63646292712264, 10.318219542698216], [79.63868713400427, 10.317838311089247], [79.63950264463148, 10.318894147547155], [79.64520847788907, 10.318946957536298], [79.6471930739014, 10.320003748174713], [79.65698885924871, 10.31872034097114], [79.67182064031056, 10.319225907449777], [79.6871781353629, 10.325305342467914], [79.7045861485322, 10.323454141995342], [79.70914387668904, 10.325080752075394], [79.71016430863614, 10.32499492167841], [79.71163606625163, 10.324751615495188], [79.71194767954222, 10.324520111114396], [79.71166992212937, 10.323682904342718], [79.70875465910058, 10.323416232873114], [79.72061312229806, 10.318869828979928], [79.73056852831513, 10.311046123779818], [79.73762655252364, 10.310296416546407], [79.74389517342382, 10.313329935028548], [79.75734567676182, 10.313586115906617], [79.76165354267715, 10.312482952626624], [79.76668691596865, 10.306749225096723], [79.7752319574891, 10.30254495118902], [79.7782882450067, 10.302412151899432], [79.77858066586526, 10.30179834391879], [79.77781367276299, 10.30150842677267], [79.77388143567987, 10.301671743656243], [79.77303254581551, 10.301826357800337], [79.7688214775294, 10.303600907256168], [79.76262164127598, 10.310171842456725], [79.7597794535593, 10.311919807953132], [79.7571221592604, 10.311985254316312], [79.75825285888254, 10.310138225798823], [79.75764834899257, 10.308465361787228], [79.7587963344834, 10.306492328358502], [79.7604587079033, 10.304548025571137], [79.76398193871563, 10.300831079890656], [79.77948927880749, 10.292103171124609], [79.78537833724079, 10.286690831616681], [79.78675925703436, 10.283907770727183], [79.78676545606129, 10.283635854411386], [79.7849807739438, 10.281045437297337], [79.78447580371568, 10.2807563547222], [79.78268527960233, 10.281739115867595], [79.77925574735502, 10.281510948871528], [79.77578580407192, 10.285779118711503], [79.77212285998235, 10.284343838497534], [79.77104425448908, 10.287081956667066], [79.7694267032802, 10.287881135606426], [79.7687683105093, 10.287879228143993], [79.76343286033858, 10.287136316188366], [79.76061010337384, 10.282417059000295], [79.75809276067247, 10.284276008930817], [79.76071214674852, 10.286690831616681], [79.75861930833463, 10.290204643829384], [79.75435960291355, 10.290205121369524], [79.75328302359293, 10.28851783313155], [79.75144636605717, 10.290112852725997], [79.7491878275564, 10.28890442829686], [79.75134384604195, 10.28582644463495], [79.75033271308467, 10.283584833173848], [79.74907255155716, 10.283995747805761], [79.74719655497739, 10.282514452879923], [79.75152420957477, 10.278467178118035], [79.75498831266071, 10.277442574215684], [79.75554466205699, 10.275346278807831], [79.75096261533253, 10.276112079409074], [79.75033676632899, 10.277831554383056], [79.74746215355589, 10.279433965505405], [79.74572372447062, 10.278473735075124], [79.74614095683995, 10.276785730977053], [79.74329745791158, 10.276726603250324], [79.74280774558133, 10.278227448538189], [79.741539955105, 10.278309464010817], [79.74155604847306, 10.27793645850096], [79.74292945892756, 10.275297045422462], [79.7432924504867, 10.275143742490172], [79.74448811983103, 10.274865746757087], [79.75861585134066, 10.273716450054451], [79.787251115147, 10.272879361993205], [79.80468750012824, 10.273716450054451], [79.83538031564939, 10.275419950370747], [79.84992420663707, 10.278768300816523], [79.85174953901031, 10.279341459440957], [79.85305464235802, 10.280630946061365], [79.8586962226529, 10.281843900375918], [79.85936057523082, 10.283067941532522], [79.86691474911669, 10.28632807747897], [79.87646871863979, 10.293991329907726], [79.87833333321697, 10.291666667183335], [79.8888888883119, 10.308333333216922], [79.88189281168809, 10.322325487327305], [79.8804802455627, 10.327955898919186], [79.85833333271734, 11.19722222282769], [79.84583333274236, 11.349999999900263], [79.7833333328673, 11.706111111039206], [79.94667764526315, 12.105948641157568], [79.94678572807948, 12.10621320847315], [79.94685976777578, 12.106394444348325], [79.99361111126404, 12.220833333891335], [80.14583333304222, 12.44666666683338], [80.14790997329004, 12.451982865880723], [80.15561354123219, 12.465779542791722], [80.15610706848662, 12.467633843227418], [80.15625000043735, 12.467633843227418], [80.15625000043735, 12.468470931288834], [80.15732276483396, 12.471793532346055], [80.1579526357657, 12.477692083106263], [80.20833333291728, 12.606666667233185], [80.25666666603405, 12.781666666883552], [80.34666666603403, 13.276666667333075], [80.34888888901122, 13.306944444830378], [80.34621846431634, 13.324435726210254], [80.34614014625089, 13.325739741396205], [80.34532415898292, 13.330728530797217], [80.34525203344305, 13.330765851933052], [80.34457163349191, 13.335222468758673], [80.34475290782063, 13.337698936756794], [80.34286062706008, 13.346169571034181], [80.32666666643377, 13.443333333966336], [80.25555555544474, 13.781666666683691], [80.19722222162846, 14.57777777802221], [80.19727469264939, 14.580930812785994], [80.19777655564377, 14.582753300624631], [80.19916415200424, 14.584086775784272], [80.19917917248102, 14.586894035631417], [80.19777977431727, 14.589843749889383], [80.19749152631312, 14.590262174759744], [80.19754660169474, 14.592986345343775], [80.19747648079579, 14.593056443141222], [80.2124999998752, 15.495833333641542], [80.93364588728002, 15.721105572396311], [80.93426501741686, 15.720485329734629], [80.93540096278451, 15.719346642333903], [80.93927705249433, 15.71837866334505], [80.9457608460865, 15.72144675266577], [80.94765245939391, 15.722709655326469], [80.94964540021516, 15.725229859670492], [80.95097625295216, 15.728343367452737], [80.95282816928494, 15.729864835993624], [80.95687925807152, 15.732876300401244], [80.95901791613676, 15.734368886280322], [80.96879187474735, 15.740428740631387], [80.9724831583714, 15.741959453066613], [80.97555013512965, 15.744618861788467], [80.9795723679236, 15.747112645540938], [80.97945094100845, 15.74655687819768], [80.9772863384942, 15.741988658550156], [80.95585954198464, 15.729706048995297], [80.95449197262661, 15.728505731054952], [80.9544714689834, 15.728016733685592], [80.95523631540374, 15.72758412380864], [80.9560558792756, 15.727474331875214], [80.9604070187691, 15.728861928235688], [80.98266565759423, 15.739992022414242], [80.9830104109019, 15.74018991013645], [81.00108647376209, 15.751849055689831], [81.0063488486208, 15.757906556242745], [81.00446724926451, 15.761388659259353], [81.00432002574883, 15.7614356281519], [81.00355792046184, 15.758376240671339], [80.99954763729886, 15.75949731372225], [81.01111111048976, 15.766666667033292], [81.15666666603391, 15.9666666666335], [81.6999999996006, 16.294444445155477], [81.9583333330171, 16.39444444495558], [82.3222222218784, 16.570833333291944], [83.2149999994507, 17.59000000019995], [84.13416666655894, 18.31666666733304], [84.35888888891128, 18.556111111738574], [84.55833333321692, 18.794444444655824], [86.37500000015012, 19.950000000699617], [86.79249999967567, 20.341666666883327], [87.10166666638406, 20.741666666983292], [88.72499999995034, 21.378333333216915], [88.94595747046105, 21.476342191738865], [89.14583333304216, 21.56500000034987], [89.16600993068124, 21.568979787347246], [89.18219830326643, 21.452038378566044], [89.1831111113894, 21.445444444106386], [89.18355901609254, 21.44256754689974], [89.19566036754168, 21.364840423380883], [89.18913433001848, 21.361946446975196], [89.18103726664009, 21.35835579771532], [89.17294020417978, 21.35476514864405], [89.16484313325435, 21.351174495601242], [89.15674607264748, 21.34758384781327], [89.14864902235536, 21.343993203484217], [89.1405519677632, 21.340402557028654], [89.13245491082148, 21.33681190891474], [89.12435784035188, 21.333221254982675], [89.11626078436387, 21.329630608152513], [89.10816373868761, 21.326039964778772], [89.10006668454417, 21.322449317432017], [89.0919696313241, 21.318858670276768], [89.08387256963857, 21.315268019149585], [89.07577551826341, 21.311677373275074], [89.06767847720107, 21.308086730857383], [89.0595814276744, 21.30449608446844], [89.05148437906519, 21.30090543826816], [89.0433873219929, 21.297314788097708], [89.03529027523359, 21.29372414318067], [89.02719323878, 21.290133501717946], [89.01909619386242, 21.286542856283972], [89.01099914986446, 21.282952211040083], [89.00290209740342, 21.27936156182608], [88.99480505525287, 21.27577091786469], [88.9867080234061, 21.272180277356597], [88.97861098309568, 21.268589632877934], [88.97051394370521, 21.264998988589355], [88.96241689585042, 21.26140834033032], [88.95431985830385, 21.25781769732356], [88.94622283106207, 21.254227057770606], [88.93812579535597, 21.25063641424657], [88.93002876056897, 21.24704577091279], [88.92193171731958, 21.243455123609237], [88.91383468437448, 21.239864481556538], [88.90573766173151, 21.23627384295679], [88.89764063062478, 21.232683200386475], [88.88954359105827, 21.229092553847806], [88.88144656179202, 21.225501912557547], [88.87334954282505, 21.221911274719844], [88.86525251540013, 21.21832063291407], [88.85715548889061, 21.214729991297133], [88.84905845392115, 21.211139345711842], [88.84096142925102, 21.207548705375302], [88.83286441487843, 21.203958068490408], [88.82476739258561, 21.200367427875904], [88.81667627275976, 21.19677940450555], [88.81444770177455, 21.195820164092936], [88.80996778715928, 21.193949687442228], [88.80771646530269, 21.19303846018539], [88.79935138452709, 21.189758346700728], [88.79098026583642, 21.18647586603339], [88.78260915227247, 21.183193386687265], [88.77423803733791, 21.179910906659757], [88.76586692022909, 21.17662842528466], [88.75749579329397, 21.1733459402663], [88.74912467760765, 21.1700634600615], [88.74075356759147, 21.166780981391128], [88.73238245620644, 21.16349850204074], [88.72401134264567, 21.160216021342308], [88.71564021548124, 21.156933535519045], [88.70726910622443, 21.153651057473212], [88.6988980044319, 21.150368580960958], [88.69052688903548, 21.147086099323303], [88.68215578190177, 21.14380362078299], [88.6737846629631, 21.140521137119038], [88.66541354969479, 21.137238656785996], [88.65704245432607, 21.13395618243095], [88.64867134715098, 21.13067370295107], [88.6403002360052, 21.127391222123833], [88.63192912349126, 21.124108740618], [88.62355801844126, 21.120826262441824], [88.61518691905866, 21.117543785799512], [88.60681581830619, 21.114261308477182], [88.59844471537997, 21.110978829807493], [88.59007360263155, 21.1076963474963], [88.5817025011209, 21.104413869995312], [88.57333140527669, 21.101131394027618], [88.56496030806375, 21.097848917380873], [88.55658920867643, 21.09456643938637], [88.54821809569103, 21.09128395627016], [88.5398470005996, 21.088001480925982], [88.53147591296658, 21.084719007113563], [88.52310481173822, 21.08143652818029], [88.51473371876511, 21.078154052341063], [88.506362613992, 21.074871571380925], [88.49799151488514, 21.071589093750447], [88.48962043366527, 21.068306622093814], [88.48124934064492, 21.065024145314908], [88.47287824365367, 21.061741667188983], [88.46450714529556, 21.05845918838503], [88.45613605439598, 21.05517671290977], [88.44776497293242, 21.05189424044596], [88.43939388344359, 21.04861176434133], [88.4310227803602, 21.045329283115677], [88.42265169516111, 21.04204680965927], [88.41428061741885, 21.03876433773422], [88.40590952608403, 21.035481860689174], [88.39753844299958, 21.032199386737375], [88.38916734812221, 21.02891690766711], [88.38079625890464, 21.025634431924857], [88.37242518756506, 21.02235196215298], [88.36405410443137, 21.019069487261618], [88.35568301732593, 21.015787011023065], [88.3473119288534, 21.012504534106995], [88.33894084783572, 21.009222060518255], [88.3305697724739, 21.005939588459626], [88.32219869574169, 21.002657115721206], [88.31382761683517, 20.99937464163628], [88.30545652811486, 20.996092163913772], [88.29708545062056, 20.992809690997376], [88.28871437878183, 20.98952721961132], [88.28034330557153, 20.986244747545413], [88.2719722301897, 20.98296227413357], [88.26360114122087, 20.979679795605307], [88.25523007012322, 20.976397324841116], [88.24685900647597, 20.973114855606354], [88.23848792924298, 20.96983238125432], [88.23011686025387, 20.96654990999383], [88.2217457794801, 20.963267433618682], [88.21337470435742, 20.959984960568136], [88.20500364709972, 20.956702493483874], [88.19663257805735, 20.953420021283705], [88.18826150504356, 20.95013754773703], [88.17989043066194, 20.946855073513404], [88.17151936372773, 20.94357260261438], [88.16314830244215, 20.940290133242854], [88.15477723978881, 20.937007663193526], [88.14640617496332, 20.933725191798374], [88.13803510032665, 20.930442716767573], [88.12966403690518, 20.9271602465393], [88.1212929791352, 20.923877777839778], [88.11292191999598, 20.920595308461714], [88.10455085868182, 20.917312837736972], [88.09617978379111, 20.914030361900416], [88.0878087267555, 20.910747893821906], [88.07943767716404, 20.907465427270893], [88.07106661399678, 20.904182955607155], [88.06269555906488, 20.900900487032175], [88.05432449235411, 20.89761801334481], [88.04595343129057, 20.894335542981366], [88.03758238807927, 20.891053078578864], [88.02921133308894, 20.887770609064034], [88.02084027412769, 20.88448813820355], [88.01246921379766, 20.881205666665267], [88.00409816091087, 20.877923198450844], [87.99572711743667, 20.874640733239914], [87.98735606595301, 20.871358264394928], [87.9789850104994, 20.868075794205026], [87.97061395367552, 20.864793323336926], [87.96224290429365, 20.861510855792233], [87.95387186055581, 20.858228389774297], [87.94550081544361, 20.85494592307566], [87.93712975855544, 20.85166345126737], [87.92875870731211, 20.84838098278118], [87.92038767390841, 20.84509852025218], [87.91201662873175, 20.841816052613012], [87.90364557958617, 20.83853358362944], [87.89527452906941, 20.835251113967672], [87.88690348599255, 20.83196864762874], [87.87853244855671, 20.828686182814863], [87.87016140974754, 20.82540371732165], [87.86179036876678, 20.822121250483917], [87.85341931798678, 20.81883878001605], [87.8450482784088, 20.81555631434577], [87.836677244469, 20.812273850199915], [87.82830620915786, 20.80899138537552], [87.81993517167564, 20.805708919207348], [87.8115641206274, 20.802426447931396], [87.80319308741412, 20.799143984407124], [87.79482206163436, 20.795861522406426], [87.78645102228785, 20.792579055297438], [87.77807999116715, 20.789296591273626], [87.76970894828003, 20.78601412214391], [87.76133791103086, 20.782731656334704], [87.75296689160871, 20.779449196477685], [87.74459586041974, 20.776166731513683], [87.73622482526258, 20.772884265206017], [87.72785378873698, 20.76960179822123], [87.71948275964286, 20.76631933455627], [87.71111173618112, 20.763036872413977], [87.70274071134901, 20.75975440959388], [87.69436968434752, 20.756471945430633], [87.68599864754935, 20.753189477638102], [87.67762762194315, 20.749907014639973], [87.66925660197069, 20.746624553165475], [87.66088558062722, 20.74334209101272], [87.65251455711353, 20.740059627516473], [87.64414352004059, 20.736777158916254], [87.63577250078771, 20.73349469806169], [87.62740148896319, 20.730212238729393], [87.61903046357975, 20.726929774292273], [87.61065944641587, 20.72364731293868], [87.60228841749199, 20.720364846481857], [87.59391739419948, 20.717082383343723], [87.58554638872027, 20.71379992615215], [87.57717537148318, 20.710517463858196], [87.56880435028006, 20.70723500022092], [87.56043332770344, 20.703952535906012], [87.55206231255391, 20.700670074909283], [87.54369130679515, 20.69738761690951], [87.53532029304063, 20.694105155281818], [87.52694927531718, 20.69082269231052], [87.51857825622187, 20.68754022866193], [87.51020724455418, 20.68425776833186], [87.5018362385133, 20.68097530952292], [87.49346523109898, 20.677692850035612], [87.48509421192637, 20.674410385445697], [87.47672319838023, 20.671127924173106], [87.46835220264131, 20.667845468845485], [87.459981195149, 20.66456300841685], [87.4516101836881, 20.661280546644605], [87.44323917085404, 20.657998084195185], [87.43486816544578, 20.65471562506383], [87.42649716566086, 20.651433167452353], [87.41812616450369, 20.64815070916245], [87.40975516117709, 20.64486824953036], [87.4013841480612, 20.641585786273424], [87.39301314612527, 20.638303327806454], [87.38464214981315, 20.63502087085965], [87.376271152129, 20.631738413234814], [87.36790015227461, 20.628455954268134], [87.35952913887377, 20.625173490202258], [87.35115814326952, 20.621891033873794], [87.34278715508458, 20.618608579065437], [87.33441615335335, 20.61532611915743], [87.32604515982939, 20.612043662329143], [87.317674154558, 20.608761200402682], [87.30930315490741, 20.605478741792012], [87.30093217304898, 20.602196289120343], [87.2925611794426, 20.598913831350615], [87.28419018187071, 20.595631372239325], [87.27581918292617, 20.592348912450746], [87.26744819140083, 20.58906645597824], [87.25907720549174, 20.585784001023114], [87.25070621821044, 20.582501545390812], [87.24233522876182, 20.579219088417176], [87.23898707944329, 20.57790620235602], [87.23619888699625, 20.57430404169787], [87.23076423591385, 20.567282826702694], [87.22532958524141, 20.560261606665165], [87.21989493318182, 20.553240381586306], [87.21446028670925, 20.546219159316422], [87.20902564853048, 20.539197944251384], [87.20359101864074, 20.53217673459045], [87.19815638938371, 20.525155521341958], [87.19272176953996, 20.51813431584867], [87.1872871500982, 20.511113105310926], [87.18185252926469, 20.504091889732877], [87.17641791783944, 20.497070681908895], [87.17098331087038, 20.490049475441594], [87.16554870835745, 20.48302827033308], [87.16011411029967, 20.47600706658085], [87.15467952164681, 20.468985870582344], [87.1492449333922, 20.461964669542056], [87.14381034373764, 20.454943463458164], [87.13837575965584, 20.44792226018143], [87.13294118385511, 20.440901064107436], [87.12750661633038, 20.43387987343732], [87.12207204942615, 20.4268586791776], [87.11663749192064, 20.419837492671263], [87.11120293480644, 20.412816301120927], [87.10576837628571, 20.405795104527215], [87.10033382716176, 20.398773915687627], [87.09489928248098, 20.391752728203073], [87.08946474224115, 20.384731542071734], [87.08403020644482, 20.377710357299293], [87.07859568004244, 20.37068918028018], [87.07316115402284, 20.363667998214567], [87.06772662659102, 20.35664681110569], [87.06229210472009, 20.34962562680289], [87.05685759111617, 20.342604449700787], [87.0514230857757, 20.33558327800057], [87.04598858104305, 20.32856210271069], [87.04055408569707, 20.321540935172493], [87.03511959072762, 20.31451976258728], [87.03296541874852, 20.311857431771728], [87.02968509434032, 20.307498584959035], [87.02752774973214, 20.304760430306317], [87.02531953212781, 20.302054768629375], [87.02425060733594, 20.3004774150819], [87.01881612476211, 20.2934562465594], [87.0133816466178, 20.28643507939063], [87.00794717290285, 20.279413913576775], [87.0025127085683, 20.27239275551449], [86.9970782446045, 20.2653715924053], [86.99164377921568, 20.258350424250864], [86.98620931937586, 20.2513292589029], [86.98077486779061, 20.244308100753415], [86.9753404244542, 20.23728694800377], [86.96990598198374, 20.230265792011494], [86.96447497422844, 20.223249069225574], [86.96339184935152, 20.22187437142128], [86.96120095897714, 20.21914257278047], [86.95896110311566, 20.216446415617327], [86.95667293437373, 20.213786682510545], [86.95555067827217, 20.212503999075864], [86.95395590579881, 20.210752919073286], [86.95079366376399, 20.207360264765555], [86.94755151325307, 20.204035561857552], [86.94423109590701, 20.200780488735575], [86.94255155471785, 20.199170567445947], [86.93602371746454, 20.193052066555822], [86.9294913983814, 20.18692936365278], [86.92295908224185, 20.180806660492124], [86.9164267694324, 20.174683959231118], [86.90989445995046, 20.168561258073282], [86.90336215379824, 20.162438558815325], [86.89682985097181, 20.156315859659628], [86.89029755147351, 20.150193162403752], [86.88376525529947, 20.144070465249854], [86.87723296245326, 20.137947769996288], [86.87070067847287, 20.131825080039505], [86.86416838672926, 20.12570238069128], [86.85763610385482, 20.119579688439217], [86.85110382430184, 20.113456996288278], [86.8445715480724, 20.10733430603642], [86.83803927516385, 20.101211615886484], [86.83150700557707, 20.095088927635345], [86.824974744509, 20.088966244358346], [86.81844248246057, 20.082843558106674], [86.81191021763289, 20.07672086708277], [86.80537796132262, 20.070598182828974], [86.79884570832758, 20.064475498675677], [86.79231345865321, 20.058352816422428], [86.78578121229515, 20.05223013427053], [86.77924896925288, 20.04610745401476], [86.77271672952224, 20.039984773858123], [86.76618449311036, 20.033862095601478], [86.75965226001142, 20.02773941744465], [86.75312003022532, 20.02161674118389], [86.74658780375182, 20.015494065024598], [86.74005558059196, 20.009371390762055], [86.73352336628272, 20.003248721792545], [86.72699114420232, 19.997126043434093], [86.720458930973, 19.991003372164755], [86.71392672105264, 19.984880700995745], [86.70739672609261, 19.97876010471424], [86.70644834893585, 19.977882164681716], [86.70420638696157, 19.975832418252594], [86.70171379212951, 19.973442564020786], [86.7000676990611, 19.97189832688133], [86.69764499001155, 19.969674514015594], [86.69506943178192, 19.96721251788898], [86.69432790093629, 19.96651062363179], [86.68779791445729, 19.960390028095958], [86.68126572107678, 19.954267362814164], [86.67473353100013, 19.948144697631108], [86.66820134423011, 19.942022034344348], [86.66166916076344, 19.935899371155813], [86.65513698060062, 19.929776709861983], [86.6486048037413, 19.923654048667743], [86.64207263018636, 19.9175313893694], [86.63554045993101, 19.911408730168432], [86.62900829297894, 19.90528607286285], [86.62247612932435, 19.89916341565356], [86.61594396897146, 19.893040760339943], [86.60941181191777, 19.88691810512512], [86.60287965816565, 19.88079545180568], [86.596347513247, 19.874672803773365], [86.58981536054898, 19.868550146354437], [86.58328321668705, 19.86242749602104], [86.57675107612027, 19.85630484578462], [86.57021893885133, 19.850182197443416], [86.56368680487503, 19.844059549198164], [86.55715467419532, 19.837936902847673], [86.5506225468082, 19.831814256593873], [86.54409042271504, 19.8256916122333], [86.53755830191346, 19.8195689679697], [86.53102618477647, 19.813446325947893], [86.52449847496734, 19.807327811988614], [86.52291145641504, 19.805870847860604], [86.51970576373179, 19.802988464838734], [86.51643744099596, 19.800169852129613], [86.51310790598188, 19.797416229690214], [86.51146102344273, 19.796081981618556], [86.50924857698931, 19.794373658566485], [86.50484348534837, 19.79106452805837], [86.50034748532966, 19.787866928807546], [86.49576372998195, 19.78478309964862], [86.4934503438227, 19.78326989382998], [86.48588004153487, 19.778456716721564], [86.47830452285143, 19.77364022234525], [86.47072901319291, 19.768823733008105], [86.46315349293525, 19.764007235337374], [86.45557797087065, 19.759190737288804], [86.4480024640232, 19.75437424764698], [86.44042695419489, 19.74955775541258], [86.43285144622888, 19.744741263664594], [86.42527594773571, 19.739924777241924], [86.41770044348459, 19.73510828556391], [86.41012493348023, 19.730291790428907], [86.40254943295042, 19.725475300621383], [86.39497393427848, 19.72065881129845], [86.3873984374668, 19.71584232246221], [86.37982295012625, 19.71102583895066], [86.37224745702639, 19.706209350183542], [86.36467195333114, 19.701392854881703], [86.3570964630498, 19.69657636798439], [86.34952098036831, 19.6917598846519], [86.34194550231246, 19.6869434035645], [86.33437001849956, 19.682126917223343], [86.32679452893274, 19.677310427425766], [86.31921904883063, 19.672493942951917], [86.31164357058526, 19.667677458963055], [86.30406809419685, 19.662860975459978], [86.29649262727287, 19.658044497279263], [86.28891715459065, 19.653228013844966], [86.28134167615303, 19.64841152695493], [86.27376620233838, 19.643595042309812], [86.26619073432101, 19.63877856122815], [86.25861528150506, 19.63396208854573], [86.25103981809167, 19.629145607533303], [86.24346434892311, 19.624329123065877], [86.23588888921381, 19.619512643918995], [86.2283134313576, 19.614696165257044], [86.22073797535518, 19.609879687080365], [86.21316252880922, 19.605063214222127], [86.20558707650571, 19.600246736112638], [86.19801161844805, 19.59543025454917], [86.19043616984561, 19.590613778304714], [86.18286072309536, 19.585797302545473], [86.17528528096204, 19.58098082902893], [86.16770983701076, 19.57616435333705], [86.16013439304106, 19.571347877268067], [86.15255895368739, 19.566531403441502], [86.14498351618272, 19.561714930098844], [86.1374080805283, 19.556898457240607], [86.12983265432536, 19.552081989699218], [86.1222572223636, 19.547265516907203], [86.11468178464577, 19.542449040661666], [86.10710635637747, 19.537632569732864], [86.09953092995937, 19.53281609928962], [86.09195551299132, 19.527999634162768], [86.0843800902619, 19.523183163783813], [86.07680465694, 19.518366686877812], [86.06922923700438, 19.513550218363605], [86.06165382465133, 19.508733753408762], [86.05407840930798, 19.503917285861633], [86.04650300340944, 19.49910082362902], [86.03892759175346, 19.49428435614749], [86.03135217433777, 19.48946788521232], [86.02377676636735, 19.48465141959241], [86.01620136024417, 19.479834954457203], [86.00862596356285, 19.475018494635492], [86.00105056112255, 19.470202029564632], [85.99347515292425, 19.465385561041217], [85.98589975416758, 19.460569097831808], [85.97832435241884, 19.455752632031363], [85.9707489564504, 19.450936169788292], [85.96317357565482, 19.44611971593173], [85.9555981842658, 19.44130325375295], [85.94802278711802, 19.43648678812201], [85.94044739940693, 19.43167032780292], [85.93287201354008, 19.42685386796802], [85.92529663711133, 19.422037413445707], [85.91772125492207, 19.417220953674246], [85.91014586697315, 19.412404490450967], [85.90257048845984, 19.407588032539707], [85.89499511178849, 19.402771575111615], [85.8874197369542, 19.39795511816419], [85.87984436672264, 19.393138663456057], [85.87226899466361, 19.38832220657099], [85.86469362257554, 19.383505749308142], [85.85711825509185, 19.37868929428538], [85.84954288944544, 19.37387283974408], [85.84196753323005, 19.3690563905119], [85.83439217125306, 19.36423993603205], [85.82681680351817, 19.359423478102826], [85.8192414452131, 19.35460702548295], [85.81166608874389, 19.349790573344137], [85.80409073411158, 19.3449741216873], [85.79651538890676, 19.340157675338162], [85.78894003793943, 19.335341223741636], [85.78136467638274, 19.33052476562449], [85.77378932818527, 19.32570831588788], [85.76621398755265, 19.320891869703587], [85.75863865151507, 19.31607542575574], [85.75106330971573, 19.311258976561078], [85.74348796215651, 19.306442523917383], [85.73591262402232, 19.30162607658167], [85.72833728772025, 19.29680962972577], [85.72076195325087, 19.291993183350712], [85.71318662820482, 19.287176742282497], [85.70561129739508, 19.282360295966953], [85.69803596082409, 19.277543846202377], [85.69046062884672, 19.272727398674817], [85.68288530263192, 19.26791095469838], [85.67530999156475, 19.26309451909816], [85.66773466990662, 19.25827807518141], [85.66015934248617, 19.253461627816023], [85.65258402448535, 19.248645185756402], [85.64500870831455, 19.243828744177165], [85.63743339397269, 19.239012303077345], [85.62985808904676, 19.234195867281016], [85.622282778358, 19.22937942623946], [85.61470746190923, 19.224562981751433], [85.6071321548751, 19.219746542566156], [85.59955684966872, 19.214930103861377], [85.59198154905113, 19.210113667391283], [85.58440624659613, 19.205297228743916], [85.57683094410686, 19.200480789719563], [85.56925564620394, 19.195664352929214], [85.56168035012621, 19.19084791661811], [85.55410505587582, 19.186031480786937], [85.54652977103626, 19.18121505025715], [85.53895448043204, 19.17639861448214], [85.53137918406549, 19.171582175260653], [85.52380389710902, 19.166765741341408], [85.51622861197723, 19.161949307900898], [85.5086533286701, 19.157132874940146], [85.50107805476966, 19.15231644727845], [85.49350277027895, 19.147500011305567], [85.48592748395396, 19.142683574954674], [85.47835221275875, 19.137867146972155], [85.47077693856363, 19.133050716401897], [85.4632016737711, 19.128234291129388], [85.45562640321572, 19.123417860615234], [85.44805112689858, 19.118601426654948], [85.4404758599826, 19.113784997993378], [85.43290059488936, 19.108968569810656], [85.42532533161756, 19.10415214210707], [85.41775007774754, 19.099335719700548], [85.41017481811127, 19.09451929205096], [85.40259955271085, 19.089702860955924], [85.39502429189031, 19.08488643209415], [85.38744903681481, 19.080070006777248], [85.37987379685808, 19.07525358982275], [85.37229854631585, 19.07043716456127], [85.36472329000969, 19.065620735854566], [85.35714804309976, 19.060804312444247], [85.34957279800847, 19.055987889511925], [85.34199755473617, 19.051171467057827], [85.3344223208585, 19.046355049899034], [85.32684708121542, 19.041538627498596], [85.31927183580922, 19.03672220165413], [85.31169659979702, 19.03190578110531], [85.30412136560295, 19.027089361035053], [85.29654613598035, 19.02227294319397], [85.28897090451392, 19.01745652317686], [85.28139567300303, 19.012640102780836], [85.27382044606469, 19.007823684615744], [85.26624522094016, 19.003007266926886], [85.25866999763218, 18.998190849716593], [85.25109478371326, 18.993374437798536], [85.24351956402495, 18.988558020638322], [85.235944338575, 18.983741600036637], [85.22836912251455, 18.97892518472878], [85.22079390826843, 18.974108769898805], [85.21321870340842, 18.969292360360214], [85.20564349278021, 18.96447594558066], [85.19806827157117, 18.959659524295773], [85.19049306366787, 18.95484311136721], [85.18291786329263, 18.950026701978516], [85.17534265991094, 18.94521029000282], [85.1677674659137, 18.940393883318848], [85.16019226614986, 18.935577471394936], [85.15261706062068, 18.93076105602887], [85.14504186447391, 18.92594464595345], [85.13746667013936, 18.921128236355912], [85.12989148518534, 18.916311832047995], [85.12231629446285, 18.911495422499854], [85.11474109797678, 18.90667900951121], [85.10716590605341, 18.9018625987498], [85.09959071985668, 18.89704619152667], [85.09201554118499, 18.892229787843178], [85.08444036707493, 18.88741338638596], [85.07686518719566, 18.88259697968863], [85.0692900015514, 18.877780569550907], [85.06171482528487, 18.872964164702637], [85.05413965082613, 18.868147760330203], [85.04656448574269, 18.863331361245685], [85.0389893148917, 18.858514956923216], [85.03141413827473, 18.85369854915956], [85.02383897103243, 18.848882146684502], [85.0162638055939, 18.84406574468335], [85.00868863714618, 18.8392493400969], [85.00111348198806, 18.834432943858985], [84.99353832677491, 18.82961654544431], [84.98596316098144, 18.82480014052851], [84.97838800455861, 18.819983740899147], [84.97081284994124, 18.815167341745678], [84.96323770469292, 18.810350947877623], [84.9556625536764, 18.8055345487723], [84.94808739689336, 18.80071814622687], [84.9405122494793, 18.79590174896805], [84.93293710386786, 18.791085352183927], [84.92536196005665, 18.78626895587331], [84.9177868256121, 18.781452564847427], [84.91021168058637, 18.77663616552502], [84.9026365337084, 18.77181976582318], [84.89506140190747, 18.767003374466356], [84.88748626709582, 18.762186980525087], [84.87991114164925, 18.757370591867186], [84.87233601043238, 18.752554197972472], [84.864760873448, 18.74773780063873], [84.85718574582597, 18.742921408587847], [84.84961062000423, 18.738105017012288], [84.84203549598124, 18.733288625911086], [84.83446038131859, 18.728472240090923], [84.82688526088634, 18.723655849035197], [84.8193101346859, 18.718839454540728], [84.81173501303539, 18.714023062270655], [84.80415989709519, 18.709206673533572], [84.79658479622418, 18.70439029313701], [84.78900968477251, 18.69957390444631], [84.78143456755168, 18.694757512317096], [84.77385945968928, 18.689941125469716], [84.76628435362193, 18.68512473909533], [84.75870924935043, 18.680308353194732], [84.75113415443462, 18.675491972574036], [84.74355905374784, 18.670675586718005], [84.73598394729356, 18.665859197425277], [84.72840885019411, 18.66104281341279], [84.72083375488802, 18.6562264298733], [84.71325866412519, 18.651410048554453], [84.70568357150466, 18.646593665060664], [84.70269545626195, 18.6446937661853], [84.70035265274578, 18.641897347140514], [84.694645054332, 18.635084633398037], [84.68893744971479, 18.62827191072455], [84.68322986260091, 18.62145920544748], [84.67752228029372, 18.614646501515324], [84.67181469357809, 18.60783378865176], [84.6661071133517, 18.60102108111306], [84.66039954298475, 18.59420838095224], [84.65469196820789, 18.587395671860634], [84.64898439568606, 18.5805829630429], [84.64327683643012, 18.573770266568772], [84.63756928197438, 18.56695757143683], [84.63186172310617, 18.56014486737513], [84.62615417072078, 18.553332168635222], [84.62044662313372, 18.546519471238412], [84.61473908034725, 18.53970677698277], [84.60903154583752, 18.532894088048522], [84.60332400511408, 18.52608138838724], [84.59761647424341, 18.519268697900486], [84.59190894741698, 18.51245600768442], [84.58620142283655, 18.505643317739953], [84.58049390304978, 18.49883062913881], [84.57478638805884, 18.492017943677354], [84.56907888133827, 18.485205263536102], [84.56337136839971, 18.47839257266793], [84.55766386530843, 18.47157989097269], [84.55195637048644, 18.464767214597657], [84.54624886944327, 18.457954527495247], [84.54054137318934, 18.451141843530365], [84.53483389018686, 18.444329171908294], [84.52912641147071, 18.437516500854713], [84.52342229649821, 18.43070784160159], [84.5226090365, 18.429749170308128], [84.52097025586738, 18.427841400418686], [84.52017502562876, 18.426926710935447], [84.51905074568458, 18.425670108856878], [84.51684244785201, 18.42324254844442], [84.51572815660677, 18.422037199743215], [84.50964974116164, 18.41556674906201], [84.50356762785833, 18.409092359410238], [84.49748551388768, 18.402617966315518], [84.49140341228417, 18.396143584670313], [84.48532131545994, 18.389669203585925], [84.47923921186441, 18.383194813519367], [84.47315711609781, 18.37672042917501], [84.46707502996071, 18.37024605235223], [84.46099293704981, 18.363771664751255], [84.4549108471187, 18.35729727950735], [84.44882877134575, 18.35082290571023], [84.44274669338608, 18.344348526975807], [84.43666462504927, 18.33787415575813], [84.43058254993497, 18.331399773762485], [84.42450048264783, 18.324925399285746], [84.41841842498184, 18.31845103053155], [84.4123363605404, 18.31197665279717], [84.40625430391924, 18.30550228078249], [84.4001722469053, 18.2990279056267], [84.39409020224593, 18.292553541915936], [84.38800816235448, 18.286079178763316], [84.38192611568286, 18.279604806628527], [84.37584407683232, 18.273130440217017], [84.36976204759833, 18.26665608132231], [84.36368001158036, 18.26018171164833], [84.35759797853393, 18.253707344331758], [84.35151595963225, 18.247232988456688], [84.34543393853414, 18.240758627644254], [84.33935192704945, 18.234284274347203], [84.33326990877788, 18.227809910270878], [84.32718789832211, 18.221335553711754], [84.321105897476, 18.214861202872328], [84.31502388499769, 18.208386837891453], [84.30894189002743, 18.201912489849803], [84.3028598946529, 18.195438136868916], [84.29677790219887, 18.188963786197178], [84.29056492623084, 18.18244413791956], [84.28941006056323, 18.181207520032387], [84.28745032002786, 18.17913418352174], [84.28689777002, 18.1785743535587], [84.28448096386654, 18.17616838593125], [84.28234170773237, 18.174139852459575], [84.2816564951737, 18.173510908591027], [84.27998147222843, 18.17200060124179], [84.27892763364048, 18.171098895744876], [84.27627445686477, 18.168576445516294], [84.27350381074427, 18.16619266741992], [84.27068945213284, 18.163856192448748], [84.2691505772442, 18.162603420468884], [84.26845599697731, 18.162050436080506], [84.26650470800246, 18.160535569697913], [84.26360119976414, 18.15833590738839], [84.26253677951763, 18.1574644644121], [84.26060795901697, 18.155885411305178], [84.25977289671857, 18.155208936601923], [84.25858643798483, 18.154271946395966], [84.25502950527164, 18.15150444093348], [84.25342564501034, 18.15028393275537], [84.2478734441163, 18.145793358199285], [84.247115845275, 18.145188736143893], [84.24009469705061, 18.139641285563926], [84.23307135684536, 18.13409210094619], [84.22604801913928, 18.128542917957304], [84.21902469037411, 18.122993739892877], [84.21200135121217, 18.117444552371467], [84.20497801589704, 18.111895367545515], [84.19795468727631, 18.10634618657923], [84.19093136714798, 18.100797011269037], [84.18390805086267, 18.09524783685555], [84.17688472417888, 18.089698652985078], [84.16986140643564, 18.084149475836], [84.16283809763144, 18.07860030361138], [84.15581477843057, 18.073051121931485], [84.14879146816725, 18.067501946971277], [84.14176816039617, 18.061952771842584], [84.13474485511802, 18.056403598341433], [84.12772155877474, 18.05085442976383], [84.12069825203588, 18.04530525173243], [84.11367495422962, 18.03975608041725], [84.10665165891254, 18.034206908933697], [84.09962836099476, 18.028657735054367], [84.09260507620365, 18.0231085701206], [84.08558178700866, 18.017559399759136], [84.07855850165288, 18.01201023209154], [84.07153522522594, 18.006461069343572], [84.06451193840132, 18.000911897142714], [84.05748866050692, 17.995362731658986], [84.0504653850993, 17.98981356600575], [84.04344211218103, 17.984264401980568], [84.03641884818825, 17.97871524287359], [84.02939557379705, 17.973166074314975], [84.02237230833452, 17.967616912472977], [84.0153490453564, 17.9620677504613], [84.00832578486586, 17.95651859007728], [84.00130253329638, 17.950969434608623], [83.99427927132672, 17.945420269689066], [83.98725601319325, 17.939871107463148], [83.98023276817605, 17.934321954179268], [83.9732095187494, 17.928772795467353], [83.96618627315576, 17.923223639448054], [83.95916303004105, 17.917674483255553], [83.95213978941052, 17.912125328691218], [83.94511655770111, 17.906576179044237], [83.93809331558862, 17.901027019945275], [83.93107008239804, 17.895477867560544], [83.92404685168617, 17.88992871500477], [83.91702362345518, 17.88437956407489], [83.91000040414224, 17.878830418061625], [83.90297717442729, 17.8732812625978], [83.89595395363017, 17.867732113847126], [83.88893074174825, 17.862182970011133], [83.88190751437452, 17.85663381270524], [83.8748843001112, 17.85108466613451], [83.86786109431102, 17.84553552341322], [83.86083788589974, 17.83998637829626], [83.8538168379801, 17.834438938090045], [83.85230539724705, 17.833267027270097], [83.85075273601473, 17.832085764217936], [83.84859631370648, 17.83033018545416], [83.84805601970902, 17.82989330532172], [83.84756440997637, 17.82950093817192], [83.84694625690219, 17.829010621360624], [83.8459440775568, 17.828225621955198], [83.84254040475525, 17.82559286684068], [83.84092131985358, 17.82436547099138], [83.83938811867154, 17.823226464147695], [83.8343238683637, 17.819062417575935], [83.83339366389185, 17.818306470906407], [83.83274292432225, 17.817788101525025], [83.82572188095673, 17.81224066089942], [83.81869869382729, 17.806691524324663], [83.81167549629492, 17.80114237830196], [83.80465230767402, 17.795593238990364], [83.7976291279623, 17.7900441045918], [83.79060593784675, 17.78449496074586], [83.7835827566409, 17.778945823610286], [83.77655957790421, 17.77339668630043], [83.76953639655233, 17.767847546595533], [83.76251322829614, 17.762298415823068], [83.75549005562232, 17.75674927962342], [83.74846688676746, 17.751200146113604], [83.74144372038052, 17.745651012429846], [83.73442055646524, 17.74010188037107], [83.72739740145084, 17.734552753221465], [83.7203742360324, 17.72900361662647], [83.71335107951842, 17.723454486739854], [83.70632793190543, 17.71790536176377], [83.699304773888, 17.712356227341957], [83.69228162477168, 17.70680709962727], [83.68525847812288, 17.70125797174046], [83.67823533393971, 17.69570884547568], [83.67121219865305, 17.690159724118587], [83.66418904787497, 17.68461058929887], [83.65716591018503, 17.67906146520511], [83.65014278094384, 17.673512344955782], [83.64311964908256, 17.66796322231187], [83.63609652611547, 17.66241410457519], [83.62907339274193, 17.65686497739381], [83.62205026826348, 17.65131585691688], [83.61502714624908, 17.64576673626749], [83.60800402669645, 17.640217617239387], [83.60098091603436, 17.63466850311744], [83.59395779496833, 17.629119379554083], [83.58693468279614, 17.623570262695125], [83.57991157951534, 17.618021150743118], [83.57288846582867, 17.612472029348737], [83.56586536103157, 17.606922914656536], [83.55884225360757, 17.601373795771792], [83.55181915283055, 17.595824682527166], [83.54479606692644, 17.59027557820673], [83.53777296553142, 17.58472646042742], [83.53074987302261, 17.579177349348697], [83.52372678297161, 17.573628238095694], [83.51670369537817, 17.568079128463637], [83.5096806166681, 17.562530023734837], [83.50265752755251, 17.556980909566676], [83.49563444732348, 17.551431802100524], [83.48861137597765, 17.545882699537856], [83.48158829422596, 17.54033358753611], [83.47456522135707, 17.534784482234272], [83.46754215094171, 17.52923537675656], [83.46051908298114, 17.523686272899624], [83.45349602389996, 17.518137173944694], [83.44647294932884, 17.512588061535155], [83.43944988782368, 17.507038959841452], [83.43242683475057, 17.501489861986954], [83.4254037790484, 17.495940761738154], [83.4183807322238, 17.490391666390508], [83.41135767498952, 17.484842561603102], [83.404334626636, 17.479293463516456], [83.39731158715887, 17.47374437033079], [83.39028853727291, 17.46819526770662], [83.38326549626424, 17.462646171781273], [83.37624245770394, 17.4570970756792], [83.36921942159324, 17.451547981196995], [83.3629538068833, 17.44659734436567], [83.35753795831778, 17.44042088802246], [83.35161711780836, 17.43366851500548], [83.34569628965687, 17.426916154003948], [83.33977546681456, 17.420163794033044], [83.33385463829018, 17.413411425378968], [83.32793381796938, 17.40665906297977], [83.3220129963853, 17.399906696040603], [83.31609218715482, 17.393154341116144], [83.31017138323051, 17.386401987221802], [83.3042505736201, 17.379649624642525], [83.29832976716398, 17.37289726256364], [83.29240896863695, 17.366144907456032], [83.28648818425756, 17.35939256436251], [83.28056739418741, 17.35264021078592], [83.27464660347351, 17.3458878542786], [83.26872581591306, 17.339135498274118], [83.2628050406986, 17.332383154281388], [83.25688427078353, 17.325630811317126], [83.25096349517753, 17.318878459668667], [83.24504272271963, 17.31212610851952], [83.23912195818531, 17.305373764341653], [83.23320120779101, 17.298621432174457], [83.22728045170044, 17.29186908952414], [83.22135968991506, 17.285116738188435], [83.21543894047113, 17.27836439886488], [83.20951820516359, 17.2716120715516], [83.20359746415869, 17.264859733755998], [83.19767672250248, 17.258107393029263], [83.19175598398914, 17.25135505280241], [83.1858352533934, 17.24460271954507], [83.17991453693071, 17.237850398297326], [83.17399381476605, 17.23109806656589], [83.16807308690147, 17.224345726148954], [83.16215237137135, 17.21759339774195], [83.15623166555167, 17.21084107630361], [83.150310962871, 17.20408875536407], [83.14439025953061, 17.197336429694303], [83.13846955048757, 17.190584095339716], [83.13254885377597, 17.183831772995404], [83.12662817119144, 17.177079462658753], [83.12070748289909, 17.170327141838243], [83.11478678890217, 17.1635748123324], [83.10886610723207, 17.156822494834216], [83.10294543526601, 17.150070184303218], [83.0970247664344, 17.143317874271418], [83.09110409693801, 17.136565559509677], [83.08518342173193, 17.12981323606067], [83.07926275885052, 17.123060924619836], [83.07334210567035, 17.116308620146413], [83.06742145561907, 17.109556316169517], [83.06150079985463, 17.102804001708307], [83.05558014757207, 17.09605169007068], [83.049659509408, 17.089299390440488], [83.04373887437009, 17.082547091306083], [83.0378182336168, 17.07579478168816], [83.03189759634336, 17.069042474893592], [83.02597697318379, 17.06229018010447], [83.02005634873035, 17.055537880772533], [83.01413573244349, 17.04878558768911], [83.00821511044, 17.04203328412325], [83.00229449191193, 17.035280983379266], [82.99637388749505, 17.02852869464067], [82.99045328619945, 17.021776406398317], [82.98453267918342, 17.015024107671763], [82.97861207564085, 17.008271811767486], [82.97269148620455, 17.001519527865696], [82.96677089547063, 16.994767239423197], [82.96085031289778, 16.98801495722796], [82.95492972460102, 16.981262664548126], [82.94900913977432, 16.974510374689487], [82.94308856905246, 16.967758096835496], [82.93716799702764, 16.961005814436874], [82.93124742811483, 16.95425353253222], [82.9253268626693, 16.947501251652], [82.91940630248689, 16.940748973592292], [82.91348574541757, 16.933996696028203], [82.90756519145901, 16.927244418957912], [82.90164464096438, 16.920492142911712], [82.8957240957302, 16.913739869685287], [82.88980355360661, 16.90698759695448], [82.88388301521854, 16.900235325431936], [82.87796247993765, 16.893483054402907], [82.87204194811551, 16.88673078439507], [82.86612142155354, 16.87997851721002], [82.86020089809892, 16.873226250518996], [82.85428037774795, 16.86647398432001], [82.84835986085398, 16.85972171914301], [82.84243934921676, 16.85296945678806], [82.83651884068445, 16.846217194926396], [82.83059833588015, 16.839464934271632], [82.82467783417883, 16.832712674110155], [82.81875733593108, 16.82596041497021], [82.81283684293567, 16.819208158649758], [82.80691635303998, 16.81245590282117], [82.8009958618286, 16.805703642449714], [82.79507538290511, 16.79895139407489], [82.78915490922827, 16.792199146720748], [82.78323442981576, 16.78544689068127], [82.7773139534998, 16.77869463513423], [82.77139348947145, 16.771942391585924], [82.76547303068674, 16.765190149056366], [82.75955256616345, 16.758437897842043], [82.75363210977753, 16.75168565287072], [82.74771165206977, 16.744933403355276], [82.7417912066445, 16.738181165835954], [82.73587076645981, 16.73142892933555], [82.72995032053376, 16.724676684149813], [82.72402987769931, 16.71792443945577], [82.71810944272681, 16.711172201719705], [82.71218902183068, 16.70441997597976], [82.7062685951895, 16.69766773975624], [82.7003481678434, 16.690915500595565], [82.69442774358663, 16.684163261927097], [82.6885073316082, 16.67741103525634], [82.68258692486484, 16.670658809602912], [82.67666651237323, 16.6639065752625], [82.67074610296766, 16.65715434141333], [82.66482570141994, 16.65040211452299], [82.65890531394086, 16.643649899625018], [82.6529849207106, 16.636897674243016], [82.64706452677251, 16.630145445925393], [82.64114413591778, 16.623393218098897], [82.63522375733271, 16.61664100226602], [82.62930338397774, 16.609888787451382], [82.62338300487136, 16.603136563950727], [82.61746262884458, 16.596384340939778], [82.6115422606681, 16.589632124884872], [82.60562190655446, 16.582879920821085], [82.5997015466856, 16.576127706274804], [82.59378118106031, 16.569375483040233], [82.58786082769882, 16.56262327179803], [82.58194048398309, 16.555871067511987], [82.5760201433419, 16.549118863714853], [82.57009980198325, 16.542366655181922], [82.56417945486703, 16.535614437964057], [82.55825912001217, 16.528862232737822], [82.55233879921411, 16.522110039502707], [82.54641847265373, 16.5153578357814], [82.54049814033368, 16.508605623374933], [82.53457782027141, 16.50185342295856], [82.52865750984643, 16.495101229495333], [82.52273720249428, 16.488349036522948], [82.51681689441693, 16.481596838813005], [82.51089658057793, 16.474844632418467], [82.50497627899296, 16.468092438012718], [82.49905599145825, 16.461340255596326], [82.49313569815786, 16.454588062696075], [82.48721539930102, 16.447835861346903], [82.48129825442777, 16.44108725518805], [82.47984080567994, 16.43946053774158], [82.47689022474691, 16.436237524435228], [82.47386894700514, 16.433076143725998], [82.47077835679596, 16.42997784068058], [82.4676198699243, 16.426944031451], [82.4643949330254, 16.42397610264709], [82.46110502290617, 16.42107541071283], [82.45775164587002, 16.418243281308378], [82.4560858192387, 16.41686597548272], [82.45430268107646, 16.415454961215346], [82.45075854400426, 16.4127131269791], [82.4471533794491, 16.410046506584024], [82.44348890151275, 16.407456366154747], [82.4397668522372, 16.404943935446852], [82.43598900079661, 16.40251040727975], [82.43215714265045, 16.40015693696654], [82.42827309870955, 16.397884641781104], [82.42634158242811, 16.396781896167738], [82.42368728468239, 16.395352938224278], [82.41838408293552, 16.392594958374787], [82.41571187729244, 16.39125296087002], [82.40762656006387, 16.38733458659982], [82.39953673386117, 16.383414026005426], [82.39144690831358, 16.379493466377937], [82.38335708373415, 16.375572906072705], [82.37526726012368, 16.371652346886435], [82.3671774374788, 16.36773178702157], [82.35908760309741, 16.363811222118443], [82.35099779005077, 16.359890667741865], [82.34290797446266, 16.35597011055131], [82.3348181556949, 16.352049552469055], [82.32672833789081, 16.34812899370712], [82.31863852105573, 16.34420843606489], [82.31054870518665, 16.340287877743833], [82.30245888172999, 16.336367316395922], [82.29436907635346, 16.332446763561563], [82.28627925923968, 16.328526203892977], [82.2781894463426, 16.32460564735277], [82.2700996394583, 16.320685092145197], [82.26200982939395, 16.316764536045696], [82.25392002029366, 16.312843979267598], [82.2458302121629, 16.3089234236092], [82.2377404049953, 16.30500286727147], [82.22965059024102, 16.301082307906825], [82.22156079356228, 16.29716175705505], [82.21347098514923, 16.293241199369618], [82.20538118094811, 16.289320644810914], [82.19729138275784, 16.285400091584506], [82.18920158139036, 16.28147953746776], [82.18111178098411, 16.277558982671394], [82.17302197299193, 16.273638424849196], [82.16493218307096, 16.2697178755368], [82.15684238556258, 16.26579732140158], [82.14875258901975, 16.26187676838441], [82.14066278929363, 16.25795621267946], [82.13257299378085, 16.25403566010192], [82.12448320427768, 16.250115108855994], [82.11639341159446, 16.24619455671882], [82.10830361987212, 16.242274003902196], [82.10021382056539, 16.23835344806082], [82.09212403932474, 16.234432900727427], [82.08403425049858, 16.230512348572006], [82.07594446263408, 16.2265917975335], [82.06785467158795, 16.222671243807554], [82.05976488506144, 16.218750693358686], [82.05167956347657, 16.21483230517265], [82.04773332873418, 16.213018908840354], [82.03976568626149, 16.209553651489784], [82.03574429714871, 16.2079017980775], [82.02741309668556, 16.204677250738484], [82.01907739291102, 16.20145096030882], [82.01074168280024, 16.198224666768226], [82.00240596845816, 16.19499837203341], [81.99407026607207, 16.191772081818158], [81.98573455765501, 16.188545788609588], [81.97739884500652, 16.185319494206908], [81.96906314431328, 16.18209320432328], [81.96072743759055, 16.178866911447756], [81.95239173233028, 16.17564061958177], [81.94405602673339, 16.172414326926855], [81.93572031690576, 16.169188033077546], [81.92738461903195, 16.16596174374706], [81.91904891512951, 16.16273545142542], [81.91071320699615, 16.159509157908985], [81.90237751081258, 16.156282868910182], [81.89404180860072, 16.153056576920164], [81.88570610215896, 16.149830283735923], [81.87737040766683, 16.146603995069654], [81.86903470714856, 16.143377703412], [81.86069901168685, 16.14015141415473], [81.85236330959344, 16.13692512132485], [81.84402760147486, 16.13369882730217], [81.83569191699263, 16.13047254197261], [81.8273562165923, 16.127246249475434], [81.81902051016266, 16.124019955784036], [81.81068482377316, 16.120793669394175], [81.80234912776007, 16.117567378620777], [81.79448023026987, 16.114521760373748], [81.7871726557027, 16.110114709767345], [81.77951563914735, 16.105496918146116], [81.7718586240789, 16.10087912601415], [81.76420161050089, 16.096261335170027], [81.75654460612475, 16.091643548468028], [81.74888758780651, 16.087025752848888], [81.74123057869087, 16.082407963168635], [81.73357357106079, 16.07779017297878], [81.72591656492159, 16.07317238407603], [81.71825956798216, 16.068554599315235], [81.71060255709995, 16.063936805637127], [81.70294555541818, 16.059319017898304], [81.6952885552239, 16.054701229649254], [81.68763155651556, 16.050083442686116], [81.67997455929356, 16.045465655213548], [81.67231756355756, 16.040847869027232], [81.66466057701871, 16.03623008698088], [81.65700357654134, 16.031612296020228], [81.64934658525976, 16.02699451099636], [81.64168960011693, 16.022376728268796], [81.63403261270662, 16.01775894402209], [81.62637562893849, 16.013141161107797], [81.62482727304416, 16.012352927077416], [81.62179149083045, 16.01041292724409], [81.6187186358843, 16.008523372085506], [81.61568669854381, 16.00672948742408], [81.6110616520258, 16.00390558900017], [81.6034046696509, 15.999287805404492], [81.59574768876206, 15.994670023095239], [81.5880907170656, 15.990052244924925], [81.58043373143107, 15.985434457841166], [81.57277675499097, 15.980816676693848], [81.56511978003289, 15.976198895035282], [81.55746280656001, 15.971581114663138], [81.54980584227621, 15.966963338428513], [81.54214886405623, 15.962345553282432], [81.53449189502783, 15.957727774070975], [81.52683492748122, 15.953109994348267], [81.51917796141822, 15.948492215912552], [81.51152100454419, 15.943874441613616], [81.50386403373409, 15.939256658403394], [81.49620707211272, 15.934638881127285], [81.48855011197281, 15.930021103340266], [81.48089315331549, 15.925403326839728], [81.47323620849505, 15.920785557279203], [81.46557924598801, 15.916167776004329], [81.45792228711855, 15.911549997858344], [81.45026533437988, 15.906932222005253], [81.44260838312192, 15.902314447437732], [81.4349514333428, 15.89769667235862], [81.42729448504411, 15.893078898564852], [81.41963754592899, 15.88846112890593], [81.4119805928812, 15.883843350339134], [81.40432364901721, 15.879225577703949], [81.39666670663217, 15.874607804557286], [81.38900976572722, 15.869990032696592], [81.38135283400334, 15.865372264969437], [81.3736958883477, 15.860754488335317], [81.36603895187511, 15.85613671763241], [81.3583820168792, 15.85151894641831], [81.35072508336191, 15.846901176488302], [81.34306815902465, 15.842283410692062], [81.33541122075633, 15.837665635989708], [81.32775429166787, 15.833047867217545], [81.32009736405627, 15.82843009793379], [81.31244043792333, 15.823812329935606], [81.30478352561522, 15.819194568871922], [81.30219337459994, 15.817632489964296], [81.30040172544614, 15.815173484637626], [81.29519532453787, 15.808027791434085], [81.28998893167045, 15.80088210624973], [81.28478254377256, 15.793736422401707], [81.27957615904711, 15.786590739891494], [81.27436978415835, 15.779445065399727], [81.26916340005198, 15.772299374009151], [81.26395702753132, 15.765153696403956], [81.25875066839035, 15.758008030784367], [81.25354430002989, 15.750862348267049], [81.2483379397064, 15.743716673768006], [81.24313158921683, 15.73657100728957], [81.23792523305019, 15.72942532877596], [81.23268297791196, 15.722230376169989], [81.23186285272783, 15.718877150845572], [81.23078282257967, 15.714619516130881], [81.22960720929649, 15.710385708242427], [81.22833657786708, 15.706177740717976], [81.22697153835406, 15.70199761467427], [81.22551274559635, 15.697847317871663], [81.22477641872524, 15.695823469128868], [81.22407773116691, 15.694020414266276], [81.22267937288018, 15.690514158791018], [81.22121361582396, 15.687033841550203], [81.21968097559272, 15.683580678723217], [81.21889800828484, 15.681861037817669], [81.2182622201509, 15.68049925835993], [81.2171673067204, 15.67822981172236], [81.21491949931158, 15.673718042643486], [81.2125564062552, 15.669261933487348], [81.21007950159128, 15.66486424994963], [81.2088348793277, 15.66271735418644], [81.20765850681539, 15.660794800258316], [81.2053078081367, 15.657048518865793], [81.20287340865593, 15.65335278634916], [81.20035646963765, 15.649709358947973], [81.19775819137203, 15.646119967946106], [81.19507981260847, 15.642586318872134], [81.19232260995256, 15.639110090673512], [81.1894878972725, 15.635692934949986], [81.18807642371655, 15.634028257232728], [81.18692192645943, 15.63271895294264], [81.18464115002917, 15.630176714560719], [81.18231677795956, 15.627671852981393], [81.17994946359192, 15.625205070619018], [81.17875516833033, 15.623981290985114], [81.17355307483052, 15.618739231961285], [81.17159449808389, 15.616817866606823], [81.16762486433646, 15.61302676757731], [81.16355168099545, 15.609340346722831], [81.15937788945018, 15.605761261344014], [81.15729128327007, 15.604019222242073], [81.15555978270493, 15.602642593357757], [81.15211755405329, 15.5999655063884], [81.14856505571515, 15.597322716666952], [81.14489906241545, 15.594715348158104], [81.14130259996512, 15.59226922566478], [81.13734290343638, 15.589695528886239], [81.13338212238835, 15.587245252013076], [81.12942074800588, 15.58491521712341], [81.12744867771164, 15.583783935092356], [81.12545511867927, 15.582697178348383], [81.12148837948973, 15.580590172445852], [81.1174752424132, 15.578567469248526], [81.11341761385597, 15.576630029013984], [81.10828954008912, 15.57434725916579], [81.10452116547265, 15.572904780388853], [81.10288414127967, 15.572226961845331], [81.10098504793075, 15.571468671500497], [81.09903714109566, 15.570713124213], [81.09674337111579, 15.569849392894355], [81.09467120942895, 15.56909366692065], [81.09271686874962, 15.568403891340722], [81.09060060614553, 15.567682321190603], [81.08846709609406, 15.56697989719197], [81.08788906209986, 15.566796074174363], [81.08691818689528, 15.566245122913756], [81.08635493303768, 15.56592778373215], [81.0842054231606, 15.564758260609551], [81.07992294571079, 15.562492590174486], [81.07776802417072, 15.561384164499657], [81.05552361819093, 15.55026357535803], [81.05404858022825, 15.549540415836418], [81.05108675922929, 15.548116926532032], [81.04945380591573, 15.547389659336943], [81.04785805404288, 15.54651469695068], [81.04472147286975, 15.544830443220405], [81.04155536305899, 15.543198986593723], [81.03836067000702, 15.541620813899328], [81.03675631222904, 15.54084510712994], [81.03027686447399, 15.537779664360983], [81.02780733849261, 15.536650051352865], [81.02283851068239, 15.53445418950389], [81.0178118463624, 15.53238586797687], [81.01273082631985, 15.530446518414522], [81.0101934628583, 15.52951498772211], [81.00804376659516, 15.528782627561327], [81.00376114986312, 15.527374624524327], [80.99944792724494, 15.526057449763584], [80.99510614644839, 15.524831728478773], [80.99073786861845, 15.52369804244961], [80.986345167394, 15.522656929769653], [80.9819301278826, 15.521708884578345], [80.97749484571796, 15.520854356840687], [80.97528107426217, 15.520451994542896], [80.97304142604827, 15.520093752129014], [80.96857198257305, 15.519427431435986], [80.96408863651328, 15.518855711001436], [80.96118958326196, 15.518548175296644], [80.95381598588625, 15.516244985449248], [80.94523596304884, 15.513564962101157], [80.93665595322409, 15.510884941872973], [80.92807593405831, 15.508204918680804], [80.91949591823499, 15.505524896487145], [80.91091590061205, 15.502844873404399], [80.90233587939713, 15.500164849434384], [80.89375586152579, 15.497484826462994], [80.88517583431144, 15.49480480052722], [80.87659582010792, 15.4921247795088], [80.86801581377318, 15.489444759722971], [80.85943579418131, 15.48676473603058], [80.85085577793166, 15.48408471333596], [80.84227576200226, 15.481404690695513], [80.83369574941776, 15.478724669054827], [80.82511573503825, 15.476044646526304], [80.81653570740002, 15.473364620091218], [80.80795569276808, 15.470684598571665], [80.79937568812585, 15.468004579228136], [80.79079567716173, 15.465324557863482], [80.78221566440016, 15.46264453561156], [80.77363564804728, 15.45996451247214], [80.76505563503201, 15.457284490329982], [80.75647561268107, 15.454604465225543], [80.74789560333545, 15.451924445036127], [80.73931560185633, 15.449244426079701], [80.73073558712213, 15.446564403216314], [80.72215557572599, 15.443884381350927], [80.71357556465722, 15.441204359541643], [80.70499555692948, 15.438524338729792], [80.69641554740247, 15.435844317029591], [80.6878355246231, 15.433164291425499], [80.67925551484768, 15.43048427073569], [80.67067551505562, 15.427804252219914], [80.66209550592737, 15.425124230742483], [80.65351550014032, 15.422444210261915], [80.64493549255519, 15.419764188893907], [80.63635548137717, 15.417084166638574], [80.62777547353983, 15.414404145381013], [80.6191954563684, 15.411724121162479], [80.61061545219673, 15.409044101856807], [80.60203545588809, 15.406364083782478], [80.59345544632856, 15.403684061803915], [80.58487544010802, 15.401004040822784], [80.57629543421149, 15.398324019897075], [80.56771543165382, 15.395643999968797], [80.55913542730116, 15.392963979153024], [80.55055540969931, 15.390283954434267], [80.54197540509313, 15.387603934627123], [80.53339541047012, 15.38492391699458], [80.52481540952942, 15.382243897342505], [80.51623540679111, 15.37956387680299], [80.50765540046257, 15.37688385537649], [80.49907539747039, 15.37420383494674], [80.49049538514595, 15.37152381155687], [80.48191538581875, 15.36884379307918], [80.47333539435158, 15.366163775832092], [80.4647553896383, 15.363483754682022], [80.45617538826099, 15.360803734528474], [80.44759538720757, 15.358123714430405], [80.43901538949274, 15.355443695329882], [80.43043538998239, 15.35276367534152], [80.4218553772256, 15.350083651451257], [80.41719786300916, 15.348628846458325], [80.4170628284786, 15.34096828636308], [80.41690571829542, 15.332055040900855], [80.41674861384865, 15.323141796577602], [80.41659151513556, 15.314228551592691], [80.41643442214684, 15.305315306356249], [80.41627733489145, 15.29640206226054], [80.41612025336588, 15.287488817503345], [80.41596317756444, 15.278575572657132], [80.41580610748554, 15.26966232772321], [80.41564904296183, 15.260749074089176], [80.4154919834375, 15.251835829634842], [80.41533493070244, 15.24292259476664], [80.41517788351882, 15.234009351200086], [80.41502084205774, 15.225096106971705], [80.41486380630909, 15.216182862492701], [80.41470677628206, 15.20726961915284], [80.41454975197348, 15.198356375150581], [80.41439273337448, 15.18944313089878], [80.41423572049354, 15.180529887785951], [80.41407871332768, 15.171616644011976], [80.4139217118709, 15.162703400149837], [80.41376471612205, 15.153790156200898], [80.41360772608613, 15.144876913390931], [80.41345074176121, 15.135963669920159], [80.41329376296432, 15.127050416351153], [80.41313678915151, 15.118137173768048], [80.41297982211819, 15.109223940370839], [80.41282286061005, 15.10031069687642], [80.41266590480848, 15.091397454520347], [80.41250895471, 15.082484211504152], [80.41235201030679, 15.073570968236936], [80.41219507160633, 15.064657726107157], [80.41203813860625, 15.055744483319586], [80.41188121129755, 15.046831240279744], [80.41172428968855, 15.03791799837785], [80.41156737377628, 15.029004755818733], [80.41141046355494, 15.020091513169177], [80.41125355902307, 15.011178270431856], [80.41109666018656, 15.002265028834074], [80.41093976704224, 14.993351786577477], [80.41078287940798, 14.984438534215485], [80.4106259967395, 14.975525292845305], [80.41046912083277, 14.96661206066824], [80.41031225043253, 14.957698818386916], [80.41015538572071, 14.948785577244962], [80.4099985266945, 14.939872335442374], [80.409841673345, 14.930959093388083], [80.40968482568019, 14.922045852474753], [80.40952798369779, 14.91313261090147], [80.4093711473887, 14.904219369074895], [80.40921431676145, 14.895306128386778], [80.40905749181252, 14.886392887041609], [80.4089006725369, 14.877479645608332], [80.40874385893267, 14.868566404085527], [80.4085870510055, 14.859653163702433], [80.4084302487529, 14.850739922660807], [80.40827345199222, 14.841826671506055], [80.40811666017908, 14.832913431351244], [80.40795987511024, 14.824000200397904], [80.4078030955298, 14.815086959332348], [80.40764632162006, 14.80617371940508], [80.40748955337813, 14.79726047881752], [80.40733279079421, 14.788347237979849], [80.40717603387816, 14.779433998283821], [80.40701928262638, 14.770520757925055], [80.40686253702961, 14.761607517313337], [80.40670579709672, 14.75269427784417], [80.40654906282532, 14.743781037714712], [80.40639233420836, 14.734867797496463], [80.40623561124539, 14.725954557190846], [80.4060788939421, 14.717041318026304], [80.40592218229523, 14.708128078200616], [80.40576547612238, 14.699214828256629], [80.40560877488019, 14.690301589320029], [80.40545208036383, 14.68138835958922], [80.40529539131859, 14.672475119740966], [80.40513870792597, 14.663561881032251], [80.40498203018353, 14.654648641663812], [80.40482535808212, 14.64573540204185], [80.40466869163004, 14.636822163561078], [80.40451203082443, 14.627908924423195], [80.40435537565986, 14.618995685195102], [80.40419737848242, 14.610014415809985], [80.40457998984971, 14.606503647086242], [80.40496836893931, 14.602135281533435], [80.40525878417799, 14.597759703069414], [80.4054511031377, 14.593378994560226], [80.40554524010099, 14.588995241208238], [80.40556747423057, 14.586694737653488], [80.40556462512717, 14.585886435416796], [80.40554634286667, 14.582948282459597], [80.40550987057287, 14.580821550437463], [80.40539072180326, 14.576569304671125], [80.40517920366761, 14.572320465420376], [80.40486047384911, 14.567917051566383], [80.40503334587515, 14.565161093216659], [80.40568045320038, 14.556216483073626], [80.40632754849753, 14.547272117425337], [80.40697467139182, 14.538327461885672], [80.40762177168165, 14.529383183651703], [80.40826887602509, 14.520438927573537], [80.40891601354764, 14.511494304412622], [80.40956313745642, 14.502549934233912], [80.41021025211535, 14.493605770046827], [80.41085739515796, 14.484661305014924], [80.4115045497391, 14.475716745273871], [80.4121516879751, 14.466772489538357], [80.41279885175487, 14.457827972173732], [80.41344602140077, 14.448883438463724], [80.41409315993837, 14.439939412736749], [80.41474034857703, 14.430994785944279], [80.41538753381667, 14.422050270808256], [80.41603472940551, 14.413105703068652], [80.41668193772995, 14.4041610257878], [80.41732909994977, 14.395217062741722], [80.41797631377096, 14.386272476933698], [80.41862352407429, 14.377328006168568], [80.41927071925545, 14.368383821393195], [80.41991794499779, 14.3594393046032], [80.4205651561175, 14.350495056264776], [80.42121242917153, 14.341550028988195], [80.421859635173, 14.332606018625825], [80.42250686406715, 14.32366175822807], [80.42315412500284, 14.314717131954467], [80.42380138286774, 14.305772638359826], [80.42444865800184, 14.296827972404685], [80.42509590994814, 14.287883703749912], [80.42574317488061, 14.278939345837102], [80.42639045919901, 14.269994786264817], [80.42703772744869, 14.261050525569317], [80.42768498137718, 14.25210655290391], [80.42833231946486, 14.243161483492486], [80.42897959282175, 14.234217385324257], [80.42962693814752, 14.225272382788603], [80.43027420427069, 14.216328540803374], [80.43092150895734, 14.20738424268734], [80.43156883131093, 14.198439790506825], [80.43221616958158, 14.189495184485281], [80.43286348609433, 14.18055095578984], [80.4335108357123, 14.171606359674684], [80.43415819519885, 14.162661693256837], [80.43480550574805, 14.153717779649241], [80.4354529027571, 14.144772761385696], [80.43610025749456, 14.135828392279905], [80.4367476203821, 14.126883988980637], [80.43739496843091, 14.11793987970168], [80.43804236075925, 14.108995223681688], [80.43868973052628, 14.100050957745452], [80.43933713456403, 14.091106307275538], [80.43998451854497, 14.082161998917229], [80.44063192973255, 14.07321740541795], [80.44127932557205, 14.064273088030063], [80.44192674038004, 14.055328585955749], [80.4425741510795, 14.046384231348043], [80.44322157842163, 14.037439710826106], [80.44386901195014, 14.028495182178915], [80.44451643227353, 14.019550926613078], [80.44516384410736, 14.010606852305898], [80.44581130425433, 14.001662187832267], [80.44645877101561, 13.992717522598014], [80.4471062259272, 13.983773084994823], [80.44775367095968, 13.974828861107937], [80.44840113950727, 13.965884402937377], [80.44904864478741, 13.95693950120841], [80.44969610284545, 13.94799532902806], [80.45034357964687, 13.939050988431347], [80.45099107526858, 13.93010645168772], [80.45163855155414, 13.921162259210405], [80.45228608582676, 13.912217356177905], [80.45293356640775, 13.903273258627337], [80.45358107888319, 13.894328797600735], [80.4542285914709, 13.88538442544899], [80.45487611319567, 13.876439990828487], [80.45552367439484, 13.867495088008809], [80.4561711871055, 13.858550945357592], [80.4568186996355, 13.8496068688886], [80.45746626683376, 13.840662114317126], [80.45811380210716, 13.831717891054609], [80.45876136276468, 13.822773380826334], [80.45940893935085, 13.813828727562395], [80.45975098631936, 13.809104250617452], [80.46067604121123, 13.804684996812568], [80.46249167698579, 13.796011206990727], [80.46430725051641, 13.78733773822512], [80.46612298327307, 13.77866352909939], [80.46793835333233, 13.769991081555816], [80.46975406631549, 13.76131702127634], [80.47156977363034, 13.752643011762302], [80.47338539583188, 13.743969433430493], [80.47520112644554, 13.735295361769715], [80.47622637321126, 13.730228736492165], [80.47701671214156, 13.726622003584623], [80.47756900658783, 13.72388715305567], [80.4788324124545, 13.717948125817827], [80.48064798910406, 13.709274863371093], [80.48246373013501, 13.700600840208779], [80.48427923462009, 13.691927972510996], [80.48609512330108, 13.683253293113296], [80.4879106356002, 13.674580436273459], [80.48972642413196, 13.665906280090098], [80.49154230491496, 13.657231712955422], [80.49335776367604, 13.648559185467093], [80.49517356323906, 13.63988505448242], [80.49698928322067, 13.631211328180598], [80.49880507098567, 13.622537302596584], [80.50062077673334, 13.61386369422496], [80.50243641412669, 13.605190431689948], [80.50425215212488, 13.596516717367138], [80.50606782088119, 13.587843358307396], [80.50788364099606, 13.579169301615082], [80.50969947022156, 13.570495224992953], [80.51151513136813, 13.561821975753617], [80.51333088228608, 13.553148317869613], [80.51514662513887, 13.544474728188106], [80.51696235079334, 13.535801244229674], [80.5187781887679, 13.527127248202476], [80.52059410563987, 13.518452899760803], [80.52240983756343, 13.509779460149446], [80.52422568601196, 13.501105487471534], [80.5260414131941, 13.492432114217081], [80.52785749880468, 13.48375705756257], [80.52813958935064, 13.482359188989676], [80.52868348853019, 13.479559650953433], [80.52893799750302, 13.478198642032226], [80.52905698120503, 13.477523169763003], [80.52927619296344, 13.476252832140517], [80.52938371606376, 13.475617332176398], [80.53076558051737, 13.467284110188757], [80.53214731733476, 13.45895169199332], [80.53352904909116, 13.450619326654646], [80.53491066685143, 13.442287678312368], [80.53629243254568, 13.433955166530495], [80.53767411260583, 13.425623204318413], [80.53905586815188, 13.417290811024998], [80.54043753958246, 13.40895895270603], [80.54181924622617, 13.40062691157641], [80.54320102276415, 13.392294483020578], [80.54344516550856, 13.390745972733498], [80.5443369809276, 13.384781250035871], [80.54456082419381, 13.383668245573233], [80.54575153721089, 13.378566919979107], [80.54655990593665, 13.374541367588108], [80.54693586512985, 13.372564867988558], [80.54730610445847, 13.370360841716831], [80.54798380052875, 13.366026181534039], [80.54856473670418, 13.361678074979068], [80.54904864161637, 13.357318592162187], [80.54929434728342, 13.353199012134667], [80.54944374193843, 13.352275481440302], [80.5497326709907, 13.3502686694531], [80.54984365817262, 13.349474903750888], [80.54995650604678, 13.34864130748241], [80.55036991597262, 13.346497875169518], [80.55080590039222, 13.343866919988557], [80.55191106803693, 13.336588332344832], [80.55217361561597, 13.334741533559281], [80.5526636715428, 13.331043460567116], [80.5530835738083, 13.327337119701951], [80.55343318106702, 13.323623786914027], [80.55371237619056, 13.3199047404878], [80.55392106630126, 13.316181260635005], [80.55405918280206, 13.312454629020863], [80.55412668139348, 13.30872612834412], [80.55414279842444, 13.306903007907636], [80.55412474069914, 13.30505859018615], [80.55405565766796, 13.301453234696623], [80.55392055246023, 13.29784967196008], [80.55371947147512, 13.294249061569587], [80.55360244605731, 13.292449650754577], [80.55304054184421, 13.284880218467038], [80.55247860897452, 13.277310359953674], [80.55191668189542, 13.269740514148054], [80.55135479043304, 13.262171094971222], [80.55112986072686, 13.259598269527373], [80.55061261534593, 13.254459102477028], [80.54995411715555, 13.24929135531687], [80.54915273608776, 13.244100174547725], [80.54872123351561, 13.24153084698014], [80.54707236140757, 13.232501953017334], [80.54545763635167, 13.223661036938495], [80.54384298943097, 13.214820525408527], [80.5422283488748, 13.20598001381427], [80.54061371256819, 13.197139502216828], [80.538999085005, 13.188299004487249], [80.53738445909573, 13.179458485841224], [80.53576983949631, 13.170617978487655], [80.53415522625619, 13.161777471069456], [80.53254061757849, 13.152936965386573], [80.53092601525839, 13.144096459637069], [80.52931141749855, 13.135255955625212], [80.52769682609471, 13.126415451548155], [80.52608223924949, 13.117574949207835], [80.52446766050411, 13.108734456361447], [80.52285308340493, 13.099893944391681], [80.52123851324166, 13.091053446296144], [80.51962394911197, 13.082212946396567], [80.51800938953596, 13.073372448232817], [80.51639483630925, 13.064531950003698], [80.51478028763489, 13.055691453513305], [80.5131657453079, 13.046850956955893], [80.51155120753117, 13.038010462135787], [80.50993667784701, 13.029169976815638], [80.5083221501161, 13.020329474101061], [80.50670762867759, 13.011488980888203], [80.5050931132663, 13.002648487671422], [80.50347860303481, 12.993807998769626], [80.50186409882701, 12.984967508063903], [80.50024959916254, 12.976127019094577], [80.4986351058372, 12.96728653006187], [80.4970206170542, 12.958446042765502], [80.4954061363548, 12.94960556496875], [80.49379165760075, 12.940765069777399], [80.49217718513142, 12.931924584089927], [80.4905627189982, 12.923084100137203], [80.48894825740024, 12.914243616120189], [80.48733380181909, 12.905403132099423], [80.48571935140819, 12.896562652396824], [80.4841049070103, 12.887722170887855], [80.48249046714602, 12.878881691117385], [80.4808760353585, 12.870041220853295], [80.47926160550679, 12.861200733185342], [80.47764718193173, 12.852360255022688], [80.47603276468419, 12.843519778596374], [80.47441835196474, 12.834679302110032], [80.47280394557151, 12.825838827357074], [80.4711895437033, 12.816998352541077], [80.46957514815949, 12.808157879460737], [80.46796075713985, 12.799317406319801], [80.46634637212469, 12.79047693317392], [80.46473199226841, 12.781636464345638], [80.46311762016092, 12.77279600328609], [80.4615032499787, 12.763955524818584], [80.45988888606735, 12.755115055880708], [80.45827475029739, 12.746275803421838], [80.45738103945803, 12.741934518638459], [80.45539974977817, 12.733294769143242], [80.45431218310301, 12.72899632909099], [80.45200415389581, 12.72066304067664], [80.44969566769328, 12.712328086575155], [80.4473871851809, 12.703993129222226], [80.44507870857319, 12.69565817896904], [80.44277023967038, 12.687323237616113], [80.44046177446705, 12.678988293053862], [80.43815331341523, 12.670653346021027], [80.43584485651508, 12.662318398316586], [80.43353640596331, 12.653983456973947], [80.43122795956037, 12.64564851316021], [80.42891951730792, 12.637313568676802], [80.42661108140095, 12.628978630556162], [80.42430264964054, 12.620643689962094], [80.42199422275996, 12.612308751340834], [80.41968580075832, 12.603973812896186], [80.41737738290271, 12.595638873780558], [80.41506897138868, 12.587303941025198], [80.41276056401728, 12.57896900579891], [80.41045216079033, 12.57063406990244], [80.40814376126258, 12.562299130833878], [80.40583582127613, 12.55396583686047], [80.40524867781318, 12.551930542122534], [80.40403094047002, 12.54787251162088], [80.40272657936453, 12.54384054811112], [80.40133617586162, 12.539836436286464], [80.40063236389221, 12.537876108009868], [80.400312983292, 12.537026924298061], [80.39969271360769, 12.535400275534982], [80.39937900968619, 12.534588278990498], [80.39624816168487, 12.52658838901516], [80.39311649673334, 12.518586402545964], [80.38998483849286, 12.510584422788952], [80.38685318837054, 12.502582453341915], [80.3837215388179, 12.49458047262101], [80.38058989079644, 12.486578488576015], [80.37745825227034, 12.4785765174679], [80.37432662048036, 12.470574553144388], [80.37119498925688, 12.462572577545075], [80.36806335956209, 12.454570598622752], [80.36493173936054, 12.4465686326389], [80.36180012589193, 12.43856667343698], [80.35866851436714, 12.430564706486791], [80.35582117192712, 12.423289103161608], [80.35553271994002, 12.422138920530188], [80.35489158021471, 12.419753760702292], [80.35436358549083, 12.417641085284231], [80.35320900561487, 12.413419583414566], [80.35195732171667, 12.40921021808947], [80.35061257732934, 12.405028750116344], [80.34938975068371, 12.401496323896879], [80.34858661007974, 12.399164817490998], [80.34780857249586, 12.396988665269362], [80.34710906296948, 12.395157229515746], [80.34570060452324, 12.391575864853166], [80.34422285514773, 12.388021587824369], [80.34267635629772, 12.384495694043153], [80.34106167441331, 12.380999468712048], [80.33937940072178, 12.377534186180526], [80.33763015100959, 12.374101109465187], [80.33581456540009, 12.370701489797796], [80.3338261789894, 12.367153771081519], [80.33316741715885, 12.366032407986495], [80.33290678012742, 12.365437946016868], [80.33124741925525, 12.361844386318012], [80.32951666577623, 12.358283531578763], [80.3277151889614, 12.35475675288086], [80.32584368522828, 12.351265408133713], [80.32390287787382, 12.347810841554576], [80.32293225706445, 12.34612185088264], [80.32211817411553, 12.344761391036002], [80.32050333052086, 12.34211053179206], [80.31884726852559, 12.339484378019222], [80.31715038014198, 12.336883549447009], [80.31629179058132, 12.335589552987472], [80.31137698162519, 12.328305013162094], [80.306460396599, 12.321017837766362], [80.30154382816465, 12.313730683379617], [80.29662725979284, 12.30644352237664], [80.29171069445295, 12.299156363617897], [80.28679413715088, 12.29186921006442], [80.28187757169087, 12.284582041274462], [80.27696102289826, 12.277294893610133], [80.27204447737853, 12.270007744090208], [80.2671279237004, 12.262720579335564], [80.26221138668859, 12.255433435706095], [80.25729485294721, 12.248146290220461], [80.25237831580961, 12.24085913655972], [80.24746178670671, 12.23357198990118], [80.242545259076, 12.226284841387042], [80.23762873847397, 12.218997698819976], [80.23271222114204, 12.211710556195044], [80.22779570528007, 12.204423411713947], [80.22287919644589, 12.197136273180092], [80.21796269087929, 12.189849134587462], [80.2130461867805, 12.182561994136563], [80.20812968970904, 12.175274859635238], [80.20321319590528, 12.167987725076557], [80.19829670833144, 12.160700595720414], [80.19338021915121, 12.153413458186833], [80.18846373144004, 12.146126320597318], [80.18354726038524, 12.138839202333656], [80.1786307829592, 12.131552068832775], [80.17541238921069, 12.126781809549016], [80.17300449143244, 12.120897881255075], [80.16960621870504, 12.112593865244605], [80.16688678048843, 12.105948641157568], [80.16620794649657, 12.10428984120199], [80.16280968127728, 12.095985824537308], [80.1594114273359, 12.087681824835045], [80.15601317427831, 12.079377813602434], [80.15261492173795, 12.071073796137512], [80.14921667761257, 12.06276978774531], [80.14581843840256, 12.05446578167249], [80.14242020760622, 12.046161784674382], [80.13902197769153, 12.03785777794485], [80.13562375114941, 12.029553771070368], [80.13222553158926, 12.021249769775977], [80.12882732044176, 12.012945779355846], [80.12542911160142, 12.004641780900272], [80.12203090184158, 11.996337772714469], [80.11863270335078, 11.988033781490572], [80.11523450833795, 11.979729787294104], [80.11183632173527, 11.971425803973773], [80.10843813743509, 11.963121812615043], [80.1050399522112, 11.954817811524379], [80.10164177825476, 11.946513827400963], [80.09824361127392, 11.938209848860083], [80.09484544659449, 11.929905864079387], [80.09144728241688, 11.921601871262283], [80.08804912521362, 11.913297885825216], [80.08465097577317, 11.904993908800293], [80.0812528333048, 11.896689937357564], [80.07785469313467, 11.888385959675531], [80.0744565534626, 11.880081973956408], [80.07105842076095, 11.87177799561698], [80.06766029932112, 11.863474034247247], [80.06426217874468, 11.855170061344722], [80.06086405866552, 11.846866082203405], [80.0574659469828, 11.83856211213913], [80.05406784019681, 11.830258144394065], [80.05066974180693, 11.821954185728146], [80.0472716442788, 11.813650217327734], [80.04387355010385, 11.805346248779927], [80.04047546289223, 11.797042285813802], [80.03707738407638, 11.78873833372677], [80.03367930754689, 11.780434373600315], [80.03028123007681, 11.77213040373698], [80.02688316386104, 11.763826450845954], [80.02348510110397, 11.755522494981165], [80.02008704673881, 11.747218549993022], [80.01668899465608, 11.738914596964491], [80.01329094162884, 11.73061063419857], [80.00989289985341, 11.722306688406775], [80.00649486503596, 11.714002748201096], [80.00309683249941, 11.705698801750827], [79.99969880044364, 11.697394847259147], [79.99630077534539, 11.689090900151427], [79.99421124092737, 11.683984579640992], [79.99499262457812, 11.679514108500712], [79.9965106824609, 11.670828988257256], [79.99802852280516, 11.662145140201005], [79.99954656957556, 11.653460134502893], [80.00106449768657, 11.644775841323053], [80.00258247266504, 11.636091308504149], [80.00410053380654, 11.62740631213228], [80.00561845867571, 11.618722117830657], [80.00713646031352, 11.610037517956584], [80.00865446414474, 11.601352934012311], [80.01017238306048, 11.59266886434608], [80.01169054895729, 11.583983411070392], [80.01320843896656, 11.575299558567167], [80.01472646477828, 11.566614962744438], [80.01624451301029, 11.557930267114216], [80.01776251958813, 11.549245838237766], [80.01928052927815, 11.540561420905306], [80.02079851552332, 11.531877160095974], [80.02231660887924, 11.523192320099497], [80.02383465026105, 11.514507805874928], [80.02535266116399, 11.505823494444769], [80.02687071715889, 11.497138949235762], [80.028388866564, 11.488453902306844], [80.02990675847536, 11.479770356866993], [80.03142495584302, 11.471085092387455], [80.03294291397731, 11.462401224912583], [80.03446100121243, 11.453716643045766], [80.03597914115096, 11.44503179231674], [80.0374971708817, 11.436347600452962], [80.03901530717997, 11.427662827336121], [80.04053345400615, 11.418978022381111], [80.04205153691214, 11.410293607234621], [80.04356959870256, 11.401609345497718], [80.04508771084272, 11.39292482409951], [80.046606059424, 11.384238978489464], [80.0472892207506, 11.379719715606996], [80.04844664516258, 11.37065519278326], [80.04892091140039, 11.366109959829146], [80.04960934506141, 11.357622416913216], [80.05029774229394, 11.349135392297114], [80.05098617886358, 11.340647931531805], [80.05167456936675, 11.332161108773676], [80.05236298795273, 11.323673997870173], [80.05305140553554, 11.315186948121834], [80.05373987541168, 11.306699322834959], [80.05442827349867, 11.298212642441172], [80.05511670136787, 11.28972564274045], [80.0558051499828, 11.281238456401468], [80.05649360658259, 11.27275122037463], [80.05718204786046, 11.264264243237903], [80.0578705113719, 11.255777050008476], [80.058558970891, 11.247289954722362], [80.05924743703872, 11.238802846786768], [80.05993589901254, 11.230315839010075], [80.06062439104767, 11.221828530613152], [80.06131290523183, 11.21334100713409], [80.06149923583575, 11.210559973266356], [80.06179372599513, 11.20499384676873], [80.06190188565341, 11.202208780787487], [80.0621224215015, 11.193308671635805], [80.06234296124012, 11.18440865324061], [80.06256350368915, 11.175508701557987], [80.06278405625505, 11.166608590246938], [80.06300461183082, 11.157708569798842], [80.06322517152898, 11.148808559887925], [80.06344573841693, 11.13990850747183], [80.06366630758055, 11.131008539116976], [80.06388688399403, 11.12210852668079], [80.06410746473864, 11.11320851625436], [80.064328049663, 11.104308584626608], [80.06454864291032, 11.095408492962065], [80.06476923947412, 11.08650851579921], [80.06498984300174, 11.07760847056096], [80.06521045004229, 11.068708458336005], [80.06543106228594, 11.059808484381051], [80.06565168058114, 11.050908441892261], [80.06587230446848, 11.04200842190869], [80.06609293252154, 11.033108410323734], [80.0663135654205, 11.024208450368064], [80.06653420671012, 11.015308363669135], [80.06675484997731, 11.006408372611759], [80.06697550163517, 10.997508291964891], [80.0671961539847, 10.988608357818464], [80.06741681474404, 10.979708332316818], [80.06763748052464, 10.970808279565858], [80.06785815158526, 10.961908262547354], [80.06807882667198, 10.953008293705466], [80.06829950673398, 10.944108299365041], [80.06852019390385, 10.935208266029804], [80.06874088446568, 10.926308271000664], [80.06896158210645, 10.91740823899329], [80.06918228592451, 10.908508131987446], [80.0694029910427, 10.899608220063726], [80.06962370339437, 10.890708227663254], [80.0698444227337, 10.881808129336832], [80.07006514353748, 10.87290821844715], [80.07028587272049, 10.864008144538218], [80.07050660638703, 10.855108137170646], [80.07072734609517, 10.84620806192197], [80.07094808867208, 10.837308117337443], [80.07116883812034, 10.828408106686538], [80.07138959239063, 10.81950807628175], [80.07161035242063, 10.810608060832521], [80.07183111907608, 10.80170795379928], [80.0720518873004, 10.792808029677872], [80.07227266362065, 10.783907953705693], [80.07249344111614, 10.775008077364191], [80.07271422839153, 10.766107982172684], [80.07293502157086, 10.757207895018666], [80.07315581446466, 10.748308029988834], [80.07337661602855, 10.73940798985268], [80.07359742646088, 10.730507839073994], [80.07381823527015, 10.72160792894175], [80.07403905357245, 10.71270788201332], [80.07425987546088, 10.703807864762325], [80.07448070312051, 10.694907861597471], [80.07470153594613, 10.686007861546955], [80.07492237426925, 10.677107813134057], [80.0751432178381, 10.668207799894958], [80.07536406749824, 10.659307715220336], [80.07558491837506, 10.650407828959146], [80.07580577933925, 10.64150770923601], [80.07602664164313, 10.632607781939157], [80.07624751396304, 10.623707661227286], [80.0764683871173, 10.614807680755234], [80.07668926717287, 10.60590766944631], [80.07691015171162, 10.59700765039372], [80.07700219530267, 10.591866015645166], [80.07713104235893, 10.588107631465107], [80.07717737102354, 10.585607483727586], [80.07718264882965, 10.581225097722381], [80.07735193853136, 10.57920756364922], [80.07757283814215, 10.570307604423817], [80.07779374468674, 10.561407574812733], [80.07801465471073, 10.552507578674636], [80.07823557194104, 10.543607538277001], [80.0784564942245, 10.534707468809984], [80.07867742074546, 10.525807473715304], [80.07889835048417, 10.516907522496979], [80.07911928891224, 10.5080074671705], [80.07934023323128, 10.499107384215279], [80.07956118072747, 10.490207347596481], [80.07978213216848, 10.481307396992577], [80.08000308965063, 10.472407376392084], [80.08022405323067, 10.463507355915226], [80.08044502112284, 10.454607335955984], [80.08066599394033, 10.445707362389669], [80.08088697342214, 10.436807293594143], [80.08110795756653, 10.427907282649187], [80.08132894875882, 10.419007198137706], [80.08154994132741, 10.410107230366407], [80.08177094004134, 10.401207260627984], [80.08199194657993, 10.392307148816712], [80.08221295602675, 10.383407165335143], [80.08243397001962, 10.374507172674953], [80.08258066717485, 10.368600000344088], [80.08320480217026, 10.366635971565586], [80.08444183339566, 10.362424366064943], [80.08558574495294, 10.358187039131508], [80.08663599591239, 10.35392600847183], [80.08759209000732, 10.349643302977597], [80.08845357585813, 10.345340961782654], [80.08885511546805, 10.343216080094976], [80.08922004718136, 10.341021033285756], [80.08989114297219, 10.33668557419253], [80.09046654767616, 10.332336648497574], [80.0909459913259, 10.327976326539329], [80.09132924966565, 10.323606683984508], [80.09161614424772, 10.319229800862445], [80.09180654251179, 10.314847760554926], [80.09190035784047, 10.310462648822181], [80.09192312720762, 10.308301459499205], [80.09189754959152, 10.306076552788966], [80.0917981231106, 10.301691559984192], [80.0916021297204, 10.297309757308312], [80.09130966668954, 10.292933230066183], [80.0909208771771, 10.288564060961448], [80.09043595016055, 10.28420432912634], [80.08985512033132, 10.279856109098773], [80.08917866798618, 10.275521469880687], [80.08882209005895, 10.273388685870145], [80.08840691887622, 10.271202473911103], [80.08754024405027, 10.266901176104113], [80.08657905966948, 10.26261962287822], [80.08552382680392, 10.258359851178398], [80.0843750512027, 10.254123887496348], [80.0831332830557, 10.24991374694639], [80.08179911671226, 10.245731432253592], [80.08037319040193, 10.24157893284223], [80.07964771153172, 10.239538475026734], [80.07885618591934, 10.237458223875137], [80.07724882829848, 10.233371265324365], [80.07555188545604, 10.229320001031056], [80.07376616782841, 10.225306357793897], [80.07189252796826, 10.221332244437122], [80.0699318601553, 10.2173995509404], [80.06788509994226, 10.213510147498084], [80.06575322371577, 10.209665883654452], [80.06468004470554, 10.20777910285102], [80.063722720915, 10.206172200236495], [80.06180685137127, 10.203023416152746], [80.06083440421753, 10.201457704515917], [80.05731306516964, 10.195902390302308], [80.05379070765997, 10.19034546522488], [80.05026936603156, 10.184790140113137], [80.04932606058946, 10.183330033181448], [80.04741419088066, 10.180426124994256], [80.04545209596745, 10.177555296213882], [80.04344036001044, 10.174718399629569], [80.04137958186391, 10.171916277921923], [80.0392703748982, 10.16914976341593], [80.03711336682096, 10.16641967784301], [80.03490919949945, 10.163726832106192], [80.03381118170967, 10.162408423989689], [80.0323532580287, 10.160725892879327], [80.02943270129254, 10.157429587814136], [80.02644032010596, 10.154197161392858], [80.02337753898905, 10.151030150162], [80.02024581578598, 10.147930059519695], [80.01704664098958, 10.144898363021014], [80.01378153701432, 10.141936501663054], [80.01045205749858, 10.139045883226174], [80.00878718331785, 10.137631645406884], [80.0070597865365, 10.136227881581704], [80.00360633793741, 10.133483836053301], [80.00009335446032, 10.130815050782303], [79.99652250704844, 10.12822279412444], [79.99289549400402, 10.12570829802138], [79.98921404020462, 10.123272757437405], [79.98547989627292, 10.120917329785925], [79.98169483777485, 10.118643134398155], [79.9798036557317, 10.117534393292658], [79.97786066433298, 10.11645125196651], [79.97397919880729, 10.114342724054609], [79.97005228641774, 10.112318552595184], [79.96608179387374, 10.110379699419923], [79.96206960848394, 10.108527085800802], [79.96004041017716, 10.107642939097218], [79.95822053061613, 10.106628395816358], [79.9543391836088, 10.104519865508678], [79.9504123910416, 10.102495691736067], [79.94644201957283, 10.100556836334704], [79.94242995645413, 10.098704220577702], [79.93837810866722, 10.096938724755091], [79.93428840198158, 10.095261187738458], [79.93016278007576, 10.093672406599069], [79.92810150041453, 10.092903994516291], [79.92629031045544, 10.09227012315273], [79.92460821656618, 10.091699105724729], [79.92283924420059, 10.091025873463877], [79.9211542782001, 10.09040152565234], [79.91913256468422, 10.08969643955868], [79.91509524862818, 10.088335676098723], [79.91306938984059, 10.087676301206784], [79.91124504301251, 10.087103479701511], [79.90741925220442, 10.085983724153891], [79.8997262741239, 10.083893995911353], [79.8958591085406, 10.08292402826254], [79.88132364884768, 10.079577689126609], [79.87865295513348, 10.07900023619635], [79.87329681987535, 10.077916775423148], [79.87061685401773, 10.077411725152785], [79.86764195805938, 10.076937071479222], [79.86169023415522, 10.076077034887248], [79.8557154256282, 10.075392121710593], [79.84972277496558, 10.074882932927721], [79.84672269397856, 10.074672323953905], [79.81585612086951, 10.072959518377445], [79.81469814605464, 10.072899575900863], [79.79707967312908, 10.072053377030215], [79.79462327316139, 10.071964920806352], [79.78970898129637, 10.071846959427376], [79.78725111514723, 10.071817455531345], [79.78575223788528, 10.071828426754564], [79.78275481001776, 10.071872295529147], [79.78125630297166, 10.071905191802216], [79.75263901195262, 10.072741764260456], [79.74997793078973, 10.072854096206697], [79.74465956723253, 10.073147897834701], [79.74207902290163, 10.073324116671358], [79.74130225271585, 10.073273693427836], [79.73687938942476, 10.073082466387064], [79.73245221733572, 10.072986842689147], [79.73023810877044, 10.072962951451359], [79.72728884544586, 10.072963071091806], [79.7195972657264, 10.073252651870007], [79.70425832236276, 10.074408394210423], [79.69661175800667, 10.075274432931337], [79.66425734912218, 10.08017498686695], [79.66285009306898, 10.080253075563348], [79.6598511843622, 10.080463659784868], [79.65385941535448, 10.080972851284514], [79.64788548509023, 10.081657709529281], [79.64193463357395, 10.082517633785187], [79.63896016889692, 10.08299221750383], [79.63745617758923, 10.083266533455117], [79.63444164663906, 10.083839649742345], [79.63293706195111, 10.08413739458075], [79.59799275264447, 10.091323040953057], [79.56718462871214, 10.095925832991384], [79.56613308150145, 10.095971300945962], [79.56171631904897, 10.096257989700462], [79.55730690907757, 10.096640029473633], [79.55290694634294, 10.097117238764724], [79.54851852112688, 10.097689390861433], [79.54414371828068, 10.09835621394177], [79.54195451354155, 10.098714203866393], [79.53978461620227, 10.099117391205937], [79.53544328587202, 10.099972561026902], [79.53182783204198, 10.100753850841443], [79.52961621692714, 10.100975128900416], [79.5253880089274, 10.101444463031271], [79.52117064807555, 10.102001496311743], [79.51696598556214, 10.102645984230776], [79.51486158861564, 10.10299100727292], [79.51414859433902, 10.103118148764395], [79.51271261486932, 10.103379456700054], [79.51199513391305, 10.103512661345917], [79.48891783724673, 10.107881411700305], [79.48682703864529, 10.108299701492967], [79.48240223928212, 10.108789638674978], [79.47801365574287, 10.109361789951379], [79.47736780682612, 10.10946022885787], [79.47249377296498, 10.109664097781717], [79.46903208046967, 10.109867594095022], [79.4621143525531, 10.110391843010234], [79.45866073991351, 10.110712444177182], [79.4564417668364, 10.110956323575806], [79.45718022579456, 10.109071440197226], [79.45794859929129, 10.10704580409515], [79.45869171484617, 10.10494893424493], [79.46011205101468, 10.100794728861331], [79.46144056144078, 10.096610802352643], [79.46267661706418, 10.092399147114406], [79.46381963292072, 10.088161768665373], [79.46486906841528, 10.083900684693504], [79.46582442756994, 10.0796179240931], [79.46668525925139, 10.07531552601705], [79.46708664302525, 10.0731897890999], [79.46745115738617, 10.070995538871102], [79.46812176114042, 10.066660019357755], [79.46869675508708, 10.062311031488719], [79.46917586934683, 10.05795064562426], [79.46955887971319, 10.053580937446895], [79.4698456077474, 10.049203987008582], [79.47003592085969, 10.044821877714128], [79.4701297323619, 10.040436695356789], [79.47015251931555, 10.038274618498235], [79.47012700150333, 10.036050527094403], [79.47002773348282, 10.031665460482884], [79.46983197943734, 10.027283582460711], [79.46953983641129, 10.02290697837958], [79.46915144730235, 10.018537730984235], [79.46866700078778, 10.014177919451981], [79.4680867312249, 10.00982961837633], [79.46741091853448, 10.005494896800371], [79.46705452774273, 10.003361245378926], [79.46663988805801, 10.001175817216051], [79.46577401040065, 9.99687443461005], [79.46481370124116, 9.992592795451628], [79.46375942113383, 9.988332936752954], [79.46261167527871, 9.984096885078543], [79.46137101327554, 9.979886655591883], [79.46003802885542, 9.97570425109609], [79.45861335959694, 9.97155166109269], [79.45788824225014, 9.969510406032214], [79.45709768660663, 9.96743086081176], [79.45549173420375, 9.963343810312494], [79.45379626955491, 9.959292453511182], [79.45201210231232, 9.955278717284955], [79.450140084221, 9.951304510545924], [79.44818110871302, 9.947371723349931], [79.44613611046759, 9.9434822259758], [79.44400606497595, 9.939637868066484], [79.44293343399318, 9.937750401883648], [79.44179198805932, 9.935840477723673], [79.43949493539014, 9.932091860660364], [79.43711600197992, 9.928393799331161], [79.43465632166925, 9.92474805211134], [79.43211706656336, 9.921156352426806], [79.42949944649013, 9.917620407962659], [79.42680470840787, 9.914141899833112], [79.42403413582849, 9.910722481809898], [79.42264542122598, 9.909045884762577], [79.42118904818392, 9.907363779509637], [79.41827080020676, 9.904067389639238], [79.41528078128061, 9.900834879233912], [79.41222041479898, 9.897667784935607], [79.40909115745006, 9.894567612228798], [79.40589449855179, 9.891535834754563], [79.40263195933096, 9.888573893600892], [79.39930509220642, 9.885683196628634], [79.39764112644286, 9.88426859015118], [79.39591548004285, 9.882865117794154], [79.39246473541004, 9.880120996513028], [79.38895449979782, 9.877452137006628], [79.38538644287001, 9.874859807713733], [79.38176226163228, 9.872345240656216], [79.37808367964834, 9.86990963087834], [79.3743524462198, 9.867554135874684], [79.37173852773032, 9.86598233299378], [79.37122429823256, 9.865142968984173], [79.36884585980005, 9.861444884610194], [79.36638669026058, 9.857799114397324], [79.36384796146683, 9.854207391796024], [79.3612308829849, 9.850671424511916], [79.35853670151124, 9.847192893686952], [79.35576670027967, 9.843773453108042], [79.35437816698084, 9.842096721151051], [79.35292219844257, 9.840414728414487], [79.35000455045889, 9.837118316347073], [79.347015145422, 9.833885783962387], [79.34395540642328, 9.830718667918461], [79.34082678985749, 9.827618473728933], [79.33763078473328, 9.824586675053183], [79.33436891196493, 9.821624713001029], [79.331042723665, 9.818733995462594], [79.3293789924104, 9.817319291746287], [79.32765380237458, 9.815915896415163], [79.32651053589598, 9.815006549651741], [79.32611110171388, 9.814340244366349], [79.32348281427443, 9.810078571444194], [79.32214200652498, 9.807963927936612], [79.3192969710376, 9.80359811606354], [79.31882309763984, 9.802883222535854], [79.31812691065124, 9.80051928615535], [79.31679469393248, 9.79633682299891], [79.31537084109272, 9.792184173801957], [79.31464595494873, 9.790142390320852], [79.31396413456298, 9.788339787644986], [79.31258658470392, 9.784801149328928], [79.31114200575644, 9.781288911960075], [79.30963091366016, 9.77780432488646], [79.30805384795707, 9.774348627567406], [79.30641137160552, 9.770923049156067], [79.30470407077382, 9.767528808053328], [79.30293255463255, 9.76416711148454], [79.30203082845867, 9.7624945546047], [79.29971445823662, 9.758293750683094], [79.29913429770136, 9.757256183462687], [79.29796167667973, 9.755187897277153], [79.2973824821172, 9.75417995128737], [79.29639761858175, 9.75252548416762], [79.29442361257247, 9.749280531642285], [79.2923883371954, 9.746073054674525], [79.29029251670477, 9.74290419194216], [79.28813689677509, 9.739775068369795], [79.28592224425063, 9.73668679475054], [79.28364934686226, 9.733640467347982], [79.28131901295063, 9.730637167503232], [79.28013959787728, 9.729146410723331], [79.27791635816283, 9.726390123272779], [79.27715947796594, 9.725463087495768], [79.27563468820426, 9.72361797783691], [79.2748818421498, 9.722717701595798], [79.27369385608205, 9.721339204480273], [79.27132379365753, 9.718638723028448], [79.26890567102578, 9.715980525894565], [79.26812551908756, 9.715153017377588], [79.26709874094183, 9.713826327968945], [79.26432986597308, 9.710406842732823], [79.26294168813797, 9.708729842312493], [79.26128117149983, 9.706816690815913], [79.25794324667902, 9.703067103147816], [79.25451239937178, 9.699401038194878], [79.25373568827297, 9.698611396070191], [79.25196954436842, 9.695708691082359], [79.24991636634047, 9.692474740512978], [79.24780164073871, 9.689280083966764], [79.24672899312998, 9.68769272634097], [79.24496843483149, 9.685140116979198], [79.24353416866347, 9.683114526575537], [79.24061585225837, 9.679098971764574], [79.23759884468825, 9.67515590214333], [79.23448497667005, 9.67128770599328], [79.23291904345353, 9.669390313164286], [79.23146410833073, 9.667708610675561], [79.22939023707647, 9.665364244512887], [79.22901410168089, 9.664773449514144], [79.22682071025366, 9.661473715043257], [79.22456241022809, 9.65821739007464], [79.2222400754606, 9.655005732024392], [79.21985460444807, 9.651839981014234], [79.2174069199844, 9.648721359402089], [79.21616764841582, 9.64717398199383], [79.21521987044292, 9.64601414880434], [79.21466656795042, 9.645342983310854], [79.21355415349473, 9.644005406658948], [79.21300997545876, 9.64335664427307], [79.21155519485774, 9.641674985536724], [79.20863930321616, 9.638378508099379], [79.20565169515442, 9.63514591097021], [79.20259379290371, 9.63197873087745], [79.1994670519748, 9.628878473396298], [79.19627296049458, 9.625846612266685], [79.1930130384718, 9.622884588665897], [79.1896888370851, 9.619993810540223], [79.18802578836448, 9.61857881858731], [79.18630193794223, 9.61717565193453], [79.18285395235011, 9.614431452359781], [79.1796206495726, 9.611971111194293], [79.17707116777342, 9.60867694421529], [79.1743031696252, 9.60525742402666], [79.17291526668879, 9.6035802122027], [79.1710835904488, 9.601474629662334], [79.1673929984147, 9.597348841893677], [79.16703595004867, 9.59696054281369], [79.16664492533937, 9.596431803062842], [79.16395282222453, 9.592953186884984], [79.16314056288456, 9.591949691932768], [79.16278830397488, 9.590830378894793], [79.16126653713684, 9.586365403763466], [79.16048894598873, 9.584168034468064], [79.15981064206386, 9.582373349606712], [79.15843999066527, 9.578849292876384], [79.15773799806277, 9.577093652899862], [79.15753630868414, 9.576602738126496], [79.15686783833485, 9.575014677067145], [79.15550362379884, 9.571850139550122], [79.15408505491797, 9.568709238699967], [79.15261254861548, 9.565592894371434], [79.15108653757704, 9.562502019207955], [79.1495074701159, 9.559437518361449], [79.14850614064875, 9.557607766932335], [79.1474064820128, 9.554805525816903], [79.14571317792866, 9.550754032370946], [79.1439312765367, 9.546740158743319], [79.14206162839315, 9.542765813975393], [79.14010512569519, 9.538832888245963], [79.1380627018433, 9.534943251961067], [79.13593533101158, 9.531098754898835], [79.13486348359135, 9.529210255252224], [79.13372402765765, 9.527301225291296], [79.1314298460519, 9.523552468986452], [79.12905387976173, 9.51985426857243], [79.12659726114794, 9.516208382565651], [79.12450253660711, 9.513241657973595], [79.12444531456094, 9.512526807893323], [79.12417081825777, 9.50952540116839], [79.12395468641057, 9.507410650540805], [79.123674999743, 9.504934903332298], [79.12516693530085, 9.503755394884763], [79.12743786586213, 9.501916554047853], [79.12800911125106, 9.501447295676485], [79.13638491531242, 9.49508928807785], [79.13858757922748, 9.493365638677403], [79.14227324442845, 9.493365638677403], [79.1466904395009, 9.493269896665026], [79.15110447532913, 9.493078458286277], [79.15551324743228, 9.492791414812132], [79.159914653854, 9.49240890309295], [79.16430659616498, 9.491931105495041], [79.16868698048052, 9.4913582498109], [79.17305371843827, 9.49069060915292], [79.17522844592702, 9.49033399270246], [79.17803556422712, 9.48980178632496], [79.18081437989395, 9.489234449661978], [79.18268516395403, 9.490418479805271], [79.18646167010309, 9.492695103483129], [79.18837505384573, 9.493820178434362], [79.19103077533453, 9.495290528350836], [79.19641655720511, 9.498167908404866], [79.2015205481834, 9.500713032014005], [79.20701748890218, 9.503263877900508], [79.21249632079935, 9.505613482030242], [79.217955665477, 9.507767415428646], [79.21844736956245, 9.507953225811718], [79.22037292684371, 9.50883047096363], [79.22384761513246, 9.510335909899084], [79.22735010937004, 9.511776484592247], [79.22910814658877, 9.512480482201227], [79.23688065067569, 9.515509152457867], [79.23805045778926, 9.51595669033361], [79.24039559596696, 9.516837353830397], [79.24158028429127, 9.517273861580179], [79.24365505890103, 9.517998498496695], [79.24783887487717, 9.519409201985809], [79.25205272863019, 9.520728916636983], [79.25629461159349, 9.521957013305268], [79.26056250178283, 9.523092906519764], [79.26485436474547, 9.524136054758117], [79.26916815454621, 9.525085960710612], [79.27350181473071, 9.525942171511872], [79.27567834399918, 9.526347665844071], [79.27781547992413, 9.526698492829269], [79.28210684077283, 9.527356188357203], [79.28641143343259, 9.527922359031436], [79.29072727610196, 9.528396744189081], [79.29505238178211, 9.528779125424592], [79.29938475916128, 9.529069326688102], [79.30372241358361, 9.52926721437143], [79.30806334795273, 9.529372697366398], [79.31023438407425, 9.529402322266264], [79.31110916906005, 9.529404946170189], [79.31347141724945, 9.529384671583557], [79.31819479554827, 9.52928938786539], [79.32276211990859, 9.529094750915647], [79.3271713532813, 9.5288077073875], [79.33157322015512, 9.528425195596924], [79.3359656218613, 9.52794739791284], [79.34034646428847, 9.527374542128314], [79.34471365883633, 9.526706901358807], [79.34688859418247, 9.526350288237381], [79.34864247849185, 9.526027366552228], [79.35213429580591, 9.52535280344091], [79.35387721125983, 9.525000289681032], [79.35657469770172, 9.524430154740003], [79.35829742670398, 9.524050426597228], [79.36173595458956, 9.52326120393684], [79.36516009121141, 9.522412593473518], [79.36856879528068, 9.521504853292697], [79.37196103024985, 9.520538259458078], [79.37533576460885, 9.519513105925512], [79.37869197218839, 9.518429704460061], [79.38202863247659, 9.51728838454062], [79.38368257708771, 9.516706669938799], [79.38549863423577, 9.516030672962529], [79.38909875305376, 9.514651376601648], [79.39267171729927, 9.513204204686588], [79.39621622819402, 9.5116896833988], [79.39798119430736, 9.510915652952292], [79.40469677875518, 9.507894173504155], [79.40695071822086, 9.506846709999593], [79.41143196782355, 9.504697064016455], [79.41585859775034, 9.502438694393902], [79.42022793168303, 9.500072967071105], [79.42238532312649, 9.498870664290735], [79.4228657455842, 9.498586456440762], [79.42425424422737, 9.497939441983817], [79.42821639269357, 9.495998422363925], [79.43213490095297, 9.493972012726715], [79.43600790191772, 9.491861179006264], [79.43792018741226, 9.490791999932469], [79.43983355031526, 9.489666927348537], [79.44361002354219, 9.487390303645839], [79.44733552254445, 9.485032393029371], [79.45100827266145, 9.482594319360032], [79.45462652450038, 9.480077244673225], [79.4581885547484, 9.477482368637027], [79.46169266701168, 9.474810927969088], [79.46287461121574, 9.473868422530927], [79.5116666669835, 9.363333333666787], [79.53333333336718, 9.216666666633557], [79.53333333336718, 9.09999999990032], [79.52166666678363, 9.000000000100215], [79.4977739973391, 8.925932725982022], [79.48833333291736, 8.896666666733609], [79.4882752737268, 8.896594485037099], [79.48651467511718, 8.896960511359566], [79.47785655507494, 8.898855466620546], [79.46919598053387, 8.900750959076333], [79.46053539291472, 8.90264645419154], [79.45187481377855, 8.90454194853828], [79.4432142486877, 8.906437438905414], [79.43455367060847, 8.90833293191099], [79.42589309117159, 8.910228425403488], [79.41723250395086, 8.912123920592876], [79.40857192862234, 8.914019414071163], [79.39991135997877, 8.915914904983822], [79.39125078014308, 8.917810398535664], [79.38259019467546, 8.919705893313335], [79.37392961589421, 8.92160138732254], [79.3652690455965, 8.923496878765604], [79.35660846751352, 8.925392371905673], [79.34794789148316, 8.927287864589175], [79.33928730246157, 8.92918335991294], [79.33062672192443, 8.931078854468183], [79.32196615543523, 8.932974345042624], [79.31330557595197, 8.9348698382571], [79.30464498527499, 8.936765334111783], [79.29598440649181, 8.938660828255138], [79.28732383960096, 8.940556318889435], [79.27866325971871, 8.942451812163426], [79.27000267848007, 8.9443473059236], [79.26134209160932, 8.94624280091], [79.2526815114253, 8.948138295127933], [79.24402093972799, 8.950033786779045], [79.23536036024223, 8.951929280127615], [79.22669977297198, 8.953824775173189], [79.21803919238687, 8.955720269450808], [79.20937862028791, 8.957615761161946], [79.20071804255684, 8.95951125409806], [79.19205745183137, 8.961406749675461], [79.18339686959138, 8.963302244483316], [79.17473629924643, 8.96519773578234], [79.16607572111536, 8.967093228778367], [79.15741513982942, 8.96898872226069], [79.14875454734732, 8.970884218383958], [79.14009396891373, 8.9727797123237], [79.13143339717078, 8.97467520369645], [79.12277281422791, 8.976570697710486], [79.11411222349852, 8.97846619342181], [79.10545164466612, 8.980361687420896], [79.09679107251975, 8.982257178853672], [79.08813048917898, 8.984152672926484], [79.08399628669213, 8.985057503002281], [79.07966934661977, 8.984298519602419], [79.07090467872712, 8.98276112071045], [79.06214001438582, 8.981223721540346], [79.05337533927764, 8.979686321220584], [79.04461068326373, 8.978148924406469], [79.03584601823513, 8.976611524952318], [79.02708135061232, 8.975074126097354], [79.01831668653921, 8.973536726964198], [79.00955201170018, 8.971999326681726], [79.00078735595571, 8.970461929904559], [78.99202269119519, 8.968924530487016], [78.98325802384079, 8.96738713166917], [78.97449336003683, 8.965849732573133], [78.96572868546633, 8.964312332327609], [78.95696402999101, 8.96277493558756], [78.94819936549993, 8.961237536207136], [78.93943470016279, 8.959700137732852], [78.93067003577653, 8.95816273836681], [78.92190535882838, 8.956625337852188], [78.913140705371, 8.955087941455531], [78.90437604114709, 8.953550542111657], [78.89561137607745, 8.952013143674492], [78.88684671196052, 8.950475744345567], [78.87808203528311, 8.948938343868065], [78.86931738209285, 8.947400947508527], [78.86055271813859, 8.945863548201999], [78.85178805333771, 8.944326149801782], [78.84302338948919, 8.942788750509635], [78.83425871308054, 8.941251350069251], [78.82549406015869, 8.939713953746832], [78.81672939647302, 8.938176554477081], [78.80796473194039, 8.936639156113415], [78.79920006835971, 8.935101756858444], [78.79043539222073, 8.93356435645535], [78.78167073956729, 8.93202696016914], [78.77290607614896, 8.930489560936508], [78.76414141188667, 8.928952162610528], [78.75537674857549, 8.927414763393017], [78.74661207270401, 8.925877363026189], [78.73784742031773, 8.924339966777097], [78.72908275716941, 8.922802567581812], [78.7203180931752, 8.921265169292383], [78.71155343013237, 8.919727770111649], [78.70278875453039, 8.91819036978211], [78.6940241024111, 8.916652973569796], [78.6852594395312, 8.915115574411459], [78.67889134934023, 8.913998556002639], [78.67424581980333, 8.909299567593962], [78.66799208894696, 8.90297386859288], [78.66173835161226, 8.896648160285679], [78.65548461110171, 8.89032244783175], [78.6492308792906, 8.883996742321756], [78.64297715437613, 8.877671041955068], [78.63672342808252, 8.871345337441085], [78.63046970364894, 8.865019633873203], [78.62421597783509, 8.858693926158026], [78.61796225892101, 8.852368225386499], [78.61170854869931, 8.846042529757142], [78.60545483530154, 8.839716829981228], [78.59920112555915, 8.833391131151416], [78.5929474126379, 8.827065428174365], [78.58669370841233, 8.820739732139316], [78.58044001108135, 8.814414041248028], [78.57418631236902, 8.808088346208251], [78.56793261551411, 8.801762652115258], [78.56167891727785, 8.795436953875196], [78.55542522593532, 8.789111262574636], [78.54917154328535, 8.782785576419315], [78.54291785745647, 8.776459886116015], [78.53666417527972, 8.770134196758818], [78.53041048992367, 8.763808503253813], [78.52415681325738, 8.757482816688878], [78.51790314348477, 8.751157135267704], [78.51164947232894, 8.744831449698722], [78.5053958030274, 8.738505765075502], [78.49914213234229, 8.732180076304871], [78.49288846854995, 8.725854394475164], [78.48663481344545, 8.719528717786886], [78.48038115515806, 8.713203036949835], [78.47412750052251, 8.706877357059682], [78.46787384270567, 8.700551673023028], [78.461620193577, 8.694225995925876], [78.4553665462405, 8.687900318814854], [78.44911290681159, 8.681574647864977], [78.44285926090186, 8.675248967613186], [78.43660562188086, 8.668923294300726], [78.43035199154588, 8.66259762612981], [78.42409835802869, 8.65627195381228], [78.41784472815857, 8.649946282438009], [78.41159109510363, 8.643620606916159], [78.40533747073596, 8.637294938334662], [78.40319479439182, 8.63512757689108], [78.40187723286209, 8.631767216475396], [78.39859474982774, 8.623395433704559], [78.39531227034911, 8.615023646152622], [78.39202978862465, 8.606651844508349], [78.38874731637293, 8.598280057267118], [78.38546484885114, 8.589908270535886], [78.3821823894674, 8.581536494804595], [78.37889993363649, 8.573164714292375], [78.37561747555765, 8.564792919687989], [78.37233502694943, 8.556421139486815], [78.36905258440288, 8.54804936319897], [78.36577014732177, 8.53967759020361], [78.36248771379292, 8.531305814226414], [78.3592052820162, 8.522934033469255], [78.35592285570391, 8.514562256005092], [78.35264043545135, 8.50619048425176], [78.34935801992265, 8.49781871300678], [78.34607561252699, 8.48944695276424], [78.3427932086787, 8.481075187738497], [78.33951080257623, 8.472703408620532], [78.33622840594012, 8.464331643907258], [78.3329460153596, 8.455959883107312], [78.32966363024036, 8.447588125601555], [78.32638124866708, 8.439216365111918], [78.32309886885304, 8.430844599873922], [78.31981707588272, 8.422474320763342], [78.3179926311164, 8.418124718220156], [78.31414112223854, 8.409515386992666], [78.31211407249486, 8.405255680650328], [78.30825646021583, 8.39761696282494], [78.30439803662733, 8.389976629206899], [78.30053960973646, 8.382336284241148], [78.296681188952, 8.374695944781365], [78.29282277855941, 8.367055620211374], [78.28896437096455, 8.359415291917799], [78.28510595794523, 8.35177494807931], [78.28124755956043, 8.344134627533663], [78.27738916397215, 8.336494303264033], [78.2735307651003, 8.328853967690975], [78.26967237657783, 8.321213646029548], [78.26581399085262, 8.313573322445109], [78.26195560612553, 8.305932995138278], [78.25809722750125, 8.298292673337471], [78.254238855001, 8.290652357084696], [78.25038128758797, 8.283013627600553], [78.24902835500404, 8.280428534872044], [78.24624785823448, 8.275298470064286], [78.24483148662745, 8.272772794073774], [78.24369775373145, 8.270866512543648], [78.241411635286, 8.267117351471711], [78.2390440004325, 8.26341874649654], [78.23659597734354, 8.25977245652632], [78.23406873232278, 8.256180215544134], [78.23146346926012, 8.252643731800049], [78.22878142903073, 8.24916468696739], [78.22602388892903, 8.24574473537757], [78.22463911707433, 8.244064810318605], [78.22319216204141, 8.242385503213484], [78.22028759662777, 8.239088587750189], [78.21514636028587, 8.233671682697661], [78.21246360242645, 8.231047123599978], [78.20966063187001, 8.228256712141615], [78.2064788805676, 8.225224425361375], [78.20323231532643, 8.22226269272818], [78.20093439644614, 8.220229549569126], [78.1978869847523, 8.217614816836374], [78.19678482340669, 8.216682855730596], [78.19316737093521, 8.21367552056995], [78.18816065195625, 8.209773195779178], [78.18460913809747, 8.207180413613855], [78.18100174339645, 8.204665404007073], [78.17734018366832, 8.202229362518892], [78.17362620036806, 8.199873447141613], [78.16986155977997, 8.19759877776346], [78.16782062927075, 8.196398203656827], [78.16690366173225, 8.195875236814743], [78.16627432382904, 8.195518861576772], [78.16442513315269, 8.194498103258752], [78.16070572245167, 8.19249537811993], [78.15681582365357, 8.190520289993287], [78.1535980415282, 8.188522260416107], [78.15295976389103, 8.188129195858494], [78.14543929305512, 8.183536212060574], [78.13791777844307, 8.178942591830776], [78.1303962846631, 8.174348983908999], [78.1228747846115, 8.169755370844314], [78.1153532782883, 8.165161754434052], [78.10783179279503, 8.160568150331073], [78.10031029734387, 8.155974538284795], [78.09278879013817, 8.151380920093175], [78.08526730376207, 8.146787314209064], [78.07774581111255, 8.142193703180965], [78.07022431677797, 8.13760009160859], [78.06270283500191, 8.133006486743056], [78.05518134146848, 8.128412873933655], [78.04765984624964, 8.12381926057975], [78.04013836727313, 8.119225656732056], [78.03261688660939, 8.11463205054099], [78.02509540349467, 8.110038442789005], [78.01757391612767, 8.10544483167729], [78.01005242707265, 8.100851220019479], [78.00253095426149, 8.096257617869242], [77.99500947976293, 8.091664013375464], [77.98748799530745, 8.08707040273714], [77.97996652160862, 8.082476798803782], [77.97244504622103, 8.077883192527452], [77.96809137491368, 8.075264712084504], [77.96492356456542, 8.073289582907819], [77.96265182344484, 8.07192255283752], [77.95884772964382, 8.069722981895609], [77.957402099148, 8.068695982792065], [77.94988063204141, 8.06410238033294], [77.94235915498052, 8.059508771730464], [77.93483768867543, 8.054915169833066], [77.92731622068175, 8.050321565592412], [77.91979474641755, 8.045727958007603], [77.91227329297453, 8.041134362726211], [77.9047518295763, 8.036540759503964], [77.8972303544237, 8.031947150137114], [77.88970890009114, 8.027353553072771], [77.88218743948744, 8.02275995086734], [77.87466597719566, 8.018166348116154], [77.86714452745764, 8.013572752070218], [77.85962306603312, 8.008979148124467], [77.85210364376104, 8.00438679004202], [77.8509650428959, 8.00370163846037], [77.84867886563347, 8.002346336599942], [77.8475421805029, 8.001682452031446], [77.84633128594248, 8.00099683286112], [77.8439220563464, 7.99965453104744], [77.84271285276077, 7.998991595723339], [77.83511316454906, 7.994892251373187], [77.82751142399593, 7.990791800194188], [77.8199096977313, 7.986691356876008], [77.81230797174396, 7.98259091254738], [77.80470624202445, 7.9784904664294345], [77.79710451037141, 7.974390018522342], [77.7895027833888, 7.970289573772561], [77.7819010610753, 7.966189130381849], [77.77429933503271, 7.962088685203241], [77.76669760705408, 7.957988238234975], [77.75909587935251, 7.953887792054161], [77.7514941642093, 7.949787351972645], [77.74389244713234, 7.945686910102154], [77.7362907184355, 7.941586461703196], [77.72868899440817, 7.93748601646098], [77.72108728293688, 7.93338557731704], [77.71348556953274, 7.929285136384806], [77.70588384011768, 7.925184686555156], [77.69828212325638, 7.921084244620715], [77.69068042075037, 7.916983808785233], [77.6830787066271, 7.9128833664223635], [77.6754769890261, 7.908782921922864], [77.66787526769406, 7.904682475635241], [77.66027356078303, 7.900582037280174], [77.65267388095481, 7.896482691194819], [77.65103525690415, 7.895618090890764], [77.64774234116334, 7.893919041166555], [77.64441868082207, 7.892280612665104], [77.64106539820659, 7.89070335849317], [77.63768362559142, 7.889187811095724], [77.63427450483755, 7.887734482083943], [77.63083918699294, 7.886343862056435], [77.62737883193108, 7.885016420447357], [77.62565050902458, 7.884371437669245], [77.6235671525593, 7.883641205882952], [77.61940097333138, 7.882231806405457], [77.61520497739525, 7.880913321021467], [77.6109811593094, 7.87968637640995], [77.60673152679078, 7.878551555733054], [77.60245809979432, 7.8775093983669535], [77.59816290951642, 7.876560399636503], [77.59384799746886, 7.875705010589627], [77.59169010580524, 7.875301511092175], [77.58951541448931, 7.874943637778642], [77.58516721977821, 7.874276643069379], [77.58080547992074, 7.8737043434701945], [77.576432267933, 7.873227010983044], [77.57204966223458, 7.872844872472342], [77.56765974570988, 7.872558109558838], [77.5632646046895, 7.872366858532473], [77.5588663279845, 7.872271210290251], [77.5566666669335, 7.872247289546635], [77.55446700588288, 7.872271210290251], [77.55006872917772, 7.872366858532473], [77.54567358815751, 7.872558109558838], [77.54128367163264, 7.872844872472342], [77.53690106593388, 7.873227010983442], [77.53252785394614, 7.8737043434701945], [77.52816611408934, 7.874276643069379], [77.52381791937802, 7.874943637778642], [77.52164322806198, 7.875301511092175], [77.51948533639893, 7.875705010589627], [77.51517042435097, 7.8765603996363325], [77.51344580186685, 7.876941445514035], [77.51197774349441, 7.877069450694535], [77.50760449119275, 7.877546782980573], [77.50324271112959, 7.878119082338742], [77.49889447631756, 7.8787860767690745], [77.49671976288016, 7.879143950292246], [77.4945618533601, 7.879547449263555], [77.49024690149457, 7.88040283795408], [77.48595167157123, 7.881351836289468], [77.48167820511065, 7.882393993223559], [77.47742853333051, 7.883528813431326], [77.47320467620403, 7.8847557575372775], [77.46879296357702, 7.886147204523354], [77.46574070100155, 7.886780641342284], [77.461383603162, 7.88774186997955], [77.45698696719262, 7.888816898963796], [77.45237146382681, 7.88943326984986], [77.44789307130469, 7.8901172393960906], [77.44565347700166, 7.890485033724417], [77.44349551472965, 7.8908885311407175], [77.43918044522457, 7.891743918778957], [77.43488509815757, 7.892692915949397], [77.43249777265936, 7.893275088974747], [77.42053601416347, 7.894967701710584], [77.41886611943414, 7.895218193698611], [77.41552744117939, 7.895747531173072], [77.41385607535801, 7.89602688758913], [77.41145587661407, 7.896478706478263], [77.40665868703906, 7.897441832365928], [77.40188632335708, 7.898520675932787], [77.40026702246655, 7.898928144058345], [77.39908709323595, 7.899122305143237], [77.39692909072892, 7.899525801374693], [77.39261393151287, 7.900381188210872], [77.3883184951111, 7.901330184495123], [77.38404482314098, 7.902372339181738], [77.38146794062334, 7.903060425282547], [77.38091431866155, 7.903173169145703], [77.37560269046685, 7.904404861628109], [77.37032622669017, 7.905779274832128], [77.36769733513114, 7.9065020170422144], [77.34576674890803, 7.912849822764883], [77.34416280478189, 7.913328459683953], [77.34096302942413, 7.914312218797249], [77.33778006063073, 7.915348783148943], [77.33461477471542, 7.916437867389504], [77.3330286603616, 7.916998401537114], [77.33250073007457, 7.917191592824111], [77.33142999160918, 7.917586798289278], [77.33089605372152, 7.917785583704585], [77.32825420210725, 7.918777597427834], [77.32560976526207, 7.919416045146363], [77.32476765255115, 7.919598803603435], [77.32025375268643, 7.919498146938736], [77.3180538418116, 7.919474226284137], [77.31618163740552, 7.919491550563009], [77.31243787300377, 7.919560824695054], [77.30869604158534, 7.919699349113671], [77.30495743105894, 7.919907076138202], [77.30122332823555, 7.920183934267868], [77.29749501839478, 7.920529828205019], [77.29377378481433, 7.920944638889296], [77.29006090834991, 7.921428223538953], [77.28820672074909, 7.921687185465032], [77.28646947947277, 7.921946222498946], [77.28517388487796, 7.922147995932846], [77.28258542749654, 7.922568310407428], [77.2812883043664, 7.9227876001999675], [77.2791301913677, 7.9231910931842435], [77.27481478583468, 7.92404647782115], [77.27051910415355, 7.924995471671764], [77.26624518805431, 7.9260376236929915], [77.26199506895301, 7.927172438566515], [77.25777076701081, 7.928399376925427], [77.25357429016123, 7.929717855615195], [77.24940763318108, 7.931127247964355], [77.24732398996866, 7.931857493355778], [77.24527277671552, 7.932626884087881], [77.24117168637372, 7.934216051196188], [77.23710631176857, 7.935893993940226], [77.23307858560781, 7.937659914765618], [77.22909042277013, 7.9395129742940185], [77.22514371942486, 7.941452291706128], [77.22124035208935, 7.9434769451799525], [77.21738217676864, 7.945585972315655], [77.21545380876609, 7.946667667970473], [77.21288037772217, 7.948199738639744], [77.20775904450977, 7.951352458683004], [77.2027342809829, 7.954656069509497], [77.19924096178136, 7.957104910296721], [77.19560594163761, 7.95941218539906], [77.19194659076675, 7.961848286294469], [77.18834137457168, 7.964363356773276], [77.18479200785487, 7.966956201209143], [77.18130017896056, 7.969625586983966], [77.17786754898668, 7.972370245059892], [77.17615392738952, 7.973771516869078], [77.17449575097095, 7.975188870601926], [77.17118638914212, 7.978080123573761], [77.16794103813407, 7.981042629391311], [77.16476124225272, 7.9840749795625925], [77.16164851473025, 7.987175732365927], [77.15860433702835, 7.990343413509095], [77.1558310646198, 7.993358119932964], [77.15233698484587, 7.994985772580662], [77.14838974715235, 7.996925078826905], [77.14448585090412, 7.998949720711437], [77.14062715234684, 8.001058735847664], [77.13869844748041, 8.002140468596735], [77.13681548631939, 8.00325112173067], [77.13305266540249, 8.005525836203958], [77.12934047903195, 8.007881797966888], [77.12568069267388, 8.010317887073882], [77.12207504696744, 8.012832945476475], [77.11852525692063, 8.015425777557084], [77.11503301106904, 8.018095150714771], [77.11159997070467, 8.02083979592669], [77.10988606934694, 8.022241123649508], [77.10810481048975, 8.023765995928102], [77.10455407674237, 8.02687789840121], [77.10107743347112, 8.030071861752276], [77.09767679020422, 8.033346133258647], [77.09599571118906, 8.035003107196246], [77.08804809667356, 8.043022229587791], [77.08730833670063, 8.0434287837179], [77.08502569286065, 8.044702550984653], [77.08387756817217, 8.045353098190276], [77.08199446519728, 8.046463712752029], [77.07823124355434, 8.04873841724418], [77.07451866146351, 8.051094368739598], [77.07085848456882, 8.053530447307594], [77.06725245369103, 8.056045494909938], [77.06370228401346, 8.05863831594445], [77.06020966424921, 8.061307677820878], [77.05677625586299, 8.064052311530872], [77.05506210398676, 8.065453689099911], [77.05340369225434, 8.0668709122682], [77.05009357801123, 8.069762140024636], [77.04684748812065, 8.072724620245594], [77.04366696723594, 8.075756944469106], [77.04055352893499, 8.078857671001174], [77.03750865501326, 8.082025325584084], [77.03453379475718, 8.085258402117347], [77.0316303642752, 8.088555363350793], [77.03018421263073, 8.090234411846211], [77.02879974580367, 8.091914641634048], [77.02711084680806, 8.094010095166709], [77.02582536913872, 8.094865570296747], [77.02250269825981, 8.097181869780343], [77.01973300364625, 8.099154044104807], [77.01709336707881, 8.10110134965879], [77.01578166862083, 8.102085564804952], [77.00009594994208, 8.114054907328807], [76.96730857619377, 8.137680272763646], [76.96585022141409, 8.138750972009177], [76.96295260416377, 8.140918576508625], [76.96009447980703, 8.143137653421263], [76.95727676937867, 8.145407488129194], [76.9558655496744, 8.146565513867245], [76.95420692620735, 8.147982621415906], [76.95089613898699, 8.150873826740451], [76.94944258030523, 8.152200108327406], [76.94773573753372, 8.15333582600482], [76.94412880893583, 8.155850848556668], [76.94057775446595, 8.158443643963267], [76.93708426324378, 8.161112979668474], [76.93364999713742, 8.163857586693325], [76.93183964610569, 8.165339197193589], [76.93123511363149, 8.165847040079711], [76.92132419184884, 8.17421648461658], [76.919710058423, 8.175609050270339], [76.917412337668, 8.17763410791099], [76.91410201518022, 8.179350110335236], [76.91024158917435, 8.181459086173106], [76.90831177560301, 8.182540939490082], [76.90642821524216, 8.183651431460476], [76.90266370673527, 8.185926104092403], [76.89894985385882, 8.188282022819749], [76.89528842284835, 8.190718067744285], [76.89168115509682, 8.193233080871096], [76.88812976635609, 8.195825866638131], [76.88463594590303, 8.19849519249857], [76.88120135575991, 8.201239789485953], [76.87948640168338, 8.202641325270804], [76.87782762988081, 8.20405835283276], [76.8745163733887, 8.206949542581526], [76.87126916180819, 8.209911984221606], [76.87082806122987, 8.210332380778482], [76.86922260373103, 8.211452342747862], [76.86743867385076, 8.212725798997099], [76.863898981886, 8.2153110445239], [76.86041650737172, 8.217972332518855], [76.85699289636955, 8.220708405905555], [76.8552833075355, 8.222105585081465], [76.85362448387144, 8.223522584868306], [76.85031306372412, 8.226413769197961], [76.84716333763993, 8.229283270573319], [76.84602354475919, 8.230366605529127], [76.84429413476602, 8.231874816086076], [76.84298672193648, 8.233060993299091], [76.84029693526259, 8.235407085656789], [76.83701274752161, 8.238401580645473], [76.83383089511358, 8.241433857586117], [76.8307161514415, 8.244534536243577], [76.8276699989193, 8.247702142418632], [76.82469388744664, 8.250935170062121], [76.8217892337309, 8.2542320819814], [76.82034221636076, 8.255911409005137], [76.81895742059913, 8.257591310581574], [76.81619979636565, 8.261011258577469], [76.81351767415299, 8.264490299795625], [76.8109123312924, 8.26802677991111], [76.80838500870459, 8.271619017248042], [76.80593691030964, 8.275265303571246], [76.80356920245163, 8.27896390489741], [76.8012830133423, 8.282713062318749], [76.8001492292529, 8.284619369760094], [76.79907672795537, 8.286515898097093], [76.7979276137761, 8.288373889655418], [76.79718844466993, 8.289587776852386], [76.79572736455862, 8.292025839068174], [76.79499424422477, 8.293269338890752], [76.79392443497807, 8.29516094038803], [76.79180446462641, 8.29900583509965], [76.78976916533998, 8.302895868048722], [76.78781950761743, 8.30682918907246], [76.78595642130165, 8.310803927388179], [76.78418079514654, 8.31481819245164], [76.78249347638416, 8.318870074868812], [76.78167781053071, 8.320956222161385], [76.78027592429265, 8.322921805209717], [76.7782274119644, 8.324994366843498], [76.77558901311318, 8.327764113278363], [76.77300385389168, 8.3305832373091], [76.77172470897494, 8.33200500253804], [76.76407227864593, 8.340674562839865], [76.7633224347768, 8.341533805509414], [76.76183253073452, 8.343260714123915], [76.7610796191305, 8.344143625172023], [76.75940242773834, 8.346187394751382], [76.75682467355347, 8.34941402258562], [76.75511486546407, 8.351245385172547], [76.75165290920017, 8.355149592127418], [76.74994163090099, 8.357130813066192], [76.72358966471069, 8.388507272673223], [76.7192133594217, 8.394107673115286], [76.7114498628298, 8.404800339926624], [76.68403061569336, 8.43774698415615], [76.68066267774526, 8.442023454214223], [76.67795877698296, 8.44564347955577], [76.67589402984561, 8.447945769316561], [76.67390624204103, 8.450231866113768], [76.67290793898036, 8.451397806534771], [76.67146244066555, 8.453152136933056], [76.66858618822062, 8.456724296891991], [76.66721391598662, 8.458467561973634], [76.64961161184044, 8.481341076460183], [76.6487677851278, 8.482295381541007], [76.64716367288116, 8.484154749598758], [76.63098997053311, 8.503402681825492], [76.62960944761721, 8.505081992828991], [76.62688551811675, 8.508469341545549], [76.62423559898218, 8.511914397967189], [76.6216609250738, 8.515415559238306], [76.61916269633844, 8.5189711963651], [76.61664061278702, 8.522738210756359], [76.61037405670743, 8.530650515611228], [76.60858652298464, 8.532507892975843], [76.60560820027263, 8.53574083532169], [76.60270138486732, 8.539037661184125], [76.60125284892354, 8.540717466930005], [76.59975307242797, 8.542538820205323], [76.59677114791873, 8.54624781314476], [76.5953027894185, 8.548119030763132], [76.58020698524291, 8.567830240273224], [76.57884567321662, 8.569287700227562], [76.57547065456237, 8.57308894328105], [76.57379398235668, 8.575026426026852], [76.57279942959497, 8.576224351993801], [76.570803065809, 8.578667118365729], [76.56884535405527, 8.581140691505652], [76.56692677473137, 8.583644465358987], [76.5659778341253, 8.584903137908782], [76.5655851993572, 8.585432494742008], [76.56043857404359, 8.590794211594755], [76.55933056242776, 8.591967139701353], [76.55713226690136, 8.59433185407022], [76.55497229223289, 8.596731306763274], [76.55285119304966, 8.599164882446644], [76.55178715918242, 8.600405850296397], [76.55038229587569, 8.60210903837833], [76.54936043264559, 8.60322104149742], [76.5464530941245, 8.606517846732459], [76.54500419273313, 8.608197765895511], [76.54361865903803, 8.609876967824846], [76.54085847697081, 8.613296807609913], [76.53817386229252, 8.616775740029539], [76.53556609355894, 8.62031211087583], [76.53303641288528, 8.623904238590058], [76.53058602536339, 8.627550415049313], [76.528216098477, 8.631248906391988], [76.52592776155905, 8.634997953813127], [76.52479243120234, 8.636905031732908], [76.52372210523015, 8.638795774432708], [76.52160018089614, 8.642640562114934], [76.51997499933259, 8.645743790265783], [76.51944752566925, 8.646538530020678], [76.51854525254782, 8.647922517296593], [76.51297227791525, 8.656626136418708], [76.51181758625228, 8.658473212537274], [76.51062926580329, 8.660420710640324], [76.50962000315883, 8.661529146247062], [76.50712053935865, 8.664380178908573], [76.50587089944815, 8.665833238058553], [76.50448524003247, 8.667512325291568], [76.50172462916441, 8.670932147128099], [76.49903959666142, 8.674411061499654], [76.49643142128349, 8.677947414216419], [76.49565106180034, 8.679025355273893], [76.49464897878272, 8.680195600987759], [76.49419418675734, 8.680730897418584], [76.49304621741766, 8.68211660207038], [76.49074909955283, 8.684940401969357], [76.48850359487164, 8.687805024349927], [76.4863104368797, 8.690709534940709], [76.48522703147768, 8.692171642395408], [76.48489231582448, 8.692632004090797], [76.48332271642164, 8.694853156090232], [76.4757641034845, 8.698868512909144], [76.4739413787695, 8.699842024397299], [76.4703162721857, 8.7018259682456], [76.46850205712292, 8.702843196282515], [76.46639274424723, 8.704088729869], [76.46218172126447, 8.706644514593165], [76.46009187020536, 8.707947956074122], [76.45618988575552, 8.710448086286817], [76.45486158936103, 8.711313918858878], [76.45221880518551, 8.713066239583839], [76.44960399871246, 8.714859647115475], [76.44701781526766, 8.716693699105576], [76.44446089312896, 8.71856794318461], [76.44193386337173, 8.720481917073698], [76.43943734974249, 8.722435148677164], [76.43697196849848, 8.724427156201273], [76.43573364094436, 8.725444050019462], [76.43407340922943, 8.726860329577107], [76.43075761919897, 8.729751371444877], [76.42750595591724, 8.732713662931644], [76.42431996666755, 8.735745795789853], [76.42120116761811, 8.738846328542195], [76.41815104311479, 8.742013787149403], [76.41517104495273, 8.745246665730974], [76.41226259171026, 8.748543427254674], [76.41081291408557, 8.750223585108017], [76.40974271426609, 8.75151355614662], [76.40762055377752, 8.75411526082587], [76.40691433055451, 8.754848625032764], [76.40393422840032, 8.75808149968077], [76.40102567350328, 8.76137825723481], [76.3995759252565, 8.763058436657957], [76.39819419514129, 8.764732197693661], [76.39544091696928, 8.768141546863603], [76.39276277696229, 8.77160964157423], [76.39122371028623, 8.773694989096953], [76.39041363630389, 8.774682114846996], [76.38694589351235, 8.779027823547949], [76.38359993217568, 8.783467035629997], [76.38037830229837, 8.78799637359674], [76.37879887448992, 8.79028314257124], [76.37812163188835, 8.791293259399993], [76.37723316987484, 8.79264170088203], [76.37547807600163, 8.795352579442408], [76.37376688280023, 8.798091097513407], [76.37210003091707, 8.800856551434208], [76.37126581821741, 8.802266449314402], [76.37019522990397, 8.804156777766934], [76.36807233694424, 8.80800151297376], [76.36603422371456, 8.8118913868675], [76.36408186216909, 8.815824549445551], [76.36221618356035, 8.819799130076035], [76.36043807800775, 8.823813238361254], [76.35874839406176, 8.8278649650523], [76.35714793830147, 8.831952382937516], [76.35657186888687, 8.833473000415893], [76.35501474353254, 8.837089081034264], [76.35296403937389, 8.842238759949396], [76.35196545400288, 8.8448518645896], [76.35124166885532, 8.846896418113431], [76.34982187525901, 8.851049366244581], [76.34849347656382, 8.855232125454904], [76.34763304547835, 8.858162411652017], [76.3461341132001, 8.861990211717739], [76.34534732563577, 8.864066869861858], [76.34462352006847, 8.866111367320684], [76.34320364801101, 8.87026430959429], [76.34187517549879, 8.874447063006698], [76.34063873759487, 8.878657637775746], [76.33949492564341, 8.882894030820466], [76.33844428698802, 8.88715422669884], [76.33748732469803, 8.891436198591464], [76.33662449732901, 8.895737909239756], [76.33621192625105, 8.897920132456818], [76.33585621869503, 8.900057311940714], [76.33518285767315, 8.904392351470733], [76.33459648089047, 8.908815565284613], [76.3344249639913, 8.909404142538392], [76.33318839994638, 8.913614706853195], [76.33204447047808, 8.917851089571968], [76.33099372299898, 8.922111275257407], [76.33003666064235, 8.926393237098182], [76.32932958027584, 8.929918074872887], [76.32909042608281, 8.930795162308982], [76.32649539762866, 8.94145480791326], [76.32530095918969, 8.94705333796594], [76.32509641004549, 8.948167397039583], [76.32496971922035, 8.948877635936242], [76.32453256504243, 8.950694460214095], [76.32392509876638, 8.953413186629291], [76.30364148203671, 9.000722090457145], [76.30227798260069, 9.003271536939508], [76.30065367720096, 9.006442727555054], [76.29985564179879, 9.00803543802948], [76.29107081275373, 9.025962804719654], [76.29055156335562, 9.02703855009247], [76.28952590805517, 9.029196143873946], [76.28883818226598, 9.030673696512224], [76.28022469773697, 9.049578333456623], [76.27954780000198, 9.050978928611869], [76.27842108979326, 9.053367065762131], [76.27801373413382, 9.05425307487019], [76.27704985594909, 9.05620414639867], [76.2743632015314, 9.062117238555913], [76.27290432378925, 9.06562560987578], [76.27219167576652, 9.06738628089596], [76.27049385723365, 9.071697875616337], [76.25630478757449, 9.100989505093139], [76.25558961558903, 9.102497596045168], [76.25418410630073, 9.105526230148143], [76.25393354159803, 9.106457104542073], [76.25361170891313, 9.10711010054547], [76.25256569355008, 9.109268129022098], [76.25124863740166, 9.112116836791529], [76.25064924570415, 9.113468451578342], [76.2499887536344, 9.114991892808746], [76.24933516584997, 9.116532339090213], [76.24871731586597, 9.118058656132234], [76.24809749997405, 9.119627106805751], [76.24752757284188, 9.121154514376826], [76.24624385578477, 9.124222144101282], [76.24565002345497, 9.125801013151204], [76.24514964399873, 9.127198141587428], [76.24437840216973, 9.129402865619738], [76.22447936754827, 9.170829515102469], [76.22358771094707, 9.172736560543512], [76.22184404647862, 9.176570201665015], [76.22099254526916, 9.178495703614544], [76.21222058346581, 9.19890723379865], [76.20116330336504, 9.220315680787166], [76.20045492763381, 9.22171376610936], [76.19905974000619, 9.224521550116606], [76.19770870924799, 9.227350575216292], [76.19640216384079, 9.230200155768443], [76.19514042151047, 9.23306960113348], [76.19392378915029, 9.235958215830067], [76.19275256273824, 9.238865299727593], [76.19162702726948, 9.241790148197879], [76.19106642602407, 9.243282248195726], [76.19034220084467, 9.245325637165593], [76.18892074601672, 9.249478461973695], [76.18851374476856, 9.250758449985824], [76.18416357404305, 9.261412998850687], [76.17060033427617, 9.288804613172317], [76.168460100154, 9.29341705293524], [76.16441631585525, 9.302744240653624], [76.16251299926046, 9.307458517568932], [76.1501898367357, 9.340361007888248], [76.14984038590904, 9.341303505347355], [76.1490584489876, 9.343501888832748], [76.14764462665676, 9.347629375916938], [76.14696023558565, 9.349700721060515], [76.145150794058, 9.355384231745347], [76.14471611001977, 9.356785000156833], [76.14386733520223, 9.359592697788571], [76.14345325481429, 9.360999592265387], [76.13856621896929, 9.378063976621092], [76.13789158312773, 9.380539028298301], [76.13660604774327, 9.385505460801596], [76.13579699624296, 9.388998099661706], [76.13306751140465, 9.398296312450384], [76.1315788940039, 9.403980045251956], [76.12957976091639, 9.412643940386602], [76.12656512679877, 9.422160653793071], [76.12608547474485, 9.423718765393005], [76.12515144160943, 9.426843195087145], [76.1242685176062, 9.429982244844723], [76.12343693600224, 9.433135090247049], [76.12265691659513, 9.436300903242113], [76.12192866565982, 9.439478852345815], [76.121440261928, 9.441880116485493], [76.1210939948001, 9.442883935591226], [76.1198800227528, 9.446642217964154], [76.11874055754743, 9.450423431912157], [76.11767604048106, 9.454226121097747], [76.11668688403029, 9.458048820857698], [76.11577347168009, 9.461890058795177], [76.1149361577838, 9.465748355302026], [76.11453656832595, 9.467681569263732], [76.11283405175345, 9.476349236540784], [76.11113134481889, 9.48501784865482], [76.10942863485707, 9.493686451863368], [76.10772591712453, 9.50235506573597], [76.10602319341956, 9.511023690270065], [76.10432046861115, 9.51969229609415], [76.10261773640684, 9.528360910664844], [76.10091499785187, 9.537029536914929], [76.09921225589181, 9.545698157062134], [76.09750951127933, 9.554366766373903], [76.09580675889242, 9.563035386348986], [76.09410400052803, 9.57170401698454], [76.09240123913344, 9.580372638700794], [76.0906984747071, 9.589041251500987], [76.08899570250401, 9.597709874961652], [76.08729292432156, 9.60637850908256], [76.08559014502907, 9.615047124495618], [76.08388735833341, 9.623715748653296], [76.08218456528124, 9.632384384490024], [76.08048176881704, 9.64105301422353], [76.07877896969296, 9.649721633126205], [76.07707616278822, 9.65839026268526], [76.07537334989985, 9.667058902904955], [76.07367053397445, 9.67572753420734], [76.0719677150093, 9.684396156595085], [76.07026488826125, 9.693064789641312], [76.06856205552793, 9.701733433343179], [76.06685922205247, 9.710402056429757], [76.06515638041623, 9.719070691190154], [76.06345353241568, 9.727739339423692], [76.06175068174952, 9.736407976823216], [76.06004782803939, 9.745076605310999], [76.05834496654205, 9.753745244456127], [76.05664209905541, 9.76241389425627], [76.05493923044537, 9.771082525357713], [76.05323635404693, 9.77975116711309], [76.05153347165628, 9.78841981952587], [76.0498305862186, 9.797088463024863], [76.04812769810951, 9.805757095695753], [76.04642480183327, 9.814425740038018], [76.04472189918647, 9.823094397848251], [76.04301899386587, 9.831763044830723], [76.0413160854946, 9.8404316829035], [76.03961316933004, 9.8491003316268], [76.03791024716963, 9.85776899100398], [76.03620732387765, 9.866437631688143], [76.0345043927905, 9.87510628302357], [76.03280145570511, 9.883774945013215], [76.0310985159415, 9.89244359617686], [76.02939557274738, 9.901112239445354], [76.02769262137849, 9.909780896179996], [76.02598966438529, 9.918449561650391], [76.02536194834136, 9.921644853754913], [76.02418567125494, 9.924990685990906], [76.02120583786564, 9.933466590167995], [76.01822600400936, 9.941942480525768], [76.01524615789407, 9.950418392262861], [76.01226630981023, 9.958894300460884], [76.00928646125726, 9.967370194840669], [76.00630660044442, 9.975846110598013], [76.00332673875971, 9.984322019690126], [76.00034687440677, 9.992797920316832], [75.99736699779055, 10.001273844120874], [75.99438712249969, 10.00974975410736], [75.99140724343954, 10.018225658753977], [75.9884273521144, 10.02670158657827], [75.98544746211223, 10.03517750058677], [75.98246756833925, 10.04365340925574], [75.97948766230053, 10.05212934109818], [75.97650775758291, 10.060605259125566], [75.97352784909174, 10.069081171815128], [75.97054792943175, 10.077557104553193], [75.9675680088942, 10.086033028826932], [75.96458808457999, 10.094508949561998], [75.96160815129372, 10.102984883194267], [75.95862821602896, 10.111460811488428], [75.95564827698604, 10.119936736243176], [75.95266832896914, 10.128412673894672], [75.94968837897181, 10.136888606208572], [75.94670842629273, 10.145364531859855], [75.94372846244175, 10.153840475755374], [75.94074849660694, 10.16231641611455], [75.93776853028629, 10.170792342660775], [75.93478855169406, 10.179268290575692], [75.93180857111622, 10.187744234953357], [75.92882859004982, 10.196220165519662], [75.92584859670973, 10.204696117455], [75.92286860138262, 10.213172065852177], [75.91988860556523, 10.221648000438904], [75.91690859747337, 10.23012395639148], [75.9139285884898, 10.2385999056836], [75.9109485768177, 10.247075846515827], [75.90796855286851, 10.255551810511179], [75.9049885302228, 10.264027760699491], [75.90200850378864, 10.272503705550548], [75.89902846507562, 10.280979673564389], [75.89604842766443, 10.289455627771872], [75.89306838646291, 10.297931576641759], [75.89008833298016, 10.306407548674088], [75.88710828079701, 10.314883506900912], [75.88412822482223, 10.32335945979105], [75.88114815766278, 10.331835432717412], [75.87816808960503, 10.340311397187975], [75.8751880146234, 10.348787367018133], [75.87220793780932, 10.35726333194259], [75.86922785719912, 10.365739291531327], [75.86624776430432, 10.37421527427864], [75.86326767270384, 10.38269124322153], [75.86028757730492, 10.391167206829493], [75.85730747071784, 10.39964319047317], [75.85432736322798, 10.40811916565815], [75.85134725193655, 10.416595137306786], [75.8483671316518, 10.425071121845065], [75.845387009364, 10.433547101049044], [75.84240688327304, 10.44202307671651], [75.83942704667334, 10.450498216329038], [75.83903045355214, 10.451659107755745], [75.83866146535428, 10.452457394272983], [75.83782730719821, 10.454281887902425], [75.83717884720477, 10.45573048508453], [75.83696425464808, 10.456220245601287], [75.83654755032813, 10.457185039227113], [75.83615524068489, 10.45810712413737], [75.83580055840616, 10.458947085224736], [75.83520462056555, 10.460365008620329], [75.83456567343126, 10.461937301602006], [75.83332138702224, 10.464467838169867], [75.8317680117014, 10.467778290504839], [75.82817699783755, 10.475809425963917], [75.82458554859267, 10.483841526441097], [75.82099409313469, 10.491873632123372], [75.81740306430589, 10.499904775876928], [75.81643951811338, 10.502131745893507], [75.81550631071775, 10.504362448101347], [75.81466145458853, 10.506149215886808], [75.8137714458237, 10.508084490729573], [75.81192047038644, 10.512224831481603], [75.81101921426921, 10.514303657771734], [75.81008149617509, 10.516535511951247], [75.80720514861639, 10.522735537542303], [75.80662780238583, 10.524003019523889], [75.8030367575542, 10.532034163390449], [75.79944527671421, 10.540066274561298], [75.7958537930599, 10.548098382428293], [75.79226230318869, 10.556130495497882], [75.7886708049914, 10.564162618486648], [75.78507973941385, 10.572193767259705], [75.7839245774112, 10.574881994993802], [75.78295737654867, 10.577226783631886], [75.7827103595173, 10.577734972656799], [75.78206962971547, 10.57906744265108], [75.78118190813672, 10.580964115712504], [75.7803624567548, 10.582763733127933], [75.78007502810198, 10.583400851056126], [75.77912100619005, 10.585535397311446], [75.77824791666632, 10.587547817233713], [75.7778505791191, 10.588491887135945], [75.77755891294328, 10.58919165369764], [75.77575043620266, 10.592948483800626], [75.77157924670735, 10.601327110434056], [75.77022545891595, 10.604156648124047], [75.76938510357013, 10.605986170540291], [75.76837232842672, 10.60826556397302], [75.7669483427947, 10.611581246894161], [75.76561551000054, 10.614841956400824], [75.76436876098899, 10.618052485497628], [75.76374851557233, 10.619692174734269], [75.76343937809332, 10.62059061730264], [75.75993912461001, 10.628418612231144], [75.75873472458903, 10.631226418855135], [75.75762378995569, 10.633929574575404], [75.75721196810764, 10.634769155174922], [75.75672728414747, 10.635796094550074], [75.7563851328627, 10.636599918892443], [75.7558497164905, 10.637564288596536], [75.7539006711778, 10.641466025989644], [75.75351498123115, 10.642282132764649], [75.75257229960505, 10.644394764293224], [75.7522942079176, 10.644980051688663], [75.75045665950194, 10.64908973370666], [75.74956448091746, 10.65135347278158], [75.74795814766293, 10.654722360300411], [75.747696291154, 10.65534770759632], [75.7462333447404, 10.659067218189534], [75.74577723614118, 10.660089233456802], [75.74522006729944, 10.661365651096105], [75.74470717353216, 10.662540637201687], [75.74444794865377, 10.663139820208528], [75.74417772117675, 10.663770072971943], [75.74397375466413, 10.664249226273682], [75.74286897785703, 10.66686338833631], [75.7422023259619, 10.668396148393867], [75.7390255034507, 10.67521856697823], [75.73838897508313, 10.676613345045894], [75.73479784856801, 10.684644506125323], [75.73120628273375, 10.692676642982462], [75.72761481328519, 10.700708553546121], [75.72724261459285, 10.701540932628063], [75.72672086271757, 10.702497712898207], [75.72242066531777, 10.710383338732981], [75.71812032746186, 10.718269217135514], [75.71381998939381, 10.726155089284248], [75.70951965111436, 10.734040955177306], [75.70521930328846, 10.741926830283319], [75.70091894541633, 10.74981271881552], [75.69661858962752, 10.75769859777921], [75.69231823592224, 10.765584465376719], [75.68801787037182, 10.773470346399222], [75.68371749707046, 10.781356236634451], [75.6794171235531, 10.789242120615086], [75.67511674981915, 10.797127998342262], [75.6708163665345, 10.805013885282335], [75.66651597319992, 10.812899785647232], [75.66221558194417, 10.820785676444302], [75.65791519276752, 10.828671555876099], [75.65361479174078, 10.836557448732492], [75.64931438295935, 10.844443350801612], [75.6450139739569, 10.852329246617614], [75.640713564733, 10.860215136181012], [75.63641314595566, 10.868101034955203], [75.63211271942077, 10.875986942942063], [75.62781229036648, 10.883872848886824], [75.62351186338469, 10.891758745266998], [75.61921142914343, 10.899644645748253], [75.61491098484714, 10.907530559652173], [75.61061054032484, 10.915416467304226], [75.60631009557665, 10.923302368704356], [75.60200964127108, 10.931188279313687], [75.59770917920304, 10.939074199136769], [75.59340871461063, 10.946960116920991], [75.58910824787057, 10.95484603286917], [75.58480778319893, 10.962731937455715], [75.58050730666866, 10.97061785546515], [75.57620682237518, 10.97850378268663], [75.57190633785115, 10.986389703656187], [75.56760585309564, 10.994275618373706], [75.56330535877692, 11.002161542302815], [75.55900485669235, 11.010047475443457], [75.55470435207894, 11.01793340654308], [75.55040384952667, 11.025819328081411], [75.54610333970692, 11.033705253719063], [75.54180281982326, 11.041591192777787], [75.5375022997037, 11.049477125587146], [75.53320177934768, 11.057363052146002], [75.52890124942564, 11.065248987913321], [75.52460071173186, 11.073134932894277], [75.52030017150446, 11.081020875835577], [75.51599963333535, 11.08890680921263], [75.51169908789325, 11.096792746691676], [75.50739853238281, 11.104678697591055], [75.50309797663238, 11.112564642241068], [75.49879742063979, 11.120450580642569], [75.4944968550771, 11.128336528252305], [75.49019628173983, 11.136222485072835], [75.48589570815938, 11.144108435644853], [75.4815951320407, 11.151994384176191], [75.4772945486427, 11.159880338608275], [75.47299395976586, 11.167766297140133], [75.46869336834811, 11.175652253631654], [75.46439277668344, 11.183538203876822], [75.46009217544457, 11.1914241633296], [75.45579156642651, 11.199310131992888], [75.45149095716033, 11.207196094409142], [75.44719034113632, 11.215082062514512], [75.44288972715867, 11.22296802105933], [75.43858910589847, 11.23085398370614], [75.43428847456119, 11.238739959772772], [75.42998784297436, 11.246625929589868], [75.42568721113543, 11.254511893159815], [75.42138656971662, 11.262397865938624], [75.41708592051452, 11.270283847926407], [75.41278527105862, 11.27816982366869], [75.40848461905392, 11.286055797371375], [75.40418395976195, 11.293941776972247], [75.3998832949805, 11.301827760674541], [75.39558262764893, 11.309713742337237], [75.39128196005993, 11.317599717755002], [75.38698128288661, 11.325485702381002], [75.38268059792631, 11.333371696214783], [75.37837991270749, 11.341257683803235], [75.37407922493429, 11.349143669354191], [75.36977852987025, 11.3570296608018], [75.36547782931189, 11.364915656351343], [75.36117712619773, 11.37280164986322], [75.35687642282278, 11.380687637128403], [75.35257583084513, 11.388573411749803], [75.3515103620935, 11.39052710596934], [75.35033088024852, 11.39238082986816], [75.34552121943415, 11.399939892486145], [75.34071141093762, 11.407499182616732], [75.3359015944892, 11.415058478731112], [75.33109177188516, 11.422617780831104], [75.3262819471289, 11.430177080697717], [75.32147211745644, 11.43773638370277], [75.31666228985534, 11.445295678348657], [75.31185244973608, 11.452854986151351], [75.30704260925921, 11.460414291721463], [75.30223276663014, 11.467973593257454], [75.29742291784191, 11.475532900779626], [75.29261306109737, 11.48309221428633], [75.28780320399403, 11.490651525559656], [75.2829933447349, 11.498210832800623], [75.27818347475255, 11.50577015319709], [75.27337360683583, 11.513329465237234], [75.26856373219823, 11.520888782214058], [75.2637538571995, 11.528448095160684], [75.25894397424145, 11.536007414090818], [75.25413408512031, 11.543566739005996], [75.2493241938372, 11.551126061689729], [75.24451430219221, 11.558685380341274], [75.2397044025854, 11.566244704977066], [75.23489449681324, 11.573804035598243], [75.23008458887767, 11.581363363987293], [75.22527467601464, 11.588922695516544], [75.220464765212, 11.59648201868879], [75.21565484188233, 11.604041355015283], [75.21084491818459, 11.611600689110332], [75.20603499232237, 11.619160019174615], [75.20122505739062, 11.626719359783579], [75.19641512029204, 11.634278698159449], [75.19160518282558, 11.641838032503927], [75.18679523739019, 11.64939737283521], [75.1819852812219, 11.656956726321482], [75.17717533290886, 11.664516063234373], [75.17236537786533, 11.672075403286954], [75.16755541664793, 11.679634749326397], [75.16274544746125, 11.687194101349121], [75.15793547789991, 11.69475345114165], [75.15312550616864, 11.702312796903982], [75.14831552826303, 11.709872148650504], [75.1435055423841, 11.717431506383718], [75.13869555612916, 11.724990861885999], [75.13388556770184, 11.73255021335774], [75.12907556853577, 11.740109577984583], [75.12426557141765, 11.747668934258172], [75.11945556756291, 11.755228295467873], [75.11464556332976, 11.762787652650047], [75.10983555112006, 11.770347015817833], [75.10502553273113, 11.777906384971061], [75.1002155121646, 11.785465751893184], [75.0954054912184, 11.793025114785621], [75.09059546229355, 11.80058448366458], [75.08578542262529, 11.808143865698185], [75.0809753907995, 11.815703231162956], [75.07616535223343, 11.823262599766394], [75.07135530748269, 11.830821974357036], [75.06654525475233, 11.838381354931869], [75.061735201636, 11.845940733277757], [75.05692514633773, 11.853500107595721], [75.05211508485604, 11.861059487897364], [75.04730501538972, 11.868618874185131], [75.04249494553551, 11.876178258245204], [75.03768487349862, 11.883737638274852], [75.03287479078199, 11.891297031350803], [75.02900659627414, 11.897560941059623], [75.02812873135315, 11.898896216479784], [75.0271496021997, 11.900400217992114], [75.02660094716225, 11.901251334429332], [75.02525501982092, 11.903448356038439], [75.02430363361589, 11.905008591483124], [75.02327438467421, 11.906835086370904], [75.02214877332892, 11.908846437688226], [75.02123590862897, 11.910569745250996], [75.02011310479509, 11.912745121310707], [75.01932583164353, 11.914361021304956], [75.01727189504425, 11.918101596234578], [75.01633424935795, 11.920011065833194], [75.01248444316025, 11.92806644023824], [75.00863352583707, 11.936124133140822], [75.00478260958221, 11.944181815493494], [75.00093168678967, 11.952239502312068], [74.99708075745639, 11.960297195396208], [74.99322982718377, 11.968354882127187], [74.98937889037131, 11.976412573322705], [74.98552794701584, 11.984470270785721], [74.98167700085224, 11.992527965800775], [74.97782605188098, 12.000585658366958], [74.97397509636619, 12.008643355400977], [74.97012413821756, 12.01670105051602], [74.96627317431512, 12.024758747461249], [74.96242220085446, 12.032816457059312], [74.95857122475877, 12.040874164737659], [74.95472024771789, 12.048931866061935], [74.95086926413057, 12.056989571851659], [74.94701827399291, 12.065047283909053], [74.94316728104229, 12.073104993517575], [74.93931628527554, 12.081162700678647], [74.93546528295872, 12.089220412308634], [74.93161427409188, 12.097278130201744], [74.92776326818534, 12.105335833557831], [74.92747038957725, 12.105948641157568], [74.92391225091745, 12.11339354956499], [74.92006122408316, 12.121451280021347], [74.91621019834093, 12.129508999847872], [74.91235916977894, 12.1375667172274], [74.9085081346629, 12.14562443907306], [74.90465709299173, 12.153682167182865], [74.90080605036474, 12.161739888941156], [74.89695500118222, 12.16979761516518], [74.89310394544236, 12.177855347653008], [74.88925288874373, 12.185913073791255], [74.88540182548894, 12.193970804393075], [74.88155075958457, 12.202028533077737], [74.87769968604431, 12.210086267499833], [74.87384860666486, 12.21814400765868], [74.86999752463612, 12.226201744101218], [74.86614643604605, 12.234259486806081], [74.86229534649249, 12.242317223162104], [74.85844425037669, 12.250374963983688], [74.85459314769798, 12.258432711068735], [74.85074204218847, 12.266490455706105], [74.84689093384566, 12.274548197901538], [74.8430398189389, 12.282605944561851], [74.83918870137677, 12.290663689301937], [74.83533757803565, 12.298721435877667], [74.83148644511823, 12.306779195098784], [74.82763530958579, 12.314836952309918], [74.82378531593656, 12.322892311976375], [74.82271061633918, 12.325217077940067], [74.82062156006793, 12.3298927139802], [74.81960721518124, 12.332243560046265], [74.81620634874355, 12.340412142853438], [74.81280455585102, 12.348582939552216], [74.80940275903879, 12.356753736816415], [74.80600096012813, 12.364924527745416], [74.80259914924835, 12.373095336411893], [74.79919733806753, 12.381266138741921], [74.79579552119736, 12.389436941561883], [74.79239369894151, 12.397607750254963], [74.7889918739802, 12.405778553166556], [74.78559004363319, 12.41394936015206], [74.78218820759258, 12.422120169427103], [74.77878636765803, 12.430290979190659], [74.77538452561907, 12.438461782618106], [74.7719826716044, 12.4466326037832], [74.76858081728153, 12.454803418613778], [74.76517895726437, 12.462974233931845], [74.7617770933474, 12.471145051539224], [74.75837522373456, 12.479315869634434], [74.75497335021959, 12.487486690020205], [74.75157147100765, 12.495657510893807], [74.7481695878929, 12.50382833405638], [74.74476769907994, 12.511999157706441], [74.74136580636201, 12.520169983645133], [74.73796391153309, 12.528340801452885], [74.73456200472066, 12.536511638791694], [74.73116009759383, 12.544682467999962], [74.72775818327148, 12.552853303075153], [74.72435626802508, 12.561024132377042], [74.72095434558355, 12.569194965749261], [74.71755241923296, 12.57736580140994], [74.71415048717745, 12.58553663755879], [74.71074855121054, 12.59370747599786], [74.70734661312628, 12.601878306305537], [74.70394466305385, 12.610049156139382], [74.70054271265872, 12.618219997846268], [74.69714122525602, 12.626389716106587], [74.69665591189886, 12.627576804997432], [74.69405725309093, 12.634051839852532], [74.69343326244916, 12.635588053059678], [74.69260851117747, 12.637642849814995], [74.69188029905024, 12.639217932712882], [74.6903363614984, 12.64273366027652], [74.68693486116399, 12.650903380351053], [74.6835328858075, 12.65907422989892], [74.68013090653585, 12.667245079935697], [74.67672892154951, 12.675415932260705], [74.67332693264666, 12.683586785074795], [74.66992494161519, 12.691757631559199], [74.6678030246726, 12.696854010098093], [74.66715648169378, 12.697980354862409], [74.66500533803645, 12.701823674357058], [74.66294003900407, 12.7057121339368], [74.66096157040374, 12.709643884897162], [74.6590708768889, 12.713617057879446], [74.65726886151947, 12.717629763725085], [74.65555638530651, 12.721680094411226], [74.65393426680976, 12.725766123929361], [74.65313286097222, 12.727852901848848], [74.65265145203057, 12.729178612450426], [74.65168253500963, 12.731907029705383], [74.65087899753217, 12.734262977213405], [74.64747729511964, 12.74466092903549], [74.64642894814773, 12.746397979983726], [74.6453776646315, 12.748227824325909], [74.64328033021121, 12.751969158416046], [74.6412643748589, 12.755753364511918], [74.63933071100672, 12.759578736630544], [74.63838456064514, 12.761501489568388], [74.63575155900958, 12.767000449082275], [74.63479955053253, 12.76904786480668], [74.63294242222094, 12.773163110104292], [74.6311795744545, 12.777318121672351], [74.62951189485443, 12.781510818255128], [74.62868885728386, 12.783651564820047], [74.62795917002927, 12.785684402850563], [74.62651972117493, 12.789835962398968], [74.62517284710134, 12.794017344198721], [74.62391919295442, 12.798226559557747], [74.6227593596372, 12.802461606449924], [74.62238827608417, 12.80394490957542], [74.61966368984184, 12.810111592830651], [74.6160778861829, 12.81822749937055], [74.61249207236244, 12.826343420396086], [74.60890626003095, 12.83445933067344], [74.60532044574524, 12.84257523392563], [74.60173462294159, 12.850691147041061], [74.5981487916194, 12.858807070018997], [74.59456296013735, 12.86692298597444], [74.59097712669848, 12.875038894904947], [74.58739128265438, 12.883154818415278], [74.583805436803, 12.891270737729656], [74.58021958734582, 12.89938665464257], [74.57663373101127, 12.907502577694231], [74.57304786615362, 12.915618510607885], [74.56946200113111, 12.923734436499558], [74.5658761341466, 12.931850355365384], [74.5622902586361, 12.93996628409377], [74.5587043745993, 12.948082222685514], [74.55511849204095, 12.956198150529588], [74.55153260587161, 12.964314074175434], [74.54794670952782, 12.972430012306404], [74.5443608063012, 12.98054595657436], [74.54077490290388, 12.988661893820336], [74.53718899753727, 12.996777824044216], [74.53360307991045, 13.004893772569517], [74.53001716211043, 13.013009714074144], [74.52643124233828, 13.021125648557188], [74.5228453156792, 13.029241589176479], [74.51925937884266, 13.037357542479867], [74.51567344018429, 13.045473493384065], [74.51208750119554, 13.053589433545426], [74.50850155367101, 13.061705383567869], [74.50491559761161, 13.06982134344662], [74.50132964137231, 13.077937296307823], [74.4977436831548, 13.086053242147841], [74.49415771267161, 13.094169206284846], [74.49178572548641, 13.09953761224142], [74.49016947691678, 13.1023884607132], [74.4885192745408, 13.105420030344419], [74.48692214002762, 13.108478794550251], [74.4861368950597, 13.110014861543505], [74.48568553459677, 13.110916955449568], [74.48451975310746, 13.113327248366659], [74.48225378765915, 13.118177293255371], [74.48011984478376, 13.123084546305336], [74.47811943385653, 13.128045554555229], [74.47713930792355, 13.130575286133933], [74.47640893307886, 13.132607069005473], [74.47496740049581, 13.136758488450653], [74.47361856906332, 13.140939731032688], [74.47236308498037, 13.145148808165743], [74.47120155014568, 13.149383717930505], [74.47013452186911, 13.153642446001129], [74.46916251258733, 13.15792296664523], [74.46828598962162, 13.162223243642984], [74.46786446179777, 13.164417883917679], [74.46750537493836, 13.166541231285464], [74.4668210449455, 13.170874875325694], [74.46623333029999, 13.175222113966242], [74.4657425157439, 13.179580878832098], [74.46534883995719, 13.183949095964977], [74.46505249543634, 13.188324686782096], [74.46485362839155, 13.19270556910709], [74.46475233866795, 13.197089658114123], [74.46472607190918, 13.199323333545237], [74.46474867968868, 13.201474867360162], [74.46477812891396, 13.202848715915252], [74.46469228606327, 13.203716410101094], [74.46377438944302, 13.211949667304225], [74.46278869505221, 13.220791001169232], [74.46180299699358, 13.229632327893682], [74.46081729383076, 13.238473645104648], [74.45983158426947, 13.24731497069007], [74.45884586916281, 13.25615629788399], [74.45786014850887, 13.26499762668766], [74.45687442254973, 13.273838955823123], [74.45588869128528, 13.282680283489015], [74.45490295435002, 13.291521613853376], [74.45391721210643, 13.30036294454743], [74.45293146455475, 13.3092042737739], [74.45194571132959, 13.318045605698217], [74.45095995279291, 13.32688693795194], [74.44997418784897, 13.33572827857438], [74.44927822717602, 13.341970331982225], [74.4462048946034, 13.347693151983776], [74.44195885491894, 13.355599647715167], [74.43771280417184, 13.363506157762345], [74.43346675324108, 13.371412660968986], [74.42922069541982, 13.379319168924894], [74.42497463293921, 13.38722567926908], [74.42072856163327, 13.39513219796396], [74.41648248850066, 13.403038715442563], [74.41223641845278, 13.410945218315419], [74.40799033734083, 13.418851733702354], [74.4037442493302, 13.426758255640493], [74.39949816113165, 13.434664770736276], [74.39525206603548, 13.442571290583317], [74.39100596210568, 13.450477820582364], [74.38675985858322, 13.458384343402827], [74.38251375143182, 13.46629086500593], [74.37826763991626, 13.474197387535241], [74.37402152150048, 13.48210391481598], [74.36977539618317, 13.490010448643943], [74.36552927066975, 13.497916975633018], [74.36128313408483, 13.505823515136285], [74.35703699789906, 13.513730049261994], [74.3527908603167, 13.52163657620963], [74.34854471165823, 13.529543117471007], [74.34429856279996, 13.537449651894065], [74.34005240703749, 13.545356191065707], [74.33580624436496, 13.553262736788554], [74.33156007732339, 13.561169283434765], [74.32731390844162, 13.569075827067365], [74.32306773591938, 13.576982369487268], [74.31882155902576, 13.584888912829797], [74.31457537522135, 13.592795460922844], [74.31032918673964, 13.600702011402745], [74.30608299358187, 13.608608562471204], [74.3018367893419, 13.616515127850676], [74.29759058996274, 13.624421678628494], [74.2933443869398, 13.632328226394861], [74.28909817283198, 13.640234788472128], [74.28485195851442, 13.648141343711984], [74.2806057372818, 13.656047903701108], [74.27635951136551, 13.663954466078508], [74.27211327659995, 13.671861036804103], [74.26786703998164, 13.67976760631825], [74.26362080641968, 13.687674161232849], [74.25937456177155, 13.695580728657092], [74.25512831020018, 13.703487302631459], [74.25088205841337, 13.711393869770063], [74.24663579970502, 13.719300441659016], [74.24238953214058, 13.7272070236952], [74.23814326495597, 13.735113598557405], [74.23389699411558, 13.743020172206911], [74.22965071888706, 13.750926746781147], [74.22540443673347, 13.75883332610698], [74.22115814765255, 13.766739911981574], [74.21691185835016, 13.77464649101961], [74.21266555795353, 13.782553082566778], [74.20841925792797, 13.790459668742983], [74.2041729564794, 13.79836624774481], [74.19992664393192, 13.806272841055147], [74.19568033115763, 13.814179427532963], [74.19143401145448, 13.822086018758284], [74.18718768481699, 13.82999261653299], [74.1829413537842, 13.837899215232824], [74.17869502088558, 13.845805810922457], [74.17444868655502, 13.853712401239306], [74.17020234335865, 13.861618999903271], [74.16595599322454, 13.869525605117019], [74.16170964285845, 13.877432203497506], [74.15746328555713, 13.885338806625441], [74.15321691714985, 13.893245424061774], [74.14897055357352, 13.901152026905493], [74.14472418639741, 13.909058626609522], [74.14047934240517, 13.916962383821442], [74.13969540909795, 13.918452014568572], [74.13815302272803, 13.921443846026705], [74.13666185409625, 13.924460359041518], [74.13522231888129, 13.927500716738848], [74.13383481847819, 13.930564075612608], [74.13249973988883, 13.933649585751937], [74.13051892949613, 13.938587430222128], [74.127760064055, 13.946090117286985], [74.1258403518139, 13.951852073046439], [74.1245803897848, 13.956060815981573], [74.12341469199617, 13.960295394052537], [74.1223438180408, 13.964553793184677], [74.12136828249834, 13.968833987871562], [74.1204885546872, 13.973133942114714], [74.12006501771691, 13.97533096294842], [74.11970505842339, 13.977451610420985], [74.11901817181717, 13.981784938751446], [74.11842822707717, 13.98613186551097], [74.1179355103477, 13.990490322507867], [74.11754026155648, 13.99485823596956], [74.11724267429679, 13.999233527485671], [74.11704289571782, 14.003614115039511], [74.11694102645066, 14.007997913968552], [74.11691454951483, 14.010234066627504], [74.11693712054557, 14.012382837970563], [74.11703118543727, 14.016766800086202], [74.11757830139425, 14.024911758645544], [74.11760685939237, 14.025467191861424], [74.1178149914378, 14.028635914495396], [74.11788251265045, 14.029510382840613], [74.11793870985753, 14.030813312545888], [74.11844971964774, 14.03743946353859], [74.11893482344396, 14.041798727782748], [74.11951723945981, 14.046146620386537], [74.12019669591092, 14.050481071320178], [74.1205682895802, 14.052687128217713], [74.12097287476331, 14.054800016848503], [74.12184541187219, 14.059101400492636], [74.12281389714906, 14.063383174033333], [74.12387787474256, 14.067643298470557], [74.12503684325077, 14.071879745009028], [74.12629025594276, 14.076090496007737], [74.12763752101989, 14.080273545969249], [74.12907800187554, 14.084426902465339], [74.12992485035522, 14.08675873530484], [74.13136938858474, 14.092413959008923], [74.1335199176242, 14.101030149397843], [74.13567097022866, 14.109648457813023], [74.13782157270577, 14.118264979506876], [74.1399724214557, 14.126882511858753], [74.14212328519488, 14.135500124622581], [74.14427399148656, 14.144117126910828], [74.14642468848501, 14.152734108720324], [74.14857543367793, 14.161351307593009], [74.15072617478546, 14.169968510462695], [74.15287682595942, 14.17858537337247], [74.15502761416383, 14.187202802082652], [74.15717841381814, 14.195820300651235], [74.15932901670288, 14.20443703121498], [74.16147983928175, 14.21305466240301], [74.16363047541779, 14.221671566966052], [74.16578121587571, 14.230288906305589], [74.16793209429346, 14.238906822409149], [74.17008256743543, 14.247523135095264], [74.17223345112029, 14.256141113112676], [74.17438414674598, 14.264758354437276], [74.17653481986127, 14.27337552958528], [74.17666819705732, 14.273909937800568], [74.1762466832987, 14.274526862900188], [74.17119029098353, 14.281927364692535], [74.16613389684494, 14.289327864810502], [74.16107750228639, 14.296728360363034], [74.1560210988223, 14.304128863289066], [74.15096469114093, 14.311529368520837], [74.1459082792448, 14.31892987425897], [74.14085185992974, 14.32633038698782], [74.1357954428019, 14.333730891748132], [74.13073901825635, 14.341131401700181], [74.12568258949, 14.348531913958482], [74.12062615181304, 14.355932433591306], [74.11556971550715, 14.363332948660684], [74.11051327877703, 14.370733457367692], [74.10545683313188, 14.378133975246556], [74.10040038326542, 14.385534493634168], [74.09534392597345, 14.392935019012612], [74.09028747086427, 14.400335536422915], [74.08523100832969, 14.40773605902649], [74.08017454156953, 14.415136583936373], [74.0751180705854, 14.422537109353186], [74.07006159068271, 14.429937643942594], [74.06500511214585, 14.437338172171621], [74.05994862997352, 14.444738700523487], [74.05489214528495, 14.452139227777252], [74.04983565316729, 14.459539760224743], [74.04477915681997, 14.466940294976496], [74.03972265624407, 14.474340830237054], [74.03466615143702, 14.481741367802556], [74.02960964239884, 14.489141905876977], [74.02455312912923, 14.496542446256967], [74.01949661162871, 14.503942987143205], [74.01444008199991, 14.511343541890199], [74.00938356013256, 14.518744081804016], [74.00432703462457, 14.52614462004351], [73.99927050018897, 14.533545167455372], [73.99421396151797, 14.540945715376324], [73.98915741860935, 14.548346265604778], [73.98410087146459, 14.5557468163409], [73.97904432008238, 14.563147369382591], [73.97398776446317, 14.570547922932292], [73.96893120140123, 14.577948483476405], [73.96387463581186, 14.58534904292219], [73.95881806837258, 14.592749600695015], [73.95376150048622, 14.600150153905645], [73.9487049236671, 14.607550714491651], [73.94364834260335, 14.61495127738658], [73.93859175729824, 14.622351840790316], [73.93353516454658, 14.629752411186416], [73.92847857395554, 14.63715297361739], [73.92342197591819, 14.644553541244022], [73.91836537363321, 14.651954111179009], [73.91330876241278, 14.659354688487838], [73.9082521525346, 14.666755261238563], [73.903195542204, 14.674155827629534], [73.89813892293222, 14.68155640319452], [73.89308229941128, 14.688956979271097], [73.88802675986034, 14.696355965000976], [73.88734213116032, 14.697371147442027], [73.8832736547896, 14.703477668386938], [73.88269015087525, 14.704334350686622], [73.88090194672833, 14.706987291017867], [73.87883522879571, 14.710182632208443], [73.87718473076825, 14.712843987949555], [73.87616615116076, 14.714522975670661], [73.87547619053237, 14.715686693601754], [73.87437368612086, 14.717593896529252], [73.87266311327573, 14.720629786718632], [73.87207921729885, 14.721680822670749], [73.87163323428297, 14.722495135276404], [73.8705955184522, 14.724440679127383], [73.86906454376401, 14.727389110896866], [73.86785932768754, 14.729591282396427], [73.8672564924575, 14.730709637703285], [73.86306624650956, 14.738603007558254], [73.86116135527476, 14.74231302462141], [73.85887520555775, 14.746497865806646], [73.85739026246893, 14.749350554525165], [73.85595307645019, 14.752224212931651], [73.85468415788745, 14.754392729207211], [73.85049310324882, 14.762287597332488], [73.84630203749089, 14.770182479794926], [73.8421109742103, 14.778077351776687], [73.83791991160865, 14.785972213277773], [73.83372883788587, 14.793867087319768], [73.82953775304208, 14.801761975697104], [73.82534667287064, 14.809656849452551], [73.8211555889767, 14.817551720115375], [73.81696449395827, 14.82544660511428], [73.8127733963625, 14.83334148745007], [73.80858229203955, 14.841236374939626], [73.80439118578909, 14.849131259335593], [73.8002000758114, 14.857026142434336], [73.79600895910335, 14.864921030687526], [73.79181783566497, 14.872815924093743], [73.78762671029557, 14.880710814407166], [73.78343558119525, 14.888605703425071], [73.77924444536166, 14.89650059759623], [73.77505330279553, 14.904395496920188], [73.7708621582949, 14.912290393150101], [73.76667101005933, 14.920185288086486], [73.76247985508763, 14.928080188176068], [73.75828869752831, 14.935975085603786], [73.75409752883655, 14.943869995565478], [73.74990635820325, 14.951764904235574], [73.74571518822881, 14.959659802429826], [73.7415240115152, 14.967554705775967], [73.7373336325935, 14.975448097885874], [73.73703955634585, 14.976006289402164], [73.7338544636267, 14.982098476792657], [73.7325208776972, 14.984232878312355], [73.72987294577956, 14.988976499770104], [73.72818451081861, 14.992431646165414], [73.7243973377457, 14.99874916733279], [73.72386485252446, 14.999651422555303], [73.71939697491842, 15.007316018908455], [73.71492817467322, 15.01498219013996], [73.71045937333463, 15.022648359327434], [73.70599056910856, 15.03031452466962], [73.70152175610417, 15.037980700250728], [73.69705294020724, 15.045646873787405], [73.69258411625441, 15.053313055425178], [73.68811529654852, 15.060979224309392], [73.68364646955047, 15.068645396897864], [73.67917763376886, 15.076311579729008], [73.67470879509193, 15.08397776051305], [73.67023994835591, 15.09164394939711], [73.66577110586127, 15.09931012553136], [73.66130225607043, 15.106976305370381], [73.65683339749341, 15.114642495450653], [73.65236453601767, 15.122308683483311], [73.64789567344098, 15.129974867673354], [73.6434268002788, 15.13764106210283], [73.63895792161134, 15.145307262036908], [73.63448904718314, 15.152973447422255], [73.6300201628892, 15.16063964270512], [73.6255512774897, 15.168305834146565], [73.62108238150222, 15.175972035826646], [73.61661348000553, 15.183638243011046], [73.61214458274299, 15.19130443564893], [73.60767567561243, 15.198970638182857], [73.6032067673716, 15.206636836876328], [73.59873784853909, 15.214303045808151], [73.59426892859426, 15.221969252695942], [73.58980000574115, 15.229635455741288], [73.58533106978723, 15.237301676407753], [73.58086398836849, 15.24496471022502], [73.58046149838492, 15.245661575483894], [73.57966221662042, 15.247058411195326], [73.57926543798948, 15.247758358730096], [73.57489784442924, 15.255535796071172], [73.57052847041786, 15.263316396991513], [73.566159091614, 15.271096999546671], [73.56178970810765, 15.278877603575097], [73.55742031989922, 15.286658209075085], [73.55305092698563, 15.294438816049762], [73.5486815293666, 15.302219424499242], [73.54431212704344, 15.31000003442], [73.53994272001347, 15.317780645814139], [73.53557330827562, 15.325561258683138], [73.53120388942546, 15.333341877307532], [73.52683446398282, 15.34112250165731], [73.52246504142215, 15.348903114665404], [73.51809561513682, 15.356683725790788], [73.5137261798518, 15.364464346026693], [73.50935673985475, 15.372244967735185], [73.50498729514402, 15.380025590919331], [73.50061784571949, 15.387806215578394], [73.49624839158196, 15.395586841707711], [73.49187893272858, 15.403367469312514], [73.48750946915891, 15.411148098391152], [73.48314000087271, 15.418928728943229], [73.47877052786816, 15.426709360970449], [73.47440105014573, 15.434489994470596], [73.47003156770302, 15.442270629446568], [73.46566207625438, 15.45005127352971], [73.4612925828668, 15.457831915731902], [73.45692309054789, 15.46561254839537], [73.45255359162525, 15.473393184984957], [73.44818408557546, 15.481173827329599], [73.44381457480108, 15.488954471148077], [73.43944505930142, 15.496735116441812], [73.4350755390758, 15.504515763210463], [73.43070601412433, 15.51229641145261], [73.4263364844449, 15.520077061168934], [73.42196695003753, 15.527857712360003], [73.41759741090152, 15.535638365025818], [73.41322786703506, 15.54341901916564], [73.40885831843707, 15.55119967478197], [73.40448876082269, 15.558980339503535], [73.40011920366123, 15.566760998066854], [73.39574964515367, 15.574541650472952], [73.39138007522274, 15.582322316265675], [73.38701050295924, 15.590102980152892], [73.38264092836482, 15.59788364033517], [73.37827134663019, 15.605664306272843], [73.37390176015901, 15.613444973684352], [73.36953216894943, 15.621225642571346], [73.36516257300093, 15.629006312933711], [73.36079297231214, 15.636786984771561], [73.3564233668834, 15.644567658083588], [73.35205375671421, 15.652348332869849], [73.34768414180166, 15.660129009131879], [73.34331451786056, 15.667909694501304], [73.33894489436057, 15.675690373714417], [73.3345752695032, 15.68347104676974], [73.3302056356149, 15.691251728931434], [73.32583599697944, 15.699032412569807], [73.32146635119415, 15.706813101961927], [73.31709670306316, 15.71459378944985], [73.31272705258743, 15.722374473234936], [73.30835739495933, 15.730155162773997], [73.30398773257963, 15.737935853789565], [73.29961806545055, 15.74571654627789], [73.29524839356827, 15.753497240243632], [73.29087871693224, 15.761277935686962], [73.28650903125867, 15.769058640233027], [73.28236992380744, 15.776428769864594], [73.28145730289134, 15.778018393412765], [73.27856317263695, 15.782338822187171], [73.27621100833062, 15.786085044637105], [73.27503371674601, 15.78800787839225], [73.27394371733635, 15.78988003542787], [73.27176238190356, 15.793721990982306], [73.2696680436054, 15.797609085314036], [73.2676617028468, 15.80153947087149], [73.26574431837162, 15.805511279433915], [73.26391680681263, 15.809522622969268], [73.26218004223085, 15.813571594560699], [73.26053485570912, 15.81765626927313], [73.25971868866407, 15.819751245860004], [73.25898203493188, 15.821774705100722], [73.25752232381438, 15.825924943862049], [73.25615642213143, 15.830105012142553], [73.25488498517927, 15.834312922221784], [73.25370862344948, 15.838546673026656], [73.2526279023383, 15.842804251052769], [73.2516433418536, 15.847083631360135], [73.25075541636511, 15.851382778508821], [73.25032682586016, 15.853585351994013], [73.24996455436485, 15.855699647537278], [73.24927113825811, 15.860032184901343], [73.24869649252315, 15.864475525961268], [73.24700514586686, 15.871995688702668], [73.24503195634662, 15.880768972887495], [73.24305875763503, 15.889542269437186], [73.24108555246312, 15.89831557508927], [73.23911234411867, 15.907088869435938], [73.23713913166176, 15.915862157544382], [73.23516591047672, 15.9246354559358], [73.23319268189198, 15.933408766693162], [73.23121945012696, 15.942182067946078], [73.22924621518297, 15.950955357897328], [73.22727297103802, 15.959728660212193], [73.22529971948882, 15.968501974889762], [73.22332646475479, 15.97727528006493], [73.22135320683577, 15.98604857394156], [73.21937993971187, 15.994821880179302], [73.21740666564807, 16.003595196696324], [73.21543338745869, 16.012368506976372], [73.21346010607772, 16.021141807756976], [73.21148681642444, 16.029915115834683], [73.20951351935844, 16.03868843627282], [73.20754021816276, 16.047461750473815], [73.20556691376942, 16.056235055178774], [73.20359360110024, 16.065008367177256], [73.2016202810139, 16.073781691534407], [73.19964695679221, 16.082555009656176], [73.19767362936858, 16.09132831828242], [73.19570029366395, 16.1001016342031], [73.19372695053806, 16.108874962479604], [73.1917536037401, 16.117648282440427], [73.18978025280023, 16.12642159616962], [73.18780689357254, 16.13519491899092], [73.1858335278564, 16.143968249104148], [73.1838601579949, 16.152741572984553], [73.18188678398616, 16.161514890636454], [73.17991340168612, 16.170288217374775], [73.17794001289258, 16.179061551406676], [73.17596661994878, 16.187834879207287], [73.17399322285326, 16.196608200776097], [73.17201981746075, 16.205381531434284], [73.17004640557064, 16.214154869383947], [73.16807298952551, 16.22292820110232], [73.16609956979102, 16.23170152451246], [73.16412614082128, 16.240474860268478], [73.16215270534707, 16.24924820511376], [73.16017926664927, 16.258021538669425], [73.15820582378967, 16.266794865997667], [73.15623237168927, 16.2755682056727], [73.15425891308081, 16.28434155443216], [73.15228545124347, 16.293114891905418], [73.15031198523883, 16.301888223152673], [73.14833851045773, 16.310661564663178], [73.14636502822907, 16.3194349185178], [73.14439154276374, 16.328208262886506], [73.14241805406289, 16.336981595972816], [73.1404445561135, 16.34575494139881], [73.13847105071193, 16.354528299167953], [73.13649754206881, 16.36330164745209], [73.13452403018493, 16.37207498445457], [73.13255050904786, 16.380848333796166], [73.13057698045361, 16.38962169547972], [73.12860344861383, 16.398395047678207], [73.12662991352732, 16.407168388596688], [73.12465636918307, 16.415941741854283], [73.12268281784543, 16.424715105370638], [73.12070926232195, 16.433488462662694], [73.11873570354527, 16.44226181047469], [73.1167621364421, 16.45103516556827], [73.11478856909275, 16.459808500904217], [73.11308313537143, 16.46738984859479], [73.11176166567134, 16.47293862930934], [73.11015707708293, 16.479676192941326], [73.10855247440713, 16.48641380567858], [73.10694823290112, 16.493149888071628], [73.10639360615141, 16.495620610368576], [73.10534890756793, 16.500574749137343], [73.10484958746395, 16.5031085530228], [73.104584509647, 16.50462187577807], [73.10406145321627, 16.507753296501676], [73.10358967681788, 16.51089228939469], [73.10316930041313, 16.51403807279877], [73.10297197645684, 16.515612550558103], [73.10193220938243, 16.524496365698553], [73.10089231788561, 16.53338119323905], [73.09985242149048, 16.542266013722667], [73.0988125173078, 16.551150843256437], [73.09777260713469, 16.560035681839167], [73.09673269206348, 16.568920511551482], [73.09569277096494, 16.57780534381766], [73.09465284409941, 16.586690175505282], [73.09361291146593, 16.595575006616627], [73.09257297392912, 16.604459828859717], [73.09153302833352, 16.61334466328151], [73.09049307673916, 16.62222950674817], [73.08945312049786, 16.63111434001388], [73.08841315822212, 16.639999174034585], [73.0873731899078, 16.648884010608924], [73.08633321594732, 16.657768845491887], [73.08529323594831, 16.66665368112797], [73.08425325103343, 16.6755385096979], [73.08321325831287, 16.68442334730912], [73.08217325958253, 16.693308193964867], [73.08113325593456, 16.702193031756394], [73.08009324623981, 16.711077872099338], [73.07905323075897, 16.719962711865264], [73.07801320949073, 16.728847551054116], [73.07697318329974, 16.73773238137852], [73.07593314903124, 16.7466172238735], [73.07489310874462, 16.755502075411187], [73.07385306379155, 16.764386916753153], [73.0728130127846, 16.77327175884841], [73.07177295572035, 16.782156603496333], [73.07073289285961, 16.791041447565362], [73.06969282532634, 16.799926281445153], [73.06865274970926, 16.80881112569267], [73.0676126678033, 16.8176959821065], [73.0665725812213, 16.826580828330577], [73.06553248883665, 16.835465673974852], [73.0644923903875, 16.844350520373155], [73.06345228587048, 16.853235369323954], [73.06241217667173, 16.86212020808665], [73.06137205964029, 16.87100505588296], [73.06033193631345, 16.879889914043247], [73.05929180803889, 16.88877476514432], [73.05825167408307, 16.89765961455288], [73.05721153405295, 16.906544464716205], [73.05617138794645, 16.91542931743038], [73.05513123602418, 16.924314169566173], [73.05409107940875, 16.93319901151972], [73.05305091469103, 16.942083863831726], [73.05201074366579, 16.95096872830129], [73.05097056794352, 16.959853582588096], [73.04993038639907, 16.96873843629737], [73.04889019877004, 16.97762329075914], [73.04785000505422, 16.98650814777153], [73.04702057668021, 16.993592703883962], [73.0453972338762, 17.000608669292603], [73.04337118036545, 17.00936509568976], [73.04134512098335, 17.01812152308304], [73.03931905523598, 17.026877953600774], [73.03729298410576, 17.03563438388653], [73.03526690759384, 17.044390812141387], [73.0332408268489, 17.053147234287508], [73.03121473719091, 17.06190366666334], [73.02918864041555, 17.07066010927008], [73.0271625394052, 17.07941654576473], [73.02513643300381, 17.088172982028425], [73.02311032121219, 17.09692941626372], [73.02108420304455, 17.10568585362097], [73.01905807899169, 17.114442291973887], [73.01703194905178, 17.12319873132367], [73.01500581273189, 17.131955173794893], [73.01297967314974, 17.14071160680345], [73.01095352513465, 17.14946804701367], [73.00892736949851, 17.158224499579205], [73.00690121010553, 17.16698094390847], [73.00487504481862, 17.175737389231074], [73.00284887314353, 17.184493837676882], [73.00082269606213, 17.193250285892816], [72.99879651357548, 17.20200673207927], [72.99677032469765, 17.210763181386994], [72.99474412991856, 17.21951963168891], [72.99271793137257, 17.22827607376115], [72.99170792165296, 17.232640928792136], [72.9913803927551, 17.233546870416433], [72.99035137206579, 17.236544075646236], [72.98937143257945, 17.239556436476676], [72.98844081819601, 17.242583210478415], [72.98755976069833, 17.24562365162086], [72.98672847968487, 17.24867701047549], [72.9859471825157, 17.251742534402638], [72.98556905219749, 17.253278241971373], [72.9854241724795, 17.253887970352764], [72.98488583708956, 17.256288320739486], [72.98387033275452, 17.26110094127057], [72.98338342051602, 17.263566064671068], [72.98301913956254, 17.265675495026812], [72.9823202451899, 17.270007385190922], [72.98171984285761, 17.274352889175987], [72.98127289009005, 17.278235119899023], [72.98110197397057, 17.278950694814455], [72.98085545540323, 17.280008908806792], [72.97898719712782, 17.28823630127522], [72.97711872146368, 17.296464625901365], [72.97525023924692, 17.304692960333114], [72.97338175404428, 17.31292128668599], [72.97151326362234, 17.32114961300408], [72.96964476797842, 17.329377941083806], [72.96777626985192, 17.3376062570656], [72.96590776235848, 17.345834588196908], [72.9640392488206, 17.35406292865514], [72.96217115671118, 17.362289390240676], [72.9618329416561, 17.36383710692934], [72.96118189891212, 17.366937483143943], [72.96086907691233, 17.36849011759375], [72.9592547965475, 17.376854292322946], [72.9576401965233, 17.385220096222156], [72.95602559074695, 17.39358590192404], [72.95441097922355, 17.401951711185916], [72.95279636268265, 17.410317519324053], [72.95118174112315, 17.418683326341124], [72.94956711381536, 17.427049135116988], [72.94795248075525, 17.435414947454092], [72.94633784267353, 17.44378075866871], [72.9447232014711, 17.452146558901518], [72.94310855171352, 17.46051237075369], [72.94149389519606, 17.468878196022843], [72.93987923555471, 17.477244010312177], [72.93826457052069, 17.48560982536992], [72.93664990045812, 17.493975639304495], [72.93503522463715, 17.50234145499553], [72.93342070883506, 17.510706415317827], [72.93327047833361, 17.511502625588662], [72.93301208096466, 17.513078183103175], [72.93140414469735, 17.518288589290023], [72.93062435242001, 17.520941268633976], [72.92823179803679, 17.52952882297592], [72.92583891067972, 17.538117553783366], [72.92344601755747, 17.546706284814263], [72.92105311866635, 17.555295017868616], [72.91866021400722, 17.56388375114875], [72.91626730611245, 17.572472477349947], [72.91387438901279, 17.58106121287682], [72.91148146450143, 17.58964995953113], [72.90908853745668, 17.598238694784072], [72.90669560322988, 17.606827436210608], [72.90430266392968, 17.615416177133852], [72.90190971885204, 17.624004918282537], [72.89951676799376, 17.6325936614561], [72.897123811357, 17.6411824048526], [72.89473084893734, 17.6497711502725], [72.89233788073614, 17.658359895916988], [72.88994490675003, 17.666948643583282], [72.88755192697892, 17.675537391475928], [72.88515894142006, 17.68412614139288], [72.88276595007562, 17.69271489153067], [72.88037295547474, 17.701303634596], [72.87797995165101, 17.7098923869832], [72.87558694039876, 17.718481150490675], [72.87319392588932, 17.72706990512512], [72.87080090558476, 17.73565866178194], [72.86840787948609, 17.74424741866312], [72.86601484758933, 17.75283617756685], [72.86362181059962, 17.76142493416927], [72.86122876640337, 17.770013696944034], [72.85883571710883, 17.778602459219655], [72.85644266201393, 17.787191221717308], [72.85404960111515, 17.795779986236994], [72.85165653441322, 17.80436875098013], [72.849263461904, 17.812957517747634], [72.84687038358948, 17.821546284737337], [72.84572809865847, 17.825837914615818], [72.84447730199861, 17.830135044659073], [72.84336545624058, 17.83430424003626], [72.84208421116807, 17.83872381389301], [72.83969111289082, 17.84731259424325], [72.83729801133552, 17.855901365727846], [72.83490490396633, 17.864490139232146], [72.83251179078405, 17.873078912960295], [72.83087506293674, 17.878953041431032], [72.8298006106022, 17.881551709136943], [72.82701445321487, 17.888290296612865], [72.82422937791387, 17.89502625776015], [72.82371995745052, 17.89628284326602], [72.82271874128742, 17.898802460466754], [72.82220786640829, 17.90011555644412], [72.82149534775567, 17.90204769148204], [72.8200755776657, 17.90602632296782], [72.8193874148709, 17.908022732720212], [72.81655381905085, 17.91654115034231], [72.81371928576777, 17.925062368273416], [72.81088474852885, 17.93358358468521], [72.80805020752729, 17.94210479358901], [72.80521611969283, 17.95062462406321], [72.80477755167823, 17.95197580706514], [72.80340132712098, 17.956323461801958], [72.80285115427239, 17.957921650898754], [72.80242567586464, 17.95914950206918], [72.80172841464469, 17.96123760014268], [72.80111988720364, 17.963130886432168], [72.80093135714168, 17.96363110605523], [72.79977577427564, 17.966868744096985], [72.79691905333516, 17.97534087956251], [72.79665620261102, 17.976131524243613], [72.79608646333872, 17.977870019625755], [72.7951627604267, 17.98001466284859], [72.7934981087597, 17.98409826105717], [72.7926698390612, 17.98619907328981], [72.79192686939939, 17.98821562338418], [72.790449795798, 17.992364792448654], [72.78787636677345, 18.000779562220828], [72.7874407474352, 18.002475141310413], [72.78683204234227, 18.004139528423707], [72.78383739384702, 18.01236684640031], [72.7808689282212, 18.02052239356749], [72.77790045607327, 18.028677946129847], [72.77493197976321, 18.036833496703935], [72.7719634981093, 18.044989048532102], [72.7689950111112, 18.053144601613326], [72.76602651994739, 18.06130015270611], [72.76305802225812, 18.06945570739458], [72.76008951804079, 18.077611267476584], [72.75712100965393, 18.085766825570317], [72.75415249591725, 18.093922384917676], [72.75118397682962, 18.102077945517124], [72.74821545356866, 18.110233504131372], [72.74524692377656, 18.11838906633932], [72.74227838744991, 18.12654463393784], [72.73930984694601, 18.134700199551048], [72.73634130113345, 18.14285576628697], [72.73337380959742, 18.151008423120345], [72.73272184475229, 18.152857105768703], [72.73145553868267, 18.156566242698034], [72.73084120630944, 18.158426673413146], [72.72837205644089, 18.166164692467817], [72.7259021071277, 18.173905202889387], [72.7234321570063, 18.181645704661207], [72.72096220430956, 18.189386197682325], [72.71849224369981, 18.197126701493403], [72.7160222783275, 18.20486720622199], [72.71355310202034, 18.212605224129106], [72.71248136778917, 18.216202298623557], [72.7104786078603, 18.223432081117323], [72.70954759433033, 18.227064765894283], [72.70750968597133, 18.235709174876717], [72.7054712698922, 18.244355713425136], [72.7034328478864, 18.253002253019304], [72.70139441778224, 18.26164880286717], [72.6993559848487, 18.270295344425108], [72.69731754728718, 18.27894187769226], [72.69527910162299, 18.287588421211296], [72.6932406500407, 18.2962349657123], [72.69120219253853, 18.304881511196186], [72.68916372911667, 18.313528057659028], [72.68712525977185, 18.322174605104692], [72.68508678450434, 18.330821153530565], [72.6830483033118, 18.339467702936645], [72.68100981619295, 18.348114253326287], [72.67897132096238, 18.356760813962296], [72.67693282288661, 18.365407366312127], [72.67489432016674, 18.374053910374926], [72.67285580933037, 18.382700464686195], [72.67081729256108, 18.391347019978582], [72.66877876985723, 18.399993576252598], [72.66674024173079, 18.408640131331993], [72.66470170715627, 18.41728668866699], [72.66266316612962, 18.425933250054243], [72.66062461967567, 18.434579810249886], [72.65858606728034, 18.4432263714275], [72.65654750675958, 18.451872942845284], [72.65450894337766, 18.460519505983143], [72.65247037533544, 18.469166060836926], [72.65043179916324, 18.47781262593338], [72.6483932170425, 18.486459192011807], [72.64635462897297, 18.49510575906919], [72.6443160349528, 18.503752327106895], [72.64227743498077, 18.512398896125546], [72.64023882905565, 18.521045466123667], [72.63820021717561, 18.529692037100745], [72.63616159933946, 18.538338609059792], [72.63412297336299, 18.54698519125725], [72.63208434451008, 18.555631765175974], [72.63004571098054, 18.564278330815455], [72.62800706930693, 18.572924906692094], [72.62596842166988, 18.581571483550135], [72.62392976806893, 18.590218061386963], [72.62189110901437, 18.59886463803099], [72.61985244348182, 18.607511216927776], [72.61781377146735, 18.616157799876078], [72.61577509399496, 18.62480438163226], [72.61373641055195, 18.633450964367228], [72.61169775718707, 18.64209739517463], [72.61150295334573, 18.642923604426755], [72.61067617492915, 18.645339704279763], [72.60938452414354, 18.649546217169586], [72.60818938611891, 18.6537785786291], [72.60709133633321, 18.658034776111947], [72.60609090421775, 18.66231278560241], [72.60518857289969, 18.666610572555555], [72.60475130310914, 18.668821600787567], [72.60441569168785, 18.670737323212848], [72.6037643766573, 18.674689838357892], [72.60319574485948, 18.678653927732682], [72.60271002746373, 18.682628019986907], [72.60230742281686, 18.686610539707658], [72.60198809635705, 18.69059990802782], [72.6017521805386, 18.694594543263577], [72.60159977477059, 18.698592861516374], [72.60153031052187, 18.702180371812858], [72.60154740772867, 18.703012497836767], [72.6010804018469, 18.70655075050064], [72.6008051144135, 18.70884988575682], [72.59987775633908, 18.717475384827765], [72.59895033882742, 18.726101390959684], [72.59802291766925, 18.734727376855233], [72.59709548857234, 18.743353373176888], [72.59616805333047, 18.751979381727892], [72.59524061455068, 18.760605369002803], [72.59431316782752, 18.76923136670058], [72.59338571495567, 18.777857376625263], [72.59245825842902, 18.786483366320965], [72.59153079417854, 18.79510936525014], [72.5906033237776, 18.80373537460372], [72.58967584949164, 18.81236136671987], [72.58874836747793, 18.820987368068074], [72.58782087953284, 18.8296133786518], [72.58689338770068, 18.83823937020037], [72.58596589077308, 18.8468653473484], [72.58522757031108, 18.853731895722774], [72.58446724112122, 18.859754682295318], [72.58348522408198, 18.867533485675438], [72.58250319604991, 18.875312331417717], [72.58152116274869, 18.88309118842284], [72.58053912601355, 18.89087003502226], [72.57955722181913, 18.898647794142732], [72.5792711818454, 18.90118506282164], [72.57876687961254, 18.906265717356916], [72.57854862184388, 18.908809078155343], [72.57791262208985, 18.917593771603038], [72.57727656547218, 18.926379165543892], [72.57664050269284, 18.93516456140219], [72.57600443390265, 18.943949956193762], [72.57536835895087, 18.952735351097942], [72.57473227783385, 18.96152074790973], [72.57409619070154, 18.970306143655023], [72.57346009740297, 18.97909153951099], [72.57282399793456, 18.987876937276553], [72.57218789244627, 18.996662333977326], [72.57155178078767, 19.005447730788262], [72.57091566295458, 19.014233129507204], [72.57027953909733, 19.023018527160843], [72.56964340906495, 19.031803924924418], [72.5690072728537, 19.040589324596], [72.56837113061385, 19.049374723204608], [72.56773498219422, 19.05816012192173], [72.56709882764119, 19.066945521856212], [72.56646266695634, 19.07573092120964], [72.56582649938207, 19.08451633217652], [72.56519032737333, 19.093301732374073], [72.56455414898176, 19.102087122972534], [72.56391796631198, 19.11087248906051], [72.56353448500113, 19.11616812674248], [72.56295922476681, 19.12143049899936], [72.5620036096102, 19.130172234782265], [72.5610479813729, 19.138914034026527], [72.56009234899022, 19.147655824981484], [72.55913671066475, 19.15639760584901], [72.55818106517938, 19.165139397758367], [72.55722541359023, 19.17388118924498], [72.55626975483773, 19.182622991772917], [72.55531409193497, 19.191364784215864], [72.55435842307963, 19.200106568369847], [72.55340274705878, 19.208848361764638], [72.55244706492482, 19.217590156536744], [72.55149137562273, 19.226331960546702], [72.5505356880023, 19.235073702831244], [72.54995258935867, 19.24040730963418], [72.5492639854736, 19.245131659908225], [72.54808065330326, 19.253250196673036], [72.54689730855534, 19.261368784829585], [72.545713956116, 19.269487382906618], [72.54453059927721, 19.277605982430828], [72.54334723624174, 19.285724581598686], [72.54216386730661, 19.293843192486804], [72.54111563763308, 19.301034635581175], [72.53915027652738, 19.30906453670707], [72.53707893333319, 19.317527423665524], [72.53500758235054, 19.325990322344126], [72.5329362272638, 19.334453215799442], [72.53086486918869, 19.342916098572346], [72.52879350208116, 19.351378991679496], [72.52672212773797, 19.359841895120326], [72.52465075213684, 19.368304780792926], [72.5225793674993, 19.376767676796817], [72.52050797562157, 19.38523058313484], [72.51843658018913, 19.39369348107283], [72.51636518175769, 19.402156368331134], [72.51429377372858, 19.41061926730015], [72.5122223578947, 19.419082179780105], [72.51015094134993, 19.427545072218834], [72.5080795157603, 19.43600797498499], [72.50600808292154, 19.444470888081298], [72.50393664651762, 19.45293379277939], [72.50186520654643, 19.46139668908137], [72.49979375752503, 19.469859595711284], [72.49772230124938, 19.47832251266817], [72.49565084427081, 19.486785409511924], [72.49357994379216, 19.495246005236936], [72.49298836106124, 19.497814926633737], [72.49187624473012, 19.50296659143305], [72.49134445964802, 19.505609537840712], [72.49098597779869, 19.50765312947425], [72.49029366115963, 19.51186770946913], [72.48997108619022, 19.51397846941694], [72.48873759580022, 19.5227006722871], [72.48750390154555, 19.53142427378657], [72.4862701988763, 19.54014788548801], [72.4850364909451, 19.54887149780302], [72.48380277595305, 19.557595110726822], [72.48256905588562, 19.56631872292371], [72.48133532856548, 19.57504233617078], [72.48010159578735, 19.583765952269232], [72.4788871418192, 19.592353201004585], [72.47687578354635, 19.600792775173716], [72.47483094635504, 19.609372804862744], [72.47278610222281, 19.61795283551743], [72.47074125073789, 19.626532876403928], [72.4686963976219, 19.63511289973536], [72.46665153535378, 19.643692933292982], [72.4646066679349, 19.652272967822398], [72.46256179356783, 19.66085300331781], [72.4605169118413, 19.669433049041857], [72.45847202847574, 19.678013077215837], [72.45642713595055, 19.686593115613675], [72.45438223774511, 19.695173157176953], [72.4523373331055, 19.7037531984123], [72.45215806384687, 19.70450537713731], [72.44535476680596, 19.707681872582498], [72.43721045809497, 19.71148449281344], [72.42906614004318, 19.71528711715615], [72.42092182605927, 19.71908973976832], [72.4127775143466, 19.72289236065029], [72.40463320639128, 19.726694979527508], [72.39648888433112, 19.7304976038414], [72.38834455740664, 19.73430023149416], [72.38020024168225, 19.738102853247653], [72.37205591661314, 19.74190547911377], [72.36391159561151, 19.745708103250024], [72.35576727688135, 19.749510725655455], [72.34762294880682, 19.75331335217311], [72.33947863372794, 19.757115972791496], [72.33133431198917, 19.76091859495142], [72.32318997614095, 19.76472122434626], [72.3150456440465, 19.76852385173771], [72.30690131602034, 19.77232647739862], [72.29875699026661, 19.77612910132831], [72.29061265516555, 19.779931729371185], [72.28246833306258, 19.783734351513317], [72.27432400429655, 19.787536975198407], [72.266179657245, 19.79133960806763], [72.25803532319253, 19.795142235036337], [72.24989099141021, 19.798944860274446], [72.24174665027908, 19.802747489626483], [72.23360231321408, 19.80655011724832], [72.22545797841963, 19.810352743139333], [72.21731364738213, 19.814155367024057], [72.20916930222882, 19.817957996350856], [72.20102495220402, 19.821760629018115], [72.19288061338523, 19.825563255782697], [72.18473626521262, 19.829365886662913], [72.17659192110648, 19.83316851581276], [72.16844757927322, 19.836971143230357], [72.16030323702319, 19.840773770590374], [72.15215888989951, 19.844576399495452], [72.1440145361048, 19.848379031742923], [72.13587018606631, 19.85218166198456], [72.12772583084677, 19.855984294393693], [72.11958147969472, 19.859786925071944], [72.11143713081407, 19.86358955401755], [72.10329278151579, 19.867392182906144], [72.095148427342, 19.87119481334082], [72.0870040664953, 19.874997447117607], [72.0788597052283, 19.878800080838744], [72.07071534803003, 19.882602712827918], [72.06257099310358, 19.886405343084675], [72.05442663298925, 19.890207975511544], [72.04628226769296, 19.894010610105624], [72.03813791540722, 19.897813238792196], [72.02999355644613, 19.901615869025306], [72.02184917917538, 19.90541850845301], [72.01370481491597, 19.909221141973603], [72.00556045292774, 19.913023773761722], [71.99741608157478, 19.916826409669568], [71.98927171429199, 19.92062904384437], [71.98112735822224, 19.92443167211104], [71.97298298384078, 19.928234307777302], [71.96483860457806, 19.932036946787377], [71.95669423653158, 19.935839579888807], [71.9485498632987, 19.939642215158926], [71.94040548487493, 19.943444852599953], [71.93226111051956, 19.947247488308278], [71.92411674738207, 19.951050118106366], [71.91597236592872, 19.9548527553049], [71.90782797958951, 19.958655395849746], [71.89968360446892, 19.9624580304843], [71.89153921998229, 19.96626066923892], [71.88339483955832, 19.970063306263057], [71.87525046140564, 19.973865941554152], [71.86710607806475, 19.977668579014505], [71.8589616984807, 19.981471214467263], [71.85081731401198, 19.985273851468662], [71.84267292285989, 19.98907649181632], [71.83452853128614, 19.992879132107703], [71.82638414378005, 19.996681770666385], [71.8182397585436, 20.00048440749225], [71.81009536393549, 20.00428704843995], [71.80195098234606, 20.008089683475248], [71.79380659407366, 20.011892320059758], [71.78566219164969, 20.01569496389584], [71.7775177929849, 20.019497605724098], [71.769373398389, 20.023300245817893], [71.76122900606208, 20.027102884179442], [71.75308460435917, 20.030905526664753], [71.74494021567659, 20.034708163236473], [71.73679582030923, 20.038510801357802], [71.72865140660701, 20.04231344868407], [71.72050700592621, 20.046116090096348], [71.71236260751436, 20.049918729775925], [71.70421819972387, 20.053721373580572], [71.69607379600143, 20.057524015651097], [71.68792939454806, 20.061326655988466], [71.67978499685353, 20.06512929431659], [71.67164058500441, 20.068931938101343], [71.6634961682609, 20.072734585234514], [71.65535176274432, 20.076537226452444], [71.64720734784714, 20.080339871795957], [71.63906293701609, 20.084142515406427], [71.6309185284552, 20.08794515728283], [71.62277411947048, 20.091747799102393], [71.61462970559222, 20.09555044247344], [71.60648528502242, 20.099353089193244], [71.59834086821036, 20.103155733903975], [71.5901964461973, 20.106958380788683], [71.58205202825064, 20.11076102593961], [71.5739076125742, 20.11456366935647], [71.5657631875124, 20.118366316900676], [71.55761877547889, 20.12216895852646], [71.54947435675331, 20.125971601704066], [71.5413299196739, 20.129774254094514], [71.53318549562124, 20.13357690056779], [71.52504107384175, 20.13737954530535], [71.51689664685898, 20.14118219221723], [71.50875221467095, 20.144984841304392], [71.50060779551427, 20.148787484471313], [71.49246336966371, 20.1525901291908], [71.48431892545506, 20.156392783124545], [71.47617449427457, 20.16019543114038], [71.4680300653655, 20.163998077420956], [71.45988562706611, 20.167800727830752], [71.45174119283257, 20.17160337650563], [71.44359676983402, 20.175406019260492], [71.43545233266309, 20.179208667478633], [71.42730788131774, 20.183011322957327], [71.41916344300233, 20.18681397251663], [71.41101900695747, 20.190616620340847], [71.40287456151907, 20.19441927229559], [71.39473012014548, 20.19822192251621], [71.38658568104262, 20.202024571001402], [71.37844124151275, 20.20582721943009], [71.37029679708007, 20.20962986941305], [71.3621523459442, 20.213432522749088], [71.35400789437801, 20.217235176030044], [71.34586344688046, 20.221037827575344], [71.3377190016538, 20.224840477384816], [71.32957455121579, 20.228643129371164], [71.32143010453677, 20.232445779346676], [71.31328565295485, 20.236248430876174], [71.30514119466841, 20.240051085758694], [71.2969967359519, 20.24385374058653], [71.28885228130179, 20.24765639367814], [71.28070782892138, 20.25145904503529], [71.27787637410853, 20.252866681875844], [71.27256336713975, 20.25526170052501], [71.269531490904, 20.25670581742628], [71.26652609323372, 20.25819471173969], [71.26441891839681, 20.25906435009017], [71.25627446295215, 20.262867001210054], [71.24812999331533, 20.26666965959788], [71.23998552743848, 20.270472315974473], [71.23184106563008, 20.274274970614385], [71.22369660608967, 20.278077623519096], [71.21555213714419, 20.281880280558482], [71.20740767226658, 20.2856829358617], [71.19926321863295, 20.289485585238594], [71.19111874661684, 20.293288242043104], [71.18297426968928, 20.297090902201774], [71.17482980400627, 20.300893556434175], [71.16668533310735, 20.304696212845442], [71.15854085699141, 20.308498871435233], [71.15039638494352, 20.312301528288458], [71.14225192414261, 20.316104179213653], [71.13410744495326, 20.319906837569135], [71.1259629608503, 20.32370949927946], [71.1178184879933, 20.327512155062948], [71.10967400572622, 20.331314814982363], [71.10152952752713, 20.335117473164814], [71.09338505159576, 20.33892012961161], [71.08524056625185, 20.342722790196092], [71.07709609395437, 20.346525444851068], [71.06895161494765, 20.350328101063553], [71.06080712173696, 20.354130764548415], [71.0526626322843, 20.35793342602159], [71.04451814689986, 20.361736085757173], [71.03637366378496, 20.365538743756474], [71.02822917125582, 20.369341405892953], [71.02008469177372, 20.373144062099925], [71.01194020557875, 20.376946719865657], [71.003795700983, 20.380749386862988], [70.99565120943373, 20.384552047930924], [70.98750672015518, 20.38835470726133], [70.97936222565414, 20.392157368772303], [70.97121772593079, 20.39596003246379], [70.96307323925657, 20.399762690223668], [70.95492874586773, 20.403565349543214], [70.94678423407225, 20.407368018096918], [70.93863973532609, 20.411170680719408], [70.93049523884935, 20.414973341604252], [70.92235073295228, 20.41877600663014], [70.91420623112163, 20.42257866991804], [70.90606173156084, 20.426381331468633], [70.89791723575985, 20.430183991005094], [70.8897727257459, 20.433986656021034], [70.88162821080982, 20.4377893243946], [70.87348370712732, 20.441591986835704], [70.86533919402109, 20.44539465341876], [70.857194684982, 20.449197318263657], [70.84905017821325, 20.45299998137051], [70.84090567100804, 20.45680264442217], [70.83276115887719, 20.46060530903611], [70.82461664002517, 20.464407977008477], [70.81647212073597, 20.468210644926273], [70.80832760551192, 20.472013311106764], [70.80018309255865, 20.475815975548755], [70.79203857437449, 20.47961864217376], [70.78389405995199, 20.483421306783782], [70.77574954060412, 20.487223972955405], [70.76760501453174, 20.491026642486474], [70.75946048801967, 20.49482931196394], [70.7513159655735, 20.49863197970359], [70.74317144539685, 20.502434645704852], [70.73502691629506, 20.50623731561427], [70.72688813374492, 20.5100373026263], [70.72539077468309, 20.51075023611736], [70.72240808563822, 20.512198187558795], [70.71944989477652, 20.51369013148627], [70.71651693294223, 20.515225699639643], [70.71502652996713, 20.51602080621859], [70.71305464031752, 20.517119314074307], [70.70907644154408, 20.51939008290418], [70.70515165104405, 20.52174197975461], [70.70346214671292, 20.5228037970287], [70.70010100607067, 20.523432795816348], [70.69555938398588, 20.5243800407726], [70.69104071766992, 20.525420276365196], [70.68654715004755, 20.52655300934532], [70.68208081228181, 20.527777702593824], [70.67764382276624, 20.52909377537418], [70.67323828614985, 20.53050060359857], [70.67102110425685, 20.5312343281023], [70.66813606327861, 20.532267572446983], [70.6623542746546, 20.53442880068053], [70.65664170109142, 20.53674779274786], [70.65100319016267, 20.539222581957517], [70.64820304120803, 20.540498643276862], [70.64001913683853, 20.54436752078999], [70.63728121566379, 20.545708785878162], [70.63184755701542, 20.548465268800044], [70.63042777594956, 20.549210919004054], [70.62833983753808, 20.549950337176597], [70.62400295370912, 20.55153662701315], [70.6197037485407, 20.553211542726103], [70.61544426206177, 20.554974289974382], [70.61122651565029, 20.556824032744373], [70.60705251110778, 20.558759893728904], [70.60333281555745, 20.56058092551973], [70.59966045650378, 20.56166996088598], [70.59525398540893, 20.563076780814583], [70.59303629439285, 20.563810514248416], [70.5908810639902, 20.56457368854393], [70.58654376683512, 20.566159974203913], [70.58224415182104, 20.567834885519858], [70.57798425916451, 20.569597628156146], [70.5737661104277, 20.571447366105076], [70.5695917076082, 20.57338322206084], [70.5654630321601, 20.575404277846644], [70.56138204408461, 20.57750957483762], [70.55932327559844, 20.578599673051258], [70.55835693347478, 20.579131056116807], [70.55636973108585, 20.580236977794243], [70.55537929755121, 20.580794992101346], [70.55440764686381, 20.581350516722182], [70.55328328923815, 20.581617905899975], [70.54915846131075, 20.582525796285097], [70.54505354029874, 20.583510546031164], [70.54097013936206, 20.584571768213493], [70.53690986332953, 20.58570904584377], [70.5326364548747, 20.586998345168354], [70.52839803604172, 20.588082800711106], [70.52392990810546, 20.589307480246134], [70.5194911398126, 20.59062353832411], [70.51508383663241, 20.592030350872733], [70.51286569231371, 20.59276409224435], [70.51071008926209, 20.593527250771842], [70.50637197267775, 20.595113528157015], [70.50207154513424, 20.596788430761762], [70.49781084721923, 20.598551164260982], [70.49359190086841, 20.600400892656353], [70.48941670845403, 20.602336738648262], [70.48528725179688, 20.604357784070487], [70.48120549125701, 20.60646307030919], [70.47920884674255, 20.607520069567954], [70.47863234966974, 20.60774458339239], [70.47437134667928, 20.609507313432175], [70.4701520981481, 20.611357038210144], [70.46597660659239, 20.613292880429128], [70.46184685396787, 20.61531392192859], [70.4607191137552, 20.615883310673496], [70.45560967571794, 20.617913080271364], [70.45063978601547, 20.62003207820709], [70.44816918661468, 20.62112143608067], [70.44329260602876, 20.62334352326394], [70.44156528868518, 20.624148763886012], [70.43812631866746, 20.625788447809384], [70.43471930097621, 20.62748628724114], [70.43134534495033, 20.62924172985339], [70.42963624196125, 20.630150341976673], [70.42817792558765, 20.630956920448625], [70.4273928999371, 20.631399009139216], [70.42330093064714, 20.633399745460736], [70.41921839394553, 20.635505020905214], [70.41715875095144, 20.636595158492526], [70.4150351925839, 20.63777942740728], [70.41075743581979, 20.64022827834583], [70.40654175320896, 20.642770829726658], [70.40555838191773, 20.64336474370276], [70.4011731380084, 20.64517544862707], [70.39695290436975, 20.647025161613612], [70.39277643759806, 20.64896099154197], [70.38864572010516, 20.650982020261438], [70.38456271285605, 20.65308728916625], [70.38250280418117, 20.65417743869301], [70.38052935439873, 20.655275799665503], [70.37818582484323, 20.65659890832029], [70.37489998718348, 20.658083200780254], [70.37173732387521, 20.659574779395882], [70.37016254626963, 20.66033287797893], [70.36821908045044, 20.66127614917872], [70.36382573058643, 20.66298431383592], [70.3595631864057, 20.66474702641557], [70.35534241132996, 20.66659673293009], [70.35116540856495, 20.66853255610863], [70.34703416077184, 20.670553577807084], [70.34295062915851, 20.672658839427925], [70.34089042443316, 20.67374900224911], [70.33891675252045, 20.67484734238616], [70.33477677412998, 20.677212431066437], [70.33261680625623, 20.67836630544724], [70.33078830146212, 20.679381984671124], [70.32709256956969, 20.68148167796022], [70.32344261504187, 20.68365120548657], [70.31983992802725, 20.68588968261986], [70.31628597958877, 20.688196196579213], [70.31278222111803, 20.69056980679568], [70.30933008372659, 20.693009545303994], [70.30593097769656, 20.695514417112236], [70.30424485386237, 20.696782993960994], [70.29736681566595, 20.702065546866834], [70.29684043658824, 20.70247243643314], [70.29598436422839, 20.703138485184923], [70.29332745742073, 20.705053605524938], [70.2896930130513, 20.707793573761762], [70.28785677563621, 20.709209659572707], [70.28657596918293, 20.710236269524955], [70.2839629106669, 20.712364316092874], [70.28313376152818, 20.71306194023839], [70.28167190067592, 20.71370238054891], [70.27749360530368, 20.71563818746546], [70.2733610786322, 20.717659192249073], [70.26927628245801, 20.719764436321327], [70.26721536385833, 20.72085463114746], [70.26524115616127, 20.721952921115587], [70.26125761582722, 20.724223608530735], [70.25732755330381, 20.72657542143554], [70.25345283533602, 20.729007244162915], [70.24963530267195, 20.731517923039576], [70.2463630450352, 20.733771389214155], [70.24512399199085, 20.734543379265062], [70.24312670029121, 20.73581851257279], [70.23028080731928, 20.744219717730118], [70.22832594986289, 20.74552892041703], [70.2244478667219, 20.748188282078388], [70.22395379137026, 20.74854333253745], [70.22137570373673, 20.749798324456208], [70.21852625148676, 20.751237216026027], [70.21570023779879, 20.752716487929206], [70.21426242320553, 20.75348284714812], [70.21230531726337, 20.754571145956163], [70.20835540121737, 20.75682119953234], [70.20445801583833, 20.759150975800083], [70.20061498001667, 20.76155938885023], [70.19870726097031, 20.762783105161077], [70.1979314045393, 20.76329241702166], [70.19601912606186, 20.764577367519166], [70.1922249975728, 20.767186477633402], [70.18849270532098, 20.769873407329953], [70.18482405477391, 20.772636859126408], [70.18297086412053, 20.774065112868527], [70.18123629051041, 20.775462759221284], [70.17773055701707, 20.778349106237272], [70.17466566296667, 20.780947286012065], [70.17116413864164, 20.78320779636948], [70.16786676307368, 20.78542817958646], [70.16461471316285, 20.787706977320113], [70.15980888690609, 20.791280383029743], [70.15948932634979, 20.791526026020335], [70.15679015031759, 20.793287350209937], [70.15417336018368, 20.79505149219534], [70.15158508365118, 20.796852485589397], [70.14902590796544, 20.798689922454457], [70.14649641383465, 20.800563386589545], [70.14399717532126, 20.802472453608345], [70.14272013999755, 20.803463443523867], [70.14188789806815, 20.80413389552001], [70.1413137024125, 20.804486253558423], [70.13848474602673, 20.80625240305278], [70.13568593732174, 20.80806056676613], [70.13291798230597, 20.80991028925297], [70.13018157928394, 20.81180110459053], [70.12747741869816, 20.813732536482064], [70.1234621446219, 20.816746133824438], [70.12271106985156, 20.817343731597475], [70.1159848844319, 20.82274528229931], [70.11070705165059, 20.82727902340116], [70.10680742496095, 20.830860889479027], [70.1048818599129, 20.83267517092287], [70.10161820544693, 20.835829455879832], [70.0984271734801, 20.838025435654913], [70.09472688098276, 20.840690168967853], [70.09108917321134, 20.843430073784646], [70.08925103803483, 20.84484632262763], [70.08762550224617, 20.846153677419522], [70.08572674518632, 20.847583063364937], [70.0838599348848, 20.849020862155214], [70.08212463590314, 20.85041838255205], [70.079819662273, 20.852303988731308], [70.07607311149104, 20.855122061462055], [70.07423481206439, 20.856538324368273], [70.07220431525002, 20.8581795879266], [70.06811880910027, 20.861566372274297], [70.06412629293368, 20.86504984909135], [70.06022936030911, 20.868627761018786], [70.05922483134276, 20.86955507851451], [70.05545003868406, 20.87227052114207], [70.051811567333, 20.875010411154165], [70.0499729882714, 20.876426697986176], [70.04823742318865, 20.87782417229363], [70.0446052871684, 20.88081707734841], [70.04317829366141, 20.881924245017615], [70.04140914688548, 20.883349306832315], [70.03783515026987, 20.8862921671726], [70.03606551121254, 20.88778223494097], [70.03247347380795, 20.89087497918996], [70.03120168720659, 20.89198794638463], [70.02867747214134, 20.894233148276044], [70.02814845550228, 20.8947192346634], [70.02768503343606, 20.895068159123355], [70.02584617205275, 20.89648447008682], [70.02411041191374, 20.897881910650938], [70.02060182566413, 20.900768197938703], [70.01716094336894, 20.903725651327363], [70.01378940187402, 20.906752867303226], [70.01048880539719, 20.909848409171957], [70.00709631348616, 20.913179060482605], [70.00573136957058, 20.9142718644423], [70.0039954362432, 20.915669275072844], [70.00048643377613, 20.918555553663225], [69.99704514305688, 20.9215129981946], [69.99367320112975, 20.924540205157257], [69.99037221240422, 20.92763573786334], [69.98714374791433, 20.930798127103913], [69.98398934455696, 20.934025871852725], [69.98091050437205, 20.937317439962385], [69.98010428510827, 20.93819898117357], [69.97918294797421, 20.938776399614824], [69.97536010136372, 20.941286987011324], [69.97159633362946, 20.943875237054556], [69.96789343338685, 20.94653992179269], [69.9642531606707, 20.949279776932087], [69.96241353467303, 20.950696153147135], [69.96114739103115, 20.95170914206426], [69.95856223267305, 20.953810153470158], [69.95601308780897, 20.955949678839488], [69.95350060755845, 20.95812717294166], [69.95225360746201, 20.959225336852057], [69.95081142595075, 20.960515854707808], [69.94869943070842, 20.962458697706836], [69.94453325875872, 20.966398408914927], [69.94048441247969, 20.97044469539702], [69.93655598778128, 20.974594472577394], [69.93442963011125, 20.976912844992114], [69.92280653705666, 20.98737836481604], [69.92072375233755, 20.989298411150912], [69.91660995139745, 20.993195482294425], [69.91290104750021, 20.9968910832921], [69.91168395028114, 20.998166860257015], [69.91122409494187, 20.998578118402804], [69.90779246849576, 21.001789167226264], [69.90456239929631, 21.004951517654376], [69.90140642696235, 21.008179223056857], [69.89832605429535, 21.011470751308252], [69.89676947844595, 21.013171887737485], [69.89630157988734, 21.013709804850635], [69.8936539887813, 21.016192446789773], [69.88939383229899, 21.020425502131786], [69.88526594349418, 21.024772653994262], [69.88319999034178, 21.027013937395793], [69.88175315100386, 21.02866655740428], [69.87882807020048, 21.032081006579062], [69.87598288828963, 21.035554502807315], [69.87321896168385, 21.03908539686728], [69.87114249878425, 21.04186290250965], [69.87068156177958, 21.04235804314675], [69.87001415103941, 21.043081871105585], [69.86868015415473, 21.04454261524529], [69.86793875806939, 21.04536430530169], [69.86614741438802, 21.046850091721296], [69.86270316517806, 21.0498074722056], [69.85932832263347, 21.052834614011488], [69.85602449254145, 21.05593008050954], [69.85279324729441, 21.059092402543286], [69.84963612511069, 21.062320079151903], [69.84655462933335, 21.065611578242795], [69.84499738602375, 21.06731281100815], [69.84416782051062, 21.0682548124052], [69.8409438915063, 21.071550761375647], [69.83793239829845, 21.07477042948784], [69.83640930709862, 21.076435064127395], [69.8357239606417, 21.077208688350936], [69.8342912339034, 21.078842503801354], [69.83358003737612, 21.079662256542917], [69.81926343624218, 21.09633975692026], [69.80094830636722, 21.115636979864803], [69.7999408735813, 21.11671357408767], [69.79794115272131, 21.118881508704533], [69.79691383532162, 21.120011999309156], [69.79553080566762, 21.121589177337512], [69.79272953937368, 21.124850577227903], [69.7913484296813, 21.126493206417422], [69.78077222428237, 21.139343224166453], [69.77982217253486, 21.140380606075553], [69.7785479958502, 21.14183104988325], [69.77587434090776, 21.144937093453905], [69.76370347357567, 21.157632478476216], [69.76250093978013, 21.158906808511176], [69.7601163779537, 21.16147720381008], [69.75889991802092, 21.16281179950164], [69.75808462995826, 21.16373334038434], [69.7563953008779, 21.16566611584227], [69.75555725344111, 21.16663716420169], [69.7165189360228, 21.212431323023452], [69.6579136276269, 21.279160645996512], [69.62911177402754, 21.31106033975908], [69.62772088258873, 21.312509146158163], [69.61839608913328, 21.32241258420811], [69.6175575121361, 21.323313865659145], [69.61589181065892, 21.32512573731168], [69.61502858885115, 21.32607657211065], [69.61236012121049, 21.3291757913388], [69.61177587338847, 21.329912245816445], [69.6106655945049, 21.331177932984303], [69.60957583477193, 21.332447662641187], [69.60867023790013, 21.333526239731953], [69.60815718225365, 21.334073757695194], [69.60602935861243, 21.336524320226545], [69.60398478202796, 21.33903634613722], [69.60206443922283, 21.34147419827997], [69.58063600861118, 21.363923006281084], [69.57953706426201, 21.365092096482442], [69.57735618241873, 21.367448707056667], [69.57625783283322, 21.368654620765824], [69.57318928819967, 21.372079402308657], [69.57096183050567, 21.374650216565954], [69.56659906346738, 21.37985830074888], [69.5644646113675, 21.382494419861416], [69.56325958631442, 21.384034600034113], [69.55725443465371, 21.39012660829661], [69.55558886117063, 21.39185587922981], [69.55295475309765, 21.394655176289177], [69.55247627181996, 21.39501455823597], [69.55067157668259, 21.396400466269995], [69.54863815736348, 21.39803791650121], [69.54454455809429, 21.40141846641535], [69.54054395451698, 21.40489537930614], [69.53663893658347, 21.408466409905373], [69.53471065099217, 21.410275129407864], [69.51453951003248, 21.42967911657763], [69.51255400780036, 21.431640825820125], [69.51071953255786, 21.433502764087166], [69.50779531249304, 21.43456589750491], [69.50347071254771, 21.436240544275336], [69.49918605871437, 21.438003009397107], [69.49494338403719, 21.43985245712946], [69.49074470189885, 21.441788010444952], [69.48659200502556, 21.44380875146055], [69.48248726459605, 21.44591372185056], [69.48041510192348, 21.447004411581077], [69.47843242928445, 21.448101923305956], [69.47442942434799, 21.450372318003076], [69.47048015072431, 21.452723829088143], [69.46658648415098, 21.455155341171007], [69.4627502742386, 21.45766570087602], [69.45897334364065, 21.460253717355386], [69.45525748716125, 21.462918162868675], [69.45160447092132, 21.465657773350415], [69.44975744751792, 21.4670747728033], [69.44801603151632, 21.46847124900802], [69.44449387520928, 21.4713572549212], [69.44103967709344, 21.47431442169028], [69.43765508032703, 21.477341346058495], [69.43434169532884, 21.480436591591058], [69.43110109903319, 21.48359868933204], [69.42793483412123, 21.48682613851463], [69.42484440830219, 21.490117407250068], [69.42328186384339, 21.491819397233996], [69.42183129357932, 21.493470933265314], [69.41889692556674, 21.496885124618075], [69.41604270278111, 21.500358360469875], [69.41326998599038, 21.50388899183207], [69.41058009754738, 21.507475342356884], [69.40797432077579, 21.51111570910558], [69.40545389932947, 21.514808363379473], [69.40302003661026, 21.51855155151634], [69.40214266639487, 21.519935544792986], [69.40094749428175, 21.521153515258618], [69.39523531263535, 21.525889387599477], [69.39298358243144, 21.527810092120774], [69.3885339692385, 21.53171496172922], [69.38633878706969, 21.53369688356048], [69.3488779768976, 21.56848036828484], [69.3471796216287, 21.570092678135836], [69.3438219644604, 21.57335274813306], [69.34193014171308, 21.57539913065017], [69.34055344284297, 21.57677026894231], [69.3387425554838, 21.578615664747588], [69.33724913367428, 21.580209152509212], [69.3356260635004, 21.581954664738532], [69.33377045810408, 21.584077946401408], [69.33200301411932, 21.58514827601016], [69.32791226295524, 21.587845753506997], [69.32313152166137, 21.591156617558568], [69.32057415979949, 21.592983698142632], [69.31551891880889, 21.59670860532441], [69.31298434133532, 21.598635192848974], [69.31129124804238, 21.599990819390484], [69.30933358253856, 21.601591431210636], [69.30863121012783, 21.6020925695168], [69.30606860319068, 21.603979140321087], [69.30353685862536, 21.60590184530315], [69.30224204466958, 21.606900948047837], [69.30104688505673, 21.607851903446374], [69.29859898729381, 21.609828574894948], [69.2973829801706, 21.610825507515983], [69.29153262032742, 21.61569488740696], [69.28847094096159, 21.618344393289533], [69.2824595765976, 21.623752437100563], [69.27951160123814, 21.626509317775742], [69.2640819214538, 21.641479802594347], [69.2621116479221, 21.64298740951648], [69.26036844621626, 21.64438358666564], [69.25684201461922, 21.64726950484561], [69.25338362134363, 21.65022658223961], [69.24999491152778, 21.65325341567734], [69.24667749754337, 21.65634856880564], [69.24343295824957, 21.659510572743613], [69.24026283820456, 21.66273792680977], [69.23716864695854, 21.666029099199648], [69.23560387025867, 21.6677314039635], [69.23431379183205, 21.669194805841528], [69.23169138280394, 21.672227302549004], [69.23079711296782, 21.673184479446036], [69.22687666085375, 21.675728294344992], [69.22318706220813, 21.678237226043677], [69.21955516173676, 21.680818736963715], [69.21598259477878, 21.68347166685885], [69.21420987107547, 21.68481696212018], [69.18770582789182, 21.705365687562107], [69.1872723565017, 21.705703475319012], [69.18528895256406, 21.70729610039666], [69.18089446903036, 21.710912327491712], [69.17872128519889, 21.712750301984272], [69.15324963856733, 21.734873266773093], [69.14985721484351, 21.737321799600466], [69.14657757580233, 21.73978785826739], [69.1449136312184, 21.741064837326235], [69.14325949588056, 21.74238726808261], [69.13990742430417, 21.745122439719523], [69.13661655194733, 21.747921789911345], [69.13338828857655, 21.75078412242692], [69.13022401743649, 21.753708214062954], [69.12712509466547, 21.756692815156157], [69.12498925395516, 21.758836818885186], [69.12192909431303, 21.761482144748072], [69.11810679367665, 21.76495520607068], [69.11621867271128, 21.766713802561867], [69.10410003403899, 21.778282968957626], [69.09798149005445, 21.784102106629234], [69.09654112149775, 21.78549860579335], [69.09368936985425, 21.78831734844067], [69.09089631194877, 21.79118694369828], [69.0899540288753, 21.79219336848638], [69.08643301219405, 21.795155057205363], [69.08506191553067, 21.796328447252563], [69.08233651811429, 21.798701577552094], [69.07965546787966, 21.80111840664631], [69.07701956955924, 21.803578211088052], [69.07442961449357, 21.806080254528354], [69.07188638040071, 21.80862378792665], [69.06814301540658, 21.812570109726494], [69.06739985528964, 21.813405364023538], [69.06280735090309, 21.818623740837552], [69.0567576530392, 21.824432892207085], [69.05541620132806, 21.825744352097104], [69.05275521859187, 21.828393214602272], [69.05014587126607, 21.83108652777247], [69.04758901309822, 21.833823413346465], [69.04628661142016, 21.835243944872616], [69.04518382941706, 21.836489860255426], [69.0429269152994, 21.839081812922473], [69.04071640509466, 21.84170842110126], [69.03981316356953, 21.842792934725765], [69.03605411553508, 21.846261473083985], [69.02886541706658, 21.85322786850685], [69.02536073405133, 21.856791771934127], [69.00781614808699, 21.875514897097105], [69.007128593885, 21.876255763164465], [69.00576119112986, 21.87774377257489], [69.00504408864259, 21.878532288346662], [69.0035367565639, 21.8802451281706], [69.00216846032032, 21.881835362525294], [69.00127230406656, 21.882746269600602], [68.99817334951956, 21.886037320766206], [68.99660575145913, 21.887740020060505], [68.995157795029, 21.889383802891246], [68.99320482312908, 21.891628321413577], [68.99032835431603, 21.894559443557114], [68.98896356697139, 21.895979077196557], [68.94671611541935, 21.9407526266358], [68.9459083200021, 21.94161826362597], [68.94430322954742, 21.943358220242942], [68.94346857784626, 21.944274008950572], [68.94236396128235, 21.945521043153576], [68.94010297847854, 21.9481157220589], [68.9378885332984, 21.95074512816865], [68.93572124057573, 21.953408534456685], [68.93465127947945, 21.954746312951613], [68.92435887102698, 21.96783814660398], [68.92137127766534, 21.97056825096024], [68.92026706606993, 21.971403164071376], [68.91889572251887, 21.972457633814713], [68.91746924625056, 21.973592915690347], [68.91456376871355, 21.975946275252113], [68.91170374882086, 21.978347637890295], [68.90889009947693, 21.98079623899082], [68.9061237189544, 21.98329129886332], [68.90340549061989, 21.985832022979025], [68.90073628264025, 21.988417602229674], [68.8981169477114, 21.991047213180877], [68.89681984513902, 21.992372914381576], [68.89479747180837, 21.99447726832227], [68.89367299207981, 21.99566603897148], [68.89144423179721, 21.998059968825658], [68.89030241535403, 21.99930677669505], [68.88871170925705, 22.00111503707012], [68.88550282818437, 22.0048504722144], [68.88392228908918, 22.00673587844699], [68.86798748171691, 22.026214514793537], [68.86201021297882, 22.03342519647248], [68.85721281740666, 22.037787682339797], [68.8553329184681, 22.03953966622271], [68.85161588322637, 22.043090143339498], [68.84799387354911, 22.046725056323396], [68.84446910094783, 22.05044219302107], [68.84252545377808, 22.05255033643573], [68.84161173104411, 22.053573469147807], [68.8412402035973, 22.053992154940886], [68.81441720947066, 22.0843779687537], [68.81303218603819, 22.085979640432868], [68.81029745873207, 22.089209147408496], [68.80763416473587, 22.092490139516542], [68.8055864973237, 22.095122974276705], [68.80366319607566, 22.096911744094143], [68.80040860494933, 22.10007351091582], [68.79722865712034, 22.1033006245421], [68.79412486684168, 22.10659155337322], [68.79255440720146, 22.108294649143602], [68.79109871251933, 22.109944735430588], [68.7881516360236, 22.113358579071075], [68.7852850419909, 22.116831463752987], [68.7825002971631, 22.120361740779913], [68.77979872971355, 22.123947734104433], [68.77718162863704, 22.127587741079026], [68.77465024310476, 22.131280033297855], [68.77220578186774, 22.135022857401452], [68.77097215694891, 22.136960230016143], [68.76990651509595, 22.138717877724446], [68.76774914394292, 22.14236107693074], [68.76567314393014, 22.146045103966742], [68.7636794107811, 22.149768380539626], [68.76270321469514, 22.15163961652786], [68.75828649424534, 22.160333100720266], [68.75725509228312, 22.162424711252356], [68.75524392132252, 22.16662940861403], [68.75333662427795, 22.170875912052338], [68.7515342109379, 22.175161994137625], [68.7506345924727, 22.17737776469596], [68.74987602571946, 22.179380350539248], [68.74835791000311, 22.18352716747495], [68.74693720065045, 22.18770382627224], [68.7456145816198, 22.19190834158735], [68.74439069041296, 22.196138714680956], [68.74326611776263, 22.200392934348713], [68.74224140733804, 22.20466897786997], [68.74131705547421, 22.20896481193938], [68.74086680502268, 22.211186789702765], [68.7404270002852, 22.213682452313947], [68.73959236679752, 22.21882256839052], [68.7392675633867, 22.221014328643605], [68.73899477062446, 22.221723420931653], [68.73829960861667, 22.223031692994425], [68.73630540215822, 22.227000016944544], [68.73440453987928, 22.231007875487023], [68.73259793289185, 22.235053364356418], [68.73088644775976, 22.2391345612304], [68.73002974665326, 22.241247160382386], [68.72973705496014, 22.242003622752975], [68.72910964906686, 22.243645714529293], [68.72879977221203, 22.24446801415678], [68.7256760162602, 22.252873313221016], [68.72255087033056, 22.261282336489842], [68.71942571791442, 22.269691361302705], [68.71630056024719, 22.27810038433114], [68.71317539500683, 22.286509410924054], [68.71005022218799, 22.294918442879975], [68.70692504411363, 22.303327473050103], [68.70379985962074, 22.311736504558382], [68.70067466870739, 22.320145537406745], [68.69754947137164, 22.32855457159343], [68.69442426761259, 22.336963607119117], [68.6912990574279, 22.345372643983637], [68.68817384081615, 22.35378168218682], [68.6850486177758, 22.362190721727927], [68.68192338830488, 22.370599762608606], [68.67879815240155, 22.379008804827947], [68.67567291006446, 22.38741784838618], [68.67254766129179, 22.395826893282845], [68.6694224060825, 22.404235939515843], [68.6662971444332, 22.412644987090232], [68.66317187634354, 22.421054036003568], [68.66004660181142, 22.429463086254543], [68.65692132083569, 22.4378721378431], [68.65379603341398, 22.44628119077055], [68.65067073954492, 22.454690245037114], [68.64754543922663, 22.463099300640806], [68.64442013245753, 22.471508357583673], [68.64129481923601, 22.479917415864804], [68.63816949956004, 22.488326475483746], [68.63504417458842, 22.496735533319566], [68.63191884200029, 22.505144594715944], [68.62879350179145, 22.513553661470155], [68.62566815628088, 22.521962726442894], [68.62254280430795, 22.530371792753897], [68.61941744587011, 22.538780860402653], [68.6162920809669, 22.54718992938939], [68.61316670959519, 22.555598999713368], [68.61004133175408, 22.56400807137601], [68.60691594744145, 22.57241714437606], [68.60379055665584, 22.580826218714606], [68.6006651593957, 22.58923529438988], [68.59753975879073, 22.59764436297621], [68.59441434767683, 22.606053441328072], [68.59128892784844, 22.614462529446712], [68.58816350467168, 22.622871610474476], [68.58503807501097, 22.631280692840562], [68.58191263886499, 22.63968977654548], [68.57878719623318, 22.64809886158514], [68.57566174711235, 22.65650794796312], [68.57253629150085, 22.664917035680503], [68.56941082939807, 22.673326124733478], [68.56628536080052, 22.681735215125343], [68.56315988570827, 22.690144306854222], [68.56003440411882, 22.69855339991983], [68.55690891602984, 22.706962494324102], [68.5537834225994, 22.715371586947754], [68.55065792150913, 22.72378068312713], [68.54753241275421, 22.732189784660818], [68.54440689865208, 22.740598884415476], [68.5412813780419, 22.749007985507376], [68.53815585092337, 22.757417087935096], [68.53503031729326, 22.7658261917004], [68.53190477715083, 22.77423529680283], [68.52877923049272, 22.782644403243694], [68.52565367731893, 22.791053511021232], [68.52252811762696, 22.79946262013516], [68.51940255141523, 22.8078717305865], [68.51627697868219, 22.816280842374738], [68.51315139942506, 22.824689955500958], [68.51002581364344, 22.833099069963453], [68.50690022133506, 22.841508185762734], [68.5037746224977, 22.84991730289954], [68.50064901712977, 22.858326421373988], [68.49752340523031, 22.866735541184596], [68.4943977867971, 22.875144662331024], [68.4912721618283, 22.883553784815604], [68.48814653032161, 22.891962908636344], [68.485020892276, 22.900372033794667], [68.48189524768998, 22.90878116028904], [68.47876959656094, 22.91719028811974], [68.47564393888763, 22.92559941728763], [68.47251827582573, 22.934008544677965], [68.46939260506053, 22.942417675618685], [68.46626692658572, 22.95082681191053], [68.46314124271646, 22.95923594642636], [68.46001555229515, 22.96764508227716], [68.45688985531854, 22.97605421946372], [68.45376415178481, 22.98446335798843], [68.45063844169317, 22.992872497848055], [68.44751272504072, 23.001281639045658], [68.44438700182695, 23.009690781578], [68.44126127204868, 23.018099925447245], [68.43813553570476, 23.0265090706539], [68.4350097927944, 23.034918217194615], [68.43188404331437, 23.043327365072003], [68.42875828726324, 23.05173651428737], [68.42563252463952, 23.060145664837876], [68.4226409642776, 23.068193759201392], [68.41872011373897, 23.071357514173542], [68.41190537454736, 23.07685636162398], [68.40509063372133, 23.08235520975569], [68.39827589624156, 23.087854053479532], [68.3914611603085, 23.0933528945921], [68.3846464161166, 23.098851739935412], [68.37783166957303, 23.104350586535872], [68.37102244362586, 23.109844976113493], [68.3688140450248, 23.111676520817127], [68.36445197371688, 23.115394662072276], [68.36229831862795, 23.117281244861317], [68.35597418316945, 23.122974239198243], [68.34964498566075, 23.1286717875563], [68.34331577833598, 23.13436934280486], [68.33698657336748, 23.14006689398593], [68.33065735266155, 23.1457644565794], [68.32432813028618, 23.151462020433712], [68.31799921105608, 23.157159308537757], [68.31461231207521, 23.160208191342292], [68.31080456941146, 23.163386062144355], [68.30394879625021, 23.16910776126457], [68.2970927107882, 23.174829718503588], [68.29023662935191, 23.180551671374076], [68.28338053753998, 23.186273629500363], [68.27652443714464, 23.191995594679383], [68.26966833897774, 23.197717555490897], [68.26281223853249, 23.203439517195136], [68.25595613401157, 23.209161479792044], [68.2491000272102, 23.214883443282076], [68.24224392159982, 23.22060540326879], [68.23538780858138, 23.226327367676845], [68.22853169224038, 23.232049332949657], [68.22167556551415, 23.237771305276397], [68.21481944280868, 23.243493273236083], [68.20796331658971, 23.24921524161573], [68.2011127526743, 23.25493256681108], [68.19960185726518, 23.25621757696905], [68.19660651106938, 23.258813720409762], [68.19512207844048, 23.260124838388208], [68.18857713346677, 23.266015496475006], [68.18202692027444, 23.27191089492851], [68.17547670907754, 23.277806288594206], [68.16892648853235, 23.283701688576798], [68.16237625863681, 23.289597094879127], [68.15582603126245, 23.295492497712985], [68.14927580641245, 23.301387895280413], [68.1427255662748, 23.307283304508758], [68.1361753286551, 23.313178710270734], [68.1296250935589, 23.319074110764063], [68.12307484910718, 23.324969517578666], [68.11652459530046, 23.330864930713403], [68.109974344011, 23.33676034037842], [68.1034240952402, 23.342655744779165], [68.09687383117591, 23.348551160842533], [68.09032356962621, 23.354446573438338], [68.08377331059273, 23.36034198076885], [68.07722303626286, 23.366237399763804], [68.07067276444548, 23.37213281529108], [68.06412249514483, 23.378028225551702], [68.05757221648184, 23.383923642133595], [68.05102192845379, 23.389819065039376], [68.04447164293714, 23.395714484476628], [68.03792135993365, 23.401609898647905], [68.0313710616258, 23.40750532448675], [68.02482076582635, 23.41340074685803], [68.01827047254045, 23.4192961639622], [68.0117201698855, 23.42519158738918], [68.00516985785919, 23.431087017142772], [67.99861954833989, 23.436982443426984], [67.99206924133034, 23.442877864445393], [67.98771929619522, 23.44679290976478], [67.98566039933866, 23.44819646292399], [67.98216152082819, 23.450684332301023], [67.97871796008957, 23.45323712983577], [67.97696942207602, 23.454561120333437], [67.9752066518538, 23.455954168171274], [67.971633610482, 23.458839156290935], [67.96812948169918, 23.461795286172617], [67.96469593232774, 23.464821155485595], [67.96133459603527, 23.467915328728225], [67.95804707256474, 23.471076337897273], [67.95483492697201, 23.474302683179985], [67.95444146834262, 23.47471558263487], [67.99597370282493, 23.518836393684865], [68.02250749112852, 23.546321918322292], [68.03022947760883, 23.554320882503077], [68.03230505173752, 23.556445305107502], [68.0483385455882, 23.572856144595903], [68.0628894954931, 23.587749547958367]], [[81.02827930414685, 15.765425563039628], [81.02787315861968, 15.765593528518878], [81.02571845044639, 15.761355042601224], [81.02061867751019, 15.758254408614334], [81.02058756366534, 15.757638454851133], [81.02175295373604, 15.757321477104881], [81.02375042444288, 15.75784790515695], [81.02396953076942, 15.75799715484493], [81.02917134797946, 15.763242721374695], [81.02980613714362, 15.764605044987206], [81.02961385219777, 15.764945745050568], [81.02827930414685, 15.765425563039628]], [[79.70681905725394, 10.288170456501518], [79.70304620252057, 10.288225412273164], [79.70262420194564, 10.287788271611703], [79.70243334782117, 10.287305116238201], [79.70658457252023, 10.285300851153636], [79.70794272417754, 10.2864011527912], [79.70681905725394, 10.288170456501518]], [[79.70078670983912, 10.289312124255275], [79.69785416094118, 10.290107011629459], [79.69719731770232, 10.289849757860281], [79.69760513327049, 10.288659930511415], [79.6978774075165, 10.28853344895981], [79.70055842413211, 10.288391947830405], [79.70080411441876, 10.288635254014139], [79.70078670983912, 10.289312124255275]], [[79.69544184196758, 10.289401650865898], [79.69648623455248, 10.290132522697945], [79.69383192060695, 10.291320205163402], [79.69348144491295, 10.290916442839887], [79.69378137601018, 10.289641857086508], [79.69419205232163, 10.289461373943595], [79.69544184196758, 10.289401650865898]], [[79.6912291054391, 10.2975107433262], [79.69056355946094, 10.297799944611882], [79.68877804277264, 10.295071840393405], [79.69125890717316, 10.293305874067016], [79.69171464401592, 10.293416261351581], [79.69292104227259, 10.295506357732506], [79.69280970080729, 10.296124577787225], [79.6912291054391, 10.2975107433262]], [[79.68635773692023, 10.297508001293465], [79.686095833656, 10.297878146059816], [79.68523895781192, 10.298341751071462], [79.68400681016652, 10.297936558825313], [79.68359851795759, 10.296999574071322], [79.68379175618475, 10.296449542412574], [79.68550813209481, 10.295241356303677], [79.68586111060199, 10.295330047444168], [79.68635773692023, 10.297508001293465]], [[79.60859525176954, 10.302073955548849], [79.60771620314046, 10.302317857983098], [79.60558605185503, 10.301977753271046], [79.60643076886515, 10.300933956936888], [79.60832452795495, 10.300837635948369], [79.60899198049583, 10.3011022803463], [79.60859525176954, 10.302073955548849]], [[79.70959424997488, 10.30533492606628], [79.71056973920224, 10.307435155108692], [79.70497655862152, 10.306431770709992], [79.70471811325064, 10.30654370752643], [79.69888484515968, 10.309110403222633], [79.70316755793681, 10.30562341239073], [79.70389342324313, 10.30351400396836], [79.70699203015835, 10.303578138220757], [79.70959424997488, 10.30533492606628]], [[79.694057464281, 10.307672977226275], [79.69375765279369, 10.308195709964252], [79.69244360928536, 10.308036327614786], [79.68869841140292, 10.310028910505991], [79.68961346169215, 10.306196331795604], [79.69173920180282, 10.304248332794543], [79.69278740841253, 10.30477261506428], [79.694057464281, 10.307672977226275]], [[79.67702043044875, 10.309638142486449], [79.67627036528535, 10.309739351290261], [79.66978704923315, 10.306553841086952], [79.67270982250062, 10.30499601385526], [79.67956674121223, 10.30487740047181], [79.68274104586283, 10.305429219982784], [79.6834610700725, 10.307448864373725], [79.67702043044875, 10.309638142486449]], [[79.62312245403842, 10.306175946862595], [79.62360405898045, 10.30677521190654], [79.62371015559944, 10.308657765443968], [79.62099754849834, 10.30587017556843], [79.62196350131472, 10.30542874334219], [79.62312245403842, 10.306175946862595]], [[79.60548436641062, 10.306100845378069], [79.60586833915278, 10.306216836338194], [79.6098798514742, 10.309322118920761], [79.60927045376872, 10.310708522780374], [79.60788524151093, 10.311139941055671], [79.60573446787174, 10.310158967762334], [79.60547113378601, 10.309829711572206], [79.60487175003146, 10.307740331051548], [79.60491716849282, 10.30683481717341], [79.60548436641062, 10.306100845378069]], [[79.71396374732939, 10.310601472880023], [79.71449255948437, 10.310585856152557], [79.71576666859698, 10.311522841805754], [79.71644341922888, 10.314366936984811], [79.7164194585913, 10.315091013539814], [79.71173894419712, 10.316065311165346], [79.70269823053906, 10.315600514552386], [79.70058333895008, 10.318199515695255], [79.69566631275035, 10.321187257785937], [79.6930298809246, 10.319328665785633], [79.68884336952607, 10.318453073250964], [79.69083154214212, 10.315109252690263], [79.69768142725621, 10.311948061054522], [79.70869910707836, 10.313869834026036], [79.70991766416898, 10.312518119715605], [79.71156871332556, 10.314256430090381], [79.71312630133792, 10.310992002579098], [79.71396374732939, 10.310601472880023]], [[79.61617922738986, 10.306827425645338], [79.6166745424963, 10.306497454494092], [79.61907446341587, 10.307345866818537], [79.61988425255635, 10.306104540692331], [79.62120473341184, 10.307353854596954], [79.62116706350946, 10.307657122178682], [79.61749064937419, 10.308621763783663], [79.6161054371164, 10.307485103455122], [79.61617922738986, 10.306827425645338]], [[79.62888812998364, 10.306513309541856], [79.63025391058972, 10.306425571683121], [79.6312267782933, 10.306649446215033], [79.63145220235742, 10.306810140675623], [79.63162982475689, 10.308175206320982], [79.63143455945749, 10.308427214344874], [79.6284575462791, 10.308148145720509], [79.62818694117493, 10.307970166290204], [79.62834954219807, 10.30669724967845], [79.62888812998364, 10.306513309541856]], [[79.63208913820336, 10.332911372162187], [79.63151121137378, 10.333215833144436], [79.62971007795784, 10.330515741908187], [79.62817990757702, 10.330032348214559], [79.6276208161479, 10.326336503327184], [79.62793683971358, 10.326035737659367], [79.63102936721168, 10.32733631112194], [79.63274371605002, 10.329874157466747], [79.633103251514, 10.330501556002048], [79.63369214557639, 10.3321173193591], [79.63208913820336, 10.332911372162187]], [[79.62610042139767, 10.343538880215306], [79.6253055331241, 10.343634605852515], [79.62511396403835, 10.338795900710352], [79.62803435320296, 10.336816668254869], [79.62848782555295, 10.336948632973133], [79.6290762420752, 10.3374352453406], [79.62880134540586, 10.34190702438974], [79.62610042139767, 10.343538880215306]], [[79.62017405009254, 10.298881650068438], [79.62249636671419, 10.297214150512787], [79.62817144405722, 10.297134757463311], [79.6294306514036, 10.298543334107762], [79.62613296516446, 10.299035549251414], [79.62097394489183, 10.299694180342613], [79.62017405009254, 10.298881650068438]], [[76.56540703780485, 8.950730443055704], [76.56527507308641, 8.951195478888337], [76.56335270386438, 8.950567007461757], [76.56322944188565, 8.950300932242328], [76.56456124790361, 8.94975435757783], [76.56540703780485, 8.950730443055704]], [[76.60661804698555, 8.960524916292059], [76.60731315637742, 8.960423112137278], [76.60809755316001, 8.962017655091131], [76.607242345558, 8.962975144387542], [76.60587394252855, 8.961851358753393], [76.60661804698555, 8.960524916292059]], [[76.55147194827191, 8.955135702850555], [76.55207514785002, 8.955785035850852], [76.55103015901483, 8.9565372467967], [76.5499373676156, 8.955599069541677], [76.5498871800495, 8.955203652026967], [76.55044126495261, 8.954627037308285], [76.55089437937255, 8.954639077431693], [76.55147194827191, 8.955135702850555]], [[76.54458701567842, 8.956529856168288], [76.54666280744289, 8.957728028326073], [76.54475033256199, 8.958961247963373], [76.5450911522351, 8.9612487554258], [76.54345607773604, 8.960334658417935], [76.5435023307682, 8.957151770638063], [76.54458701567842, 8.956529856168288]], [[69.72371864340079, 21.560743451549286], [69.72462940212557, 21.562684416952436], [69.7247114184974, 21.563241362598887], [69.72405982010474, 21.564008354801956], [69.71882903573163, 21.557948350536265], [69.7186856271403, 21.557604909339204], [69.7189494369673, 21.554788351401385], [69.71933627135206, 21.55440366279896], [69.72169005884945, 21.553965925886985], [69.72191345674094, 21.554238438453467], [69.72371864340079, 21.560743451549286]], [[69.74020206897069, 21.59267604366454], [69.73675477511301, 21.595550536828057], [69.7374453546197, 21.600981950956623], [69.73558473554755, 21.6042127609104], [69.7350907325515, 21.608962774012923], [69.72818660752625, 21.611937165667825], [69.72764945056201, 21.610763549498472], [69.72516787030122, 21.61022090936774], [69.72479557975242, 21.60908174532659], [69.72934615650024, 21.604731560013647], [69.73348605603684, 21.595878005166185], [69.73756122597007, 21.592047452627924], [69.73826217645848, 21.592148661431736], [69.74020206897069, 21.59267604366454]]]]}}]}